EmployeeID,Age,Gender,MaritalStatus,Department,JobRole,JobLevel,Education,EducationField,DistanceFromHome,BusinessTravel,MonthlyIncome,PercentSalaryHike,StockOptionLevel,OverTime,TotalWorkingYears,YearsAtCompany,YearsInCurrentRole,YearsSinceLastPromotion,YearsWithCurrManager,NumCompaniesWorked,TrainingTimesLastYear,PerformanceRating,JobInvolvement,JobSatisfaction,EnvironmentSatisfaction,WorkLifeBalance,RelationshipSatisfaction,Attrition,EmployeeCount,Over18,StandardHours
10980,28.0,Male,Single,Sales,Sales Representative,3,2,Medical,3,Travel_Rarely,10274.0,11,1,No,5,0,0,0.0,0,7,0,3,2,4.0,3.0,2,4,Yes,1,Y,80
11337,31.0,Female,Single,Research & Development,Laboratory Technician,2,2,Marketing,4,Travel_Rarely,7011.0,21,2,Yes,13,11,8,1.0,10,4,3,3,3,2.0,3.0,2,2,No,1,Y,80
10882,47.0,Female,Married,Research & Development,Manufacturing Director,2,3,Marketing,1,Travel_Rarely,8211.0,11,0,No,27,27,24,14.0,24,1,0,3,3,3.0,3.0,3,4,No,1,Y,80
10259,52.0,Male,Single,Sales,Manager,1,4,Medical,17,Travel_Frequently,5924.0,14,2,No,32,30,30,0.0,29,0,0,3,1,4.0,2.0,1,3,Yes,1,Y,80
10141,43.0,Female,Married,Research & Development,  Research Scientist  ,2,2,Medical,8,Travel_Rarely,7572.0,16,1,No,22,11,11,5.0,11,9,2,4,2,2.0,4.0,3,1,Yes,1,Y,80
11272,43.0,Male,Married,Research & Development,Laboratory Technician,2,4,Other,22,Travel_Rarely,9568.0,13,1,No,25,23,23,7.0,20,6,4,3,3,1.0,2.0,2,2,Yes,1,Y,80
11221,26.0,Male,Divorced,Sales,Manager,1,4,Medical,8,Travel_Rarely,4888.0,12,0,Yes,8,5,2,1.0,2,8,0,3,3,4.0,1.0,3,3,Yes,1,Y,80
11595,31.0,Male,Single,Research & Development,Research Scientist,4,2,Marketing,7,Travel_Frequently,12276.0,11,0,No,10,2,0,0.0,0,5,6,3,3,,3.0,2,4,No,1,Y,80
11282,37.0,Female,Single,Research & Development,Manager,3,4,Life Sciences,18,Non-Travel,9460.0,14,1,No,19,19,17,7.0,18,9,2,3,2,1.0,4.0,4,4,No,1,Y,80
10609,43.0,Male,Married,Research & Development,Manager,2,2,Life Sciences,10,Non-Travel,8552.0,23,0,No,23,14,13,13.0,13,4,0,3,4,3.0,3.0,2,4,No,1,Y,80
11380,32.0,Male,Married,Research & Development,Manager,5,5,Life Sciences,14,Non-Travel,13843.0,16,3,No,12,8,6,8.0,7,7,5,3,3,3.0,1.0,2,1,No,1,Y,80
10956,28.0,Female,Married,Sales,Manager,2,4,Life Sciences,1,Travel_Rarely,8308.0,11,0,Yes,4,0,0,0.0,0,0,0,3,3,3.0,4.0,2,4,Yes,1,Y,80
11639,32.0,Female,Divorced,Sales,Manager,1,2,Technical Degree,5,Non-Travel,4595.0,11,2,Yes,13,5,4,3.0,2,7,5,3,3,1.0,4.0,4,2,No,1,Y,80
10952,25.0,Female,Married,Sales,  Manager  ,2,3,Marketing,19,Travel_Rarely,7672.0,18,1,No,2,1,1,1.0,0,2,5,3,3,4.0,1.0,2,3,Yes,1,Y,80
11474,28.0,Male,Single,Sales,Manager,2,3,Life Sciences,17,Travel_Rarely,7763.0,11,1,No,10,1,0,0.0,0,9,2,3,2,4.0,2.0,4,4,No,1,Y,80
11173,43.0,Male,Married,Research & Development,Healthcare Representative,5,3,Marketing,1,Travel_Rarely,16744.0,15,0,No,23,10,8,2.0,9,4,0,3,2,3.0,2.0,2,3,No,1,Y,80
11314,30.0,Female,Married,Research & Development,Research Scientist,2,2,Technical Degree,3,Travel_Rarely,6552.0,21,1,Yes,9,7,7,0.0,6,4,2,3,3,2.0,3.0,3,3,No,1,Y,80
10679,32.0,Male,Married,Sales,Sales Executive,1,4,Life Sciences,2,Travel_Rarely,5448.0,11,0,No,10,8,6,6.0,8,2,1,3,3,1.0,3.0,2,3,No,1,Y,80
10585,39.0,Male,Divorced,Sales,Sales Executive,1,4,Technical Degree,15,Travel_Frequently,5550.0,18,1,No,20,1,0,1.0,0,3,2,3,3,2.0,4.0,3,3,No,1,Y,80
10598,32.0,Female,Married,Research & Development,Manager,2,3,Marketing,13,Travel_Rarely,6781.0,11,1,No,12,4,2,1.0,4,8,3,3,3,2.0,3.0,3,4,No,1,Y,80
10572,26.0,Female,Single,Sales,Sales Executive,2,4,Medical,9,Travel_Rarely,8357.0,17,1,No,6,5,2,0.0,2,1,3,3,2,4.0,4.0,3,2,No,1,Y,80
10743,18.0,Male,Married,Research & Development,Healthcare Representative,1,3,Medical,7,Travel_Rarely,4702.0,11,2,No,0,0,0,0.0,0,0,3,3,2,4.0,2.0,4,2,No,1,Y,80
11308,44.0,Male,Married,Sales,Sales Representative,1,2,Life Sciences,18,Travel_Rarely,6167.0,16,0,No,23,2,0,0.0,1,5,0,3,2,3.0,2.0,3,3,Yes,1,Y,80
10919,29.0,Female,Married,Research & Development,Healthcare Representative,2,4,Other,1,Travel_Rarely,8260.0,13,1,No,8,4,3,3.0,4,3,6,3,3,3.0,2.0,3,3,No,1,Y,80
10092,38.0,Female,Married,Sales,Sales Executive,3,4,Human Resources,5,Travel_Rarely,10640.0,12,1,Yes,15,4,4,4.0,3,0,6,3,3,4.0,3.0,4,1,No,1,Y,80
10428,36.0,Female,Divorced,Research & Development,Research Director,2,2,Other,23,Travel_Rarely,8059.0,12,1,No,13,9,7,3.0,7,9,0,3,3,3.0,3.0,4,4,Yes,1,Y,80
11288,35.0,Male,Married,Sales,Sales Representative,2,5,Life Sciences,15,Travel_Rarely,9220.0,12,0,No,12,12,10,8.0,9,8,3,4,4,1.0,3.0,3,3,No,1,Y,80
11041,53.0,Female,Divorced,Research & Development,Laboratory Technician,5,4,Human Resources,9,Travel_Rarely,15244.0,15,2,No,35,29,28,4.0,27,1,6,3,3,3.0,1.0,3,1,No,1,Y,80
11166,28.0,Male,Married,Human Resources,HR Business Partner,4,3,Human Resources,6,Travel_Frequently,11265.0,11,0,No,7,2,0,1.0,0,6,5,4,2,4.0,2.0,1,4,Yes,1,Y,80
10808,35.0,Female,Married,Sales,Manager,1,2,Marketing,7,Travel_Rarely,5591.0,14,0,No,11,1,1,0.0,0,9,3,3,3,3.0,3.0,3,3,No,1,Y,80
11461,39.0,Male,Single,R&D,Healthcare Representative,1,2,Medical,6,Non-Travel,6921.0,11,0,No,21,21,20,,18,4,0,3,3,4.0,4.0,2,4,No,1,Y,80
11061,47.0,Male,Married,Research & Development,Manufacturing Director,1,3,Medical,2,Non-Travel,7667.0,14,0,No,29,2,2,0.0,1,0,5,3,3,1.0,1.0,4,3,No,1,Y,80
10337,52.0,Female,Single,Research & Development,Research Director,2,2,Other,6,Travel_Rarely,10966.0,14,1,No,29,28,27,10.0,26,9,2,3,4,1.0,3.0,4,4,No,1,Y,80
10354,31.0,Female,Married,Research & Development,Healthcare Representative,2,3,Life Sciences,2,Non-Travel,"$8,364",19,0,No,9,9,9,5.0,8,7,5,3,4,4.0,2.0,1,2,No,1,Y,80
11099,41.0,Female,Married,Research & Development,Research Scientist,2,3,Technical Degree,4,Travel_Rarely,7467.0,12,1,No,17,0,0,0.0,0,6,4,3,3,1.0,,3,3,No,1,Y,80
10202,35.0,Female,Married,Research & Development,Manufacturing Director,1,3,Life Sciences,14,Travel_Frequently,6901.0,11,2,No,16,1,0,,0,1,2,4,3,3.0,1.0,2,3,Yes,1,Y,80
11404,37.0,Male,Single,Research & Development,Research Director,1,4,Medical,5,Travel_Rarely,6474.0,11,0,Yes,14,12,11,5.0,9,1,0,3,3,4.0,1.0,3,4,No,1,Y,80
10203,30.0,Male,Divorced,Sales,Sales Representative,1,3,Marketing,1,Travel_Rarely,5001.0,21,1,No,11,6,6,2.0,6,4,5,3,4,3.0,3.0,4,3,No,1,Y,80
10076,31.0,Male,Divorced,Sales,Sales Executive,3,2,Life Sciences,6,Travel_Rarely,11059.0,12,1,No,7,0,0,0.0,0,8,2,3,3,1.0,4.0,2,1,No,1,Y,80
10613,27.0,Male,Single,Human Resources,Human Resources,3,3,Marketing,1,Travel_Rarely,8526.0,16,1,No,4,2,1,1.0,0,3,5,4,3,2.0,3.0,2,2,Yes,1,Y,80
11428,25.0,Male,Single,Research & Development,Healthcare Representative,1,3,Other,2,Travel_Frequently,5056.0,11,1,No,4,4,2,4.0,2,6,6,4,3,3.0,4.0,2,4,No,1,Y,80
10351,38.0,Male,Divorced,Human Resources,Human Resources,1,4,Life Sciences,9,Travel_Rarely,7220.0,15,0,No,17,3,1,3.0,2,6,6,3,3,1.0,4.0,4,2,No,1,Y,80
10083,18.0,Female,Divorced,Sales,Sales Executive,1,3,Technical Degree,15,Non-Travel,5242.0,12,0,Yes,0,0,0,0.0,0,6,4,3,3,1.0,4.0,4,2,Yes,1,Y,80
11601,30.0,Male,Single,Research & Development,Manufacturing Director,1,2,Life Sciences,1,Travel_Frequently,,11,0,Yes,8,2,1,2.0,2,1,1,3,3,1.0,2.0,3,3,No,1,Y,80
10108,25.0,Male,Single,Sales,Sales Executive,1,4,Life Sciences,3,Non-Travel,5835.0,13,1,No,5,0,0,0.0,0,8,2,4,4,4.0,3.0,3,3,Yes,1,Y,80
10644,20.0,Male,Married,Sales,Manager,5,5,Life Sciences,1,Travel_Frequently,13021.0,19,1,Yes,0,0,0,0.0,0,4,2,3,3,4.0,1.0,2,3,Yes,1,Y,80
10787,33.0,Female,Single,Research & Development,Manufacturing Director,1,3,Technical Degree,13,Travel_Rarely,3851.0,21,0,No,10,3,1,3.0,2,0,0,3,4,3.0,2.0,3,4,No,1,Y,80
10109,36.0,Female,Married,Research & Development,Laboratory Technician,1,1,Medical,11,Travel_Rarely,"$6,367",11,0,No,13,3,3,2.0,0,3,0,3,3,3.0,4.0,2,3,No,1,Y,80
11332,37.0,Female,Divorced,Sales,Sales Representative,3,3,Technical Degree,1,Travel_Rarely,10337.0,15,2,No,15,1,0,0.0,0,6,2,3,3,4.0,3.0,4,2,No,1,Y,80
10538,29.0,Male,Divorced,Sales,Manager,3,3,Life Sciences,16,Travel_Rarely,8084.0,14,1,No,8,3,0,1.0,1,3,6,3,3,2.0,4.0,4,3,No,1,Y,80
10725,18.0,Male,Divorced,Research & Development,Laboratory Technician,1,1,Life Sciences,1 km,Travel_Rarely,4934.0,17,1,No,0,0,0,0.0,0,0,1,3,3,2.0,4.0,4,1,No,1,Y,80
11106,49.0,Male,Single,Research & Development,Laboratory Technician,2,5,Life Sciences,1,Travel_Rarely,9553.0,13,1,No,30,23,23,5.0,21,9,6,3,3,4.0,3.0,2,4,No,1,Y,80
10749,46.0,Female,Single,Sales,Sales Representative,2,2,Medical,2,Travel_Rarely,9524.0,13,0,No,28,3,1,2.0,0,9,1,3,3,2.0,1.0,2,1,No,1,Y,80
11518,26.0,Male,Divorced,Research & Development,Laboratory Technician,2,5,Technical Degree,1,Travel_Rarely,8834.0,15,0,No,8,5,2,3.0,2,8,5,3,4,4.0,4.0,2,3,No,1,Y,80
10298,30.0,Male,Single,Research & Development,Healthcare Representative,2,3,Technical Degree,15,Non-Travel,5658.0,12,0,Yes,6,5,5,,5,5,0,3,3,4.0,4.0,3,4,No,1,Y,80
11389,49.0,Female,Married,Sales,Sales Executive,5,3,Life Sciences,2,Travel_Rarely,"$16,190",11,2,No,28,5,4,5.0,2,6,6,3,3,1.0,2.0,4,3,No,1,Y,80
11116,38.0,Male,Single,Research & Development,Manufacturing Director,3,2,Technical Degree,6,Travel_Rarely,9835.0,11,1,No,15,7,5,6.0,4,6,1,3,3,4.0,4.0,4,4,No,1,Y,80
10049,48.0,Male,Single,Human Resources,Human Resources,2,4,Other,6,Travel_Rarely,9691.0,11,1,No,30,6,6,2.0,4,7,2,3,2,4.0,4.0,3,4,No,1,Y,80
10709,33.0,Female,Single,Research & Development,Research Scientist,5,3,Marketing,3,Travel_Rarely,14213.0,17,0,No,10,3,1,3.0,2,8,4,3,3,3.0,1.0,4,2,No,1,Y,80
10762,37.0,Female,Single,Research & Development,Research Scientist,5,3,Other,1,Travel_Rarely,15183.0,11,1,No,19,19,16,2.0,19,1,5,3,1,3.0,3.0,3,4,No,1,Y,80
10737,40.0,Female,Divorced,R&D,Research Scientist,3,3,Other,12,Travel_Frequently,10257.0,19,2,No,17,3,1,0.0,0,9,0,3,4,1.0,4.0,4,1,No,1,Y,80
11136,24.0,Female,Divorced,Sales,Manager,1,4,Marketing,2,Travel_Rarely,5651.0,15,3,No,3,1,0,1.0,1,4,5,3,2,3.0,3.0,4,2,No,1,Y,80
11211,52.0,Female,Married,Research & Development,Laboratory Technician,4,5,Medical,11,Travel_Rarely,14172.0,18,0,Yes,34,11,8,0.0,11,1,5,3,3,2.0,1.0,2,1,No,1,Y,80
10242,36.0,Male,Divorced,Research & Development,Laboratory Technician,4,4,Life Sciences,9,Travel_Rarely,13133.0,16,1,No,17,17,15,9.0,14,6,2,3,3,4.0,2.0,4,2,No,1,Y,80
10342,49.0,Male,Married,Research & Development,Manager,2,2,Technical Degree,6,Travel_Rarely,9936.0,23,0,Yes,31,20,20,9.0,19,2,6,3,3,4.0,3.0,3,2,No,1,Y,80
10491,32.0,Male,Single,Research & Development,Healthcare Representative,1,5,Medical,5,Travel_Rarely,6731.0,11,0,Yes,11,11,9,5.0,10,2,3,3,4,4.0,1.0,3,4,No,1,Y,80
10562,26.0,Female,Single,Sales,Manager,1,5,Life Sciences,15,Travel_Frequently,5163.0,11,1,No,4,0,0,0.0,0,6,0,3,3,2.0,3.0,4,4,No,1,Y,80
11294,40.0,Male,Married,Research & Development,Healthcare Representative,1,5,Human Resources,13,Travel_Rarely,,16,3,Yes,16,11,11,0.0,9,6,0,3,1,1.0,3.0,2,4,No,1,Y,80
11007,51.0,Male,Single,Research & Development,Laboratory Technician,4,2,Life Sciences,8,Travel_Rarely,14370.0,22,0,No,29,18,17,10.0,17,0,0,4,3,3.0,3.0,1,3,No,1,Y,80
10914,30.0,Male,Married,Research & Development,  Research Scientist  ,4,2,Life Sciences,29,Travel_Rarely,12484.0,13,0,No,12,1,0,0.0,1,6,2,3,2,4.0,1.0,3,4,Yes,1,Y,80
10448,30.0,Male,Married,Research & Development,Research Director,1,3,Technical Degree,7,Travel_Rarely,4935.0,13,1,Yes,10,0,0,0.0,0,0,3,4,2,1.0,3.0,3,4,No,1,Y,80
10917,19.0,Female,Married,Research & Development,Manager,1,3,Life Sciences,1,Travel_Rarely,4191.0,11,0,Yes,0,0,0,0.0,0,0,2,3,4,3.0,2.0,3,1,No,1,Y,80
10369,28.0,Male,Married,Research & Development,Research Scientist,5,3,Marketing,13,Travel_Rarely,14657.0,11,0,No,9,4,4,1.0,3,3,1,3,2,2.0,4.0,4,1,No,1,Y,80
10813,-1.0,Female,Married,Sales,Sales Representative,1,3,Medical,1,Travel_Rarely,4254.0,11,0,Yes,23,1,1,0.0,0,6,0,3,3,2.0,1.0,3,3,Yes,1,Y,80
10714,36.0,Female,Divorced,Research & Development,Research Director,3,3,Life Sciences,27,Travel_Rarely,10839.0,18,3,Yes,12,5,3,0.0,3,9,4,4,3,3.0,3.0,1,3,Yes,1,Y,80
10526,45.0,Male,Married,Research & Development,Manager,2,3,Life Sciences,3,Travel_Rarely,8488.0,14,2,No,27,24,23,13.0,21,5,0,3,2,,2.0,4,3,No,1,Y,80
11267,49.0,Female,Divorced,Human Resources,Human Resources,2,2,Medical,2,Travel_Frequently,10507.0,19,3,Yes,25,17,16,12.0,17,8,5,3,1,3.0,4.0,3,4,No,1,Y,80
10648,33.0,Male,Single,Research & Development,Laboratory Technician,3,4,Technical Degree,8,Travel_Rarely,10568.0,13,1,No,14,3,0,2.0,3,6,2,3,3,1.0,3.0,3,3,No,1,Y,80
10127,36.0,Male,Divorced,Sales,Sales Executive,2,5,Technical Degree,1,Travel_Frequently,8919.0,19,0,No,17,2,1,2.0,0,3,2,3,3,1.0,4.0,3,4,No,1,Y,80
10383,40.0,Male,Married,Sales,Manager,2,4,Marketing,14,Travel_Rarely,8722.0,16,0,No,16,16,13,7.0,14,9,5,3,4,1.0,1.0,3,3,No,1,Y,80
10054,35.0,Male,Single,R&D,Manufacturing Director,2,5,Life Sciences,4,Travel_Rarely,7239.0,11,1,No,15,1,1,1.0,0,7,0,3,2,4.0,3.0,3,1,No,1,Y,80
10829,51.0,Female,Married,Human Resources,Human Resources,1,3,Technical Degree,1,Travel_Rarely,7367.0,11,1,NO,31,27,25,11.0,26,5,0,4,3,2.0,4.0,3,3,No,1,Y,80
11117,42.0,Female,Divorced,Research & Development,Research Scientist,1,2,Life Sciences,1,Travel_Rarely,4647.0,13,0,Yes,18,15,13,4.0,12,1,1,3,3,3.0,4.0,3,3,No,1,Y,80
11174,29.0,Female,Single,Research & Development,Healthcare Representative,1,3,Marketing,3,Non-Travel,6188.0,12,1,No,9,4,1,0.0,3,7,2,3,2,3.0,4.0,4,3,No,1,Y,80
10522,38.0,Male,Divorced,Human Resources,Human Resources,2,2,Medical,5,Travel_Rarely,"$7,604",15,0,Yes,16,5,3,3.0,3,4,3,3,1,1.0,4.0,3,1,No,1,Y,80
11623,32.0,Female,Divorced,SALES,Sales Representative,3,3,Technical Degree,2,Travel_Rarely,8873.0,12,1,Yes,9,7,6,2.0,5,9,6,3,2,4.0,3.0,2,2,No,1,Y,80
10755,25.0,Male,Divorced,Sales ,Sales Executive,2,2,Other,2,Non-Travel,7762.0,25,2,No,5,0,0,,0,4,1,3,3,1.0,4.0,2,4,No,1,Y,80
11562,42.0,Female,Divorced,Research & Development,Research Scientist,2,3,Human Resources,6,Travel_Rarely,9321.0,14,1,No,21,19,16,1.0,16,2,4,3,3,3.0,4.0,3,4,No,1,Y,80
10066,38.0,Male,Married,Sales,Sales Executive,2,2,Medical,2,Travel_Rarely,10317.0,12,1,No,18,4,1,2.0,2,1,5,3,2,3.0,2.0,2,4,No,1,Y,80
11513,54.0,Female,Married,Research & Development,Manager,1,4,Other,2,Travel_Rarely,7189.0,11,1,No,30,1,0,1.0,0,2,4,3,3,3.0,3.0,3,4,Yes,1,Y,80
10061,40.0,Male,Married,Human Resources,Manager,4,2,Technical Degree,4,Travel_Rarely,14069.0,11,1,No,16,3,0,1.0,1,7,3,3,1,1.0,4.0,3,4,Yes,1,Y,80
11219,25.0,Male,Married,Research & Development,Healthcare Representative,2,5,Life Sciences,1,Travel_Rarely,7672.0,17,2,No,4,4,3,2.0,2,4,5,3,1,4.0,1.0,3,4,No,1,Y,80
11298,38.0,Male,Single,Research & Development,Manufacturing Director,3,4,Life Sciences,8,Travel_Rarely,9632.0,15,3,No,15,10,9,8.0,9,8,2,3,3,4.0,4.0,3,3,No,1,Y,80
10232,40.0,Female,Married,Human Resources,HR Business Partner,2,4,Human Resources,1,Travel_Frequently,6601.0,11,0,No,16,13,11,4.0,12,3,5,4,2,1.0,4.0,3,4,No,1,Y,80
11001,31.0,Male,Divorced,Research & Development,  Research Scientist  ,2,3,Technical Degree,12,Travel_Rarely,7508.0,11,0,Yes,11,6,6,6.0,6,6,0,3,3,,2.0,3,4,No,1,Y,80
11143,40.0,Male,Married,Sales,Sales Executive,1,3,Technical Degree,3,Travel_Rarely,5268.0,20,0,Yes,22,9,9,7.0,6,8,5,3,2,3.0,1.0,3,4,Yes,1,Y,80
10574,34.0,Male,Married,Sales,Sales Executive,1,2,Life Sciences,1,Travel_Rarely,5582.0,17,0,No,12,8,6,7.0,6,7,0,3,3,4.0,4.0,3,1,No,1,Y,80
10009,-1.0,Female,Single,Sales,Manager,1,5,Life Sciences,8,Travel_Rarely,,13,0,No,15,2,1,1.0,0,8,0,3,2,1.0,2.0,2,3,No,1,Y,80
10694,41.0,Male,Married,Research & Development,Healthcare Representative,1,3,Marketing,6,Travel_Frequently,7062.0,17,1,No,18,18,18,3.0,15,4,4,4,3,3.0,3.0,4,4,No,1,Y,80
10112,21.0,Female,Divorced,Research & Development,Research Scientist,3,3,Human Resources,10,Travel_Rarely,,20,0,no,0,0,0,0.0,0,1,3,4,4,4.0,2.0,4,3,No,1,Y,80
11085,48.0,Male,Single,Sales,Sales Representative,2,2,Life Sciences,2,Travel_Rarely,9435.0,11,0,Yes,30,12,11,0.0,12,1,5,3,2,3.0,4.0,3,4,Yes,1,Y,80
10578,23.0,Female,Single,Research & Development,Laboratory Technician,2,4,Life Sciences,9,Non-Travel,5954.0,14,1,Yes,0,0,0,0.0,0,9,5,4,2,1.0,4.0,3,3,Yes,1,Y,80
10664,37.0,Female,Single,Sales,Sales Executive,2,2,Life Sciences,8,Travel_Rarely,8535.0,12,1,Yes,15,0,0,0.0,0,3,3,3,3,3.0,2.0,2,3,No,1,Y,80
11371,43.0,Female,Married,Sales,Manager,1,3,Medical,8,Travel_Rarely,6036.0,21,0,Yes,20,2,0,1.0,1,2,1,4,3,3.0,1.0,3,3,No,1,Y,80
11538,41.0,Male,Married,Research & Development,Manufacturing Director,2,4,Technical Degree,27,Travel_Rarely,8088.0,11,1,Yes,20,4,4,0.0,2,2,5,3,3,2.0,2.0,3,2,Yes,1,Y,80
10535,36.0,Male,Single,Research & Development,Laboratory Technician,2,4,Life Sciences,5,Travel_Rarely,7727.0,11,0,Yes,18,7,4,5.0,5,5,3,3,2,2.0,2.0,3,4,Yes,1,Y,80
11154,25.0,Female,Married,Human Resources,Human Resources,1,5,Marketing,16,Travel_Frequently,4407.0,11,2,Yes,4,3,3,1.0,3,0,5,3,2,4.0,3.0,4,4,No,1,Y,80
11253,32.0,Male,Single,Sales,Sales Executive,4,4,Human Resources,7,Travel_Rarely,12256.0,14,2,No,8,8,5,2.0,6,1,4,4,3,3.0,4.0,3,2,No,1,Y,80
10401,30.0,Female,Married,Research & Development,Manufacturing Director,3,4,Marketing,3,Non-Travel,8955.0,11,1,No,8,2,0,2.0,1,7,0,3,2,4.0,4.0,3,3,No,1,Y,80
11198,37.0,Male,Divorced,research & development,Healthcare Representative,1,3,Human Resources,2,Travel_Rarely,5204.0,12,1,Yes,14,5,4,4.0,4,1,5,3,3,3.0,2.0,3,3,No,1,Y,80
11358,37.0,Female,Divorced,Sales,Manager,2,2,Medical,9,Travel_Rarely,8012.0,11,0,No,16,8,6,2.0,7,3,1,3,3,2.0,3.0,3,3,Yes,1,Y,80
10962,25.0,Male,Single,Research & Development,Research Director,2,2,Medical,4,Travel_Rarely,6825.0,16,1,No,4,3,3,2.0,3,1,6,3,3,3.0,2.0,3,2,No,1,Y,80
10852,39.0,Male,Divorced,Research & Development,Laboratory Technician,2,2,Medical,5,Travel_Rarely,7015.0,17,0,No,16,3,3,0.0,3,8,3,4,3,2.0,1.0,4,2,Yes,1,Y,80
11291,35.0,Male,Single,Research & Development,Laboratory Technician,3,5,Life Sciences,8,Travel_Rarely,10487.0,14,0,Yes,17,0,0,0.0,0,8,5,3,3,3.0,4.0,3,1,No,1,Y,80
10650,44.0,Male,Single,Research & Development,Research Director,1,2,Marketing,3,Travel_Frequently,5914.0,11,0,Yes,25,7,7,7.0,7,4,3,3,1,1.0,2.0,3,1,No,1,Y,80
11520,35.0,Male,Married,Sales,Sales Representative,2,5,Life Sciences,9,Travel_Rarely,8412.0,16,0,No,15,14,12,8.0,11,0,2,3,2,1.0,2.0,4,1,No,1,Y,80
10303,24.0,Male,Single,Research & Development,Laboratory Technician,1,1,Life Sciences,11,Travel_Rarely,4708.0,15,1,No,1,0,0,0.0,0,9,4,4,3,3.0,3.0,3,4,No,1,Y,80
10465,39.0,Female,Single,Sales,Sales Executive,2,2,Life Sciences,28,Travel_Rarely,6049.0,17,2,No,15,3,3,0.0,1,6,4,3,3,3.0,4.0,4,3,No,1,Y,80
11390,38.0,Female,Single,Research & Development,Research Director,2,2,Other,17,Travel_Rarely,10296.0,18,0,No,19,1,0,,0,8,3,3,3,3.0,3.0,3,3,No,1,Y,80
10162,30.0,Female,Divorced,Research & Development,Laboratory Technician,1,3,Human Resources,1,Travel_Rarely,4645.0,14,0,No,8,6,6,1.0,4,3,0,3,3,3.0,2.0,1,2,Yes,1,Y,80
10159,55.0,Female,Married,Research & Development,Research Scientist,5,4,Technical Degree,2,Travel_Rarely,16133.0,20,2,No,32,19,18,2.0,17,5,3,3,4,2.0,4.0,3,4,No,1,Y,80
10482,25.0,Female,Divorced,Research & Development,Research Director,4,4,,7,Travel_Rarely,11957.0,16,0,Yes,6,5,4,3.0,4,2,6,3,3,,1.0,2,2,No,1,Y,80
11592,30.0,Female,Married,Human Resources,HR Business Partner,3,3,Marketing,2,Travel_Rarely,9201.0,19,1,No,12,1,0,0.0,0,1,1,3,3,2.0,2.0,3,3,No,1,Y,80
11167,32.0,Female,Married,Research & Development,Manager,1,3,Life Sciences,11,Travel_Rarely,"$5,608",19,2,No,13,7,7,2.0,5,0,2,4,3,4.0,4.0,3,2,No,1,Y,80
10269,18.0,Male,Married,Research & Development,Research Director,3,2,Medical,7,Travel_Rarely,10552.0,13,0,No,0,0,0,0.0,0,6,3,3,4,1.0,3.0,3,3,No,1,Y,80
10921,41.0,Female,Single,Human Resources,Human Resources,1,4,Medical,3 km,Travel_Frequently,7880.0,11,0,Yes,21,10,7,3.0,8,2,2,4,3,4.0,2.0,3,3,No,1,Y,80
11242,32.0,Female,Divorced,Sales,Manager,1,4,Marketing,10,Travel_Rarely,4662.0,14,0,Yes,13,6,5,1.0,6,9,6,3,3,1.0,4.0,1,3,Yes,1,Y,80
11419,45.0,Male,Married,Research & Development,Manager,1,2,Medical,7,Travel_Rarely,5563.0,14,1,No,23,6,3,6.0,5,8,2,3,4,2.0,4.0,4,3,No,1,Y,80
10637,53.0,Male,Married,Sales,Sales Executive,1,3,Technical Degree,9,Travel_Frequently,7698.0,17,0,No,30,29,27,1.0,28,8,1,3,2,1.0,4.0,3,4,No,1,Y,80
10651,32.0,Female,Single,Sales,Sales Executive,1,5,Technical Degree,29,Non-Travel,6821.0,11,1,No,8,6,6,3.0,3,1,1,3,3,3.0,4.0,2,1,Yes,1,Y,80
11132,24.0,Male,Divorced,Research & Development,Research Scientist,1,4,Technical Degree,4,Travel_Rarely,5566.0,15,1,Yes,1,0,0,0.0,0,6,5,4,3,1.0,4.0,3,3,No,1,Y,80
10268,23.0,Female,Single,Sales,Sales Executive,1,4,Technical Degree,8,Travel_Frequently,5021.0,11,1,No,4,3,2,1.0,3,9,5,3,4,4.0,4.0,4,4,No,1,Y,80
10537,33.0,Female,Married,Research & Development,Manager,2,3,Marketing,6,Travel_Rarely,"$9,263",11,2,Yes,12,8,5,3.0,7,7,6,3,3,4.0,2.0,3,3,Yes,1,Y,80
10660,23.0,Female,Married,Research & Development,Laboratory Technician,3,1,Human Resources,4,Travel_Rarely,10541.0,12,1,No,5,4,4,1.0,3,3,4,4,2,,4.0,3,1,Yes,1,Y,80
10698,47.0,Female,Married,Sales,Sales Representative,4,2,Medical,4,Travel_Rarely,12314.0,14,0,Yes,27,1,0,0.0,0,9,6,3,3,4.0,2.0,3,3,Yes,1,Y,80
10004,25.0,Male,Single,Research & Development,  Research Scientist  ,2,1,Life Sciences,6,Travel_Rarely,7841.0,13,2,Yes,6,3,0,3.0,1,4,2,3,3,3.0,1.0,3,1,No,1,Y,80
11066,42.0,Female,Single,Sales,Sales Representative,2,4,Medical,4,Travel_Rarely,9143.0,11,0,No,20,18,17,3.0,15,0,1,3,4,1.0,2.0,4,3,No,1,Y,80
11275,51.0,Female,Single,R&D,Research Scientist,4,4,Life Sciences,4,Travel_Rarely,14951.0,11,0,Yes,27,5,4,4.0,4,7,1,3,1,1.0,4.0,4,3,No,1,Y,80
11038,49.0,Female,Single,Sales,Sales Representative,2,2,Marketing,1,Travel_Rarely,10983.0,11,1,Yes,30,18,18,15.0,16,6,3,3,1,1.0,2.0,2,1,No,1,Y,80
10168,35.0,Male,Divorced,Research & Development,Research Director,4,3,Medical,2,Travel_Rarely,12072.0,15,0,No,16,11,9,9.0,9,2,3,3,3,3.0,1.0,2,2,No,1,Y,80
11500,43.0,Male,Divorced,Sales,Manager,2,3,Life Sciences,14,Travel_Rarely,9050.0,17,0,Yes,20,9,6,3.0,8,0,0,3,4,4.0,4.0,3,2,No,1,Y,80
11526,35.0,Male,Divorced,Research & Development,Healthcare Representative,2,4,Life Sciences,1,Travel_Rarely,7142.0,12,0,No,15,7,5,0.0,4,8,1,3,2,4.0,3.0,3,4,No,1,Y,80
10293,42.0,Male,Single,Sales,Manager,2,3,Medical,4,Non-Travel,8955.0,14,0,Yes,21,11,9,4.0,9,3,3,3,2,3.0,1.0,2,3,No,1,Y,80
10706,40.0,Male,Single,Research & Development,Research Scientist,1,3,Life Sciences,23,Travel_Rarely,5666.0,13,2,No,16,5,2,1.0,2,3,0,3,4,4.0,3.0,4,4,No,1,Y,80
10630,30.0,Female,Divorced,Research & Development,Manufacturing Director,2,3,Technical Degree,1,Travel_Rarely,7307.0,15,2,No,12,0,0,0.0,0,7,3,3,2,4.0,3.0,1,3,Yes,1,Y,80
11430,38.0,Male,Divorced,Sales,Sales Executive,3,3,Life Sciences,4,Travel_Frequently,10368.0,13,0,No,19,9,8,0.0,7,6,4,4,2,3.0,3.0,3,4,No,1,Y,80
10891,46.0,Male,Divorced,Research & Development,Healthcare Representative,2,3,Marketing,5,Travel_Frequently,10085.0,12,2,No,23,11,9,1.0,10,7,2,3,2,4.0,3.0,2,4,No,1,Y,80
11523,39.0,Male,Single,Sales,Manager,2,2,Medical,1,Non-Travel,9055.0,15,0,No,21,13,10,8.0,11,0,5,4,3,2.0,4.0,3,4,No,1,Y,80
10614,51.0,Male,Married,Human Resources,Human Resources,3,4,Life Sciences,9,Travel_Rarely,11231.0,11,1,Yes,27,1,0,0.0,1,0,0,4,3,3.0,2.0,4,3,No,1,Y,80
11627,42.0,Female,Married,Sales,Sales Representative,1,3,Life Sciences,6,Travel_Rarely,6339.0,14,2,No,21,10,8,2.0,7,3,4,3,3,3.0,3.0,3,4,No,1,Y,80
10623,23.0,Male,Married,Sales,Sales Executive,5,3,Life Sciences,6,Travel_Rarely,15614.0,11,1,No,3,2,0,2.0,2,1,4,3,1,4.0,4.0,2,3,No,1,Y,80
10415,53.0,Male,Single,Research & Development,Manager,5,3,Human Resources,7,Travel_Frequently,"$16,976",11,0,Yes,34,13,13,0.0,13,6,4,3,3,,3.0,3,4,No,1,Y,80
10286,34.0,Female,Divorced,Sales,Sales Executive,2,2,Marketing,1,Travel_Rarely,7208.0,17,1,Yes,13,12,11,5.0,12,4,3,4,2,3.0,3.0,3,4,No,1,Y,80
10284,52.0,Female,Married,Research & Development,Research Director,5,3,Medical,6,Travel_Rarely,18720.0,11,2,Yes,30,16,13,4.0,15,4,2,3,3,4.0,3.0,2,4,No,1,Y,80
10001,43.0,Male,Divorced,Research & Development,  Healthcare Representative  ,3,4,Life Sciences,11,Travel_Frequently,10467.0,16,1,No,22,2,0,1.0,0,3,1,3,3,1.0,4.0,3,4,No,1,Y,80
10594,41.0,Female,Divorced,Research & Development,  Laboratory Technician  ,3,4,Medical,4,Travel_Frequently,11307.0,11,1,Yes,20,19,16,12.0,16,4,2,3,3,1.0,4.0,3,4,No,1,Y,80
10571,49.0,Female,Single,Human Resources,HR Business Partner,1,4,Life Sciences,12,Travel_Frequently,7547.0,11,1,No,28,11,11,7.0,8,2,0,3,3,1.0,3.0,2,2,No,1,Y,80
10310,36.0,Female,Married,Research & Development,Healthcare Representative,1,1,Life Sciences,19,Non-Travel,5882.0,14,0,No,15,4,1,2.0,1,3,0,3,3,3.0,4.0,3,1,No,1,Y,80
11453,46.0,Female,Married,Sales,Sales Representative,2,4,Medical,23,Travel_Rarely,10312.0,16,0,No,28,20,18,5.0,20,0,4,3,3,1.0,3.0,2,2,No,1,Y,80
10249,34.0,Female,Married,Sales,Sales Representative,2,4,Life Sciences,1,Non-Travel,5431.0,11,0,No,15,1,0,1.0,0,5,6,3,3,3.0,,4,2,No,1,Y,80
10116,31.0,Female,Divorced,Research & Development,Manager,2,3,Medical,8,Travel_Rarely,7638.0,11,3,Yes,10,9,8,2.0,8,1,3,4,2,3.0,4.0,1,3,No,1,Y,80
11437,41.0,Male,Married,Research & Development,Manufacturing Director,3,3,Technical Degree,1,Travel_Rarely,11352.0,25,1,No,21,7,4,7.0,4,0,5,4,2,4.0,2.0,3,4,No,1,Y,80
10433,22.0,Female,Married,Research & Development,Research Director,1,4,Life Sciences,3,Travel_Rarely,"$5,042",15,0,No,2,1,1,1.0,0,3,6,3,2,4.0,4.0,3,4,No,1,Y,80
11197,46.0,Female,Single,Sales,Sales Representative,1,2,Medical,8,Travel_Rarely,6665.0,17,0,No,25,2,2,2.0,2,7,5,3,2,3.0,1.0,3,4,No,1,Y,80
11624,30.0,Male,Single,Sales,Manager,4,3,Marketing,13,Non-Travel,13602.0,17,0,No,9,6,3,2.0,5,7,4,3,3,2.0,3.0,2,3,No,1,Y,80
10409,48.0,Male,Single,Research & Development,Healthcare Representative,1,3,Technical Degree,1,Travel_Rarely,6595.0,18,1,Yes,28,3,0,1.0,1,9,3,3,3,3.0,2.0,3,2,No,1,Y,80
10031,40.0,Female,Married,Sales,Sales Executive,4,4,Medical,6,Travel_Rarely,12322.0,16,1,No,21,17,16,2.0,17,5,2,3,1,4.0,1.0,1,2,No,1,Y,80
10443,37.0,Male,Single,Research & Development,Laboratory Technician,3,3,Medical,1,Travel_Rarely,9062.0,20,1,No,17,15,12,9.0,13,4,3,3,4,4.0,4.0,2,3,No,1,Y,80
10256,34.0,Female,Divorced,human resources,Manager,3,3,Medical,20,Travel_Rarely,10339.0,11,0,Yes,12,6,5,0.0,6,5,3,3,3,4.0,4.0,3,4,No,1,Y,80
11027,36.0,Female,Single,Sales,Manager,5,4,Life Sciences,1,Travel_Frequently,14547.0,15,0,Yes,17,14,14,4.0,12,2,0,3,4,1.0,4.0,3,1,Yes,1,Y,80
11400,42.0,Female,Married,Sales,Manager,2,4,Technical Degree,8,Travel_Rarely,8260.0,16,1,Yes,23,7,6,4.0,5,4,2,3,1,4.0,1.0,4,1,No,1,Y,80
10996,25.0,Female,Single,Research & Development,Healthcare Representative,2,2,Technical Degree,6,Travel_Frequently,9601.0,13,0,No,5,3,2,0.0,1,6,2,3,4,2.0,2.0,3,2,No,1,Y,80
10390,30.0,Male,Married,Sales,Manager,3,5,Life Sciences,1,Travel_Frequently,"$9,534",14,0,No,9,2,1,1.0,2,3,1,4,3,4.0,3.0,2,2,No,1,Y,80
10461,39.0,Male,Single,Research & Development,Research Scientist,5,3,Life Sciences,3,Travel_Rarely,14380.0,11,0,Yes,17,6,5,4.0,4,3,0,3,2,2.0,4.0,2,2,Yes,1,Y,80
11273,22.0,Female,Married,Research & Development,Healthcare Representative,1,5,Marketing,3,Travel_Rarely,4604.0,16,1,No,4,2,2,2.0,0,6,4,3,3,1.0,4.0,2,1,Yes,1,Y,80
10038,54.0,Male,Divorced,Research & Development,Manufacturing Director,1,3,Marketing,8,Travel_Rarely,8359.0,18,2,No,34,21,19,9.0,20,4,0,3,3,1.0,1.0,3,2,No,1,Y,80
10997,37.0,Female,Single,Research & Development,Manager,1,4,Life Sciences,2,Travel_Rarely,6798.0,11,1,No,17,13,13,1.0,11,0,6,3,1,3.0,1.0,3,1,No,1,Y,80
10847,42.0,Female,Married,Sales,Manager,3,4,Medical,10,Travel_Rarely,12359.0,11,0,No,19,18,16,,18,6,2,3,3,4.0,3.0,2,4,Yes,1,Y,80
11529,60.0,Female,Divorced,Research & Development,Manager,2,3,Technical Degree,4,Travel_Rarely,8788.0,14,0,Yes,40,40,37,7.0,37,1,3,3,3,4.0,1.0,3,4,No,1,Y,80
11004,44.0,Male,Single,Research & Development,Manufacturing Director,1,3,Medical,5,Travel_Rarely,8025.0,11,0,No,26,12,11,1.0,12,4,3,3,3,3.0,1.0,3,4,No,1,Y,80
11130,41.0,Male,Married,R&D,Manufacturing Director,1,3,Medical,26,Travel_Rarely,7539.0,15,1,No,23,21,18,11.0,21,5,3,3,3,3.0,2.0,3,2,No,1,Y,80
11454,25.0,Female,Married,Research & Development,Research Director,1,4,Life Sciences,4,Travel_Rarely,3585.0,11,2,No,5,5,5,1.0,2,9,0,3,3,4.0,2.0,3,4,No,1,Y,80
11456,28.0,Male,Single,Research & Development,Manufacturing Director,2,2,Other,3,Travel_Rarely,7770.0,16,0,No,7,0,0,0.0,0,5,5,3,3,3.0,3.0,3,2,No,1,Y,80
11103,34.0,Female,Single,Sales,Manager,2,3,Medical,11,Travel_Frequently,9089.0,13,0,Yes,16,11,10,4.0,9,8,0,3,3,3.0,3.0,2,1,Yes,1,Y,80
11087,49.0,Male,Single,Sales,Sales Representative,4,3,Medical,1,Travel_Frequently,11922.0,12,0,Yes,26,18,16,15.0,18,7,1,3,2,2.0,3.0,3,3,Yes,1,Y,80
11286,46.0,Male,Single,Sales,Sales Representative,2,4,Medical,18,Travel_Rarely,9175.0,11,1,No,24,15,12,12.0,15,1,2,3,3,3.0,2.0,3,3,No,1,Y,80
10195,40.0,Female,Single,Research & Development,Healthcare Representative,3,4,Other,5,Travel_Rarely,12687.0,17,1,No,22,3,1,2.0,0,7,1,4,2,2.0,4.0,2,4,No,1,Y,80
10942,22.0,Male,Divorced,Human Resources,Human Resources,2,3,Human Resources,1,Travel_Rarely,7024.0,13,1,No,1,0,0,0.0,0,0,1,3,3,1.0,2.0,2,4,No,1,Y,80
11484,43.0,Male,Married,research & development,Research Scientist,4,2,Medical,1 km,Travel_Frequently,13236.0,16,0,Yes,19,19,19,1.0,16,2,2,3,2,3.0,1.0,3,4,Yes,1,Y,80
10367,41.0,Female,Divorced,Research & Development,Manufacturing Director,2,1,Life Sciences,10,Non-Travel,8004.0,17,0, Yes,20,20,20,0.0,18,6,1,3,1,1.0,3.0,3,3,No,1,Y,80
10768,59.0,Female,Married,Human Resources,Manager,4,3,Life Sciences,15,Travel_Rarely,14632.0,14,1,Yes,35,23,21,15.0,23,7,6,3,2,3.0,,3,4,No,1,Y,80
11065,27.0,Female,Single,Sales,Manager,1,3,Life Sciences,9,Travel_Rarely,7864.0,16,0,Yes,6,0,0,0.0,0,3,4,4,3,4.0,2.0,3,3,No,1,Y,80
10331,39.0,Male,Married,Research & Development,Manager,1,2,Life Sciences,1,Travel_Rarely,6784.0,14,0,No,16,16,14,4.0,14,2,3,4,3,1.0,1.0,2,4,No,1,Y,80
10985,31.0,Female,Married,Sales,Sales Executive,1,4,Marketing,12,Travel_Rarely,5294.0,21,0,No,8,1,0,0.0,1,2,0,3,3,4.0,1.0,3,4,No,1,Y,80
10265,27.0,Male,Single,Sales,Sales Executive,1,3,Life Sciences,26,Travel_Rarely,5311.0,17,0,No,6,5,4,2.0,3,5,6,3,3,3.0,2.0,3,1,Yes,1,Y,80
10564,35.0,Female,Married,Research & Development,Manufacturing Director,3,2,Technical Degree,5,Travel_Rarely,10892.0,11,0,No,14,6,4,2.0,4,9,1,3,2,2.0,4.0,2,2,No,1,Y,80
11115,,Female,Married,Research & Development,Manufacturing Director,1,3,Life Sciences,2,Travel_Rarely,5015.0,18,0,No,5,0,0,0.0,0,4,0,4,3,1.0,4.0,3,4,No,1,Y,80
10081,34.0,Female,Single,Research & Development,Healthcare Representative,4,3,Life Sciences,1,Travel_Rarely,12138.0,17,1,YES,11,11,10,0.0,11,1,5,3,3,2.0,1.0,1,3,No,1,Y,80
11202,39.0,Female,Single,Sales,Sales Executive,5,2,Medical,6,Travel_Frequently,14795.0,11,0,No,15,2,1,0.0,0,8,5,4,3,1.0,1.0,2,3,No,1,Y,80
11209,34.0,Male,Married,Research & Development,Laboratory Technician,2,3,Marketing,4,Travel_Rarely,6068.0,15,1,No,10,4,4,1.0,1,1,4,3,3,4.0,2.0,3,4,No,1,Y,80
10447,29.0,Female,Divorced,Research & Development,Laboratory Technician,1,5,Life Sciences,8,Travel_Frequently,5667.0,14,3,No,5,5,3,0.0,5,2,0,3,4,3.0,4.0,4,2,No,1,Y,80
10102,48.0,Male,Married,Research & Development,Laboratory Technician,4,3,Life Sciences,4,Travel_Rarely,15241.0,14,0,Yes,29,18,16,2.0,17,6,6,3,3,4.0,1.0,3,1,No,1,Y,80
11451,51.0,Female,Married,Human Resources,Human Resources,4,3,Life Sciences,3,Travel_Rarely,13716.0,13,0,No,31,10,10,5.0,10,8,0,3,2,4.0,3.0,3,3,No,1,Y,80
11527,33.0,Female,Married,Research & Development,Healthcare Representative,4,4,Life Sciences,7,Travel_Frequently,13180.0,17,1,No,13,2,0,1.0,2,5,0,3,2,1.0,,3,1,No,1,Y,80
11422,27.0,Male,Single,Human Resources,Manager,4,3,Medical,5,Travel_Rarely,11265.0,16,0,No,6,4,1,1.0,4,3,0,3,1,4.0,4.0,1,4,No,1,Y,80
10663,40.0,Male,Divorced,Sales,Sales Representative,2,5,Medical,18,Travel_Rarely,7043.0,15,3,Yes,18,13,12,,13,6,1,3,2,4.0,1.0,3,3,Yes,1,Y,80
11410,31.0,Female,Married,Sales,Sales Executive,1,5,Technical Degree,1,Travel_Rarely,6648.0,18,0,No,13,4,2,1.0,4,0,4,3,2,2.0,3.0,3,4,Yes,1,Y,80
10593,49.0,Male,Divorced,Research & Development,Manager,5,4,Life Sciences,1,Travel_Frequently,17131.0,15,3,No,28,18,15,1.0,17,5,3,3,4,3.0,3.0,3,2,No,1,Y,80
10103,44.0,Male,Single,Sales,Manager,2,2,Life Sciences,8,Travel_Rarely,9132.0,15,2,Yes,20,4,1,3.0,1,4,6,3,2,4.0,3.0,4,3,No,1,Y,80
10454,41.0,Female,Married,Sales,Sales Executive,2,4,Other,1,Travel_Rarely,9594.0,20,1,No,18,9,6,3.0,8,0,1,3,2,2.0,3.0,3,3,Yes,1,Y,80
10943,50.0,Female,Single,Research & Development,Laboratory Technician,1,2,Human Resources,29,Travel_Rarely,7194.0,11,2,No,26,9,7,2.0,7,7,5,3,2,1.0,2.0,2,3,No,1,Y,80
11234,31.0,Male,Married,Research & Development,Research Director,2,2,Medical,5,Travel_Rarely,8899.0,11,0,Yes,11,5,3,,3,9,4,3,2,3.0,3.0,2,3,No,1,Y,80
10305,46.0,Male,Married,Research & Development,Research Scientist,5,4,Medical,2,Travel_Rarely,14973.0,12,2,No,23,20,18,14.0,17,1,5,3,3,3.0,3.0,3,4,No,1,Y,80
10182,40.0,Male,Single,Sales,Sales Executive,5,4,Life Sciences,18,Travel_Rarely,14268.0,14,2,No,16,4,2,4.0,2,8,3,3,3,4.0,4.0,4,3,No,1,Y,80
11160,20.0,Male,Married,Research & Development,Research Scientist,2,3,Life Sciences,2,Travel_Rarely,7122.0,11,0,No,0,0,0,0.0,0,1,3,3,3,1.0,3.0,3,4,No,1,Y,80
10699,45.0,Female,Married,Research & Development,Healthcare Representative,2,2,Technical Degree,14,Travel_Frequently,,18,0,No,23,15,14,7.0,14,6,4,3,3,4.0,1.0,3,1,Yes,1,Y,80
10597,49.0,Female,Single,Research & Development,Laboratory Technician,4,4,Life Sciences,3,Travel_Frequently,13055.0,11,1,No,27,27,24,15.0,26,6,1,3,3,2.0,2.0,3,4,No,1,Y,80
11186,34.0,Female,Single,Human Resources,Human Resources,2,4,Medical,8,Travel_Rarely,7913.0,14,1,Yes,13,7,4,3.0,7,0,6,3,2,2.0,2.0,4,4,Yes,1,Y,80
10859,39.0,Female,Divorced,Research & Development,  Manager  ,3,3,Medical,3,Travel_Rarely,11185.0,17,2,No,20,6,5,5.0,5,1,5,3,2,3.0,3.0,3,2,No,1,Y,80
11149,44.0,Male,Married,Research & Development,Research Scientist,1,4,Marketing,9,Travel_Rarely,6229.0,14,0,Yes,26,7,5,,4,4,2,4,3,2.0,3.0,3,4,No,1,Y,80
11012,55.0,Female,Married,SALES,  Manager  ,1,3,Life Sciences,20,Travel_Rarely,8717.0,14,0,Yes,32,9,9,9.0,8,8,0,3,2,2.0,4.0,1,2,No,1,Y,80
11139,30.0,Male,Married,Sales,Sales Executive,2,1,Medical,2,Travel_Frequently,8147.0,13,2,No,12,10,10,0.0,10,1,3,3,3,2.0,4.0,3,1,No,1,Y,80
10178,31.0,Male,Divorced,Sales,Manager,2,3,Life Sciences,6,Travel_Frequently,8140.0,11,1,No,13,3,1,0.0,0,4,2,4,2,4.0,3.0,3,4,No,1,Y,80
10554,35.0,Male,Married,Research & Development,Research Director,1,2,Technical Degree,15,Travel_Rarely,7511.0,13,1,No,15,13,11,7.0,13,3,0,3,3,3.0,4.0,3,3,No,1,Y,80
10387,26.0,Female,Married,Research & Development,Manager,1,3,Marketing,3,Travel_Rarely,4910.0,20,0,No,7,2,0,1.0,0,7,0,3,2,1.0,1.0,2,4,No,1,Y,80
10425,29.0,Male,Single,Sales,Sales Executive,2,2,Other,1,Non-Travel,7930.0,11,0,NO,7,4,1,0.0,4,5,6,3,2,4.0,4.0,2,1,Yes,1,Y,80
11494,42.0,Male,Divorced,Research & Development,Laboratory Technician,3,4,Medical,1,Travel_Rarely,11021.0,16,1,Yes,20,3,3,2.0,2,3,3,3,2,3.0,4.0,2,3,Yes,1,Y,80
10719,52.0,Male,Married,Sales,Manager,2,2,Life Sciences,3,Travel_Rarely,8861.0,18,1,Yes,28,7,5,5.0,7,8,6,3,2,1.0,4.0,3,4,No,1,Y,80
11303,33.0,Female,Married,Sales,Manager,1,3,Life Sciences,29,Non-Travel,5462.0,17,1,No,10,8,6,7.0,6,1,2,3,1,3.0,4.0,4,3,Yes,1,Y,80
11531,36.0,Female,Married,Research & Development,Research Director,1,3,Other,15,Non-Travel,6879.0,11,1,Yes,15,10,7,0.0,10,2,4,3,2,2.0,4.0,4,4,No,1,Y,80
10349,40.0,Female,Married,Research & Development,Laboratory Technician,1,3,Life Sciences,2 km,Travel_Rarely,6197.0,12,1,No,19,7,7,7.0,4,3,4,4,2,4.0,4.0,3,3,No,1,Y,80
10991,48.0,Male,Divorced,Research & Development,Manager,4,3,Life Sciences,6,Travel_Rarely,13077.0,14,1,No,25,0,0,0.0,0,5,5,3,1,1.0,2.0,2,2,No,1,Y,80
11083,52.0,Female,Married,Sales,Manager,1,1,,4,Travel_Rarely,8877.0,11,0,Yes,32,23,21,11.0,23,9,1,3,2,3.0,2.0,3,3,No,1,Y,80
11616,18.0,Male,Divorced,Human Resources,Manager,1,3,Technical Degree,25,Travel_Rarely,4099.0,14,0,No,0,0,0,0.0,0,0,2,3,4,1.0,1.0,1,4,Yes,1,Y,80
10191,40.0,Female,Single,SALES,Manager,1,4,Other,14,Travel_Frequently,8340.0,22,1,no,21,0,0,0.0,0,0,6,3,4,3.0,3.0,3,2,No,1,Y,80
11227,,Male,Single,Sales,Manager,3,3,Medical,20,Travel_Frequently,"$11,516",19,3,No,22,22,19,7.0,22,3,2,3,4,3.0,2.0,4,4,Yes,1,Y,80
10276,30.0,Female,Single,Research & Development,Research Director,5,3,Technical Degree,29,Travel_Frequently,14010.0,19,3,No,11,9,6,7.0,8,0,4,3,3,3.0,2.0,3,4,No,1,Y,80
11556,18.0,Female,Single,Research & Development,Research Scientist,2,3,Medical,15,Travel_Rarely,5835.0,16,3,Yes,0,0,0,0.0,0,6,0,3,2,1.0,3.0,2,4,Yes,1,Y,80
10352,38.0,Male,Married,Sales,Manager,3,3,Life Sciences,3,Travel_Rarely,12140.0,20,1,No,20,15,15,8.0,12,6,1,3,3,4.0,3.0,4,4,No,1,Y,80
11016,28.0,Female,Divorced,Research & Development,Research Scientist,5,1,Medical,13,Non-Travel,14233.0,13,0,No,4,3,1,3.0,1,7,0,3,4,,3.0,4,4,No,1,Y,80
10701,44.0,Female,Married,Sales,Manager,4,4,Human Resources,1,Travel_Rarely,13092.0,20,1,No,21,3,3,0.0,1,3,5,3,3,4.0,2.0,4,3,No,1,Y,80
10059,39.0,Female,Married,Research & Development,Manager,5,2,Life Sciences,1,Travel_Rarely,17378.0,25,0,No,20,4,3,1.0,1,4,6,3,3,3.0,1.0,3,4,Yes,1,Y,80
10767,48.0,Male,Married,Research & Development,Laboratory Technician,1,4,Technical Degree,1,Travel_Rarely,8043.0,11,1,No,24,14,13,13.0,13,3,2,3,3,4.0,4.0,3,1,No,1,Y,80
11270,41.0,Male,Divorced,Sales,Sales Executive,1,3,Technical Degree,7,Travel_Rarely,5452.0,13,2,YES,23,4,3,2.0,1,1,5,3,2,9.0,3.0,3,3,Yes,1,Y,80
10615,46.0,Male,Divorced,Research & Development,Research Director,1,3,Marketing,6,Travel_Frequently,5341.0,13,1,Yes,22,17,14,2.0,14,6,6,3,2,3.0,2.0,3,3,No,1,Y,80
11052,23.0,Male,Single,Research & Development,Manager,2,4,Life Sciences,4,Travel_Rarely,,11,2,No,0,0,0,0.0,0,5,5,3,3,4.0,3.0,3,2,Yes,1,Y,80
10588,35.0,Male,Single,Research & Development,Research Director,1,2,Marketing,15,Travel_Rarely,7151.0,14,1,No,15,9,9,3.0,7,7,2,3,2,3.0,4.0,2,4,No,1,Y,80
11015,22.0,Female,Married,Sales,Manager,3,3,Technical Degree,1,Travel_Rarely,9292.0,16,1,No,3,1,0,1.0,0,8,2,3,2,1.0,3.0,3,3,No,1,Y,80
11049,33.0,Female,Single,Research & Development,  Manager  ,2,4,Medical,4,Travel_Rarely,8718.0,20,0,No,11,10,9,3.0,8,3,2,4,2,4.0,3.0,4,4,No,1,Y,80
11631,,Male,Married,Sales,Manager,2,3,Medical,1,Travel_Rarely,"$6,788",16,0,No,0,0,0,0.0,0,8,5,3,1,1.0,4.0,3,3,Yes,1,Y,80
11266,19.0,Male,Married,Research & Development,Research Scientist,2,4,Life Sciences,4,Travel_Rarely,6300.0,15,2,Yes,0,0,0,0.0,0,0,1,3,3,3.0,3.0,4,2,No,1,Y,80
11447,51.0,Female,Single,Sales,Sales Executive,1,4,Marketing,3,Travel_Rarely,5677.0,11,0,No,27,22,22,15.0,20,8,3,3,2,3.0,4.0,4,1,No,1,Y,80
10224,51.0,Female,Single,Sales,Sales Executive,1,3,Life Sciences,2,Travel_Rarely,6169.0,16,0,Yes,30,30,29,13.0,28,0,3,3,1,2.0,4.0,3,4,No,1,Y,80
10672,43.0,Male,Divorced,Human Resources,Manager,5,2,Medical,1,Travel_Rarely,15924.0,11,1,Yes,25,15,15,6.0,13,0,1,3,4,2.0,3.0,3,4,No,1,Y,80
10513,38.0,Male,Married,Research & Development,  Healthcare Representative  ,1,2,Marketing,2,Travel_Rarely,6619.0,18,1,Yes,15,13,12,7.0,12,5,4,4,1,1.0,4.0,3,2,No,1,Y,80
11257,45.0,Female,Divorced,Sales,Sales Representative,3,1,Life Sciences,20,Travel_Frequently,11947.0,17,1,No,24,12,9,4.0,11,7,3,4,3,4.0,1.0,3,1,No,1,Y,80
10419,51.0,Female,Married,Research & Development,Research Director,4,3,Medical,1,Travel_Rarely,15142.0,19,1,Yes,27,11,10,10.0,10,6,3,3,3,1.0,1.0,3,4,No,1,Y,80
10120,52.0,Female,Married,Research & Development,Laboratory Technician,3,3,Marketing,13,Travel_Rarely,12332.0,19,0,Yes,32,32,32,7.0,30,0,3,3,2,1.0,1.0,4,3,Yes,1,Y,80
11372,49.0,Female,Single,Sales,Sales Executive,3,3,Other,1,Travel_Rarely,10978.0,11,0,Yes,26,2,0,1.0,2,9,1,3,3,3.0,4.0,4,1,Yes,1,Y,80
10689,41.0,Male,Married,Sales ,Manager,1,5,Technical Degree,18,Travel_Frequently,6226.0,16,1,Yes,23,2,0,1.0,0,0,5,3,3,4.0,4.0,2,2,No,1,Y,80
10304,38.0,Male,Single,Research & Development,Research Director,4,5,Technical Degree,12,Travel_Frequently,13100.0,12,1,No,17,5,2,2.0,4,6,6,3,2,4.0,1.0,3,4,Yes,1,Y,80
11589,36.0,Female,Divorced,Research & Development,Research Director,2,3,Human Resources,1,Travel_Rarely,8887.0,15,1,No,17,11,10,10.0,11,2,3,4,2,1.0,1.0,2,1,Yes,1,Y,80
10271,35.0,Male,Married,Research & Development,Manufacturing Director,3,5,Marketing,5,Travel_Rarely,8802.0,12,1,NO,13,12,12,9.0,11,4,5,3,3,2.0,3.0,3,1,No,1,Y,80
10170,39.0,Female,Single,Human Resources,HR Business Partner,1,2,Life Sciences,1,Travel_Rarely,5747.0,11,1,No,18,13,12,13.0,11,3,0,3,1,2.0,3.0,4,4,No,1,Y,80
11473,50.0,Female,Married,Research & Development,Laboratory Technician,1,4,Life Sciences,10,Travel_Rarely,7361.0,14,0,Yes,32,4,4,1.0,3,2,6,3,3,1.0,1.0,2,4,No,1,Y,80
10289,44.0,Male,Married,Research & Development,Manufacturing Director,5,3,Medical,1,Travel_Frequently,15308.0,14,0,No,26,13,11,5.0,10,3,0,3,3,1.0,3.0,3,3,No,1,Y,80
11178,43.0,Female,Single,Research & Development,Manager,1,4,Technical Degree,16,Travel_Rarely,6128.0,13,1,Yes,20,15,12,12.0,13,1,6,4,3,4.0,1.0,3,4,No,1,Y,80
10621,22.0,Female,Single,Sales,Manager,1,3,Life Sciences,10,Non-Travel,4301.0,18,1,No,2,1,0,0.0,0,1,6,3,3,2.0,4.0,2,3,No,1,Y,80
10680,36.0,Male,Divorced,Sales,Sales Representative,3,3,Marketing,5,Travel_Rarely,9477.0,11,0,No,16,9,6,2.0,9,0,0,3,3,3.0,3.0,4,1,Yes,1,Y,80
11525,50.0,Male,Married,Sales ,Sales Representative,2,3,Medical,9,Travel_Frequently,9997.0,18,2,No,31,31,28,12.0,30,5,6,3,2,4.0,3.0,3,2,No,1,Y,80
10790,44.0,Female,Single,Research & Development,Research Director,2,3,Life Sciences,13,Travel_Rarely,9558.0,14,1,No,21,15,13,14.0,14,2,0,3,3,3.0,,3,3,No,1,Y,80
10824,40.0,Female,Single,Sales,Manager,1,2,Other,1,Travel_Frequently,4579.0,11,3,No,18,14,11,3.0,12,6,5,3,4,2.0,4.0,4,3,No,1,Y,80
11309,43.0,Female,Married,Sales,Manager,1,4,Life Sciences,1,Travel_Rarely,6709.0,21,0,No,22,17,16,2.0,15,1,6,3,2,3.0,3.0,3,1,No,1,Y,80
10559,37.0,Female,Single,Research & Development,Healthcare Representative,4,2,Life Sciences,1,Travel_Rarely,13564.0,16,1,Yes,17,10,8,1.0,7,3,3,3,4,4.0,2.0,3,3,Yes,1,Y,80
10209,51.0,Male,Single,Research & Development,Research Director,2,3,Other,9,Travel_Rarely,9610.0,13,1,No,30,8,6,6.0,8,4,0,3,2,1.0,4.0,3,3,Yes,1,Y,80
10105,43.0,Male,Married,Human Resources,HR Business Partner,2,3,Medical,1,Travel_Rarely,6925.0,12,1,No,24,21,19,12.0,19,3,4,3,3,3.0,1.0,2,3,No,1,Y,80
10237,49.0,Male,Married,Research & Development,Healthcare Representative,1,3,Marketing,5,Travel_Rarely,8226.0,12,0,No,29,10,8,1.0,10,6,1,3,4,2.0,1.0,2,4,No,1,Y,80
11017,37.0,Male,Married,Research & Development,Laboratory Technician,1,3,Technical Degree,23,Travel_Frequently,5837.0,19,1,No,19,14,12,2.0,14,5,1,3,4,4.0,2.0,2,1,Yes,1,Y,80
10811,41.0,Female,Married,Research & Development,  Manufacturing Director  ,2,3,Medical,1,Travel_Frequently,9640.0,12,0,No,23,16,15,0.0,13,5,4,3,3,3.0,4.0,3,3,No,1,Y,80
10023,19.0,Male,Single,Research & Development,Manager,1,4,Medical,18,Travel_Frequently,5301.0,16,1,No,0,0,0,0.0,0,9,0,3,3,3.0,1.0,2,3,Yes,1,Y,80
10205,48.0,Male,Single,Sales,Manager,4,3,Life Sciences,2,Travel_Rarely,13621.0,11,1,No,27,21,19,6.0,21,2,3,3,3,3.0,3.0,3,3,No,1,Y,80
11344,32.0,Male,Married,Research & Development,Research Scientist,3,3,Technical Degree,12,Travel_Rarely,10329.0,12,0,No,14,10,7,4.0,10,5,2,3,3,3.0,1.0,4,4,No,1,Y,80
11383,52.0,Male,Married,Sales,Manager,1,3,Life Sciences,14,Travel_Frequently,5920.0,11,0,Yes,28,14,13,10.0,12,7,4,3,3,1.0,3.0,3,4,No,1,Y,80
10778,41.0,Male,Single,Research & Development,Manager,1,2,Other,10,Travel_Frequently,5364.0,11,0,Yes,19,8,7,2.0,7,2,5,3,4,2.0,4.0,3,3,Yes,1,Y,80
10302,26.0,Male,Single,Research & Development,Laboratory Technician,3,2,Other,10 km,Travel_Rarely,,24,1,No,5,1,0,0.0,0,8,1,3,2,2.0,3.0,3,4,No,1,Y,80
10536,48.0,Female,Married,Research & Development,Manager,2,4,Human Resources,6,Travel_Frequently,10146.0,12,0,No,27,12,11,9.0,11,1,6,3,3,4.0,3.0,3,1,No,1,Y,80
11319,35.0,Female,Single,Research & Development,Research Director,1,4,Medical,1,Travel_Rarely,6998.0,15,0,No,13,10,10,4.0,9,3,2,3,3,1.0,3.0,3,3,No,1,Y,80
10858,32.0,Female,Divorced,Research & Development,Research Director,3,3,,13,Travel_Rarely,10826.0,11,0,No,8,1,0,1.0,1,0,5,3,3,4.0,3.0,3,1,No,1,Y,80
10020,27.0,Male,Married,Research & Development,Healthcare Representative,1,1,Human Resources,2,Travel_Rarely,6063.0,16,1,No,4,0,0,0.0,0,5,3,3,4,2.0,3.0,3,3,Yes,1,Y,80
10932,25.0,Female,Married,Research & Development,Manager,4,2,Human Resources,2,Travel_Rarely,11849.0,16,0,No,6,0,0,0.0,0,0,3,3,4,4.0,4.0,2,2,No,1,Y,80
10481,31.0,Female,Married,Sales,Sales Representative,1,2,Life Sciences,1,Travel_Frequently,6393.0,13,2,No,11,3,1,1.0,1,6,0,4,3,2.0,4.0,3,1,No,1,Y,80
10052,29.0,Female,Single,R&D,Research Scientist,2,4,Marketing,1,Travel_Frequently,7700.0,15,2, No,9,4,2,1.0,3,4,1,3,3,9.0,3.0,3,1,No,1,Y,80
10260,48.0,Female,Single,Research & Development,Laboratory Technician,2,4,Life Sciences,10,Travel_Rarely,10855.0,15,1,No,28,5,2,4.0,4,4,0,3,2,4.0,4.0,3,4,No,1,Y,80
11048,41.0,Female,Single,sales,Manager,5,2,Technical Degree,1,Travel_Rarely,15698.0,13,0,No,22,12,11,5.0,10,9,4,3,2,3.0,1.0,2,3,No,1,Y,80
11248,30.0,Male,Married,Sales,Sales Representative,3,3,Life Sciences,1,Travel_Rarely,8823.0,18,3,Yes,10,0,0,0.0,0,7,1,3,3,2.0,4.0,4,2,No,1,Y,80
10825,60.0,Male,Married,Research & Development,Manufacturing Director,1,3,Other,12,Travel_Rarely,8379.0,17,2,No,36,31,31,6.0,29,7,1,3,2,2.0,1.0,3,3,No,1,Y,80
11067,37.0,Female,Single,Sales,Sales Executive,4,3,Technical Degree,4,Travel_Rarely,12283.0,17,1,No,13,0,0,0.0,0,0,1,3,4,,2.0,3,1,Yes,1,Y,80
11391,58.0,Female,Single,Human Resources,HR Business Partner,1,3,Life Sciences,4,Travel_Frequently,8326.0,18,1,Yes,39,3,0,2.0,1,1,5,3,3,4.0,2.0,3,2,Yes,1,Y,80
11008,48.0,Female,Married,Sales,Manager,3,4,Other,15,Travel_Frequently,9729.0,12,2,Yes,30,21,21,4.0,21,2,1,3,3,2.0,4.0,3,4,No,1,Y,80
11575,32.0,Male,Married,Research & Development,Manufacturing Director,2,4,Human Resources,27,Travel_Frequently,8119.0,20,1,Yes,9,6,4,1.0,5,2,0,3,3,4.0,1.0,2,1,No,1,Y,80
10050,-1.0,Female,Married,Sales,Sales Executive,1,1,Life Sciences,13,Travel_Rarely,5340.0,13,2,No,8,5,3,4.0,4,1,0,3,2,2.0,4.0,2,4,No,1,Y,80
10095,32.0,Female,Divorced,Research & Development,Healthcare Representative,5,5,Medical,1,Travel_Rarely,15216.0,11,3,No,14,13,13,12.0,13,5,6,3,3,1.0,4.0,2,4,Yes,1,Y,80
11532,27.0,Female,Divorced,Sales,Sales Executive,5,3,Medical,2,Travel_Rarely,14883.0,13,0,Yes,4,4,3,4.0,3,0,0,3,3,2.0,1.0,3,1,No,1,Y,80
11120,45.0,Female,Single,Research & Development,Research Director,1,3,Life Sciences,5,Travel_Frequently,9502.0,19,1,No,26,0,0,0.0,0,0,1,3,3,2.0,1.0,3,1,No,1,Y,80
10300,36.0,Female,Single,Research & Development,Research Director,1,4,Life Sciences,1,Travel_Rarely,5866.0,13,1,No,14,7,7,4.0,5,1,0,3,2,1.0,2.0,4,4,No,1,Y,80
11507,30.0,Male,Single,Research & Development,Research Director,4,2,Medical,1,Travel_Rarely,13167.0,12,0,Yes,10,8,7,8.0,6,3,1,3,3,,2.0,4,1,No,1,Y,80
11416,48.0,Male,Single,Sales,Sales Representative,5,3,Life Sciences,3,Non-Travel,15251.0,15,1,No,27,13,10,1.0,13,3,2,3,1,1.0,3.0,2,2,No,1,Y,80
10878,54.0,Male,Married,Sales,Sales Executive,2,4,Medical,16,Travel_Rarely,8661.0,17,0,No,30,13,11,9.0,11,5,0,4,2,3.0,2.0,4,2,Yes,1,Y,80
11088,23.0,Male,Married,Sales,Manager,2,4,Medical,2,Travel_Rarely,7627.0,18,0,No,3,0,0,0.0,0,9,4,3,3,1.0,1.0,3,2,Yes,1,Y,80
11354,37.0,Female,Divorced,Research & Development,Research Director,1,3,Marketing,1,Travel_Frequently,4697.0,14,1,No,18,2,0,0.0,0,2,2,3,1,4.0,4.0,3,4,No,1,Y,80
10758,29.0,Female,Married,Research & Development,Healthcare Representative,4,3,Life Sciences,8,Travel_Rarely,12693.0,11,0,No,7,3,1,2.0,2,1,3,3,4,4.0,3.0,3,4,No,1,Y,80
11569,37.0,Female,Married,Sales,Manager,3,5,Life Sciences,7,Travel_Rarely,10625.0,17,1,No,19,14,13,11.0,14,8,3,3,2,3.0,3.0,2,4,No,1,Y,80
10772,41.0,Male,Married,Research & Development,Research Director,1,5,Medical,1,Travel_Frequently,7071.0,12,0,No,22,1,0,1.0,0,6,1,3,3,3.0,4.0,2,4,No,1,Y,80
10373,37.0,Female,Married,Research & Development,Manager,3,2,Marketing,1,Travel_Rarely,11298.0,13,1,no,15,12,9,0.0,9,7,3,3,2,2.0,2.0,2,2,No,1,Y,80
11441,49.0,Male,Married,Sales,Manager,1,2,Medical,2,Travel_Rarely,6389.0,15,3,No,28,27,25,10.0,27,3,1,3,3,1.0,2.0,3,2,Yes,1,Y,80
11280,32.0,Male,Single,Research & Development,Healthcare Representative,4,4,Life Sciences,6,Travel_Frequently,12583.0,13,0,No,12,10,8,3.0,7,6,6,3,1,1.0,1.0,2,3,Yes,1,Y,80
10404,,Female,Single,Research & Development,Manager,2,4,Life Sciences,1,Travel_Rarely,8211.0,11,1,No,23,23,21,8.0,20,7,4,4,3,4.0,2.0,3,3,No,1,Y,80
10769,45.0,Male,Divorced,sales,Sales Executive,1,3,Technical Degree,27,Travel_Rarely,7313.0,11,0,No,21,19,16,6.0,19,7,4,3,3,4.0,2.0,3,3,No,1,Y,80
11628,31.0,Male,Single,Research & Development,Healthcare Representative,1,4,Other,12,Non-Travel,4696.0,24,0,Yes,12,11,8,2.0,10,8,5,3,3,1.0,1.0,4,2,Yes,1,Y,80
10726,32.0,Male,Single,research & development,Healthcare Representative,2,4,Other,4,Travel_Rarely,7845.0,11,1,No,8,0,0,0.0,0,9,1,3,3,4.0,3.0,3,4,No,1,Y,80
10760,34.0,Male,Divorced,R&D,Healthcare Representative,1,4,Medical,1,Travel_Rarely,4808.0,11,0,Yes,13,13,11,10.0,12,0,4,3,3,3.0,1.0,3,4,Yes,1,Y,80
10624,39.0,Male,Single,Research & Development,Research Director,1,4,Marketing,6,Travel_Rarely,6149.0,18,1,Yes,16,5,2,2.0,2,9,4,3,1,1.0,4.0,3,2,No,1,Y,80
10229,44.0,Female,Married,Research & Development,Research Director,3,3,Medical,4,Travel_Rarely,11732.0,18,3,No,26,2,0,,0,9,3,3,2,1.0,4.0,1,3,No,1,Y,80
10970,56.0,Male,Single,Research & Development,Manufacturing Director,1,4,Life Sciences,20,Travel_Rarely,9019.0,11,0,No,37,33,32,11.0,31,3,2,3,4,1.0,,2,1,No,1,Y,80
11370,40.0,Female,Single,Sales,Sales Representative,5,4,Other,1,Travel_Frequently,15157.0,16,0,No,21,9,8,8.0,8,7,4,3,3,2.0,2.0,4,4,Yes,1,Y,80
10751,28.0,Male,Single,Research & Development,Manager,5,5,Marketing,1,Travel_Frequently,13578.0,14,1,No,4,0,0,0.0,0,7,1,3,3,2.0,3.0,3,1,Yes,1,Y,80
10287,31.0,Male,Married,Research & Development,Research Scientist,1,2,Medical,1,Travel_Rarely,4746.0,19,2,No,12,9,9,5.0,7,8,3,4,1,3.0,4.0,3,3,No,1,Y,80
10704,32.0,Female,Married,Research & Development,Laboratory Technician,3,2,Life Sciences,1,Travel_Rarely,9066.0,13,0,No,14,7,4,1.0,6,0,1,3,4,3.0,2.0,4,4,No,1,Y,80
11455,27.0,Male,Single,Sales,Manager,2,4,Life Sciences,1,Travel_Rarely,7035.0,11,2,No,6,3,1,0.0,3,8,6,4,4,3.0,,3,2,No,1,Y,80
11010,38.0,Female,Divorced,Sales,Sales Executive,2,3,Medical,6,Travel_Rarely,8165.0,12,0,Yes,19,13,10,5.0,13,0,4,3,2,4.0,3.0,3,3,No,1,Y,80
11535,30.0,Male,Married,Research & Development,Research Director,2,3,Medical,1,Travel_Rarely,9186.0,18,0,No,10,3,3,1.0,3,2,3,4,3,,3.0,3,1,No,1,Y,80
11339,48.0,Female,Single,Human Resources,HR Business Partner,2,2,Life Sciences,6,Travel_Rarely,9250.0,22,1,No,27,5,2,2.0,5,6,2,3,4,4.0,4.0,2,3,Yes,1,Y,80
10136,26.0,Male,Married,Sales,Sales Representative,3,5,Marketing,13,Travel_Rarely,10341.0,18,0,No,6,0,0,0.0,0,7,2,3,3,1.0,1.0,2,4,Yes,1,Y,80
11228,51.0,Male,Divorced,Sales,Manager,1,2,Technical Degree,4,Travel_Rarely,8307.0,21,0,No,33,3,3,3.0,3,0,6,3,1,4.0,1.0,4,3,No,1,Y,80
10109,36.0,Female,Married,Research & Development,  Laboratory Technician  ,1,1,Medical,11,Travel_Rarely,6367.0,11,0,No,13,3,3,2.0,0,3,0,3,3,3.0,4.0,2,3,No,1,Y,80
11378,47.0,Female,Single,Human Resources,Human Resources,1,5,Medical,10,Travel_Rarely,5798.0,20,0,Yes,26,21,18,0.0,18,2,1,3,3,3.0,1.0,2,2,No,1,Y,80
10212,30.0,Female,Single,Sales,Sales Representative,2,3,Marketing,2,Travel_Rarely,7678.0,17,0,No,11,6,6,1.0,6,3,0,3,3,1.0,2.0,4,3,No,1,Y,80
10805,29.0,Female,Single,Research & Development,Research Director,5,2,Medical,1,Travel_Rarely,15049.0,15,0,No,10,0,0,0.0,0,7,2,3,4,1.0,4.0,2,2,No,1,Y,80
10654,33.0,Male,Divorced,Research & Development,Laboratory Technician,1,2,Medical,8,Travel_Frequently,5093.0,22,0,No,10,4,1,0.0,2,3,6,3,4,3.0,4.0,3,3,No,1,Y,80
10089,38.0,Female,Married,Research & Development,Manager,4,3,Technical Degree,1,Travel_Rarely,13154.0,15,0,Yes,14,5,4,3.0,2,9,1,3,3,1.0,3.0,2,2,No,1,Y,80
10436,44.0,Male,Married,Research & Development,Healthcare Representative,3,4,Marketing,14,Travel_Rarely,10733.0,19,1,No,21,13,13,6.0,13,1,2,3,3,2.0,4.0,2,2,No,1,Y,80
10708,40.0,Male,Single,Research & Development,Manager,1,4,Marketing,11,Travel_Rarely,,13,0,Yes,19,14,12,3.0,14,3,0,3,3,3.0,4.0,3,1,No,1,Y,80
10299,38.0,Female,Single,Research & Development,Laboratory Technician,2,3,Technical Degree,1,Travel_Rarely,9537.0,14,0,No,17,1,0,1.0,0,0,2,3,1,3.0,4.0,4,2,Yes,1,Y,80
10397,38.0,Female,Married,Research & Development,Manufacturing Director,1,4,Human Resources,7,Travel_Rarely,,15,0,No,17,12,10,1.0,11,9,3,3,3,1.0,4.0,2,1,No,1,Y,80
11398,40.0,Female,Married,Research & Development,Manufacturing Director,2,3,Other,12,Travel_Rarely,10012.0,22,1,No,20,7,4,6.0,6,6,3,3,3,3.0,1.0,4,2,No,1,Y,80
10954,39.0,Male,Married,Sales,Sales Executive,3,4,Marketing,6,Travel_Rarely,11703.0,11,2,No,20,14,14,4.0,13,4,2,3,3,4.0,1.0,1,1,No,1,Y,80
10987,33.0,Male,Married,Human Resources,Manager,1,5,Technical Degree,1,Travel_Rarely,6688.0,13,0,No,13,6,3,5.0,4,4,1,3,2,3.0,2.0,2,2,No,1,Y,80
10600,46.0,Female,Married,research & development,Manufacturing Director,1,3,Medical,7,Travel_Rarely,3450.0,14,0,No,25,18,17,6.0,16,5,3,3,2,1.0,1.0,3,2,No,1,Y,80
10927,40.0,Female,Married,Research & Development,Manufacturing Director,1,3,Other,11,Travel_Rarely,7029.0,19,0,Yes,20,12,11,11.0,12,0,3,3,3,3.0,3.0,3,4,No,1,Y,80
10926,36.0,Female,Divorced,Research & Development,Research Scientist,3,4,Medical,4,Travel_Rarely,9897.0,15,2,Yes,16,10,9,5.0,7,9,6,4,4,3.0,3.0,3,2,No,1,Y,80
10712,53.0,Female,Married,Research & Development,Manufacturing Director,1,3,Life Sciences,1,Non-Travel,10640.0,11,2,No,34,4,2,3.0,3,2,1,3,4,4.0,1.0,3,3,No,1,Y,80
10560,34.0,Male,Single,Research & Development,Research Scientist,1,2,Human Resources,1,Non-Travel,"$5,925",14,1,No,12,10,9,7.0,7,0,5,4,2,3.0,2.0,3,4,No,1,Y,80
10429,29.0,Female,Married,Research & Development,Research Director,4,1,Medical,11,Travel_Rarely,12063.0,13,2,No,11,5,2,4.0,4,0,1,3,2,3.0,4.0,3,4,No,1,Y,80
10046,33.0,Female,Married,Research & Development,Healthcare Representative,5,3,Life Sciences,8,Non-Travel,13893.0,12,2,No,12,5,4,4.0,3,0,3,4,3,2.0,3.0,3,3,No,1,Y,80
11436,28.0,Female,Divorced,Research & Development,Laboratory Technician,4,3,Life Sciences,7,Travel_Rarely,11364.0,11,0,Yes,5,5,3,1.0,2,7,4,3,3,4.0,,1,1,No,1,Y,80
11634,18.0,Female,Divorced,Research & Development,Laboratory Technician,1,3,Technical Degree,16,Travel_Rarely,4674.0,11,1,No,0,0,0,0.0,0,8,5,3,2,1.0,3.0,3,4,Yes,1,Y,80
11458,34.0,Male,Divorced,Research & Development,Laboratory Technician,1,3,Medical,13,Travel_Frequently,6926.0,16,0,No,10,9,8,3.0,8,2,2,3,2,1.0,3.0,2,1,No,1,Y,80
10193,39.0,Female,Single,Research & Development,Manufacturing Director,1,2,Life Sciences,10,Travel_Rarely,6203.0,20,0,No,15,9,6,9.0,9,7,0,3,3,4.0,3.0,2,3,No,1,Y,80
10973,32.0,Female,Married,Research & Development,Manager,1,3,Medical,1,Travel_Frequently,5711.0,18,1,No,10,4,3,1.0,1,1,4,4,3,1.0,2.0,3,4,No,1,Y,80
11446,,Female,Single,Research & Development,Laboratory Technician,3,3,Life Sciences,5 km,Travel_Frequently,9776.0,15,1,No,8,4,3,4.0,4,0,6,3,1,3.0,4.0,3,4,No,1,Y,80
11445,36.0,Female,Married,Sales,Sales Executive,1,4,Medical,21,Travel_Frequently,6027.0,17,1,No,18,12,11,9.0,10,0,3,3,2,4.0,1.0,3,4,Yes,1,Y,80
10670,28.0,Male,Divorced,Research & Development,Manager,2,3,Marketing,10,Travel_Rarely,7010.0,12,1,No,9,0,0,0.0,0,6,6,3,3,3.0,3.0,3,3,No,1,Y,80
10529,30.0,Male,Single,Research & Development,Laboratory Technician,2,4,Medical,5,Travel_Rarely,7399.0,15,1,No,7,5,5,4.0,3,9,6,3,3,1.0,2.0,2,3,Yes,1,Y,80
10645,-1.0,Male,Married,Research & Development,Laboratory Technician,2,1,Life Sciences,7,Travel_Frequently,9327.0,11,0,Yes,11,7,4,5.0,7,2,3,4,2,4.0,1.0,4,4,No,1,Y,80
11013,39.0,Female,Single,Research & Development,Laboratory Technician,1,2,Technical Degree,13,Non-Travel,6545.0,11,0,No,20,7,5,5.0,4,5,2,3,3,3.0,2.0,3,4,Yes,1,Y,80
10869,28.0,Female,Married,Sales,Sales Executive,1,4,Marketing,1,Travel_Frequently,5528.0,18,2,No,6,3,3,3.0,1,2,6,4,3,3.0,4.0,2,4,No,1,Y,80
10936,30.0,Female,Married,Research & Development,Laboratory Technician,5,1,Life Sciences,3,Travel_Rarely,14630.0,14,0,Yes,12,6,3,2.0,6,2,1,3,1,1.0,3.0,1,4,Yes,1,Y,80
10557,49.0,Female,Divorced,Human Resources,HR Business Partner,1,3,Life Sciences,4,Travel_Rarely,7599.0,16,1,Yes,25,4,2,0.0,2,8,1,4,3,4.0,4.0,4,3,No,1,Y,80
11159,,Male,Divorced,R&D,Research Scientist,3,3,Marketing,6,Non-Travel,10177.0,11,1,No,24,17,16,12.0,17,5,3,3,2,1.0,2.0,2,2,Yes,1,Y,80
11343,34.0,Male,Single,Research & Development,Research Scientist,2,5,Medical,1,Travel_Frequently,7949.0,16,0,Yes,13,7,7,5.0,5,9,1,3,3,4.0,1.0,4,4,No,1,Y,80
10702,44.0,Female,Single,Research & Development,Research Director,5,4,Medical,4,Travel_Frequently,14551.0,13,0,No,21,7,5,4.0,4,5,3,3,3,1.0,2.0,3,4,No,1,Y,80
11393,18.0,Male,Divorced,Research & Development,Research Director,2,4,Medical,29,Travel_Rarely,,14,1,No,0,0,0,0.0,0,2,5,3,2,2.0,2.0,4,4,No,1,Y,80
10322,31.0,Female,Single,Human Resources,Manager,4,3,Life Sciences,1,Travel_Rarely,11969.0,11,2,No,10,7,5,2.0,5,2,4,4,4,4.0,,2,3,No,1,Y,80
10580,24.0,Male,Divorced,Research & Development,Healthcare Representative,1,4,Life Sciences,3,Travel_Rarely,4654.0,14,1,No,5,5,2,1.0,4,2,4,3,4,1.0,4.0,3,3,No,1,Y,80
10147,40.0,Female,Married,Sales,Manager,2,4,Medical,1,Travel_Rarely,6957.0,16,0,Yes,16,5,4,1.0,4,0,4,3,4,2.0,3.0,3,2,No,1,Y,80
10407,32.0,Female,Married,Sales,Sales Executive,2,5,Other,8,Travel_Rarely,7968.0,11,0,No,14,4,3,3.0,1,6,3,3,2,1.0,1.0,3,3,No,1,Y,80
10831,38.0,Male,Married,Sales,Manager,5,2,Other,1,Travel_Frequently,15908.0,11,1,Yes,18,0,0,0.0,0,8,5,3,3,2.0,4.0,3,4,No,1,Y,80
11268,42.0,Male,Divorced,Sales,Sales Executive,2,2,Medical,7,Travel_Rarely,9519.0,12,2,Yes,21,0,0,0.0,0,3,2,3,3,4.0,2.0,3,2,No,1,Y,80
11084,46.0,Female,Single,Research & Development,Research Scientist,3,3,Life Sciences,16,Travel_Rarely,"$11,300",16,0,No,28,25,25,13.0,23,1,6,4,1,2.0,4.0,3,2,No,1,Y,80
10953,30.0,Female,Single,Research & Development,Research Director,3,3,Medical,6,Travel_Rarely,9017.0,18,1,Yes,9,5,2,1.0,5,4,3,3,4,3.0,1.0,3,1,No,1,Y,80
10057,47.0,Male,Single,Sales,Manager,1,3,Medical,1,Travel_Rarely,5991.0,13,0,Yes,24,22,19,15.0,21,8,3,3,3,4.0,4.0,4,2,No,1,Y,80
10143,51.0,Male,Divorced,Sales,Sales Executive,2,3,Medical,2,Travel_Rarely,10644.0,11,1,No,32,11,9,9.0,10,1,1,3,3,2.0,1.0,2,1,No,1,Y,80
10817,34.0,Female,Married,Human Resources,HR Business Partner,4,3,Human Resources,5,Non-Travel,"$12,970",23,1,No,13,13,13,6.0,11,1,6,3,2,3.0,2.0,3,1,No,1,Y,80
11401,46.0,Male,Married,Sales,Sales Representative,2,2,Life Sciences,13,Travel_Rarely,8378.0,20,0,No,22,1,0,1.0,0,2,1,3,3,4.0,4.0,3,4,No,1,Y,80
10684,39.0,Female,Married,Human Resources,Manager,2,5,Human Resources,3,Travel_Rarely,10174.0,16,0,No,17,9,6,1.0,7,5,3,3,2,1.0,1.0,3,3,No,1,Y,80
10895,45.0,Female,Divorced,Research & Development,Laboratory Technician,3,3,Marketing,3,Travel_Rarely,11252.0,11,1,No,24,13,13,5.0,11,7,3,3,1,4.0,3.0,2,3,No,1,Y,80
11481,38.0,Male,Divorced,Research & Development,Healthcare Representative,2,4,Human Resources,6,Travel_Frequently,9125.0,18,1,No,20,14,14,9.0,13,5,6,4,3,2.0,3.0,3,4,No,1,Y,80
11374,35.0,Female,Married,Sales,Sales Executive,5,1,Human Resources,1,Non-Travel,15557.0,24,2,No,15,11,10,6.0,11,4,1,3,3,2.0,2.0,1,2,Yes,1,Y,80
11297,40.0,Male,Married,Research & Development,Research Scientist,1,3,Technical Degree,2,Travel_Rarely,7007.0,16,1,No,21,16,14,13.0,14,0,2,3,2,1.0,1.0,4,3,No,1,Y,80
10326,34.0,Male,Married,Research & Development,Manufacturing Director,1,5,Life Sciences,7,Travel_Rarely,6208.0,11,1,No,13,0,0,0.0,0,9,2,3,1,2.0,4.0,3,4,No,1,Y,80
10199,42.0,Male,Divorced,Research & Development,Research Director,1,2,Medical,24,Travel_Rarely,7439.0,21,2,No,24,24,22,7.0,24,2,4,3,3,4.0,2.0,4,2,No,1,Y,80
11318,39.0,Female,Divorced,SALES,Sales Executive,4,4,Medical,3,Travel_Rarely,12514.0,19,1,No,17,15,15,3.0,13,3,1,3,2,3.0,3.0,3,3,Yes,1,Y,80
11626,25.0,Female,Single,Research & Development,Manufacturing Director,1,1,Technical Degree,1,Travel_Rarely,5994.0,15,1,No,6,3,0,2.0,1,1,4,4,3,4.0,,3,3,Yes,1,Y,80
10160,37.0,Female,Married,Sales,Manager,1,4,Technical Degree,4,Travel_Rarely,"$4,849",16,0,No,19,17,14,8.0,17,0,0,3,1,3.0,3.0,3,3,No,1,Y,80
10228,23.0,Male,Married,Research & Development,Manager,3,2,Medical,5,Travel_Rarely,9808.0,18,0,No,4,1,0,,0,8,2,3,1,4.0,4.0,3,2,No,1,Y,80
11135,36.0,Male,Married,R&D,Laboratory Technician,5,4,Life Sciences,5,Travel_Rarely,13909.0,18,3,No,15,2,0,2.0,0,5,4,3,2,2.0,3.0,3,3,No,1,Y,80
11630,35.0,Male,Divorced,Sales,Manager,1,4,Life Sciences,4,Travel_Rarely,7376.0,12,1,No,17,4,2,3.0,2,1,6,3,1,4.0,3.0,3,4,No,1,Y,80
11042,41.0,Female,Married,Human Resources,  HR Business Partner  ,3,2,Technical Degree,7,Travel_Rarely,10133.0,12,2,No,19,5,3,3.0,3,9,5,3,2,2.0,2.0,3,4,No,1,Y,80
11082,26.0,Male,Divorced,Research & Development,Manager,5,3,Technical Degree,7,Travel_Rarely,13780.0,11,1,No,4,2,1,1.0,0,2,6,3,3,3.0,3.0,3,4,No,1,Y,80
11568,37.0,Female,Married,Research & Development,Manufacturing Director,5,2,Human Resources,1,Travel_Rarely,14151.0,19,0,No,17,7,7,5.0,7,1,1,3,2,4.0,1.0,2,3,No,1,Y,80
11214,24.0,Female,Married,Research & Development,Research Scientist,2,3,Life Sciences,8,Travel_Rarely,7323.0,11,3,Yes,6,4,2,2.0,1,6,5,3,1,3.0,2.0,3,1,Yes,1,Y,80
11555,42.0,Female,Divorced,Research & Development,Manufacturing Director,3,5,Medical,18,Travel_Rarely,11335.0,18,0,Yes,20,10,9,4.0,7,3,1,3,3,1.0,3.0,2,4,No,1,Y,80
10332,28.0,Female,Married,Research & Development,Healthcare Representative,2,4,Life Sciences,8,Travel_Rarely,7424.0,18,1,Yes,6,6,3,3.0,4,9,5,3,2,3.0,3.0,3,2,No,1,Y,80
10290,58.0,Male,Married,Research & Development,Healthcare Representative,1,3,Marketing,4,Travel_Rarely,,15,1,No,35,4,2,4.0,4,4,2,4,3,3.0,,3,4,No,1,Y,80
11612,40.0,Male,Single,Human Resources,Human Resources,2,4,Life Sciences,12,Travel_Rarely,7924.0,12,0,No,18,3,2,3.0,0,7,1,3,2,,2.0,2,2,No,1,Y,80
10738,44.0,Male,Single,Research & Development,Healthcare Representative,1,3,Life Sciences,5,Travel_Rarely,6510.0,20,1,Yes,26,8,5,1.0,5,2,4,3,2,3.0,1.0,2,3,Yes,1,Y,80
10492,21.0,Male,Single,Sales,Sales Representative,3,2,Medical,7,Travel_Rarely,9212.0,18,2,no,3,3,0,2.0,3,3,2,3,2,2.0,3.0,2,4,Yes,1,Y,80
10530,35.0,Male,Divorced,Research & Development,Manager,5,3,Life Sciences,1,Travel_Frequently,13831.0,12,0,No,11,11,9,0.0,9,9,0,3,3,3.0,2.0,3,1,No,1,Y,80
11093,-1.0,Female,Divorced,Research & Development,Healthcare Representative,3,4,Technical Degree,14,Travel_Rarely,9756.0,11,0,No,16,2,0,0.0,0,3,3,4,2,3.0,4.0,3,3,No,1,Y,80
10800,,Male,Divorced,Human Resources,Manager,5,5,Marketing,2,Travel_Frequently,14885.0,11,0,Yes,23,20,20,13.0,19,2,6,3,3,3.0,3.0,3,1,No,1,Y,80
10088,32.0,Female,Single,Human Resources,HR Business Partner,5,3,,4,Non-Travel,14075.0,22,0,No,13,0,0,0.0,0,1,5,3,2,1.0,4.0,2,3,No,1,Y,80
10402,28.0,Male,Divorced,Sales,Sales Representative,2,2,Medical,1,Travel_Rarely,7016.0,15,1,No,9,6,5,5.0,5,4,5,3,2,4.0,3.0,2,3,No,1,Y,80
11537,36.0,Male,Divorced,Research & Development,Manufacturing Director,2,3,Medical,1,Travel_Rarely,7023.0,13,0,No,15,6,4,3.0,3,2,1,3,2,4.0,3.0,3,3,No,1,Y,80
10676,54.0,Male,Divorced,Research & Development,Research Scientist,5,1,Medical,3,Travel_Rarely,"$17,186",13,2,no,31,3,1,2.0,0,9,5,3,1,3.0,2.0,3,3,No,1,Y,80
10155,41.0,Male,Married,Sales,Manager,3,3,Life Sciences,4,Travel_Rarely,9096.0,21,1,Yes,17,6,4,5.0,3,2,4,4,3,3.0,3.0,2,4,No,1,Y,80
10632,40.0,Female,Single,research & development,Research Scientist,2,3,Technical Degree,6,Travel_Frequently,9166.0,11,0,No,22,13,12,4.0,10,5,0,3,1,1.0,2.0,3,2,No,1,Y,80
11222,34.0,Female,Single,Human Resources,Manager,3,4,Life Sciences,2,Travel_Rarely,10219.0,13,1,No,14,9,8,3.0,7,5,1,3,3,2.0,1.0,3,3,No,1,Y,80
11060,39.0,Male,Divorced,Sales,Manager,2,4,Marketing,9,Travel_Rarely,8521.0,11,1,No,20,12,12,12.0,9,4,3,3,3,1.0,4.0,2,3,Yes,1,Y,80
10791,41.0,Male,Married,Research & Development,Manager,5,3,Life Sciences,1,Travel_Rarely,14513.0,12,0,Yes,22,9,8,2.0,9,0,4,3,3,2.0,1.0,2,2,Yes,1,Y,80
10422,48.0,Female,Married,Human Resources,HR Business Partner,3,1,Human Resources,25,Travel_Rarely,10298.0,11,0,Yes,27,26,23,6.0,24,3,6,3,3,4.0,3.0,3,2,Yes,1,Y,80
11170,30.0,Male,Single,R&D,Manager,3,1,Marketing,9,Travel_Frequently,9932.0,16,0,No,11,4,4,1.0,3,0,0,3,2,2.0,4.0,3,3,No,1,Y,80
11549,48.0,Male,Single,Research & Development,Manager,2,4,Medical,1,Travel_Rarely,9385.0,15,1,No,26,20,17,2.0,18,6,3,3,3,4.0,2.0,1,3,Yes,1,Y,80
11558,29.0,Male,Single,Sales,Sales Representative,2,3,Technical Degree,16,Non-Travel,8201.0,17,0,No,11,10,7,8.0,8,1,4,3,3,1.0,4.0,2,1,No,1,Y,80
11072,21.0,Female,Single,Sales,Sales Executive,2,3,Other,9,Travel_Rarely,7269.0,17,1,Yes,1,1,1,1.0,0,3,2,3,3,4.0,1.0,3,4,Yes,1,Y,80
11414,34.0,Male,Married,Research & Development,Research Scientist,5,2,Life Sciences,1,Travel_Frequently,"$15,429",11,1,No,11,10,9,7.0,10,6,4,3,2,3.0,3.0,3,4,No,1,Y,80
10853,36.0,Male,Married,Sales,Manager,2,4,Life Sciences,3,Travel_Frequently,7466.0,21,0,No,12,4,1,0.0,4,3,0,3,3,,1.0,2,3,No,1,Y,80
10121,46.0,Male,Married,Sales,Sales Representative,5,5,Life Sciences,1,Travel_Rarely,15602.0,11,0,No,25,25,22,14.0,23,0,3,3,3,3.0,4.0,3,3,No,1,Y,80
10822,53.0,Female,Married,Human Resources,Human Resources,1,2,,11,Travel_Rarely,8792.0,14,1,Yes,33,21,18,2.0,18,5,4,3,3,2.0,2.0,3,3,No,1,Y,80
10576,25.0,Female,Single,Research & Development,Laboratory Technician,1,4,Medical,29,Travel_Rarely,4379.0,13,1,No,5,3,3,0.0,2,9,4,3,2,1.0,4.0,2,3,No,1,Y,80
10084,38.0,Male,Divorced,Human Resources,Manager,1,5,Human Resources,12,Travel_Rarely,5975.0,11,1,Yes,20,17,17,9.0,14,6,3,3,3,,3.0,3,2,No,1,Y,80
11163,43.0,Male,Single,Research & Development,Research Scientist,1,3,Medical,4,Travel_Rarely,6061.0,21,3,Yes,23,13,11,0.0,12,8,1,4,3,2.0,4.0,3,4,No,1,Y,80
11353,47.0,Male,Single,R&D,Research Director,2,3,Life Sciences,1,Travel_Rarely,8753.0,11,1,No,28,7,4,7.0,7,2,2,3,3,3.0,4.0,3,3,No,1,Y,80
10187,47.0,Male,Single,SALES,Sales Executive,1,2,Medical,7,Travel_Rarely,"$6,427",20,0,Yes,26,19,16,3.0,19,9,3,3,4,2.0,1.0,3,3,No,1,Y,80
10978,31.0,Female,Married,Research & Development,Research Director,2,3,Life Sciences,1,Travel_Rarely,8143.0,15,1,Yes,10,9,7,4.0,9,2,6,3,1,4.0,3.0,3,3,No,1,Y,80
11434,27.0,Female,Divorced,Research & Development,Healthcare Representative,2,4,Medical,1,Travel_Frequently,7408.0,20,1,No,8,3,3,2.0,3,1,4,3,3,2.0,4.0,3,2,No,1,Y,80
10675,41.0,Male,Single,Research & Development,Research Director,5,5,Life Sciences,1,Non-Travel,15637.0,22,2,No,23,11,8,8.0,10,9,1,4,3,1.0,4.0,4,2,No,1,Y,80
10315,41.0,Female,Single,Research & Development,Laboratory Technician,2,5,Life Sciences,3,Travel_Rarely,8901.0,11,0,Yes,21,17,17,7.0,17,4,1,3,3,4.0,2.0,3,4,No,1,Y,80
11217,32.0,Female,Single,Research & Development,Manufacturing Director,3,4,Medical,1,Travel_Rarely,10298.0,13,1,No,11,1,0,1.0,0,2,1,3,3,4.0,2.0,3,3,No,1,Y,80
11642,41.0,Male,Married,SALES,Sales Representative,2,4,Life Sciences,2,Non-Travel,8095.0,11,1,Yes,17,4,4,1.0,3,4,2,3,3,4.0,4.0,1,1,No,1,Y,80
11647,26.0,Female,Single,Sales,Manager,1,4,Marketing,1,Travel_Rarely,4663.0,15,0,Yes,3,0,0,0.0,0,2,1,3,3,4.0,1.0,3,1,Yes,1,Y,80
10134,49.0,Male,Married,Sales,Manager,3,2,Life Sciences,1,Travel_Frequently,13309.0,15,0,No,26,25,25,6.0,25,9,3,3,1,4.0,2.0,3,1,Yes,1,Y,80
10427,42.0,Female,Married,Research & Development,Laboratory Technician,1,3,Marketing,1 km,Travel_Rarely,7201.0,17,0,No,22,21,18,1.0,18,6,3,3,2,4.0,,2,4,No,1,Y,80
11530,39.0,Male,Divorced,Research & Development,Laboratory Technician,3,4,Medical,2,Travel_Rarely,9424.0,14,0,No,15,11,9,3.0,9,2,4,4,3,4.0,1.0,1,2,No,1,Y,80
10780,45.0,Male,Single,Sales,Sales Executive,2,5,Medical,1,Travel_Rarely,9281.0,16,1,No,27,9,6,6.0,8,3,2,3,2,1.0,4.0,3,4,No,1,Y,80
11423,42.0,Male,Married,Research & Development,Manager,2,3,Technical Degree,2,Travel_Rarely,7295.0,12,0,NO,22,20,19,6.0,19,3,3,3,3,1.0,1.0,2,3,Yes,1,Y,80
10082,27.0,Male,Divorced,Research & Development,Laboratory Technician,1,2,Technical Degree,1,Travel_Frequently,5802.0,11,1,No,5,5,4,3.0,3,1,6,4,3,2.0,3.0,3,2,No,1,Y,80
10834,37.0,Female,Married,Sales,Sales Representative,5,2,Life Sciences,1,Non-Travel,13587.0,17,1,Yes,13,4,2,1.0,1,5,6,3,3,4.0,4.0,3,1,No,1,Y,80
10635,41.0,Female,Married,Research & Development,Healthcare Representative,3,2,Medical,1,Travel_Frequently,9868.0,23,0,No,21,6,6,0.0,5,8,4,3,1,2.0,4.0,2,4,No,1,Y,80
11650,36.0,Female,Married,Research & Development,Manager,1,4,Technical Degree,5,Non-Travel,3851.0,24,1,Yes,17,8,6,8.0,7,7,4,3,2,3.0,2.0,3,4,Yes,1,Y,80
11472,35.0,Female,Single,Research & Development,Manufacturing Director,2,3,Life Sciences,3,Travel_Rarely,9486.0,14,0,NO,16,4,2,0.0,3,2,2,4,2,4.0,2.0,3,3,No,1,Y,80
10423,47.0,Male,Married,Human Resources,Human Resources,4,3,Medical,2,Travel_Rarely,14173.0,16,0,No,26,5,3,3.0,3,5,5,3,3,3.0,1.0,3,3,No,1,Y,80
11232,39.0,Female,Divorced,Sales,Sales Executive,1,4,Marketing,18,Travel_Rarely,6479.0,13,0,Yes,15,2,0,1.0,2,1,4,3,3,1.0,1.0,3,4,No,1,Y,80
10871,26.0,Male,Divorced,research & development,Research Director,3,2,Marketing,11,Travel_Frequently,9178.0,22,0,Yes,5,5,5,4.0,4,5,3,3,2,4.0,1.0,3,4,No,1,Y,80
11229,36.0,Female,Divorced,Research & Development,Research Director,2,3,Medical,4,Travel_Frequently,8673.0,11,2,No,18,18,17,6.0,17,0,4,3,1,3.0,3.0,3,4,No,1,Y,80
11206,26.0,Male,Married,Sales,Sales Representative,1,3,Life Sciences,10 km,Travel_Rarely,5253.0,17,1,Yes,4,0,0,,0,8,0,4,4,4.0,3.0,3,4,No,1,Y,80
10977,43.0,Male,Married,Sales,Sales Representative,2,3,Marketing,2,Travel_Rarely,8272.0,11,2,No,20,12,12,10.0,9,8,0,3,3,1.0,2.0,4,3,No,1,Y,80
10336,35.0,Female,Married,Sales,Manager,5,3,Life Sciences,3,Travel_Rarely,14828.0,18,0,No,17,9,6,1.0,8,4,0,3,2,2.0,4.0,3,3,Yes,1,Y,80
11334,31.0,Female,Divorced,Research & Development,  Research Scientist  ,5,5,Life Sciences,14,Travel_Rarely,13010.0,12,2,No,11,6,4,1.0,5,7,2,3,1,3.0,3.0,3,3,No,1,Y,80
10444,32.0,Female,Single,Research & Development,Manufacturing Director,2,3,Medical,1,Travel_Rarely,7541.0,16,0,No,12,4,2,4.0,1,4,4,3,3,2.0,3.0,3,1,No,1,Y,80
10539,24.0,Female,Married,Research & Development,Research Director,2,3,Medical,4,Non-Travel,6097.0,15,1, Yes,2,2,0,0.0,0,3,0,3,3,2.0,3.0,2,4,Yes,1,Y,80
10376,27.0,Female,Divorced,Research & Development,Manager,4,3,Other,6,Travel_Rarely,10848.0,11,0,No,6,5,5,4.0,3,8,0,4,4,4.0,4.0,2,4,No,1,Y,80
11396,42.0,Male,Married,Research & Development,Research Director,2,4,Medical,2,Travel_Rarely,7958.0,15,0,No,19,10,7,3.0,7,9,0,3,1,4.0,3.0,3,3,No,1,Y,80
10362,40.0,Male,Divorced,Sales,Manager,1,3,Technical Degree,15,Travel_Rarely,6037.0,21,0,No,20,16,16,11.0,15,2,3,3,2,4.0,3.0,1,1,No,1,Y,80
11578,28.0,Female,Divorced,Sales,Sales Representative,1,4,Technical Degree,3,Travel_Frequently,4913.0,20,1,No,7,6,4,4.0,3,5,4,3,3,2.0,2.0,3,4,Yes,1,Y,80
10665,23.0,Female,Married,Sales,Manager,1,3,Life Sciences,7,Travel_Frequently,5996.0,15,0,Yes,0,0,0,0.0,0,7,5,4,3,2.0,4.0,1,3,No,1,Y,80
11124,27.0,Female,Divorced,Human Resources,Human Resources,3,4,Technical Degree,11,Travel_Rarely,,14,1,No,8,4,2,3.0,3,7,4,3,3,4.0,4.0,3,3,No,1,Y,80
11098,42.0,Female,Single,Sales,Sales Representative,4,4,Life Sciences,15,Travel_Rarely,15892.0,11,2,No,19,0,0,0.0,0,2,4,3,4,4.0,2.0,4,2,No,1,Y,80
10730,47.0,Female,Single,Research & Development,Manager,1,2,Technical Degree,4,Non-Travel,8055.0,21,0,Yes,25,21,19,13.0,18,1,5,4,1,3.0,2.0,4,3,No,1,Y,80
11386,35.0,Female,Married,Human Resources,Human Resources,1,3,Life Sciences,2,Travel_Rarely,6068.0,12,0,No,11,8,5,0.0,7,5,1,3,4,2.0,4.0,1,3,Yes,1,Y,80
11379,38.0,Male,Single,Human Resources,Manager,2,4,Life Sciences,5,Travel_Frequently,,17,1,No,17,0,0,0.0,0,3,4,4,2,2.0,3.0,4,2,No,1,Y,80
11571,38.0,Female,Married,Research & Development,Research Scientist,5,3,Medical,20,Travel_Frequently,15185.0,11,0,Yes,16,3,1,0.0,3,8,6,3,2,2.0,1.0,3,4,No,1,Y,80
11058,40.0,Female,Divorced,Sales ,Sales Executive,5,4,Medical,1,Travel_Rarely,15076.0,13,0,No,18,7,7,1.0,4,6,3,3,3,2.0,3.0,2,3,No,1,Y,80
10532,50.0,Male,Divorced,Sales ,  Manager  ,4,4,Medical,17,Non-Travel,12204.0,17,1,No,28,27,25,13.0,27,7,5,3,4,2.0,1.0,2,3,No,1,Y,80
11263,60.0,Female,Single,Research & Development,Manufacturing Director,1,3,Technical Degree,13,Travel_Rarely,8042.0,12,2,No,39,3,2,3.0,1,4,5,4,3,3.0,4.0,3,4,No,1,Y,80
10410,23.0,Female,Married,Research & Development,Healthcare Representative,1,5,Marketing,3,Travel_Frequently,4126.0,17,1,Yes,4,2,2,0.0,0,0,0,4,3,4.0,4.0,2,2,No,1,Y,80
10013,60.0,Male,Single,Sales,Sales Executive,2,3,Medical,2,Travel_Rarely,10406.0,18,2,Yes,40,36,36,1.0,33,1,0,4,4,,,3,4,No,1,Y,80
10843,42.0,Male,Married,Research & Development,Laboratory Technician,3,2,Medical,5,Travel_Frequently,10640.0,19,1,Yes,20,15,15,14.0,13,6,1,3,4,3.0,1.0,3,2,No,1,Y,80
10405,35.0,Male,Single,Human Resources,Human Resources,5,2,Life Sciences,1,Travel_Frequently,14984.0,18,1,Yes,13,5,5,2.0,3,7,4,3,3,1.0,4.0,2,3,Yes,1,Y,80
10794,36.0,Male,Divorced,Human Resources,HR Business Partner,4,4,Technical Degree,4,Travel_Rarely,12032.0,12,0,No,17,10,8,7.0,7,2,0,3,3,3.0,2.0,3,2,No,1,Y,80
10074,40.0,Female,Married,R&D,Manufacturing Director,2,1,Life Sciences,3,Travel_Frequently,,18,0,No,17,8,8,4.0,7,8,6,3,3,2.0,4.0,3,4,No,1,Y,80
10196,39.0,Female,Married,Research & Development,Research Scientist,4,5,Marketing,15,Non-Travel,11504.0,16,1,No,16,1,0,0.0,0,8,1,3,4,3.0,1.0,3,2,No,1,Y,80
10400,46.0,Female,Married,Human Resources,Manager,2,5,Life Sciences,2,Travel_Rarely,7739.0,12,1,No,26,11,8,5.0,10,9,0,3,1,3.0,4.0,3,2,No,1,Y,80
11542,36.0,Male,Married,Sales,Manager,3,2,Medical,2 km,Travel_Rarely,10217.0,16,2,No,13,11,10,7.0,10,9,1,3,3,3.0,2.0,4,4,No,1,Y,80
11545,36.0,Male,Married,Sales,Sales Executive,3,3,Medical,6,Travel_Rarely,10616.0,11,1,Yes,16,0,0,0.0,0,8,6,3,3,2.0,3.0,2,3,No,1,Y,80
10306,37.0,Male,Married,R&D,Manufacturing Director,1,3,Technical Degree,11,Travel_Rarely,5869.0,17,0,No,17,2,0,2.0,0,9,4,3,1,3.0,2.0,3,1,No,1,Y,80
10629,41.0,Female,Married,Sales,Manager,1,3,Medical,4,Travel_Rarely,6371.0,15,0,No,19,4,1,4.0,1,0,6,3,3,2.0,4.0,2,4,No,1,Y,80
11377,25.0,Female,Single,Research & Development,Laboratory Technician,1,3,Life Sciences,29,Travel_Rarely,4604.0,18,2,No,7,2,1,1.0,2,2,3,3,4,4.0,1.0,4,2,Yes,1,Y,80
11554,32.0,Male,Married,Research & Development,Manager,2,4,Technical Degree,13,Travel_Rarely,8370.0,18,3,YES,11,6,4,0.0,4,4,2,3,3,3.0,2.0,3,2,No,1,Y,80
10590,37.0,Female,Married,Research & Development,Research Director,1,3,Marketing,1,Travel_Rarely,6332.0,11,0,No,19,7,4,7.0,7,3,6,3,3,1.0,3.0,4,2,No,1,Y,80
10463,42.0,Male,Divorced,Research & Development,Laboratory Technician,2,3,Marketing,3,Travel_Frequently,10452.0,11,1,No,24,17,14,10.0,17,4,3,3,2,1.0,1.0,3,4,Yes,1,Y,80
10805,29.0,Female,Single,Research & Development,Research Director,5,2,Medical,1,Travel_Rarely,15049.0,15,0,No,10,0,0,0.0,0,7,2,3,4,1.0,4.0,2,2,No,1,Y,80
10528,32.0,Male,Married,Sales,Manager,1,4,Life Sciences,5,Travel_Frequently,6932.0,15,0,No,12,3,1,2.0,0,5,5,3,1,2.0,2.0,3,1,No,1,Y,80
10216,46.0,Female,Divorced,Human Resources,HR Business Partner,2,3,Life Sciences,1,Travel_Rarely,9217.0,12,0,Yes,26,18,16,15.0,16,5,0,3,4,3.0,3.0,3,2,No,1,Y,80
11054,36.0,Female,Married,Research & Development,Laboratory Technician,1,2,Life Sciences,14,Travel_Rarely,4537.0,16,0,No,18,11,11,5.0,8,1,1,4,1,4.0,,2,2,No,1,Y,80
10164,42.0,Female,Married,Human Resources,Manager,2,3,Medical,4,Travel_Rarely,8300.0,13,1,No,20,14,11,0.0,11,7,3,3,4,3.0,4.0,3,2,No,1,Y,80
10599,32.0,Female,Divorced,Human Resources,HR Business Partner,4,1,Life Sciences,10,Travel_Frequently,12630.0,15,0,Yes,14,5,5,0.0,2,5,2,3,3,2.0,3.0,3,4,No,1,Y,80
11171,47.0,Male,Single,Sales,Sales Representative,3,3,Medical,19,Travel_Rarely,10849.0,15,2,No,24,11,9,5.0,9,0,4,3,3,3.0,1.0,4,3,No,1,Y,80
10048,34.0,Male,Single,Research & Development,Healthcare Representative,2,5,Life Sciences,1,Travel_Rarely,7807.0,15,1,Yes,10,10,9,10.0,8,0,6,3,2,4.0,1.0,3,3,No,1,Y,80
10747,34.0,Female,Single,Sales,Sales Representative,2,5,Life Sciences,1,Travel_Rarely,8268.0,15,0,No,15,2,0,0.0,2,7,3,3,3,1.0,1.0,4,4,No,1,Y,80
10099,36.0,Male,Married,Human Resources,HR Business Partner,2,3,Medical,1,Travel_Rarely,8624.0,14,0,No,15,4,2,3.0,1,6,6,3,2,1.0,4.0,3,4,Yes,1,Y,80
11113,42.0,Female,Single,Sales,Sales Representative,1,4,Medical,1,Travel_Frequently,5580.0,13,0,No,21,12,12,10.0,9,1,0,3,2,,4.0,4,2,No,1,Y,80
10547,39.0,Male,Married,Research & Development,Laboratory Technician,1,2,Medical,1,Travel_Rarely,5476.0,11,0,No,16,14,13,9.0,14,4,6,3,3,4.0,2.0,2,3,No,1,Y,80
11216,41.0,Female,Divorced,Sales,Sales Executive,3,3,Human Resources,7,Travel_Rarely,11681.0,14,1,No,19,0,0,0.0,0,0,2,3,3,3.0,1.0,3,4,No,1,Y,80
10063,37.0,Male,Married,Human Resources,Manager,3,3,Life Sciences,14,Travel_Rarely,9237.0,11,0,No,14,2,1,2.0,2,7,5,3,3,3.0,3.0,3,4,No,1,Y,80
10479,34.0,Female,Single,Sales,Sales Executive,4,4,Technical Degree,20,Travel_Rarely,13944.0,15,1,No,11,6,4,1.0,4,9,3,3,1,3.0,3.0,3,3,No,1,Y,80
10281,27.0,Female,Married,Human Resources,Manager,1,4,Life Sciences,4,Travel_Rarely,5327.0,11,1,No,9,9,6,8.0,8,5,4,4,2,2.0,2.0,2,2,Yes,1,Y,80
11607,30.0,Male,Married,Research & Development,Laboratory Technician,4,3,Medical,13,Non-Travel,"$12,339",12,0,No,10,9,7,8.0,7,7,4,3,2,3.0,2.0,3,4,Yes,1,Y,80
11014,43.0,Male,Single,Sales,Sales Representative,1,3,Medical,29,Travel_Rarely,6430.0,14,1,No,25,24,22,12.0,21,3,4,4,3,3.0,3.0,3,1,No,1,Y,80
10573,40.0,Male,Single,Sales,Manager,4,2,Technical Degree,8,Travel_Rarely,13727.0,17,2,Yes,22,9,9,2.0,9,9,6,3,3,3.0,2.0,3,1,No,1,Y,80
10903,26.0,Female,Single,Human Resources,Manager,1,4,Marketing,3,Travel_Rarely,5530.0,13,1,Yes,2,0,0,0.0,0,2,4,3,3,1.0,2.0,2,4,Yes,1,Y,80
10497,41.0,Female,Married,sales,Sales Representative,2,3,Medical,3,Travel_Rarely,7863.0,11,3,No,21,19,18,8.0,17,6,1,3,3,4.0,3.0,3,4,No,1,Y,80
10312,35.0,Female,Single,Research & Development,Research Director,4,3,Marketing,1,Travel_Frequently,13290.0,14,0,Yes,16,0,0,0.0,0,4,4,4,3,2.0,4.0,3,2,Yes,1,Y,80
10132,34.0,Female,Married,Research & Development,Research Scientist,1,3,Marketing,3,Travel_Rarely,7401.0,12,0,Yes,15,1,1,1.0,0,7,5,3,4,4.0,4.0,4,4,Yes,1,Y,80
10252,31.0,Male,Divorced,Research & Development,Research Scientist,4,1,Life Sciences,7,Travel_Rarely,10636.0,25,0,No,8,5,3,0.0,3,5,2,3,2,2.0,3.0,3,4,No,1,Y,80
11433,43.0,Male,Single,Human Resources,Human Resources,3,3,Life Sciences,1,Travel_Rarely,11771.0,16,0,Yes,21,9,9,8.0,6,2,6,3,3,3.0,3.0,3,4,No,1,Y,80
10495,22.0,Female,Married,Sales ,Sales Executive,1,2,Marketing,1,Travel_Frequently,3930.0,13,1,No,3,2,2,0.0,0,2,1,3,2,2.0,2.0,3,2,No,1,Y,80
10988,35.0,Female,Married,Research & Development,Research Director,4,3,Technical Degree,5,Travel_Frequently,13545.0,17,1,NO,16,16,13,13.0,16,4,0,3,2,4.0,4.0,3,1,No,1,Y,80
10864,41.0,Female,Married,Research & Development,Research Director,1,4,Marketing,2,Travel_Rarely,7601.0,12,3,Yes,21,1,0,1.0,0,8,6,3,3,4.0,4.0,3,2,No,1,Y,80
10773,25.0,Female,Married,Research & Development,Laboratory Technician,1,2,Life Sciences,1,Travel_Frequently,4764.0,18,1,No,7,5,5,4.0,4,9,2,3,2,1.0,4.0,3,4,No,1,Y,80
11075,46.0,Female,Married,Research & Development,Research Director,4,3,Life Sciences,1,Travel_Rarely,13992.0,15,3,No,24,19,17,14.0,19,0,4,3,2,1.0,1.0,1,3,Yes,1,Y,80
10626,31.0,Male,Single,Sales,  Sales Representative  ,1,4,Human Resources,16,Travel_Rarely,4457.0,16,2,No,8,7,4,2.0,5,2,1,4,3,3.0,1.0,2,1,No,1,Y,80
10803,44.0,Male,Divorced,Sales,Sales Representative,1,2,Human Resources,17,Travel_Rarely,6132.0,14,0,No,22,5,5,3.0,3,0,0,3,3,1.0,3.0,1,1,No,1,Y,80
10360,35.0,Male,Single,Research & Development,Manager,1,4,Human Resources,7,Non-Travel,5899.0,15,0,No,15,0,0,0.0,0,4,6,3,3,4.0,1.0,2,4,Yes,1,Y,80
11470,31.0,Male,Married,Sales,Sales Representative,5,4,Technical Degree,6,Non-Travel,14723.0,14,0, Yes,12,7,4,0.0,6,1,4,4,1,3.0,4.0,3,1,No,1,Y,80
10703,57.0,Male,Single,Sales,Manager,2,3,Technical Degree,1,Travel_Rarely,11170.0,11,1,Yes,35,4,1,1.0,2,1,6,3,3,3.0,3.0,4,1,Yes,1,Y,80
10662,,Male,Married,Research & Development,Research Director,2,5,Medical,1,Non-Travel,7940.0,18,1,No,23,19,16,3.0,18,5,6,3,3,3.0,3.0,3,4,Yes,1,Y,80
11310,37.0,Male,Single,Research & Development,Manufacturing Director,1,4,Life Sciences,4,Travel_Rarely,5775.0,16,0,Yes,18,8,5,6.0,5,5,0,3,3,2.0,3.0,2,4,Yes,1,Y,80
10240,44.0,Male,Married,Sales,Manager,3,3,Life Sciences,3,Travel_Frequently,10321.0,12,1,No,21,3,1,3.0,3,8,4,3,3,1.0,3.0,2,1,No,1,Y,80
10351,38.0,Male,Divorced,Human Resources,Human Resources,1,4,Life Sciences,9,Travel_Rarely,7220.0,15,0,No,17,3,1,3.0,2,6,6,3,3,1.0,4.0,4,2,No,1,Y,80
10861,50.0,Female,Married,Human Resources,HR Business Partner,4,5,Life Sciences,4,Travel_Rarely,15742.0,21,0,No,27,24,22,13.0,23,7,3,3,3,3.0,,3,3,No,1,Y,80
11360,34.0,Male,Married,Sales,Manager,3,4,Medical,2,Travel_Rarely,9385.0,11,0,Yes,14,14,13,12.0,13,3,5,3,3,3.0,3.0,4,1,Yes,1,Y,80
10633,33.0,Male,Single,Research & Development,Research Scientist,2,3,Marketing,4,Travel_Rarely,8739.0,15,0,Yes,10,6,6,2.0,4,1,2,3,1,3.0,2.0,3,4,No,1,Y,80
11181,31.0,Female,Married,Research & Development,Research Scientist,4,4,Technical Degree,3,Travel_Rarely,11978.0,25,1,No,7,6,3,4.0,6,4,6,3,3,2.0,2.0,2,4,No,1,Y,80
11125,36.0,Male,Married,Sales,Manager,3,3,Human Resources,2,Travel_Frequently,9901.0,22,1,Yes,12,9,9,9.0,9,5,6,3,3,2.0,2.0,3,3,No,1,Y,80
10603,30.0,Male,Divorced,Research & Development,Laboratory Technician,3,4,Medical,4,Travel_Rarely,11778.0,16,0,No,9,5,4,2.0,4,2,6,3,3,4.0,4.0,3,3,No,1,Y,80
11210,33.0,Male,Married,Research & Development,Research Director,2,3,Life Sciences,1,Travel_Rarely,7413.0,12,1,No,15,7,4,7.0,5,2,0,3,4,4.0,,2,3,No,1,Y,80
11179,27.0,Male,Married,Sales,Sales Representative,2,3,Life Sciences,7,Travel_Rarely,,11,0,No,3,3,3,1.0,0,2,5,4,2,2.0,4.0,3,4,No,1,Y,80
10548,47.0,Female,Divorced,Research & Development,Research Director,1,2,Life Sciences,17,Travel_Rarely,7451.0,13,2,Yes,28,2,0,2.0,2,5,1,3,4,2.0,3.0,2,1,Yes,1,Y,80
10920,20.0,Female,Married,Research & Development,Research Scientist,2,3,Technical Degree,15,Non-Travel,6671.0,11,1,Yes,0,0,0,0.0,0,0,2,3,1,3.0,3.0,3,4,Yes,1,Y,80
10028,27.0,Female,Divorced,Sales,Sales Representative,3,4,Technical Degree,4,Travel_Frequently,7378.0,16,2,Yes,5,2,2,2.0,2,1,4,3,1,3.0,4.0,3,2,No,1,Y,80
10992,35.0,Male,Divorced,Sales,Sales Representative,5,2,Medical,9,Travel_Rarely,13966.0,18,1,No,15,2,1,1.0,2,5,1,4,3,1.0,4.0,2,3,No,1,Y,80
10734,48.0,Female,Married,Research & Development,Manufacturing Director,1,2,Marketing,4,Travel_Rarely,5780.0,18,1,No,27,5,5,1.0,3,4,0,3,2,2.0,4.0,3,4,No,1,Y,80
11359,38.0,Female,Married,Human Resources,Human Resources,4,2,Medical,19,Non-Travel,12483.0,23,1,No,18,10,9,9.0,9,9,6,3,4,2.0,3.0,2,3,Yes,1,Y,80
10944,30.0,Male,Divorced,Research & Development,Research Scientist,5,4,Human Resources,8,Travel_Rarely,13682.0,15,0,No,6,4,4,4.0,3,0,5,3,3,4.0,3.0,3,2,Yes,1,Y,80
10488,42.0,Male,Single,Research & Development,  Research Director  ,1,3,Life Sciences,6,Travel_Rarely,6175.0,16,1,No,22,9,6,,8,4,4,3,1,4.0,1.0,2,1,Yes,1,Y,80
10922,28.0,Male,Single,Sales,Manager,1,4,Medical,1,Travel_Rarely,4772.0,20,2,No,10,3,0,0.0,3,4,2,3,3,1.0,2.0,3,4,No,1,Y,80
11352,46.0,Male,Married,Research & Development,Healthcare Representative,4,3,Marketing,22,Travel_Rarely,13371.0,18,0,No,23,8,7,6.0,8,8,4,3,3,4.0,3.0,2,2,No,1,Y,80
11158,31.0,Female,Married,Research & Development,Laboratory Technician,1,3,Life Sciences,17,Travel_Frequently,6239.0,11,1,No,12,8,7,5.0,5,7,3,3,3,2.0,2.0,4,1,No,1,Y,80
11037,39.0,Female,Divorced,Sales,  Manager  ,5,3,,2,Travel_Rarely,14527.0,14,2,No,15,9,6,9.0,7,1,6,3,2,1.0,4.0,4,3,No,1,Y,80
10496,19.0,Male,Married,Sales,Sales Representative,1,3,Marketing,4,Travel_Rarely,5523.0,12,1,No,0,0,0,0.0,0,4,5,4,3,1.0,3.0,3,3,No,1,Y,80
10724,27.0,Female,Married,Sales,Sales Executive,1,2,Medical,1,Travel_Rarely,5362.0,14,1,No,4,0,0,0.0,0,5,2,3,1,1.0,,3,4,No,1,Y,80
10091,41.0,Male,Single,Research & Development,Manufacturing Director,1,3,Life Sciences,3,Travel_Rarely,7019.0,11,0,No,18,0,0,0.0,0,2,1,3,1,1.0,2.0,3,4,No,1,Y,80
10969,23.0,Male,Married,Research & Development,Research Scientist,3,3,Technical Degree,15,Travel_Rarely,9076.0,18,0,No,2,0,0,0.0,0,8,0,4,3,3.0,2.0,2,2,No,1,Y,80
10263,37.0,Male,Married,Research & Development,Healthcare Representative,2,5,,6,Travel_Rarely,9977.0,11,0,No,18,16,13,10.0,14,6,5,3,3,3.0,3.0,4,4,No,1,Y,80
11055,32.0,Male,Single,Human Resources,Human Resources,5,1,Technical Degree,5,Travel_Frequently,15272.0,11,1,No,12,7,7,2.0,6,5,6,3,2,1.0,2.0,3,4,No,1,Y,80
10814,33.0,Male,Single,Research & Development,Healthcare Representative,1,3,Life Sciences,14,Travel_Rarely,7463.0,16,0,Yes,11,9,9,1.0,6,3,0,3,3,4.0,3.0,2,4,No,1,Y,80
10149,32.0,Female,Married,Research & Development,Research Director,4,5,Medical,17,Travel_Rarely,12123.0,14,1,Yes,8,5,3,4.0,5,7,1,4,3,1.0,4.0,3,4,No,1,Y,80
11190,30.0,Male,Married,Sales,Sales Executive,1,4,Marketing,23,Travel_Rarely,4675.0,22,0,No,7,3,2,1.0,0,8,3,3,2,2.0,2.0,4,2,Yes,1,Y,80
10391,24.0,Male,Single,Research & Development,  Research Scientist  ,1,3,Marketing,2,Travel_Frequently,5260.0,11,0,No,3,1,1,0.0,0,4,0,3,3,4.0,1.0,3,1,No,1,Y,80
10079,22.0,Female,Married,Sales,Sales Representative,2,3,Technical Degree,1,Travel_Rarely,8124.0,13,1,No,4,4,4,0.0,1,9,1,3,3,2.0,4.0,3,4,No,1,Y,80
11637,51.0,Female,Married,Sales,Sales Representative,5,2,Medical,7,Non-Travel,16342.0,13,0,No,31,9,7,8.0,7,3,5,3,2,3.0,2.0,1,3,No,1,Y,80
11581,39.0,Female,Single,Sales,Sales Representative,3,3,Marketing,2,Travel_Rarely,11230.0,17,0,Yes,20,1,0,0.0,0,6,5,3,4,3.0,3.0,3,4,No,1,Y,80
11292,33.0,Female,Divorced,Human Resources,  Human Resources  ,2,4,Medical,22,Travel_Rarely,8301.0,12,1,No,10,10,10,9.0,7,3,2,3,2,3.0,3.0,3,3,No,1,Y,80
10036,35.0,Female,Divorced,Research & Development,Manager,2,3,Life Sciences,1,Travel_Rarely,7774.0,11,1,No,16,9,7,3.0,6,6,3,3,3,1.0,4.0,3,3,No,1,Y,80
11629,36.0,Male,Married,Research & Development,Manufacturing Director,2,3,Medical,7,Travel_Frequently,9113.0,11,0,No,13,2,0,2.0,2,0,0,3,3,3.0,4.0,4,4,Yes,1,Y,80
11305,49.0,Male,Divorced,Human Resources,HR Business Partner,2,4,,9,Travel_Rarely,11840.0,16,1,No,31,25,22,5.0,25,5,6,3,3,1.0,3.0,1,3,No,1,Y,80
11239,45.0,Female,Divorced,Sales,Sales Representative,3,2,Medical,4,Travel_Rarely,"$11,260",16,1,Yes,25,3,2,2.0,2,5,2,3,2,4.0,3.0,4,1,No,1,Y,80
10846,26.0,Male,Married,Research & Development,Manager,1,3,Medical,8,Travel_Rarely,5769.0,13,1,Yes,2,0,0,0.0,0,7,5,3,2,1.0,3.0,3,1,No,1,Y,80
10324,31.0,Female,Single,Human Resources,HR Business Partner,2,3,Human Resources,13,Travel_Rarely,8333.0,11,1,No,11,7,7,7.0,7,9,0,3,1,2.0,4.0,3,4,No,1,Y,80
10802,26.0,Male,Married,Research & Development,Manager,2,1,Medical,6,Non-Travel,5570.0,19,2,No,5,0,0,0.0,0,3,2,3,2,3.0,3.0,3,4,No,1,Y,80
10007,40.0,Male,Single,Research & Development,Research Director,2,3,Medical,6 km,Travel_Rarely,7980.0,11,0,No,17,7,6,0.0,6,8,0,3,2,3.0,4.0,3,1,No,1,Y,80
11033,20.0,Female,Divorced,Sales,Sales Executive,2,1,Technical Degree,7,Non-Travel,8069.0,11,1,No,0,0,0,0.0,0,3,2,4,2,1.0,3.0,3,4,No,1,Y,80
10453,24.0,Female,Married,Sales,Sales Executive,2,4,Medical,1,Travel_Rarely,7719.0,22,0,No,0,0,0,0.0,0,6,4,3,2,4.0,3.0,3,1,No,1,Y,80
10639,39.0,Male,Single,Research & Development,Research Scientist,1,3,Life Sciences,6,Travel_Frequently,5893.0,16,1,Yes,15,13,13,1.0,12,6,5,4,3,3.0,1.0,3,4,No,1,Y,80
11450,44.0,Female,Divorced,Human Resources,Human Resources,2,4,Life Sciences,5,Travel_Rarely,8905.0,12,3,Yes,21,14,11,1.0,11,9,2,3,3,3.0,3.0,3,3,No,1,Y,80
10217,20.0,Female,Single,Research & Development,Manager,3,2,Medical,2,Non-Travel,7827.0,12,0,No,0,0,0,0.0,0,5,3,3,3,4.0,2.0,3,4,No,1,Y,80
11028,52.0,Female,Married,Research & Development,Research Scientist,2,2,Medical,3 km,Travel_Rarely,9218.0,11,0,No,29,9,9,2.0,7,4,2,3,2,4.0,2.0,3,4,No,1,Y,80
10396,21.0,Female,Married,Human Resources,Manager,2,3,Life Sciences,1,Travel_Rarely,6369.0,12,2,No,0,0,0,0.0,0,0,6,3,3,1.0,4.0,3,1,No,1,Y,80
10971,42.0,Male,Single,Research & Development,Research Scientist,5,3,Human Resources,4,Travel_Rarely,16528.0,16,1,No,23,21,21,4.0,20,4,1,4,3,1.0,3.0,3,3,No,1,Y,80
10504,48.0,Male,Single,Human Resources,Human Resources,2,4,Marketing,1,Travel_Rarely,10479.0,12,1, No,27,1,0,0.0,0,2,5,3,2,2.0,1.0,2,2,No,1,Y,80
10384,22.0,Female,Single,Human Resources,HR Business Partner,3,2,Medical,1,Travel_Rarely,"$9,415",18,0,No,0,0,0,0.0,0,5,6,4,2,4.0,4.0,3,2,No,1,Y,80
10311,42.0,Female,Married,Human Resources,Manager,4,3,Life Sciences,2,Travel_Rarely,12316.0,15,0,No,19,2,0,1.0,0,9,4,3,3,4.0,3.0,3,3,No,1,Y,80
10641,27.0,Male,Divorced,Research & Development,Manufacturing Director,1,3,Medical,1,Travel_Rarely,"$6,219",18,2,No,9,2,0,2.0,0,4,5,4,4,4.0,4.0,4,1,No,1,Y,80
10521,32.0,Male,Married,Sales,Sales Representative,3,5,Marketing,4,Travel_Rarely,10552.0,14,0,No,12,0,0,0.0,0,0,3,3,3,4.0,1.0,2,4,No,1,Y,80
11420,46.0,Male,Married,Sales,Manager,1,2,Medical,1,Travel_Rarely,,12,1,No,23,18,18,13.0,15,4,0,4,4,3.0,1.0,2,3,Yes,1,Y,80
11316,44.0,Male,Divorced,Research & Development,Laboratory Technician,1,4,Human Resources,18,Travel_Rarely,"$6,105",18,1,No,25,4,1,1.0,2,4,5,3,4,4.0,2.0,3,4,No,1,Y,80
10206,46.0,Female,Married,Sales,Sales Executive,3,3,Medical,4,Travel_Rarely,11027.0,16,0,No,25,9,7,9.0,8,2,2,4,3,2.0,3.0,3,2,Yes,1,Y,80
11442,50.0,Female,Married,Sales,Manager,2,2,Life Sciences,8 km,Non-Travel,11060.0,12,0,No,30,4,3,,4,2,3,3,2,3.0,3.0,3,3,No,1,Y,80
11244,43.0,Female,Divorced,Research & Development,  Healthcare Representative  ,3,2,Technical Degree,1,Travel_Rarely,11348.0,12,0,No,23,19,16,3.0,19,2,6,4,2,2.0,4.0,3,3,No,1,Y,80
11269,44.0,Female,Married,Research & Development,Manager,1,3,Medical,11,Travel_Rarely,7293.0,20,0,No,25,13,12,9.0,10,3,4,3,3,2.0,4.0,3,1,No,1,Y,80
10608,44.0,Female,Divorced,Research & Development,Research Scientist,2,4,Marketing,21,Travel_Rarely,10489.0,16,2,No,26,5,3,4.0,2,9,5,3,3,1.0,,3,3,No,1,Y,80
11376,40.0,Male,Divorced,Research & Development,Manufacturing Director,1,2,Life Sciences,6,Travel_Rarely,7012.0,17,3,Yes,22,2,0,1.0,0,1,3,3,2,1.0,3.0,3,3,No,1,Y,80
11205,33.0,Female,Married,Research & Development,Healthcare Representative,1,3,Human Resources,14,Travel_Rarely,6139.0,14,3,No,10,3,3,0.0,0,5,3,3,2,4.0,2.0,3,4,No,1,Y,80
10575,38.0,Male,Single,Research & Development,Research Scientist,4,3,Other,6,Travel_Rarely,12656.0,11,1,Yes,14,6,5,4.0,4,4,2,3,2,3.0,2.0,2,3,No,1,Y,80
11620,46.0,Male,Married,Research & Development,Healthcare Representative,3,2,Life Sciences,8,Travel_Rarely,10087.0,11,1,Yes,25,4,1,0.0,1,4,2,3,3,3.0,1.0,3,3,No,1,Y,80
10316,29.0,Female,Married,Sales,Manager,1,1,Other,19,Travel_Rarely,3132.0,21,1,No,6,5,4,4.0,3,0,1,4,3,1.0,1.0,2,2,No,1,Y,80
11172,39.0,Female,Married,Sales,Sales Representative,1,5,Technical Degree,2,Travel_Rarely,6975.0,12,1,No,17,17,16,10.0,14,8,5,4,3,1.0,4.0,2,3,Yes,1,Y,80
11467,35.0,Male,Single,Sales,Sales Executive,2,1,Life Sciences,2,Travel_Rarely,7550.0,11,3,No,15,1,0,0.0,0,6,0,3,2,1.0,4.0,4,3,Yes,1,Y,80
11274,34.0,Male,Single,Sales,Manager,2,3,Medical,15,Travel_Rarely,7340.0,11,2,No,11,3,3,1.0,1,2,3,3,3,3.0,4.0,3,1,No,1,Y,80
11283,37.0,Male,Married,Sales,Sales Executive,1,3,Marketing,3 km,Travel_Rarely,6081.0,19,1,No,13,5,3,4.0,3,9,2,3,3,4.0,3.0,4,4,No,1,Y,80
10949,34.0,Female,Married,Research & Development,Laboratory Technician,1,3,Medical,2,Travel_Rarely,6265.0,21,1,Yes,13,2,2,1.0,0,3,0,3,3,4.0,4.0,2,2,Yes,1,Y,80
10913,20.0,Male,Divorced,Sales,Sales Representative,4,3,Life Sciences,10,Travel_Rarely,12047.0,17,1,Yes,2,1,1,0.0,0,7,5,3,3,4.0,4.0,3,4,Yes,1,Y,80
11204,35.0,Female,Married,Research & Development,Laboratory Technician,5,4,Medical,15,Travel_Rarely,14869.0,17,0,Yes,12,1,0,1.0,0,4,0,3,3,3.0,3.0,4,1,No,1,Y,80
10958,32.0,Female,Married,Research & Development,Manager,2,3,Marketing,2,Travel_Rarely,8408.0,16,0,No,9,8,8,2.0,8,6,5,3,3,4.0,3.0,4,3,No,1,Y,80
11024,45.0,Female,Married,Sales,Sales Representative,5,2,Other,1,Travel_Frequently,16336.0,14,1,No,26,7,7,2.0,7,1,0,3,2,2.0,4.0,3,3,Yes,1,Y,80
11335,38.0,Female,Divorced,sales,Manager,1,4,Life Sciences,21,Travel_Rarely,6250.0,15,0,Yes,14,10,9,10.0,10,3,3,3,3,1.0,3.0,4,4,Yes,1,Y,80
10189,36.0,Female,Married,Sales,Sales Representative,2,3,Life Sciences,6,Travel_Rarely,9169.0,19,0,Yes,15,4,3,2.0,4,5,0,4,3,2.0,3.0,3,4,Yes,1,Y,80
10190,37.0,Male,Married,Sales,Sales Executive,2,5,Life Sciences,2,Non-Travel,8193.0,14,1,No,18,10,8,0.0,10,8,3,3,2,3.0,1.0,3,3,No,1,Y,80
10655,28.0,Female,Divorced,Sales,Manager,1,4,Life Sciences,1,Travel_Rarely,5498.0,11,2,No,8,4,1,4.0,3,1,1,3,2,2.0,3.0,2,3,No,1,Y,80
10243,31.0,Male,Married,Sales,Manager,4,4,Human Resources,1,Travel_Rarely,10972.0,17,2,Yes,12,9,9,2.0,9,1,4,3,1,4.0,3.0,3,4,Yes,1,Y,80
11487,45.0,Male,Married,Research & Development,Research Director,1,4,Medical,29,Travel_Rarely,8570.0,12,1,No,27,12,9,8.0,9,4,2,3,3,2.0,4.0,4,2,No,1,Y,80
10499,43.0,Female,Married,Research & Development,Manager,1,4,Technical Degree,4,Travel_Frequently,7315.0,18,1,Yes,22,22,20,0.0,22,7,2,3,3,1.0,1.0,3,4,Yes,1,Y,80
10042,51.0,Male,Single,Human Resources,Human Resources,1,2,Medical,3,Travel_Rarely,7919.0,13,1,No,31,3,3,3.0,3,3,6,3,4,4.0,4.0,3,1,No,1,Y,80
10923,18.0,Female,Divorced,R&D,Healthcare Representative,1,3,Technical Degree,1,Travel_Frequently,4901.0,11,2,No,0,0,0,0.0,0,6,1,3,4,,4.0,4,3,No,1,Y,80
10100,18.0,Male,Married,Sales,Sales Executive,2,2,Life Sciences,9,Travel_Rarely,6516.0,17,1,No,0,0,0,0.0,0,8,2,3,3,1.0,1.0,2,4,No,1,Y,80
11457,35.0,Male,Single,Research & Development,Laboratory Technician,2,2,Human Resources,16,Travel_Rarely,8004.0,17,1,Yes,14,7,4,2.0,5,9,2,3,3,3.0,4.0,3,2,No,1,Y,80
11277,39.0,Female,Married,Sales,Sales Representative,1,2,Life Sciences,8 km,Travel_Rarely,6769.0,23,1,No,20,20,19,7.0,18,3,3,4,2,2.0,3.0,4,1,Yes,1,Y,80
10686,48.0,Male,Single,Research & Development,Healthcare Representative,3,3,Marketing,1,Travel_Rarely,11940.0,13,1,No,26,23,21,14.0,21,8,1,3,2,4.0,4.0,3,2,Yes,1,Y,80
10485,35.0,Female,Single,Research & Development,Manufacturing Director,1,2,Medical,17,Travel_Rarely,5016.0,15,1,No,12,10,10,1.0,7,1,2,3,3,3.0,2.0,2,1,Yes,1,Y,80
11591,,Male,Married,research & development,Manufacturing Director,2,4,Marketing,7,Travel_Rarely,"$8,052",22,3,No,12,4,4,2.0,2,2,3,3,4,1.0,4.0,3,2,No,1,Y,80
10251,47.0,Male,Single,Sales,Sales Executive,1,2,Marketing,1,Travel_Frequently,7329.0,16,0,Yes,26,21,19,15.0,20,4,2,3,4,3.0,3.0,3,1,Yes,1,Y,80
10437,21.0,Male,Married,Sales,Manager,5,4,Life Sciences,1,Travel_Rarely,12337.0,14,1,No,3,3,3,3.0,1,9,6,3,3,4.0,4.0,4,1,No,1,Y,80
10077,30.0,Female,Single,Research & Development,Healthcare Representative,4,4,Life Sciences,24,Travel_Rarely,11433.0,24,1,No,12,1,0,1.0,0,2,2,3,2,3.0,3.0,3,1,No,1,Y,80
10765,34.0,Female,Married,Research & Development,Laboratory Technician,2,4,Medical,2,Travel_Frequently,7203.0,12,0, No,15,4,3,0.0,4,8,1,4,3,4.0,4.0,2,4,No,1,Y,80
10517,44.0,Female,Single,Research & Development,Laboratory Technician,1,5,Technical Degree,3,Travel_Rarely,6684.0,11,0,No,20,13,10,0.0,11,0,1,3,3,4.0,4.0,3,2,No,1,Y,80
10775,30.0,Male,Divorced,Research & Development,Research Scientist,1,4,Life Sciences,4,Travel_Rarely,5710.0,17,2,No,6,0,0,0.0,0,9,2,3,2,4.0,2.0,2,4,No,1,Y,80
11079,20.0,Male,Divorced,Human Resources,Human Resources,1,4,Life Sciences,5,Non-Travel,6168.0,13,1,Yes,1,1,0,0.0,0,0,5,4,3,4.0,2.0,2,4,Yes,1,Y,80
10661,50.0,Male,Single,Human Resources,Human Resources,1,3,Medical,2,Travel_Rarely,8296.0,17,1,No,31,17,15,10.0,16,0,0,3,3,2.0,4.0,4,1,No,1,Y,80
10440,52.0,Male,Divorced,Human Resources,Human Resources,3,3,Medical,2,Non-Travel,11780.0,11,0,Yes,29,22,20,13.0,22,8,4,3,3,4.0,2.0,3,3,Yes,1,Y,80
10420,24.0,Female,Married,Sales,Manager,1,3,Technical Degree,1,Travel_Rarely,4085.0,22,0,Yes,1,0,0,0.0,0,6,2,3,3,3.0,3.0,2,3,No,1,Y,80
11168,18.0,Male,Single,Research & Development,Laboratory Technician,3,3,Life Sciences,22 km,Non-Travel,7582.0,16,1,No,0,0,0,0.0,0,4,4,3,2,3.0,3.0,2,3,Yes,1,Y,80
11011,53.0,Female,Married,Sales,Manager,1,3,Life Sciences,8,Travel_Rarely,"$8,206",11,0,No,35,2,1,0.0,2,6,6,3,4,3.0,1.0,2,4,No,1,Y,80
11384,49.0,Male,Divorced,Research & Development,Manager,2,4,Medical,10,Travel_Frequently,10696.0,19,3,Yes,25,15,15,11.0,15,6,5,3,3,4.0,4.0,3,4,No,1,Y,80
10919,29.0,Female,Married,Research & Development,Healthcare Representative,2,4,Other,1,Travel_Rarely,8260.0,13,1,No,8,4,3,3.0,4,3,6,3,3,3.0,2.0,3,3,No,1,Y,80
11587,30.0,Male,Divorced,Research & Development,Manager,1,3,Life Sciences,3,Travel_Frequently,4835.0,18,1,No,10,8,6,7.0,5,7,0,4,3,4.0,2.0,4,4,No,1,Y,80
10840,44.0,Female,Married,Research & Development,Research Director,1,1,Technical Degree,2 km,Travel_Rarely,6537.0,17,3,No,23,22,20,10.0,22,5,6,3,3,1.0,2.0,2,3,No,1,Y,80
10201,34.0,Male,Married,Research & Development,Laboratory Technician,2,4,Other,2,Travel_Rarely,8918.0,16,0,No,15,2,0,0.0,0,0,3,3,3,4.0,3.0,2,2,No,1,Y,80
10350,20.0,Female,Married,Sales,Sales Representative,1,3,Life Sciences,1,Travel_Rarely,3952.0,19,3,No,1,1,0,0.0,0,7,3,3,1,4.0,3.0,3,4,No,1,Y,80
11044,29.0,Female,Divorced,Research & Development,Healthcare Representative,1,4,Technical Degree,1,Travel_Rarely,"$4,179",15,1,Yes,5,0,0,0.0,0,9,3,3,4,3.0,2.0,3,4,Yes,1,Y,80
11104,30.0,Female,Married,Sales,Sales Executive,3,4,Other,1,Travel_Rarely,11383.0,11,0,Yes,6,0,0,0.0,0,9,4,3,4,2.0,3.0,3,4,No,1,Y,80
10636,42.0,Male,Divorced,research & development,Research Scientist,2,4,Medical,12,Travel_Rarely,8012.0,14,2,Yes,21,6,6,1.0,4,8,2,3,3,2.0,3.0,4,3,No,1,Y,80
11493,29.0,Female,Married,Sales,Sales Representative,3,2,Other,2,Travel_Rarely,10431.0,11,2,No,9,9,8,8.0,8,9,3,3,3,,2.0,3,1,No,1,Y,80
11157,35.0,Female,Divorced,Sales,Sales Executive,2,2,Medical,22,Travel_Frequently,8531.0,17,0,No,16,12,12,0.0,11,8,0,3,3,3.0,1.0,3,4,Yes,1,Y,80
10319,35.0,Male,Married,Research & Development,Manufacturing Director,2,3,Life Sciences,15,Travel_Frequently,7502.0,14,0,No,14,3,0,0.0,1,1,5,3,2,9.0,4.0,4,4,No,1,Y,80
11090,28.0,Male,Single,Sales,Manager,3,3,Medical,2,Travel_Rarely,7765.0,14,2,Yes,7,4,1,3.0,2,7,5,3,2,3.0,4.0,4,4,No,1,Y,80
11382,36.0,Female,Married,Research & Development,Manager,3,3,Technical Degree,1,Travel_Frequently,10579.0,18,2,No,15,14,11,7.0,13,1,2,3,2,3.0,4.0,3,4,No,1,Y,80
10582,31.0,Male,Married,Sales,Manager,1,3,Life Sciences,1,Non-Travel,6588.0,12,1,No,9,9,8,4.0,6,6,2,3,3,2.0,3.0,4,3,No,1,Y,80
10356,41.0,Female,Married,Research & Development,Research Director,1,4,Medical,5,Travel_Rarely,6072.0,16,2,Yes,21,0,0,0.0,0,9,2,3,3,1.0,4.0,2,1,No,1,Y,80
11356,45.0,Female,Single,Sales,Manager,3,2,Technical Degree,6,Non-Travel,11963.0,24,2,No,22,6,5,1.0,4,4,2,3,3,4.0,1.0,2,1,No,1,Y,80
10494,31.0,Female,Married,Research & Development,Healthcare Representative,5,4,Life Sciences,18,Travel_Rarely,12864.0,15,1,Yes,9,7,5,1.0,4,1,5,3,3,2.0,2.0,3,4,No,1,Y,80
10181,36.0,Female,Married,Research & Development,Laboratory Technician,1,1,Technical Degree,1,Travel_Rarely,"$7,089",20,1,No,12,6,5,5.0,3,4,3,3,3,4.0,2.0,4,1,No,1,Y,80
10245,52.0,Male,Divorced,Human Resources,HR Business Partner,3,3,Marketing,7,Travel_Rarely,12585.0,12,0,Yes,34,22,19,12.0,21,8,2,4,4,1.0,2.0,3,4,No,1,Y,80
10998,26.0,Male,Married,Sales,Manager,5,3,Medical,1,Travel_Frequently,13561.0,24,0,No,6,0,0,0.0,0,1,5,3,3,1.0,1.0,3,2,No,1,Y,80
10275,45.0,Female,Divorced,Sales,Manager,1,3,Human Resources,11,Travel_Rarely,7230.0,12,1,No,27,4,4,3.0,2,4,0,3,2,3.0,4.0,3,4,No,1,Y,80
10905,26.0,Male,Single,Research & Development,Manufacturing Director,1,3,Life Sciences,20,Travel_Rarely,5691.0,23,0,Yes,6,6,5,1.0,4,4,2,3,3,2.0,4.0,2,2,No,1,Y,80
10393,49.0,Female,Single,Research & Development,Healthcare Representative,5,2,Life Sciences,4,Travel_Frequently,16174.0,21,3,No,29,28,25,0.0,25,7,1,3,1,4.0,4.0,3,4,No,1,Y,80
10221,49.0,Male,Married,Research & Development,Healthcare Representative,4,2,Life Sciences,18,Travel_Frequently,13353.0,13,0,No,25,1,0,0.0,0,0,1,3,3,1.0,3.0,1,4,No,1,Y,80
10235,36.0,Male,Single,SALES,Sales Executive,4,2,Medical,3 km,Travel_Rarely,12409.0,12,1,Yes,15,5,5,1.0,4,4,6,3,2,1.0,4.0,2,2,No,1,Y,80
10035,49.0,Male,Single,Research & Development,Laboratory Technician,1,3,,8,Travel_Rarely,6278.0,18,0,No,25,20,18,1.0,17,2,0,3,4,4.0,3.0,3,2,No,1,Y,80
10086,31.0,Male,Married,Sales,Sales Representative,3,3,Technical Degree,11,Travel_Rarely,10274.0,16,0,No,12,1,0,1.0,0,4,1,3,2,3.0,3.0,3,2,No,1,Y,80
10157,42.0,Male,Married,Sales,Sales Executive,2,2,,5,Travel_Rarely,10226.0,22,2,No,23,17,16,0.0,16,9,5,3,1,4.0,1.0,3,3,Yes,1,Y,80
11046,28.0,Male,Single,Research & Development,Laboratory Technician,3,4,Marketing,1,Travel_Rarely,9481.0,11,0,No,6,2,2,1.0,0,6,4,3,1,2.0,2.0,2,4,Yes,1,Y,80
10951,,Female,Married,Research & Development,Manufacturing Director,1,3,Medical,13,Travel_Rarely,"$6,033",11,0,No,24,5,4,4.0,5,7,3,3,2,4.0,4.0,4,4,No,1,Y,80
10947,28.0,Female,Married,Research & Development,Laboratory Technician,2,4,Life Sciences,2,Travel_Frequently,6728.0,12,2,Yes,8,1,0,1.0,1,6,1,3,4,3.0,3.0,3,3,No,1,Y,80
10364,34.0,Female,Single,Research & Development,Manager,3,4,Life Sciences,24,Travel_Rarely,8540.0,14,0,YES,12,2,0,0.0,2,9,5,3,4,2.0,3.0,3,3,No,1,Y,80
10792,35.0,Male,Single,Human Resources,Human Resources,3,4,Medical,17,Travel_Rarely,11255.0,14,1,No,16,1,0,1.0,0,8,4,3,2,1.0,3.0,3,4,No,1,Y,80
11009,35.0,Male,Married,Research & Development,Manager,2,3,Medical,1,Travel_Rarely,7472.0,11,0,NO,12,4,2,1.0,4,5,6,3,3,4.0,4.0,3,3,No,1,Y,80
10381,37.0,Female,Single,Human Resources,Manager,3,3,Life Sciences,14,Travel_Rarely,10128.0,14,1,No,17,8,5,8.0,8,8,0,3,3,4.0,3.0,1,4,No,1,Y,80
11521,30.0,Female,Single,Sales,Manager,1,3,Life Sciences,7,Travel_Frequently,6257.0,23,0,No,8,8,6,1.0,5,4,2,3,3,2.0,1.0,3,4,No,1,Y,80
11407,35.0,Male,Single,Sales,Sales Executive,1,3,Medical,2,Travel_Rarely,6038.0,12,1,Yes,15,13,10,0.0,10,7,0,3,1,4.0,1.0,4,3,No,1,Y,80
10510,29.0,Male,Single,Research & Development,Laboratory Technician,1,2,Technical Degree,1,Travel_Rarely,5416.0,20,0,No,8,8,6,8.0,7,8,3,4,2,1.0,2.0,2,3,No,1,Y,80
10068,43.0,Male,Divorced,Sales,Manager,2,5,Technical Degree,7,Travel_Rarely,8134.0,17,0,No,20,15,14,13.0,13,6,6,3,2,1.0,4.0,3,4,No,1,Y,80
11492,32.0,Male,Married,Sales,Sales Executive,5,2,Medical,6,Travel_Rarely,"$14,253",11,1,No,9,1,0,0.0,0,9,3,3,1,1.0,2.0,2,3,Yes,1,Y,80
10986,36.0,Male,Single,Human Resources,HR Business Partner,1,4,Technical Degree,3,Travel_Rarely,6501.0,14,1,No,18,5,3,1.0,4,3,4,3,3,1.0,4.0,3,3,No,1,Y,80
10860,19.0,Female,Married,Research & Development,Research Director,1,2,Medical,7,Travel_Rarely,4268.0,18,1,No,0,0,0,0.0,0,0,6,3,2,3.0,4.0,3,1,No,1,Y,80
10941,45.0,Female,Divorced,Research & Development,Manager,4,3,Other,1,Travel_Rarely,12843.0,16,2,No,23,1,1,1.0,1,6,6,3,3,3.0,4.0,1,2,No,1,Y,80
10862,31.0,Female,Single,Research & Development,Research Director,2,3,Marketing,7,Travel_Rarely,7172.0,16,2,No,13,12,12,7.0,11,8,3,3,2,4.0,3.0,2,4,Yes,1,Y,80
10472,25.0,Female,Divorced,Research & Development,Manufacturing Director,2,2,Medical,3,Travel_Rarely,7908.0,11,2,No,6,4,3,3.0,1,4,0,3,1,3.0,2.0,3,3,No,1,Y,80
10886,52.0,Female,Single,Research & Development,Research Director,3,3,Other,1,Travel_Rarely,11003.0,11,1,No,28,27,24,2.0,27,8,2,4,3,4.0,3.0,2,4,No,1,Y,80
10394,56.0,Female,Married,Research & Development,Research Director,5,3,Medical,12,Travel_Rarely,17425.0,19,0,No,38,11,8,5.0,9,0,5,3,3,4.0,2.0,3,4,No,1,Y,80
11036,57.0,Female,Divorced,Sales,Sales Representative,1,3,Life Sciences,12,Travel_Rarely,10050.0,14,1,No,36,22,20,5.0,19,0,0,4,1,4.0,4.0,2,3,No,1,Y,80
11522,31.0,Male,Single,Research & Development,Research Director,2,3,Marketing,5,Travel_Frequently,7344.0,11,1,No,10,5,3,2.0,3,2,4,4,3,4.0,4.0,2,3,No,1,Y,80
11323,20.0,Female,Single,Sales,Sales Executive,5,4,Human Resources,11,Travel_Rarely,12523.0,16,1,No,1,0,0,0.0,0,0,3,3,3,2.0,4.0,3,4,No,1,Y,80
11070,42.0,Female,Married,Research & Development,Manufacturing Director,3,2,Life Sciences,5,Travel_Rarely,9881.0,14,1,No,19,17,17,4.0,14,9,2,3,3,4.0,4.0,3,2,No,1,Y,80
10348,23.0,Male,Married,Research & Development,Laboratory Technician,2,2,Life Sciences,4,Travel_Frequently,7340.0,13,0,No,0,0,0,0.0,0,3,1,4,2,2.0,4.0,3,3,Yes,1,Y,80
11448,33.0,Male,Single,Research & Development,Research Scientist,1,1,Life Sciences,8,Travel_Rarely,5177.0,15,0,No,11,5,4,3.0,3,0,4,3,3,2.0,4.0,3,3,No,1,Y,80
10330,24.0,Male,Married,research & development,Manager,2,2,Technical Degree,1,Non-Travel,6622.0,15,1,No,5,0,0,0.0,0,5,3,3,3,3.0,3.0,2,4,Yes,1,Y,80
11336,28.0,Female,Single,Sales,Sales Representative,5,4,Life Sciences,11,Travel_Frequently,14660.0,11,0,No,7,1,0,0.0,0,1,4,3,2,4.0,4.0,3,3,No,1,Y,80
11425,36.0,Male,Married,SALES,Sales Representative,4,1,Technical Degree,2,Travel_Rarely,11488.0,17,1,Yes,14,12,11,5.0,9,6,2,3,2,,4.0,3,4,No,1,Y,80
11603,52.0,Female,Married,Research & Development,Laboratory Technician,3,3,Medical,4,Travel_Frequently,10977.0,16,0,No,28,23,23,0.0,23,3,6,3,3,2.0,4.0,2,1,No,1,Y,80
10135,-1.0,Male,Single,Research & Development,Research Scientist,1,4,,27,Travel_Rarely,5814.0,12,0,Yes,0,0,0,0.0,0,3,1,4,2,4.0,4.0,2,4,No,1,Y,80
10995,53.0,Female,Single,Research & Development,Healthcare Representative,2,3,Human Resources,2,Travel_Rarely,10228.0,13,2,No,34,15,14,7.0,15,5,2,3,3,4.0,2.0,1,4,No,1,Y,80
10010,29.0,Female,Single,Research & Development,Laboratory Technician,5,4,,2,Travel_Rarely,14245.0,14,1,No,6,0,0,,0,3,0,4,1,3.0,3.0,2,1,No,1,Y,80
11109,45.0,Male,Single,Sales,Manager,5,5,Life Sciences,22,Travel_Rarely,16009.0,11,1,No,22,10,8,5.0,8,0,5,3,3,1.0,3.0,1,4,No,1,Y,80
10544,60.0,Female,Married,Human Resources,Human Resources,2,3,Medical,5,Travel_Rarely,10932.0,14,0,No,37,16,13,11.0,13,4,3,3,2,3.0,1.0,3,1,Yes,1,Y,80
10011,34.0,Male,Single,human resources,Manager,3,4,Life Sciences,14,Travel_Frequently,9111.0,12,2,No,13,6,6,,4,7,4,3,3,3.0,4.0,3,2,No,1,Y,80
11031,33.0,Female,Single,Research & Development,Laboratory Technician,2,3,Medical,4,Travel_Rarely,7924.0,11,1,No,10,0,0,,0,5,0,3,3,,3.0,2,4,No,1,Y,80
10640,34.0,Female,Divorced,Research & Development,Laboratory Technician,3,3,Technical Degree,9,Travel_Frequently,10345.0,15,1,No,10,8,7,6.0,7,2,4,3,2,2.0,4.0,1,4,No,1,Y,80
11039,37.0,Male,Single,Sales,Sales Representative,3,4,Other,2,Travel_Frequently,9929.0,14,2,No,15,5,5,0.0,4,3,2,3,3,3.0,4.0,3,4,No,1,Y,80
11080,20.0,Female,Married,Sales,Sales Executive,2,2,Marketing,2,Non-Travel,8067.0,14,2,No,0,0,0,0.0,0,5,4,4,3,1.0,1.0,2,1,Yes,1,Y,80
11095,29.0,Female,Married,Sales,Manager,3,5,Life Sciences,13,Travel_Frequently,9378.0,16,0,No,6,4,4,1.0,3,3,4,3,3,3.0,4.0,2,2,No,1,Y,80
10285,37.0,Female,Single,Research & Development,Healthcare Representative,3,3,Human Resources,2,Travel_Rarely,"$11,637",15,0,No,19,17,16,9.0,17,8,3,3,3,3.0,1.0,4,4,No,1,Y,80
11548,30.0,Female,Single,Research & Development,Manufacturing Director,3,1,Medical,2,Travel_Rarely,"$9,086",14,2,No,11,4,4,3.0,1,9,0,3,3,4.0,3.0,3,4,No,1,Y,80
10617,41.0,Female,Married,Research & Development,Research Scientist,3,4,Life Sciences,22,Travel_Rarely,11224.0,12,0,No,22,19,17,4.0,19,5,2,3,3,4.0,4.0,4,2,No,1,Y,80
10371,33.0,Male,Married,Sales,Manager,1,3,Life Sciences,2,Travel_Rarely,5337.0,18,0,No,10,4,3,1.0,2,4,1,3,1,1.0,2.0,3,1,No,1,Y,80
11241,30.0,Female,Married,Human Resources,HR Business Partner,1,3,Marketing,6,Travel_Rarely,4787.0,15,0,No,10,4,1,2.0,1,9,3,3,1,4.0,4.0,4,3,No,1,Y,80
10731,36.0,Female,Married,Research & Development,Research Director,1,3,,9,Travel_Frequently,4118.0,14,1,No,13,3,3,2.0,1,1,3,3,3,3.0,4.0,4,1,No,1,Y,80
11602,38.0,Female,Divorced,Research & Development,Laboratory Technician,1,3,Medical,3,Travel_Frequently,6114.0,16,2,No,20,3,0,0.0,0,4,4,4,2,4.0,4.0,4,2,No,1,Y,80
10126,20.0,Female,Single,Research & Development,Manager,5,3,Life Sciences,1 km,Travel_Rarely,13142.0,18,0,NO,0,0,0,0.0,0,8,6,3,4,4.0,1.0,3,1,No,1,Y,80
10408,,Male,Single,Sales,Sales Representative,1,4,Medical,1,Travel_Frequently,3980.0,16,0,No,8,0,0,0.0,0,1,0,3,2,,1.0,2,4,Yes,1,Y,80
10820,35.0,Female,Married,Sales,Manager,1,2,Medical,5 km,Travel_Rarely,5934.0,13,1,No,11,3,3,2.0,0,0,6,3,1,4.0,2.0,2,1,No,1,Y,80
11180,34.0,Male,Divorced,Sales,Manager,2,3,Life Sciences,13,Non-Travel,7374.0,11,1,No,11,5,2,0.0,2,1,1,3,3,4.0,3.0,1,1,No,1,Y,80
11148,38.0,Male,Married,Human Resources,HR Business Partner,2,1,Medical,14,Non-Travel,7166.0,18,0,No,15,7,4,1.0,4,3,4,3,3,2.0,1.0,1,3,No,1,Y,80
10960,32.0,Male,Married,Sales,Sales Representative,1,3,Life Sciences,11,Travel_Rarely,5701.0,16,1, No,10,9,6,6.0,7,2,5,3,2,3.0,4.0,3,4,No,1,Y,80
11421,29.0,Female,Married,Research & Development,  Manufacturing Director  ,4,3,Life Sciences,4,Travel_Rarely,11601.0,14,1,YES,9,4,4,1.0,2,7,5,3,3,2.0,1.0,3,3,No,1,Y,80
10720,39.0,Female,Married,Sales,Sales Executive,2,3,Life Sciences,4,Travel_Frequently,7773.0,14,1,No,15,10,8,2.0,9,5,2,3,2,1.0,1.0,2,1,No,1,Y,80
10542,36.0,Male,Married,Research & Development,Research Director,1,2,Marketing,3,Non-Travel,5349.0,11,0,No,14,0,0,0.0,0,7,2,3,4,1.0,,4,3,No,1,Y,80
10140,33.0,Female,Married,Sales,Sales Representative,1,2,Life Sciences,18,Travel_Rarely,6158.0,12,1,No,13,13,10,4.0,11,1,4,3,3,2.0,1.0,3,1,Yes,1,Y,80
10261,36.0,Male,Married,Research & Development,Healthcare Representative,2,3,Other,7,Travel_Frequently,8671.0,11,0,No,14,1,0,1.0,0,0,1,3,2,2.0,1.0,3,1,No,1,Y,80
10474,58.0,Male,Married,research & development,Research Director,2,3,Life Sciences,8,Travel_Rarely,8636.0,12,1,No,38,16,16,15.0,15,0,3,3,1,4.0,2.0,3,2,No,1,Y,80
10166,37.0,Male,Married,Research & Development,Research Director,3,1,Medical,5,Travel_Rarely,7907.0,18,3,No,13,12,11,3.0,9,2,0,3,2,3.0,3.0,3,4,No,1,Y,80
10227,27.0,Male,Single,human resources,Manager,2,3,Medical,1,Travel_Rarely,6507.0,18,0,No,5,2,2,1.0,0,0,0,3,4,1.0,1.0,2,3,No,1,Y,80
11315,38.0,Male,Married,Research & Development,Manufacturing Director,1,3,Life Sciences,10,Travel_Rarely,5841.0,15,2,Yes,17,14,14,14.0,12,2,4,3,3,2.0,2.0,1,4,Yes,1,Y,80
10693,31.0,Female,Divorced,Sales,Sales Representative,3,4,Technical Degree,4,Travel_Rarely,9162.0,19,2,No,12,2,1,1.0,2,1,1,4,3,2.0,3.0,3,3,No,1,Y,80
10192,43.0,Female,Divorced,Sales,Sales Representative,1,3,Technical Degree,2,Travel_Rarely,8072.0,15,2,No,22,0,0,0.0,0,4,0,3,3,3.0,1.0,3,3,No,1,Y,80
10307,50.0,Male,Divorced,Research & Development,Laboratory Technician,3,5,Life Sciences,6,Travel_Frequently,11116.0,15,3,No,27,2,1,1.0,1,8,0,3,1,1.0,3.0,3,4,No,1,Y,80
11129,32.0,Female,Married,Human Resources,Human Resources,2,3,Technical Degree,6,Travel_Rarely,8141.0,11,2,Yes,12,11,10,10.0,8,4,1,3,3,4.0,4.0,3,1,No,1,Y,80
11369,28.0,Male,Divorced,Research & Development,Research Scientist,2,3,Medical,3,Travel_Rarely,7175.0,11,0,Yes,4,3,1,0.0,3,6,4,3,4,2.0,2.0,3,3,No,1,Y,80
11465,33.0,Female,Married,Sales,Sales Executive,1,4,Technical Degree,22,Travel_Rarely,4978.0,13,3,No,12,3,1,2.0,2,8,1,3,3,3.0,3.0,2,3,No,1,Y,80
10483,27.0,Female,Married,Research & Development,Manager,1,4,Life Sciences,5,Travel_Rarely,6218.0,13,3,No,6,2,0,2.0,0,9,4,3,1,2.0,3.0,3,2,No,1,Y,80
11348,18.0,Female,Single,Sales,Sales Executive,4,2,Technical Degree,1,Travel_Rarely,10286.0,19,2,Yes,0,0,0,0.0,0,0,5,3,2,2.0,4.0,3,4,Yes,1,Y,80
11290,38.0,Male,Married,Sales,Sales Representative,2,3,Marketing,2,Travel_Frequently,7254.0,12,3,No,19,0,0,0.0,0,8,5,3,3,1.0,4.0,3,1,No,1,Y,80
11576,27.0,Female,Married,Research & Development,Manager,1,3,Marketing,9,Non-Travel,6751.0,13,0,No,8,7,4,2.0,7,3,2,3,3,4.0,4.0,3,4,Yes,1,Y,80
11254,38.0,Female,Divorced,Sales,Sales Representative,3,4,Medical,21,Travel_Rarely,10399.0,16,0,No,17,8,6,1.0,8,7,3,3,2,4.0,4.0,3,1,No,1,Y,80
10321,52.0,Male,Single,Sales,Manager,3,2,Life Sciences,22,Travel_Rarely,10959.0,17,0,No,31,22,21,14.0,22,6,0,3,4,3.0,4.0,2,2,No,1,Y,80
11331,36.0,Male,Divorced,Research & Development,Healthcare Representative,2,3,Marketing,2,Non-Travel,7140.0,11,0,No,16,12,9,4.0,11,4,3,3,3,2.0,4.0,2,3,No,1,Y,80
11439,25.0,Female,Divorced,Human Resources,HR Business Partner,4,4,Medical,1,Non-Travel,12781.0,20,0,Yes,6,4,3,1.0,4,6,3,3,3,1.0,1.0,3,4,Yes,1,Y,80
10018,40.0,Male,Single,Research & Development,Laboratory Technician,4,5,Technical Degree,3,Travel_Rarely,13040.0,17,0,No,22,2,0,2.0,2,6,0,3,2,4.0,2.0,4,3,Yes,1,Y,80
10835,39.0,Female,Married,Sales,Manager,1,4,Medical,1,Travel_Frequently,8438.0,11,1,No,20,13,10,2.0,12,2,1,3,2,1.0,1.0,3,4,No,1,Y,80
10431,26.0,Female,Single,Human Resources,HR Business Partner,5,4,Marketing,9,Travel_Rarely,13008.0,15,0,No,5,5,4,2.0,4,3,3,3,4,3.0,3.0,3,1,No,1,Y,80
11632,24.0,Female,Single,Sales,Manager,3,1,Medical,16,Travel_Rarely,10480.0,12,1,No,6,2,0,0.0,0,7,4,3,3,2.0,3.0,3,4,No,1,Y,80
11413,40.0,Male,Single,Research & Development,Laboratory Technician,2,2,Life Sciences,10,Travel_Rarely,9542.0,19,0,No,16,1,0,0.0,0,9,5,3,1,4.0,3.0,3,4,No,1,Y,80
11476,55.0,Female,Single,Research & Development,Manager,1,3,Medical,7,Travel_Rarely,6402.0,18,0,No,31,19,17,7.0,18,2,5,3,4,3.0,1.0,3,1,Yes,1,Y,80
11081,46.0,Male,Single,R&D,Research Scientist,2,3,Life Sciences,4,Non-Travel,9650.0,15,1,No,27,17,14,13.0,17,6,1,3,3,3.0,2.0,3,2,No,1,Y,80
11164,58.0,Male,Married,Sales,Manager,5,3,Medical,17,Non-Travel,17162.0,20,1,No,36,19,16,6.0,18,2,3,3,3,3.0,4.0,4,4,No,1,Y,80
10208,39.0,Female,Single,Sales,Manager,2,2,Life Sciences,10,Travel_Frequently,9515.0,18,1,No,17,6,5,3.0,6,5,4,3,3,2.0,2.0,2,3,No,1,Y,80
10238,36.0,Male,Divorced,Sales,Manager,1,1,Medical,2,Travel_Rarely,"$4,559",15,1,No,17,1,0,1.0,0,2,5,3,3,4.0,4.0,3,2,No,1,Y,80
11071,38.0,Male,Single,Research & Development,Manufacturing Director,2,5,Life Sciences,2,Travel_Rarely,8798.0,20,0,Yes,19,5,2,4.0,5,1,0,4,3,4.0,1.0,4,3,No,1,Y,80
10346,21.0,Male,Single,Sales,Manager,5,3,Life Sciences,2,Travel_Rarely,12844.0,15,0,No,0,0,0,0.0,0,7,2,3,3,1.0,4.0,3,3,No,1,Y,80
10873,26.0,Male,Divorced,Sales,Sales Representative,3,2,Life Sciences,3,Non-Travel,10478.0,13,0,Yes,4,0,0,0.0,0,3,5,3,2,4.0,2.0,2,4,No,1,Y,80
11468,39.0,Male,Divorced,Research & Development,Healthcare Representative,2,4,Technical Degree,2 km,Travel_Rarely,8931.0,14,0,Yes,18,4,2,2.0,2,6,6,3,3,2.0,2.0,3,3,No,1,Y,80
10910,41.0,Male,Single,Research & Development,Research Scientist,3,3,Technical Degree,9,Travel_Rarely,10454.0,23,2,No,20,5,2,0.0,5,9,3,3,2,2.0,2.0,3,4,Yes,1,Y,80
10341,42.0,Female,Divorced,Research & Development,Manufacturing Director,1,5,Life Sciences,1,Travel_Frequently,4204.0,15,1,No,22,3,2,1.0,3,2,4,3,3,4.0,3.0,3,4,No,1,Y,80
10764,40.0,Female,Single,Research & Development,Manager,3,3,Life Sciences,6,Travel_Rarely,9676.0,12,0,No,17,5,2,0.0,4,0,3,3,1,3.0,4.0,2,3,No,1,Y,80
10458,52.0,Female,Married,Research & Development,Healthcare Representative,2,3,Medical,15,Travel_Rarely,10470.0,14,2,No,33,21,18,14.0,18,5,0,3,3,3.0,1.0,3,2,No,1,Y,80
10176,34.0,Female,Married,Research & Development,Research Director,1,4,Life Sciences,5,Travel_Rarely,5854.0,11,2,No,13,7,6,5.0,4,5,5,3,3,3.0,4.0,4,4,No,1,Y,80
10550,35.0,Female,Married,Sales,Sales Executive,5,3,Life Sciences,12,Travel_Rarely,16040.0,15,0,Yes,12,1,1,1.0,0,7,4,3,2,4.0,1.0,4,3,Yes,1,Y,80
10301,43.0,Female,Single,Sales,Manager,4,3,Medical,6,Travel_Rarely,12926.0,11,0,Yes,19,2,0,1.0,1,4,3,3,3,4.0,4.0,3,4,Yes,1,Y,80
10460,52.0,Female,Divorced,Research & Development,Laboratory Technician,3,2,Life Sciences,7,Travel_Rarely,10635.0,14,2,No,30,2,2,0.0,2,8,1,4,2,3.0,1.0,3,4,Yes,1,Y,80
10875,33.0,Male,Single,Research & Development,Manufacturing Director,2,4,Other,17,Travel_Rarely,8109.0,16,0,No,12,2,0,2.0,2,4,4,3,4,4.0,3.0,4,4,No,1,Y,80
10786,39.0,Female,Divorced,Research & Development,Manufacturing Director,1,3,Medical,14,Travel_Rarely,3821.0,19,1,No,19,6,6,4.0,3,4,2,3,3,2.0,4.0,3,4,No,1,Y,80
11440,33.0,Female,Married,Research & Development,Research Scientist,4,3,Technical Degree,18,Travel_Rarely,11667.0,16,1,No,13,7,5,4.0,7,4,0,4,2,2.0,2.0,2,3,Yes,1,Y,80
11435,23.0,Female,Divorced,Sales,Sales Executive,1,5,Medical,15,Travel_Rarely,4646.0,12,1,Yes,1,0,0,0.0,0,1,0,3,2,3.0,4.0,4,4,Yes,1,Y,80
10894,35.0,Male,Divorced,Research & Development,Manufacturing Director,2,3,Marketing,7,Travel_Rarely,8050.0,16,1,Yes,12,12,10,11.0,9,4,5,4,3,4.0,3.0,4,4,No,1,Y,80
11329,24.0,Female,Single,Human Resources,Human Resources,1,1,Life Sciences,1,Travel_Rarely,5075.0,14,1,No,2,2,0,1.0,0,8,5,3,4,4.0,3.0,4,3,No,1,Y,80
10582,31.0,Male,Married,Sales,Manager,1,3,Life Sciences,1,Non-Travel,6588.0,12,1,No,9,9,8,4.0,6,6,2,3,3,2.0,3.0,4,3,No,1,Y,80
10842,36.0,Female,Single,Research & Development,Laboratory Technician,1,2,Life Sciences,2,Travel_Rarely,5831.0,16,0,No,16,14,13,10.0,14,2,5,4,3,3.0,1.0,3,4,No,1,Y,80
10464,46.0,Male,Married,Sales,Sales Representative,1,2,Medical,13,Non-Travel,8216.0,14,2,Yes,25,6,3,6.0,3,7,6,3,3,1.0,2.0,2,4,No,1,Y,80
11251,39.0,Male,Divorced,Research & Development,Laboratory Technician,2,3,Medical,4,Non-Travel,8211.0,14,2,No,16,15,15,11.0,12,3,2,3,2,3.0,4.0,4,3,No,1,Y,80
10327,27.0,Female,Married,Human Resources,HR Business Partner,2,2,Medical,5,Travel_Rarely,8707.0,14,0,no,5,3,1,3.0,2,1,5,3,4,4.0,4.0,4,3,No,1,Y,80
10855,41.0,Female,Married,Sales,Sales Representative,1,2,Marketing,3,Travel_Rarely,6480.0,15,0,No,23,23,22,8.0,20,9,6,3,3,,1.0,1,4,Yes,1,Y,80
10899,32.0,Female,Single,Sales,Manager,1,3,Medical,3,Travel_Rarely,6108.0,12,1,No,8,2,0,2.0,2,0,1,3,3,3.0,3.0,1,4,No,1,Y,80
10828,30.0,Female,Divorced,Sales,Manager,1,2,Other,29,Travel_Rarely,7102.0,14,2,No,11,7,5,6.0,7,6,3,3,2,1.0,4.0,3,1,No,1,Y,80
11226,29.0,Female,Divorced,Research & Development,Laboratory Technician,1,4,Medical,19,Travel_Rarely,4676.0,11,3,No,6,3,1,2.0,2,2,3,3,4,1.0,4.0,2,4,Yes,1,Y,80
11385,42.0,Male,Single,Research & Development,Manager,2,2,Life Sciences,5,Travel_Rarely,9022.0,19,1,No,22,3,1,1.0,1,2,6,3,4,4.0,,2,3,No,1,Y,80
10060,34.0,Female,Single,Sales,Sales Representative,4,5,Technical Degree,1,Travel_Frequently,13321.0,18,0,No,10,1,0,1.0,1,9,6,4,2,1.0,2.0,4,1,No,1,Y,80
10014,34.0,Male,Single,Research & Development,Manager,2,3,Life Sciences,3,Travel_Rarely,8375.0,13,0,No,12,3,2,1.0,1,3,5,4,4,3.0,2.0,3,4,No,1,Y,80
10448,30.0,Male,Married,Research & Development,Research Director,1,3,Technical Degree,7,Travel_Rarely,4935.0,13,1,Yes,10,0,0,0.0,0,0,3,4,2,1.0,3.0,3,4,No,1,Y,80
10809,38.0,Female,Single,Research & Development,Manufacturing Director,3,5,Other,17,Travel_Rarely,12153.0,21,0,No,17,16,13,9.0,14,0,5,3,2,3.0,3.0,3,2,No,1,Y,80
10388,27.0,Male,Married,Research & Development,Manufacturing Director,2,2,Medical,2,Travel_Rarely,6245.0,17,1,No,8,8,7,2.0,5,5,1,3,3,4.0,,4,2,No,1,Y,80
10524,24.0,Male,Married,Sales,Sales Executive,1,5,Life Sciences,3,Travel_Frequently,4772.0,11,3,Yes,1,1,0,0.0,0,4,5,3,2,3.0,4.0,3,3,Yes,1,Y,80
10984,39.0,Female,Single,Sales,Sales Representative,1,2,Life Sciences,1,Travel_Rarely,5619.0,11,3,No,21,0,0,0.0,0,3,3,3,4,2.0,1.0,3,4,Yes,1,Y,80
10027,51.0,Female,Married,Research & Development,Manager,1,5,Life Sciences,7,Travel_Rarely,8356.0,11,3,No,33,4,3,0.0,2,7,6,3,3,1.0,3.0,3,4,Yes,1,Y,80
11145,35.0,Male,Divorced,Sales,Sales Representative,3,4,Life Sciences,4,Travel_Rarely,8952.0,16,0,no,16,7,7,5.0,7,3,2,3,3,1.0,4.0,3,3,Yes,1,Y,80
10604,36.0,Female,Divorced,Research & Development,  Manager  ,2,3,Technical Degree,2,Travel_Frequently,7756.0,15,2,No,15,8,5,2.0,7,4,5,3,3,3.0,,4,1,No,1,Y,80
10323,33.0,Male,Single,Research & Development,Research Director,1,4,Other,2,Travel_Rarely,4176.0,15,0,No,9,9,6,5.0,6,6,0,3,3,3.0,2.0,2,4,No,1,Y,80
11110,24.0,Male,Single,R&D,Research Director,3,3,Medical,2,Travel_Rarely,8034.0,13,1,Yes,3,3,3,1.0,0,2,6,3,3,2.0,2.0,3,1,No,1,Y,80
10967,31.0,Female,Single,Research & Development,Research Director,5,3,Life Sciences,16,Travel_Rarely,12691.0,11,1,No,10,2,2,1.0,1,6,4,3,3,2.0,4.0,2,3,No,1,Y,80
10442,33.0,Female,Single,Research & Development,Healthcare Representative,2,4,,29,Travel_Rarely,9004.0,11,0,Yes,14,0,0,0.0,0,9,4,3,3,3.0,2.0,3,1,No,1,Y,80
11619,36.0,Female,Divorced,Sales,Sales Executive,2,4,Life Sciences,18,Travel_Rarely,6151.0,20,1,No,13,12,11,12.0,12,7,2,3,3,2.0,4.0,4,1,No,1,Y,80
10892,42.0,Female,Single,Research & Development,Manager,4,4,Life Sciences,6,Travel_Rarely,14806.0,19,2,Yes,21,15,12,2.0,15,9,1,3,4,3.0,2.0,3,1,No,1,Y,80
10555,30.0,Female,Single,Sales,Manager,2,3,Medical,29,Non-Travel,7604.0,11,0,No,8,7,5,4.0,7,5,0,3,2,1.0,2.0,2,1,No,1,Y,80
10257,31.0,Male,Divorced,Sales ,Manager,1,4,Other,29,Travel_Rarely,5314.0,14,0,No,9,8,8,7.0,8,8,5,3,3,1.0,1.0,4,4,Yes,1,Y,80
10561,34.0,Male,Single,Research & Development,Laboratory Technician,4,4,Life Sciences,1,Travel_Rarely,11119.0,11,0,No,13,1,1,0.0,0,0,4,3,4,1.0,4.0,3,1,No,1,Y,80
11246,32.0,Female,Divorced,Research & Development,Healthcare Representative,2,2,Technical Degree,29,Travel_Rarely,8438.0,12,2,No,12,9,6,2.0,6,9,1,3,4,2.0,2.0,3,2,No,1,Y,80
11364,37.0,Male,Married,Research & Development,  Laboratory Technician  ,2,1,Medical,3,Travel_Rarely,7803.0,13,1,No,17,11,10,11.0,10,5,1,3,3,4.0,4.0,3,1,No,1,Y,80
11101,51.0,Male,Married,Human Resources,Manager,2,4,Technical Degree,1,Travel_Rarely,11662.0,11,0,No,31,30,30,10.0,29,3,4,3,3,4.0,3.0,4,3,No,1,Y,80
10308,25.0,Female,Single,Sales,Manager,2,3,Life Sciences,3,Travel_Rarely,6563.0,17,0,No,2,0,0,0.0,0,7,0,4,2,2.0,2.0,3,3,Yes,1,Y,80
10073,34.0,Female,Divorced,Research & Development,Laboratory Technician,4,2,Technical Degree,5,Travel_Rarely,13055.0,15,3,Yes,15,15,14,5.0,14,6,4,4,2,,2.0,4,4,No,1,Y,80
10258,41.0,Female,Married,Research & Development,Research Scientist,2,4,Other,2,Travel_Rarely,9022.0,20,1,No,23,13,13,4.0,12,4,3,3,1,1.0,1.0,3,4,No,1,Y,80
11509,47.0,Male,Single,Sales,Manager,3,3,Medical,5,Travel_Rarely,11476.0,15,1, No,25,5,2,4.0,5,6,6,3,3,2.0,3.0,3,4,No,1,Y,80
10003,39.0,Female,Divorced,Sales,Sales Executive,3,2,Life Sciences,10,Travel_Rarely,10586.0,18,0,No,20,16,14,7.0,14,5,0,3,3,3.0,3.0,3,2,No,1,Y,80
11519,46.0,Male,Divorced,Sales,Sales Executive,2,3,Life Sciences,7,Travel_Rarely,9367.0,12,0,Yes,25,0,0,0.0,0,7,2,3,3,3.0,1.0,3,1,No,1,Y,80
11298,38.0,Male,Single,Research & Development,  Manufacturing Director  ,3,4,Life Sciences,8,Travel_Rarely,9632.0,15,3,No,15,10,9,8.0,9,8,2,3,3,4.0,4.0,3,3,No,1,Y,80
11645,57.0,Male,Married,Sales,Sales Executive,3,3,Life Sciences,15,Travel_Frequently,11637.0,15,2,Yes,35,2,0,1.0,1,1,0,3,3,2.0,4.0,2,4,No,1,Y,80
10681,41.0,Female,Married,Research & Development,Healthcare Representative,2,2,Marketing,1 km,Travel_Rarely,8266.0,20,1,No,22,21,21,11.0,18,3,0,4,2,4.0,3.0,3,2,No,1,Y,80
10827,40.0,Female,Single,Research & Development,Healthcare Representative,2,5,Medical,2,Travel_Rarely,8321.0,16,1,Yes,18,7,5,7.0,6,3,0,3,3,3.0,2.0,2,1,No,1,Y,80
10368,35.0,Male,Single,R&D,Research Scientist,2,3,Life Sciences,29,Travel_Rarely,8654.0,19,1,Yes,12,11,11,6.0,10,5,2,3,3,3.0,1.0,2,4,Yes,1,Y,80
10695,26.0,Male,Married,Human Resources,Human Resources,3,4,Medical,3 km,Travel_Rarely,9663.0,12,0,No,2,0,0,0.0,0,2,6,3,2,1.0,2.0,3,4,No,1,Y,80
11258,29.0,Male,Divorced,Sales,Sales Executive,5,4,Life Sciences,11,Travel_Rarely,13682.0,16,1,No,6,4,4,3.0,3,6,4,3,3,4.0,2.0,4,2,No,1,Y,80
11235,25.0,Female,Divorced,Research & Development,Healthcare Representative,4,3,Life Sciences,23,Travel_Rarely,12897.0,18,0,No,7,7,6,4.0,6,5,3,3,3,3.0,4.0,2,2,No,1,Y,80
10480,42.0,Male,Married,Research & Development,Healthcare Representative,1,2,Life Sciences,1,Non-Travel,6602.0,16,2,No,18,6,6,3.0,6,2,5,3,2,3.0,3.0,1,2,No,1,Y,80
10558,45.0,Female,Divorced,research & development,Laboratory Technician,3,2,Technical Degree,4,Travel_Rarely,13713.0,16,0,Yes,21,10,9,8.0,8,3,3,3,1,1.0,3.0,3,2,No,1,Y,80
10826,47.0,Male,Married,Sales,Sales Executive,2,4,Human Resources,7,Travel_Frequently,9902.0,11,1,No,27,6,3,5.0,3,8,1,3,3,3.0,2.0,3,3,No,1,Y,80
11499,54.0,Male,Single,R&D,Manufacturing Director,1,4,Technical Degree,3,Non-Travel,,12,1,No,33,1,0,1.0,0,2,2,3,1,4.0,2.0,2,1,No,1,Y,80
10586,25.0,Female,Married,Research & Development,Research Director,2,3,Life Sciences,1,Travel_Rarely,8606.0,18,2,No,4,4,1,0.0,2,2,1,3,3,3.0,2.0,3,3,No,1,Y,80
10118,21.0,Male,Married,Sales,Manager,1,1,Life Sciences,16,Travel_Frequently,4889.0,15,1,No,0,0,0,0.0,0,7,6,3,4,1.0,2.0,2,4,No,1,Y,80
11561,43.0,Female,Married,Research & Development,Research Director,2,1,Technical Degree,7,Travel_Rarely,10529.0,16,1,No,23,22,22,12.0,21,0,2,3,2,4.0,3.0,3,2,No,1,Y,80
11021,39.0,Male,Married,Research & Development,Manager,5,4,Life Sciences,1,Travel_Rarely,15422.0,11,1,No,18,14,11,5.0,11,8,1,3,3,3.0,4.0,2,2,No,1,Y,80
10683,32.0,Male,Single,Research & Development,Research Scientist,1,2,Life Sciences,23,Travel_Rarely,5313.0,18,3,No,9,2,1,2.0,0,0,0,3,3,3.0,3.0,3,4,No,1,Y,80
10006,39.0,Male,Single,Research & Development,Research Director,1,3,Marketing,3,Travel_Rarely,5315.0,12,0,No,17,3,2,0.0,2,6,1,4,3,2.0,3.0,1,4,No,1,Y,80
11553,34.0,Male,Single,Sales,Manager,1,5,Technical Degree,8,Travel_Rarely,7447.0,16,1,No,15,15,15,0.0,15,9,5,4,4,2.0,3.0,3,4,No,1,Y,80
10467,31.0,Female,Married,Research & Development,Manufacturing Director,2,5,Technical Degree,1,Travel_Rarely,8023.0,11,3,NO,7,7,5,2.0,5,7,0,3,4,2.0,1.0,4,3,Yes,1,Y,80
11287,47.0,Male,Divorced,Sales,Manager,3,3,Technical Degree,2,Travel_Rarely,10702.0,11,1,no,25,16,15,6.0,15,6,2,3,3,4.0,1.0,4,4,No,1,Y,80
11399,19.0,Female,Divorced,Research & Development,Research Scientist,4,2,Life Sciences,18,Non-Travel,11962.0,16,1,No,0,0,0,0.0,0,9,4,3,3,3.0,,3,4,No,1,Y,80
10938,45.0,Female,Single,Human Resources,HR Business Partner,2,2,Medical,7,Travel_Frequently,"$8,539",21,1,No,23,9,6,7.0,8,1,6,3,4,3.0,,3,2,Yes,1,Y,80
10446,35.0,Male,Married,Sales,Sales Executive,5,3,Life Sciences,17,Travel_Rarely,14741.0,13,2,No,13,9,9,0.0,7,7,5,3,2,2.0,3.0,3,4,Yes,1,Y,80
10137,29.0,Male,Married,Sales,Sales Representative,1,4,Marketing,8,Travel_Rarely,6379.0,17,2,NO,8,1,0,1.0,0,7,2,3,1,1.0,1.0,2,2,No,1,Y,80
10012,33.0,Male,Single,Sales,Manager,5,2,Technical Degree,1,Travel_Rarely,"$14,490",15,0,Yes,11,1,1,0.0,0,1,3,3,3,3.0,2.0,3,3,No,1,Y,80
11577,,Male,Married,Research & Development,Manager,4,1,Life Sciences,4,Travel_Rarely,12067.0,11,0,No,8,1,0,0.0,0,6,2,3,1,1.0,3.0,2,3,Yes,1,Y,80
10333,23.0,Female,Married,Sales,Sales Representative,1,3,Life Sciences,8,Travel_Rarely,"$4,536",16,1,Yes,3,3,0,0.0,0,1,6,3,3,3.0,4.0,3,3,No,1,Y,80
10777,35.0,Male,Divorced,Research & Development,Healthcare Representative,1,4,Medical,1,Travel_Rarely,5001.0,12,0,No,13,2,2,1.0,0,2,6,3,3,3.0,4.0,3,3,No,1,Y,80
10605,26.0,Male,Divorced,Research & Development,Healthcare Representative,1,4,Human Resources,5,Travel_Rarely,4624.0,14,1,No,3,0,0,0.0,0,9,1,3,3,,1.0,2,4,Yes,1,Y,80
10569,33.0,Male,Divorced,Sales,Manager,3,4,Technical Degree,10,Travel_Rarely,8862.0,12,2,No,14,11,8,10.0,9,7,5,3,3,1.0,1.0,1,2,No,1,Y,80
10937,28.0,Male,Single,Research & Development,Manufacturing Director,2,3,Life Sciences,18,Travel_Rarely,9938.0,14,1,No,6,4,1,4.0,4,4,6,3,2,3.0,1.0,2,4,Yes,1,Y,80
11069,37.0,Female,Single,Sales,Sales Representative,3,3,Life Sciences,7,Travel_Frequently,9701.0,15,1,No,16,14,13,14.0,11,4,5,3,2,2.0,2.0,3,2,Yes,1,Y,80
10893,,Male,Married,Research & Development,Healthcare Representative,5,5,Medical,5,Travel_Rarely,14508.0,11,1,No,11,9,7,0.0,9,6,2,4,3,2.0,3.0,3,2,Yes,1,Y,80
11604,35.0,Female,Single,Research & Development,Manufacturing Director,2,3,Technical Degree,3,Travel_Frequently,7136.0,13,1,No,13,6,6,4.0,6,9,5,3,2,3.0,1.0,4,1,No,1,Y,80
10055,37.0,Female,Married,Human Resources,HR Business Partner,1,3,Life Sciences,2 km,Travel_Rarely,5512.0,15,0,No,17,14,11,0.0,12,5,2,4,4,2.0,2.0,3,3,No,1,Y,80
11045,28.0,Male,Married,Research & Development,Research Director,2,3,Medical,3 km,Travel_Rarely,6973.0,16,1,No,5,0,0,0.0,0,1,3,3,4,1.0,4.0,3,1,No,1,Y,80
10234,26.0,Female,Single,Sales,Sales Executive,1,4,Life Sciences,17,Non-Travel,6963.0,12,2,No,7,3,2,3.0,2,0,6,3,3,2.0,3.0,2,2,Yes,1,Y,80
10085,21.0,Female,Single,Sales,Sales Representative,2,5,Technical Degree,3,Travel_Frequently,6115.0,15,1,No,0,0,0,0.0,0,7,1,3,4,1.0,1.0,3,2,No,1,Y,80
10642,34.0,Female,Single,Sales,Sales Representative,1,4,Technical Degree,5,Travel_Rarely,6377.0,20,1,No,10,9,6,1.0,6,6,1,3,2,2.0,3.0,3,4,No,1,Y,80
10416,32.0,Male,Single,Research & Development,Healthcare Representative,2,4,Life Sciences,4,Travel_Frequently,8506.0,24,2,Yes,8,6,6,3.0,3,0,5,3,3,3.0,2.0,3,3,No,1,Y,80
10065,25.0,Male,Single,Research & Development,Healthcare Representative,2,2,Technical Degree,1,Travel_Rarely,6531.0,13,0,No,4,0,0,0.0,0,8,5,3,2,3.0,4.0,3,4,No,1,Y,80
11362,28.0,Female,Married,Research & Development,Laboratory Technician,1,4,Medical,3,Travel_Rarely,5512.0,16,0, No,5,1,1,1.0,0,6,4,3,3,4.0,4.0,2,3,No,1,Y,80
10930,47.0,Female,Married,Research & Development,Healthcare Representative,2,3,Other,13,Travel_Rarely,8899.0,13,0,Yes,26,18,15,11.0,18,7,5,4,3,1.0,3.0,2,4,Yes,1,Y,80
10188,29.0,Male,Single,Research & Development,Research Scientist,3,2,Technical Degree,8,Travel_Rarely,9674.0,15,1,No,6,5,3,0.0,3,2,5,4,2,2.0,1.0,3,1,No,1,Y,80
10756,39.0,Female,Divorced,Research & Development,Healthcare Representative,2,3,Medical,1,Non-Travel,8353.0,15,0,No,19,15,14,5.0,14,8,6,4,3,1.0,2.0,3,3,No,1,Y,80
10993,32.0,Male,Single,Research & Development,Laboratory Technician,2,3,Life Sciences,12,Travel_Rarely,7609.0,12,2,Yes,9,3,1,3.0,3,1,1,3,3,2.0,2.0,3,1,No,1,Y,80
10152,19.0,Male,Married,Sales,Manager,3,3,Medical,1,Travel_Rarely,10073.0,19,1,No,0,0,0,0.0,0,5,6,3,4,1.0,4.0,3,4,No,1,Y,80
10832,29.0,Male,Married,Sales,Sales Executive,1,1,Marketing,3,Travel_Rarely,"$4,456",13,0,No,5,5,4,3.0,3,5,4,3,2,2.0,2.0,1,4,Yes,1,Y,80
11284,23.0,Female,Married,Research & Development,Research Scientist,2,2,Life Sciences,3,Travel_Rarely,8296.0,11,2,No,4,0,0,0.0,0,2,3,3,3,1.0,2.0,1,1,No,1,Y,80
11131,52.0,Female,Divorced,Human Resources,Human Resources,3,3,Medical,2,Travel_Rarely,12418.0,13,0,No,33,12,9,2.0,11,9,1,3,4,2.0,2.0,3,1,No,1,Y,80
10389,38.0,Male,Married,Research & Development,Manufacturing Director,4,3,Technical Degree,22,Travel_Rarely,11778.0,17,0,No,17,17,16,2.0,14,4,6,3,2,4.0,3.0,3,1,No,1,Y,80
10138,60.0,Female,Single,Sales,Manager,3,3,Life Sciences,20,Travel_Rarely,12653.0,14,1,Yes,40,11,9,2.0,11,7,5,3,3,1.0,3.0,2,1,No,1,Y,80
10732,38.0,Male,Single,SALES,Manager,3,3,Other,1 km,Travel_Frequently,10869.0,11,0,No,17,3,1,3.0,2,8,2,3,3,4.0,4.0,2,3,No,1,Y,80
10173,36.0,Female,Single,Research & Development,  Healthcare Representative  ,1,5,Medical,6,Travel_Rarely,5200.0,20,1,No,16,6,6,5.0,5,9,1,3,2,4.0,2.0,3,4,No,1,Y,80
11248,30.0,Male,Married,Sales,Sales Representative,3,3,Life Sciences,1,Travel_Rarely,8823.0,18,3,Yes,10,0,0,0.0,0,7,1,3,3,2.0,4.0,4,2,No,1,Y,80
10531,31.0,Male,Married,Research & Development,Manufacturing Director,1,4,Marketing,20,Travel_Rarely,3590.0,11,0,Yes,7,3,2,3.0,1,1,0,3,3,2.0,1.0,2,2,Yes,1,Y,80
11005,26.0,Male,Single,Research & Development,Laboratory Technician,1,4,Medical,17,Travel_Rarely,6585.0,14,2,Yes,7,3,3,1.0,1,6,6,3,4,4.0,2.0,4,3,Yes,1,Y,80
10766,32.0,Male,Divorced,Research & Development,Healthcare Representative,1,3,Marketing,1,Non-Travel,4093.0,21,0,No,14,9,7,0.0,8,9,0,4,2,1.0,4.0,4,2,No,1,Y,80
10456,42.0,Female,Divorced,Research & Development,Laboratory Technician,1,3,Other,5,Travel_Rarely,6544.0,14,1,No,18,13,13,1.0,10,6,0,3,3,3.0,1.0,3,2,No,1,Y,80
10736,29.0,Male,Single,Sales,Sales Executive,3,1,Human Resources,25,Travel_Rarely,9278.0,11,0,No,5,1,0,0.0,0,9,4,3,4,3.0,,2,1,No,1,Y,80
11188,28.0,Female,Married,Research & Development,Healthcare Representative,2,3,Life Sciences,3,Travel_Rarely,7135.0,16,0,No,8,7,7,2.0,6,0,0,3,3,4.0,4.0,3,4,Yes,1,Y,80
11265,27.0,Female,Married,Research & Development,Research Director,4,3,Human Resources,9,Travel_Rarely,12724.0,17,1,No,5,4,2,2.0,1,2,5,3,3,2.0,3.0,3,4,No,1,Y,80
10595,21.0,Female,Single,Human Resources,Manager,1,3,Technical Degree,5,Travel_Rarely,4372.0,19,3,No,0,0,0,0.0,0,4,4,3,3,4.0,2.0,1,3,No,1,Y,80
11146,58.0,Female,Divorced,Sales,Sales Executive,5,2,Human Resources,5,Travel_Rarely,17381.0,17,1,Yes,35,24,21,3.0,24,6,6,3,4,3.0,3.0,3,4,No,1,Y,80
11147,18.0,Female,Divorced,Sales,Sales Representative,1,3,Marketing,1,Travel_Rarely,5400.0,17,1,No,0,0,0,0.0,0,5,0,3,2,3.0,4.0,3,3,No,1,Y,80
10375,39.0,Male,Divorced,Research & Development,Research Director,3,4,Human Resources,2,Non-Travel,11171.0,14,1,Yes,19,11,9,4.0,9,4,3,3,2,1.0,2.0,3,3,No,1,Y,80
11516,35.0,Female,Single,Research & Development,Research Director,4,2,Marketing,9,Non-Travel,13837.0,11,0,No,14,5,2,1.0,5,0,5,3,4,2.0,4.0,2,1,No,1,Y,80
10901,24.0,Female,Married,Human Resources,Manager,1,2,Medical,1,Travel_Rarely,5000.0,11,1,no,6,2,0,0.0,2,8,5,3,4,1.0,4.0,2,4,No,1,Y,80
10710,32.0,Male,Divorced,Research & Development,Manufacturing Director,2,3,Other,1,Travel_Rarely,8663.0,14,0,No,11,11,9,3.0,8,1,5,3,3,2.0,3.0,3,4,No,1,Y,80
11643,47.0,Male,Married,Sales,Sales Executive,2,4,Medical,6,Travel_Frequently,10331.0,14,2,No,28,22,20,15.0,19,2,1,3,3,2.0,4.0,2,1,No,1,Y,80
10161,42.0,Male,Single,Human Resources,HR Business Partner,3,3,Life Sciences,1,Travel_Rarely,10642.0,11,1,No,18,15,13,3.0,14,2,4,3,3,4.0,3.0,3,1,No,1,Y,80
11403,37.0,Female,Divorced,Research & Development,Research Scientist,1,5,Technical Degree,7,Travel_Rarely,6681.0,12,0,No,13,5,5,3.0,4,8,1,3,4,1.0,1.0,3,4,Yes,1,Y,80
10051,18.0,Female,Single,Research & Development,Research Scientist,1,4,Life Sciences,1,Travel_Rarely,3631.0,12,3,Yes,0,0,0,0.0,0,0,2,3,3,4.0,4.0,4,2,No,1,Y,80
11285,18.0,Female,Divorced,Human Resources,Manager,1,3,Life Sciences,15,Travel_Frequently,6367.0,16,1,No,0,0,0,0.0,0,2,2,3,1,2.0,3.0,4,4,No,1,Y,80
11185,45.0,Male,Single,Human Resources,Manager,4,3,Life Sciences,16,Travel_Frequently,14901.0,12,1,Yes,27,6,4,1.0,3,0,5,3,3,1.0,4.0,3,3,No,1,Y,80
10671,33.0,Male,Married,Research & Development,Manager,2,1,Technical Degree,11,Travel_Frequently,9153.0,12,1,yes,13,10,9,6.0,9,5,0,4,3,3.0,2.0,2,1,No,1,Y,80
10033,50.0,Female,Single,Research & Development,Manager,3,3,Human Resources,16,Travel_Rarely,11979.0,18,0,Yes,31,4,2,0.0,3,1,0,3,3,2.0,3.0,3,4,No,1,Y,80
10770,42.0,Female,Married,Sales,Manager,1,3,Other,21,Travel_Rarely,5898.0,14,0,NO,18,5,5,,2,4,2,3,3,3.0,1.0,2,3,No,1,Y,80
10239,35.0,Female,Divorced,Research & Development,Laboratory Technician,2,3,Marketing,1,Travel_Rarely,8763.0,13,2,No,14,7,4,4.0,6,0,2,3,3,3.0,4.0,1,4,No,1,Y,80
11231,31.0,Male,Single,Research & Development,Research Scientist,1,2,Life Sciences,1,Travel_Rarely,7292.0,14,0,No,8,1,0,0.0,0,1,0,3,3,3.0,1.0,3,2,No,1,Y,80
10355,43.0,Male,Single,Research & Development,Research Director,4,1,Medical,5,Travel_Rarely,13508.0,14,1,Yes,20,4,1,3.0,4,5,4,3,3,2.0,3.0,3,1,No,1,Y,80
10165,36.0,Male,Married,Research & Development,Laboratory Technician,1,2,Technical Degree,5,Non-Travel,7176.0,11,0,no,14,0,0,0.0,0,0,6,3,2,3.0,3.0,3,2,Yes,1,Y,80
10487,22.0,Female,Divorced,Research & Development,Research Scientist,1,3,Technical Degree,3,Travel_Rarely,5528.0,11,2,Yes,1,1,0,0.0,0,0,2,4,2,1.0,4.0,3,3,Yes,1,Y,80
10983,23.0,Male,Divorced,Research & Development,Research Scientist,3,2,Medical,18,Travel_Frequently,9444.0,15,0,No,5,0,0,0.0,0,7,4,4,3,2.0,3.0,3,1,No,1,Y,80
11119,44.0,Male,Married,Research & Development,Manager,3,4,Human Resources,5,Travel_Rarely,11143.0,12,2,No,20,18,18,7.0,15,5,0,3,3,2.0,4.0,2,3,Yes,1,Y,80
10128,40.0,Female,Single,Research & Development,Laboratory Technician,1,2,Medical,7,Travel_Rarely,7090.0,18,2,No,16,9,6,1.0,9,6,4,3,3,3.0,2.0,4,1,No,1,Y,80
10867,41.0,Female,Married,Sales,Sales Representative,1,4,Life Sciences,22,Travel_Rarely,7006.0,17,3,No,20,5,3,4.0,4,1,0,3,2,3.0,3.0,2,4,No,1,Y,80
10296,33.0,Female,Married,Research & Development,Healthcare Representative,1,4,Human Resources,1,Travel_Frequently,6729.0,13,1,No,11,3,1,3.0,2,5,3,3,3,4.0,4.0,3,4,No,1,Y,80
11345,36.0,Male,Single,Sales,Sales Representative,1,3,Life Sciences,18,Travel_Rarely,4594.0,15,0,No,15,6,6,2.0,6,8,1,4,3,4.0,1.0,4,2,No,1,Y,80
10475,20.0,Male,Divorced,Sales,Sales Representative,2,4,Human Resources,8,Travel_Frequently,7206.0,14,1,Yes,2,0,0,0.0,0,1,2,3,2,1.0,1.0,3,1,Yes,1,Y,80
10928,40.0,Female,Married,Research & Development,Manager,1,3,Medical,5,Travel_Rarely,5426.0,14,1,No,19,16,14,11.0,16,1,3,3,2,4.0,1.0,3,3,No,1,Y,80
10473,31.0,Female,Married,Sales,Manager,1,3,Technical Degree,17,Travel_Rarely,5606.0,13,0,No,7,5,2,2.0,4,0,6,3,3,1.0,3.0,3,4,No,1,Y,80
11485,33.0,Male,Married,Research & Development,Manufacturing Director,2,3,Life Sciences,15,Travel_Rarely,7683.0,11,1,Yes,13,13,11,0.0,11,2,5,3,2,4.0,4.0,3,1,No,1,Y,80
10881,42.0,Female,Divorced,Sales,Sales Executive,1,3,Medical,1,Non-Travel,6795.0,18,0,No,20,18,17,10.0,18,5,5,4,4,3.0,3.0,3,4,No,1,Y,80
11375,34.0,Female,Single,Sales,Manager,1,2,Life Sciences,6,Travel_Rarely,6235.0,14,0,Yes,13,4,2,0.0,4,3,0,3,3,4.0,2.0,4,4,No,1,Y,80
10907,33.0,Female,Divorced,Research & Development,Research Scientist,1,3,Medical,12,Travel_Frequently,"$5,914",14,0,No,15,7,4,1.0,6,2,6,4,1,4.0,4.0,3,3,No,1,Y,80
10002,33.0,Male,Married,Research & Development,Manager,5,1,Life Sciences,3,Travel_Rarely,13981.0,11,0,Yes,12,5,4,5.0,4,0,3,3,3,3.0,4.0,3,2,No,1,Y,80
10098,56.0,Male,Single,Research & Development,Research Director,3,4,Medical,2,Travel_Frequently,11669.0,19,0,No,36,7,5,0.0,6,8,4,3,3,2.0,2.0,1,4,Yes,1,Y,80
10816,26.0,Female,Divorced,Sales,Sales Representative,3,4,Medical,2,Travel_Rarely,7502.0,20,2,Yes,5,1,0,1.0,0,6,2,3,3,,3.0,3,2,No,1,Y,80
11195,43.0,Male,Divorced,Research & Development,Research Scientist,4,2,Human Resources,3,Travel_Frequently,12789.0,15,1,No,25,9,7,1.0,6,6,6,3,3,3.0,1.0,3,4,No,1,Y,80
10577,51.0,Female,Divorced,Sales,Manager,4,3,Technical Degree,2,Travel_Rarely,14792.0,11,0,No,33,3,0,3.0,2,1,1,3,2,2.0,1.0,3,1,No,1,Y,80
11224,26.0,Male,Divorced,Sales,Manager,4,4,Life Sciences,7,Travel_Frequently,10868.0,11,0,No,7,2,2,1.0,1,7,5,3,3,1.0,3.0,3,3,No,1,Y,80
10090,28.0,Male,Married,Research & Development,Laboratory Technician,2,2,Human Resources,1,Travel_Rarely,7781.0,13,0,No,6,3,3,3.0,3,6,5,3,3,4.0,4.0,3,1,No,1,Y,80
10821,53.0,Male,Single,Research & Development,Healthcare Representative,3,4,,23,Travel_Frequently,10887.0,15,2,No,33,16,13,4.0,15,1,1,3,2,2.0,3.0,3,4,No,1,Y,80
10721,42.0,Female,Single,Research & Development,Manager,1,3,Life Sciences,18,Travel_Rarely,7880.0,21,1,No,23,8,8,4.0,8,6,4,3,3,3.0,2.0,4,4,No,1,Y,80
10450,33.0,Male,Single,Research & Development,  Research Scientist  ,1,3,Human Resources,19,Non-Travel,7006.0,20,2,No,14,11,9,11.0,11,3,3,3,3,1.0,3.0,3,1,No,1,Y,80
10551,42.0,Female,Single,Research & Development,Research Director,1,2,Other,5,Travel_Rarely,6396.0,11,1,No,23,23,23,9.0,21,5,3,4,2,2.0,2.0,3,2,No,1,Y,80
10309,42.0,Female,Divorced,Research & Development,Manufacturing Director,5,3,Marketing,10,Travel_Frequently,16595.0,19,1,No,24,21,21,3.0,18,7,6,3,3,1.0,3.0,4,4,No,1,Y,80
11018,26.0,Female,Divorced,Human Resources,Human Resources,2,4,Medical,7,Travel_Frequently,7309.0,22,1,Yes,3,1,1,1.0,0,5,1,3,3,3.0,3.0,3,3,No,1,Y,80
11006,34.0,Female,Single,Sales,Manager,1,4,Life Sciences,8,Travel_Rarely,6911.0,15,0,Yes,14,2,1,1.0,0,6,6,3,3,3.0,4.0,1,4,Yes,1,Y,80
10673,44.0,Male,Divorced,Research & Development,Healthcare Representative,2,4,Life Sciences,6,Travel_Rarely,8722.0,16,2,No,26,6,5,3.0,3,8,5,3,2,3.0,3.0,3,4,No,1,Y,80
10179,29.0,Male,Single,Sales,Sales Representative,1,5,Technical Degree,2,Travel_Rarely,6118.0,16,1,No,8,8,7,2.0,8,4,5,3,2,4.0,1.0,2,2,Yes,1,Y,80
10434,23.0,Male,Married,Research & Development,Research Director,3,4,Life Sciences,2,Travel_Rarely,8755.0,19,0,Yes,4,2,0,0.0,0,8,1,3,2,2.0,2.0,4,1,No,1,Y,80
10583,45.0,Male,Married,Sales,Sales Executive,1,5,Medical,29,Travel_Rarely,4900.0,15,1,No,24,2,2,0.0,2,1,0,3,2,2.0,2.0,1,3,Yes,1,Y,80
11633,36.0,Female,Divorced,Research & Development,Manager,3,1,Technical Degree,27,Travel_Rarely,10011.0,11,0,No,15,0,0,0.0,0,4,0,3,3,1.0,3.0,4,4,No,1,Y,80
11411,45.0,Female,Single,sales,Manager,2,4,Marketing,13,Travel_Rarely,9265.0,18,1,No,27,14,12,5.0,12,5,2,3,3,2.0,1.0,2,3,Yes,1,Y,80
11326,40.0,Female,Divorced,Research & Development,Manager,2,3,Life Sciences,2,Travel_Rarely,8435.0,16,0,No,16,0,0,0.0,0,9,1,3,2,3.0,3.0,2,1,Yes,1,Y,80
10656,24.0,Female,Single,Sales,Sales Executive,2,3,,7,Travel_Frequently,7560.0,11,0,Yes,6,1,0,1.0,0,5,5,3,4,4.0,4.0,3,2,No,1,Y,80
10449,29.0,Female,Single,Research & Development,Laboratory Technician,3,5,Marketing,8,Travel_Frequently,9333.0,18,0,No,5,0,0,0.0,0,3,5,3,3,4.0,4.0,3,1,No,1,Y,80
11029,32.0,Female,Single,Sales,Sales Executive,2,5,Marketing,7,Non-Travel,8368.0,16,0,Yes,13,5,2,3.0,4,1,2,4,3,4.0,3.0,2,4,Yes,1,Y,80
10568,28.0,Female,Married,Sales,Manager,4,4,Other,11,Travel_Rarely,11314.0,17,0,No,10,4,3,4.0,4,7,3,3,3,2.0,1.0,4,4,Yes,1,Y,80
10620,37.0,Female,Single,Research & Development,Healthcare Representative,2,2,Life Sciences,1,Travel_Rarely,8400.0,14,0,No,19,15,12,8.0,13,6,4,3,3,4.0,4.0,3,4,No,1,Y,80
11609,32.0,Female,Married,Research & Development,Manager,2,3,Life Sciences,1,Travel_Rarely,8204.0,13,1,No,11,11,10,11.0,8,3,2,3,3,2.0,3.0,2,1,Yes,1,Y,80
10493,22.0,Male,Divorced,Research & Development,Research Director,2,4,Medical,10,Travel_Rarely,6487.0,18,1,No,1,0,0,0.0,0,6,3,3,3,4.0,2.0,4,4,No,1,Y,80
10386,38.0,Male,Married,Sales,Sales Executive,2,3,Other,1,Travel_Rarely,7424.0,16,1,No,20,19,17,12.0,18,8,2,3,3,,3.0,3,2,No,1,Y,80
10742,46.0,Female,Married,Research & Development,Manager,2,4,Human Resources,1,Travel_Rarely,11154.0,17,0,No,28,20,19,7.0,20,7,1,3,3,3.0,1.0,4,1,No,1,Y,80
10282,45.0,Male,Single,Sales,Sales Executive,3,4,Life Sciences,1,Non-Travel,10932.0,13,3,Yes,27,11,10,5.0,9,1,0,4,2,2.0,4.0,2,1,Yes,1,Y,80
11582,48.0,Female,Married,Human Resources,HR Business Partner,2,3,Marketing,5,Travel_Frequently,9432.0,17,0,No,24,7,7,6.0,4,2,3,3,2,3.0,4.0,3,2,No,1,Y,80
10746,36.0,Female,Divorced,Research & Development,Manager,2,1,Medical,4,Travel_Frequently,8373.0,14,0,No,15,12,10,7.0,11,6,6,3,3,3.0,4.0,2,2,No,1,Y,80
11368,42.0,Female,Married,Research & Development,Healthcare Representative,2,4,Other,6,Travel_Rarely,8456.0,12,0,Yes,18,14,13,0.0,14,6,2,3,3,3.0,4.0,3,3,Yes,1,Y,80
10484,39.0,Female,Married,Sales,Sales Executive,1,4,Life Sciences,14,Travel_Rarely,6246.0,15,0,No,17,7,4,0.0,6,1,0,3,2,4.0,3.0,4,2,No,1,Y,80
10896,41.0,Female,Married,Research & Development,Healthcare Representative,2,2,Technical Degree,8,Travel_Rarely,8080.0,12,0,No,17,12,12,10.0,12,4,3,3,3,4.0,2.0,3,1,No,1,Y,80
11238,27.0,Male,Married,Human Resources,Human Resources,3,1,Technical Degree,1,Travel_Rarely,9592.0,15,1,Yes,3,1,1,,0,0,4,3,3,3.0,1.0,3,4,Yes,1,Y,80
11317,37.0,Female,Married,Human Resources,Manager,3,3,Technical Degree,4,Travel_Rarely,"$11,622",11,1,No,15,4,3,2.0,3,5,4,3,2,3.0,1.0,3,2,No,1,Y,80
10283,48.0,Female,Single,Research & Development,  Healthcare Representative  ,2,4,Marketing,22,Travel_Rarely,9287.0,15,1,No,29,23,22,4.0,22,1,6,3,2,2.0,3.0,2,1,No,1,Y,80
10963,28.0,Male,Married,Research & Development,Laboratory Technician,2,4,Technical Degree,10,Travel_Rarely,7198.0,14,0,Yes,7,0,0,0.0,0,4,4,3,1,3.0,3.0,3,2,No,1,Y,80
10438,42.0,Female,Divorced,Research & Development,Laboratory Technician,1,2,Marketing,20,Travel_Rarely,"$6,317",23,1,Yes,19,8,8,2.0,8,1,5,3,3,3.0,4.0,2,2,No,1,Y,80
11212,49.0,Male,Married,Human Resources,Human Resources,1,2,Life Sciences,12,Travel_Frequently,8382.0,11,0,No,27,11,10,9.0,10,3,5,3,2,3.0,4.0,2,4,No,1,Y,80
10781,27.0,Female,Single,Research & Development,Manager,3,3,Technical Degree,6,Travel_Rarely,11301.0,11,1,No,7,5,3,0.0,5,3,0,3,1,1.0,2.0,2,1,No,1,Y,80
10549,51.0,Male,Married,Research & Development,Healthcare Representative,1,4,Life Sciences,1,Travel_Rarely,5562.0,18,2,No,31,14,12,4.0,13,4,6,3,4,3.0,4.0,3,2,No,1,Y,80
10854,49.0,Male,Married,Sales,Manager,4,4,Other,16,Non-Travel,13259.0,11,1,No,31,4,4,3.0,4,8,0,3,3,1.0,2.0,4,2,Yes,1,Y,80
11030,29.0,Female,Married,Research & Development,Laboratory Technician,2,4,Life Sciences,4,Travel_Rarely,8137.0,18,0,Yes,11,7,5,3.0,4,2,6,3,3,1.0,1.0,4,3,Yes,1,Y,80
11177,27.0,Female,Single,Research & Development,Research Director,5,5,Life Sciences,2,Travel_Rarely,13498.0,11,2,No,4,2,2,2.0,0,4,3,3,4,3.0,2.0,4,3,No,1,Y,80
11490,34.0,Female,Married,Research & Development,Manufacturing Director,3,3,Life Sciences,16,Travel_Rarely,9913.0,11,0,Yes,15,13,10,6.0,10,2,1,3,3,4.0,4.0,2,4,Yes,1,Y,80
10783,52.0,Male,Single,Human Resources,Human Resources,4,4,Life Sciences,3,Travel_Rarely,13470.0,11,2,No,29,10,7,9.0,9,4,6,3,2,1.0,2.0,3,2,Yes,1,Y,80
10994,45.0,Male,Single,sales,Sales Executive,1,1,Human Resources,17,Non-Travel,6107.0,20,0,Yes,22,17,17,0.0,15,3,0,3,3,3.0,3.0,3,2,No,1,Y,80
11153,41.0,Male,Married,Research & Development,Manufacturing Director,1,5,Marketing,9,Travel_Rarely,5216.0,11,0,No,22,22,22,8.0,21,7,6,3,2,3.0,4.0,1,1,No,1,Y,80
11536,36.0,Male,Divorced,Research & Development,Healthcare Representative,1,2,Marketing,9,Non-Travel,6073.0,15,1,No,13,8,6,5.0,5,8,1,3,2,3.0,2.0,3,3,No,1,Y,80
11059,52.0,Female,Single,Research & Development,Laboratory Technician,3,2,Life Sciences,6,Travel_Frequently,11460.0,16,0,NO,29,22,20,7.0,21,9,5,3,3,4.0,4.0,3,4,No,1,Y,80
11200,22.0,Male,Single,Research & Development,Manager,2,4,Life Sciences,16,Travel_Rarely,6430.0,17,1,No,1,0,0,0.0,0,2,1,3,3,2.0,4.0,2,2,No,1,Y,80
11094,50.0,Male,Divorced,Research & Development,Healthcare Representative,5,3,Other,4,Travel_Rarely,16757.0,11,0,Yes,27,12,10,4.0,11,3,0,3,3,4.0,3.0,2,4,No,1,Y,80
10841,41.0,Female,Married,Research & Development,  Healthcare Representative  ,1,2,Human Resources,1,Travel_Rarely,6457.0,19,1,No,18,4,3,0.0,2,3,3,4,3,4.0,2.0,3,4,No,1,Y,80
10674,43.0,Male,Married,Research & Development,  Research Director  ,2,4,Life Sciences,1,Travel_Rarely,10041.0,20,0,No,22,14,12,6.0,11,8,2,4,3,1.0,4.0,2,4,No,1,Y,80
11594,44.0,Female,Married,Sales,Sales Representative,2,2,Life Sciences,1 km,Travel_Rarely,8788.0,22,1,No,23,10,8,7.0,10,3,0,3,4,4.0,2.0,4,3,No,1,Y,80
10687,44.0,Female,Married,Research & Development,Healthcare Representative,4,3,Medical,1,Travel_Rarely,14473.0,22,1,No,20,17,16,10.0,17,6,2,3,4,3.0,2.0,2,4,No,1,Y,80
11114,42.0,Male,Single,Research & Development,Research Scientist,2,5,Life Sciences,1,Travel_Frequently,9625.0,14,2,No,21,16,16,10.0,13,2,4,4,3,,3.0,4,4,No,1,Y,80
11408,31.0,Male,Married,Research & Development,Manufacturing Director,3,4,Life Sciences,1,Travel_Rarely,9919.0,11,1,No,10,8,8,7.0,8,2,1,3,3,4.0,3.0,2,3,No,1,Y,80
10818,23.0,Male,Divorced,Research & Development,Healthcare Representative,3,3,Medical,12,Travel_Frequently,8564.0,19,0,Yes,0,0,0,0.0,0,3,2,3,2,3.0,1.0,3,4,No,1,Y,80
11220,29.0,Male,Single,Research & Development,Research Scientist,3,4,Marketing,1,Travel_Rarely,9296.0,16,2, No,7,0,0,0.0,0,1,3,3,3,1.0,4.0,3,3,Yes,1,Y,80
11583,20.0,Female,Single,Research & Development,Manager,2,2,Medical,1,Travel_Frequently,6170.0,11,0,No,0,0,0,0.0,0,3,4,3,3,4.0,4.0,4,1,No,1,Y,80
10753,35.0,Female,Married,Research & Development,Laboratory Technician,4,3,Human Resources,7,Travel_Rarely,12805.0,14,2,Yes,13,8,8,4.0,7,2,3,3,4,3.0,3.0,4,2,No,1,Y,80
10122,41.0,Female,Single,Sales,Sales Executive,1,3,Life Sciences,1,Travel_Rarely,6914.0,20,1,no,19,1,1,1.0,0,3,4,3,4,3.0,3.0,3,3,No,1,Y,80
11324,31.0,Male,Married,Research & Development,Manufacturing Director,3,3,Medical,19,Travel_Rarely,9608.0,16,2,No,10,5,2,3.0,3,2,1,4,2,2.0,,4,3,Yes,1,Y,80
10700,44.0,Female,Married,Sales,Sales Representative,2,2,Marketing,11,Travel_Rarely,6833.0,11,0,No,20,12,11,10.0,11,7,6,3,3,1.0,1.0,2,4,Yes,1,Y,80
10877,60.0,Female,Divorced,Research & Development,Research Scientist,3,3,Medical,13,Travel_Rarely,12632.0,11,2,No,37,20,20,10.0,19,9,6,3,2,1.0,4.0,3,4,No,1,Y,80
11126,40.0,Male,Single,Human Resources,Manager,3,3,Human Resources,3,Travel_Rarely,11679.0,11,3,No,17,14,11,1.0,13,3,2,4,3,4.0,2.0,1,3,No,1,Y,80
10900,34.0,Female,Divorced,Research & Development,Laboratory Technician,5,5,Life Sciences,1,Travel_Rarely,14534.0,23,0,Yes,15,5,2,4.0,4,7,5,3,1,3.0,4.0,4,2,Yes,1,Y,80
11074,18.0,Female,Married,Research & Development,Healthcare Representative,1,2,Medical,3,Travel_Rarely,4581.0,23,0,No,0,0,0,0.0,0,2,6,3,4,3.0,3.0,3,2,No,1,Y,80
10017,45.0,Female,Married,sales,Sales Executive,3,3,Marketing,29,Travel_Rarely,12438.0,17,1,No,24,15,14,2.0,14,6,6,4,3,1.0,3.0,3,1,No,1,Y,80
11573,34.0,Male,Married,Research & Development,Laboratory Technician,2,2,Life Sciences,13,Travel_Rarely,8137.0,18,0,No,16,0,0,0.0,0,0,6,3,3,3.0,1.0,3,1,No,1,Y,80
10189,36.0,Female,Married,Sales,Sales Representative,2,3,Life Sciences,6,Travel_Rarely,"$9,169",19,0,Yes,15,4,3,2.0,4,5,0,4,3,2.0,3.0,3,4,Yes,1,Y,80
10779,34.0,Male,Divorced,Research & Development,Research Scientist,1,3,Other,1,Travel_Rarely,6595.0,20,0,No,16,13,13,2.0,10,7,4,3,3,2.0,3.0,2,2,No,1,Y,80
10579,26.0,Male,Married,Research & Development,Manufacturing Director,5,3,Marketing,16,Travel_Rarely,11375.0,15,0,No,5,2,2,2.0,0,6,1,3,3,3.0,2.0,3,2,No,1,Y,80
11495,25.0,Female,Married,Research & Development,Research Director,2,3,Medical,1,Travel_Rarely,7690.0,23,0,No,2,0,0,0.0,0,9,1,3,4,4.0,2.0,2,3,Yes,1,Y,80
10925,45.0,Male,Single,Research & Development,Laboratory Technician,1,4,Medical,8,Non-Travel,8503.0,12,1,No,24,4,4,1.0,1,2,6,3,4,1.0,4.0,3,1,Yes,1,Y,80
10856,45.0,Male,Married,Sales,Sales Executive,3,5,Marketing,1,Non-Travel,12512.0,15,0,No,25,16,14,14.0,16,8,6,3,3,2.0,1.0,3,1,No,1,Y,80
11598,29.0,Male,Married,Sales,Manager,2,1,Medical,7,Travel_Rarely,8594.0,19,1,No,10,10,10,5.0,10,5,2,3,3,4.0,4.0,4,3,No,1,Y,80
10039,37.0,Male,Married,Research & Development,Healthcare Representative,1,2,Life Sciences,13,Travel_Rarely,5320.0,11,1,No,18,2,2,0.0,1,0,6,3,2,4.0,4.0,4,4,No,1,Y,80
10294,39.0,Male,Married,Human Resources,HR Business Partner,1,3,Marketing,5,Non-Travel,7746.0,11,0,No,16,3,3,0.0,3,1,5,3,3,3.0,2.0,3,4,No,1,Y,80
10032,34.0,Female,Married,Sales,Sales Executive,1,3,Life Sciences,3,Travel_Rarely,6053.0,14,0,No,16,8,7,2.0,7,1,0,3,3,2.0,3.0,3,4,No,1,Y,80
10040,33.0,Male,Married,Sales,Manager,1,2,Technical Degree,10,Travel_Rarely,5847.0,11,1,no,15,4,3,0.0,4,8,2,3,3,4.0,2.0,4,1,Yes,1,Y,80
10107,28.0,Male,Divorced,Research & Development,Manufacturing Director,2,1,Human Resources,14,Travel_Rarely,7700.0,18,0,No,8,5,5,4.0,2,6,3,3,2,1.0,4.0,4,3,No,1,Y,80
10727,40.0,Male,Single,Research & Development,Manufacturing Director,1,3,Life Sciences,29,Travel_Rarely,8091.0,13,1,No,20,5,3,2.0,3,5,6,3,3,3.0,4.0,4,2,No,1,Y,80
10024,28.0,Male,Married,Human Resources,HR Business Partner,1,5,Life Sciences,5 km,Travel_Frequently,4442.0,13,0,Yes,5,5,2,0.0,4,4,3,3,2,2.0,3.0,3,3,Yes,1,Y,80
10711,43.0,Male,Divorced,Research & Development,Research Director,1,3,Life Sciences,5,Travel_Rarely,6203.0,13,0,Yes,21,4,1,3.0,4,9,5,3,3,2.0,3.0,3,3,No,1,Y,80
10070,30.0,Male,Single,Research & Development,Manufacturing Director,2,4,Medical,7,Travel_Rarely,8938.0,16,1,No,10,4,3,3.0,1,5,4,3,4,2.0,4.0,3,1,No,1,Y,80
11497,31.0,Female,Single,Research & Development,Research Scientist,5,4,Medical,12,Travel_Rarely,13762.0,18,1,No,8,1,0,1.0,0,6,1,3,1,1.0,2.0,3,4,No,1,Y,80
10426,42.0,Female,Married,Research & Development,Research Director,1,4,Technical Degree,3,Travel_Rarely,5893.0,11,0,No,18,9,8,6.0,8,4,0,3,3,3.0,4.0,3,2,No,1,Y,80
11144,30.0,Female,Married,Sales,Sales Representative,2,5,Technical Degree,14,Travel_Rarely,8546.0,12,1,no,8,1,0,,0,5,4,3,3,3.0,3.0,3,4,No,1,Y,80
11471,34.0,Male,Divorced,Sales,Sales Representative,5,4,Other,1,Travel_Frequently,15015.0,13,0,No,12,7,7,4.0,6,0,6,3,4,4.0,4.0,3,1,No,1,Y,80
10104,29.0,Female,Single,Sales,  Manager  ,1,5,Life Sciences,8,Travel_Frequently,6201.0,13,1,No,10,9,6,7.0,9,0,0,3,3,2.0,3.0,4,3,No,1,Y,80
10556,21.0,Male,Single,Research & Development,Manager,5,5,Medical,7,Travel_Rarely,13491.0,11,0,Yes,2,2,1,,2,6,4,3,3,2.0,2.0,1,3,No,1,Y,80
11184,37.0,Male,Married,Research & Development,Research Scientist,3,3,Medical,9,Travel_Frequently,10586.0,11,0,No,15,7,5,5.0,6,4,4,3,1,3.0,1.0,3,2,No,1,Y,80
11427,37.0,Female,Single,Research & Development,Manufacturing Director,2,2,Life Sciences,10,Travel_Frequently,8167.0,25,0,Yes,18,12,12,7.0,11,5,3,3,2,3.0,4.0,4,1,Yes,1,Y,80
10888,33.0,Male,Married,Research & Development,Healthcare Representative,1,4,Marketing,1,Travel_Rarely,4478.0,11,1,Yes,11,8,8,5.0,8,9,2,3,2,2.0,1.0,2,4,Yes,1,Y,80
11504,43.0,Female,Married,Sales,Sales Executive,4,5,Life Sciences,19,Travel_Rarely,14188.0,11,1,Yes,22,5,4,4.0,5,0,2,3,2,9.0,1.0,4,3,No,1,Y,80
11366,36.0,Female,Divorced,Research & Development,Research Scientist,4,1,Medical,4,Travel_Rarely,12684.0,14,0,Yes,13,11,11,5.0,8,8,5,3,2,4.0,4.0,4,2,No,1,Y,80
11566,47.0,Male,Married,Sales ,Sales Executive,4,5,Marketing,1,Non-Travel,14277.0,11,2,No,27,5,5,1.0,2,8,4,3,3,3.0,4.0,3,4,No,1,Y,80
10075,38.0,Male,Married,Sales,Manager,2,5,Marketing,15,Travel_Rarely,9245.0,11,2,No,20,9,9,4.0,9,6,2,3,2,4.0,4.0,4,2,No,1,Y,80
10508,38.0,Male,Divorced,Research & Development,Manufacturing Director,3,5,Life Sciences,11,Travel_Rarely,10079.0,16,1,No,15,10,8,9.0,7,5,3,3,2,2.0,2.0,3,4,No,1,Y,80
11511,,Female,Married,Sales,Manager,2,3,Marketing,2,Non-Travel,8387.0,12,1,Yes,17,9,6,2.0,9,7,4,4,2,1.0,2.0,3,3,No,1,Y,80
10219,28.0,Female,Married,Sales,Sales Representative,1,3,Medical,12,Travel_Rarely,4780.0,11,0,Yes,6,3,3,0.0,0,9,3,3,4,3.0,1.0,1,2,No,1,Y,80
11477,25.0,Male,Married,Research & Development,Laboratory Technician,4,2,Life Sciences,14,Travel_Rarely,11213.0,14,1,No,2,0,0,0.0,0,0,3,4,1,4.0,4.0,1,2,No,1,Y,80
11199,27.0,Male,Single,Research & Development,Laboratory Technician,1,5,Medical,4,Travel_Rarely,5561.0,19,0,No,8,8,5,5.0,5,0,3,3,1,2.0,2.0,3,2,Yes,1,Y,80
10266,55.0,Male,Divorced,Sales,Sales Executive,1,4,Medical,4 km,Travel_Rarely,7001.0,15,2,No,34,3,3,2.0,2,8,4,3,1,4.0,1.0,2,4,No,1,Y,80
11086,33.0,Male,Divorced,Sales,Sales Executive,4,4,Other,4,Travel_Rarely,12383.0,14,2,No,12,0,0,0.0,0,1,2,4,3,3.0,,2,2,No,1,Y,80
10503,48.0,Male,Single,Research & Development,Research Scientist,3,3,Marketing,8 km,Travel_Rarely,10872.0,12,1,No,28,14,14,5.0,12,1,3,3,3,3.0,3.0,3,2,No,1,Y,80
10435,46.0,Male,Married,Human Resources,Manager,2,3,Technical Degree,4,Travel_Rarely,8277.0,11,0,yes,25,12,10,9.0,12,5,0,3,3,1.0,3.0,3,3,Yes,1,Y,80
10111,36.0,Male,Single,Sales,Manager,2,3,Life Sciences,4,Travel_Rarely,8028.0,11,0,No,13,10,8,9.0,7,6,6,3,4,4.0,3.0,3,3,Yes,1,Y,80
10511,27.0,Male,Single,Sales,Sales Representative,5,2,Life Sciences,6,Travel_Rarely,13405.0,16,0,Yes,3,2,0,2.0,0,2,3,3,3,4.0,3.0,3,2,No,1,Y,80
10889,38.0,Female,Married,Sales,Sales Executive,2,4,Human Resources,1,Travel_Rarely,9654.0,11,0,No,14,4,1,3.0,2,0,0,3,3,3.0,2.0,1,4,No,1,Y,80
10041,30.0,Female,Married,Research & Development,Healthcare Representative,4,3,Life Sciences,2,Travel_Rarely,11990.0,11,0,Yes,10,8,7,4.0,6,7,1,4,3,3.0,3.0,3,3,Yes,1,Y,80
10505,42.0,Female,Divorced,Research & Development,Manager,2,3,Life Sciences,1,Travel_Rarely,9455.0,15,0,Yes,22,10,8,5.0,7,7,2,3,3,4.0,2.0,3,2,No,1,Y,80
10277,37.0,Female,Divorced,Human Resources,HR Business Partner,3,4,Life Sciences,3,Travel_Rarely,9870.0,11,1,No,17,15,13,2.0,14,8,0,3,4,2.0,3.0,4,4,No,1,Y,80
10810,35.0,Female,Single,Research & Development,Research Director,4,3,Life Sciences,1,Travel_Rarely,11262.0,15,2,No,12,4,2,1.0,1,9,5,3,2,3.0,4.0,3,2,No,1,Y,80
10340,36.0,Female,Married,Research & Development,Manager,2,2,Life Sciences,2,Non-Travel,7703.0,14,2,No,13,9,9,2.0,6,6,6,3,3,4.0,4.0,4,4,No,1,Y,80
11596,28.0,Male,Married,Sales,Sales Representative,4,3,Medical,3,Travel_Rarely,12151.0,12,1,No,7,5,2,5.0,3,7,4,3,4,2.0,2.0,2,4,No,1,Y,80
11395,42.0,Male,Married,Research & Development,Laboratory Technician,1,4,Life Sciences,7,Non-Travel,6622.0,17,3,Yes,24,8,7,6.0,7,2,0,3,3,3.0,3.0,3,4,No,1,Y,80
10946,23.0,Male,Married,Sales,Sales Executive,2,4,Life Sciences,12,Travel_Frequently,7384.0,11,1,YES,4,0,0,0.0,0,3,4,3,2,1.0,4.0,1,4,Yes,1,Y,80
11271,28.0,Female,Married,research & development,Research Director,1,3,Technical Degree,8,Travel_Frequently,2260.0,18,2, Yes,4,1,0,0.0,0,2,1,4,3,4.0,2.0,1,4,Yes,1,Y,80
10186,38.0,Female,Single,Research & Development,Manufacturing Director,1,4,Life Sciences,7,Travel_Rarely,5625.0,21,1,No,17,16,16,11.0,13,9,3,3,3,4.0,4.0,2,3,No,1,Y,80
10799,43.0,Female,Divorced,Research & Development,Research Scientist,2,4,Marketing,8,Travel_Rarely,9563.0,14,0,YES,24,5,2,3.0,3,5,1,3,3,4.0,,1,2,No,1,Y,80
10931,41.0,Male,Married,Human Resources,Human Resources,4,3,Life Sciences,1,Travel_Rarely,13723.0,11,1,No,17,8,5,6.0,7,3,3,3,2,4.0,3.0,2,4,No,1,Y,80
10745,32.0,Female,Single,Research & Development,Manager,3,2,Medical,6,Travel_Rarely,"$9,583",18,0,No,13,1,1,0.0,0,4,4,3,3,2.0,4.0,2,4,No,1,Y,80
10979,23.0,Male,Divorced,Sales,Manager,3,3,Life Sciences,1,Travel_Rarely,8779.0,17,1,No,5,2,0,0.0,0,8,3,3,2,1.0,4.0,3,2,No,1,Y,80
10062,42.0,Female,Divorced,Sales,Sales Executive,1,3,Human Resources,3,Travel_Rarely,5913.0,14,2,No,22,3,0,0.0,3,1,1,3,3,3.0,4.0,4,2,No,1,Y,80
10798,46.0,Male,Married,Sales,Sales Representative,1,3,Human Resources,3,Travel_Rarely,6812.0,11,2,Yes,22,6,5,5.0,5,1,5,3,3,2.0,2.0,2,3,No,1,Y,80
11128,32.0,Female,Married,Research & Development,Manager,1,2,Life Sciences,17,Travel_Rarely,6497.0,13,1,No,13,1,0,0.0,0,4,4,4,4,4.0,3.0,3,3,Yes,1,Y,80
11505,22.0,Male,Divorced,sales,Sales Representative,3,2,Marketing,2,Travel_Rarely,10357.0,14,1,Yes,3,3,3,3.0,1,1,3,4,3,2.0,1.0,4,2,No,1,Y,80
11438,34.0,Male,Married,Sales,Sales Executive,1,5,Other,29,Travel_Rarely,,15,0,No,11,2,1,2.0,0,7,5,3,2,3.0,3.0,1,2,No,1,Y,80
10194,22.0,Female,Single,Research & Development,Healthcare Representative,1,4,Technical Degree,9,Travel_Frequently,6230.0,11,0,Yes,3,0,0,0.0,0,6,3,3,3,2.0,1.0,3,1,Yes,1,Y,80
10647,43.0,Female,Married,Research & Development,Healthcare Representative,3,3,Other,1,Travel_Rarely,9843.0,12,0,No,20,14,14,13.0,14,2,0,3,3,4.0,1.0,2,3,No,1,Y,80
10034,33.0,Female,Married,Sales,Manager,5,2,Human Resources,6,Travel_Rarely,13899.0,19,1,No,10,0,0,0.0,0,8,1,3,2,1.0,1.0,3,1,No,1,Y,80
11249,34.0,Female,Married,Research & Development,Manufacturing Director,3,2,Medical,9,Travel_Rarely,9823.0,13,0,Yes,11,6,3,5.0,3,1,0,4,3,2.0,3.0,3,3,No,1,Y,80
10801,46.0,Female,Married,Research & Development,  Laboratory Technician  ,2,3,Human Resources,1,Travel_Rarely,8158.0,17,1,Yes,24,19,19,4.0,18,6,0,3,3,3.0,3.0,4,4,No,1,Y,80
10058,43.0,Female,Married,Sales,Sales Representative,2,3,Other,4,Travel_Rarely,9129.0,22,0,No,25,10,10,1.0,7,7,1,3,3,3.0,3.0,2,3,No,1,Y,80
10939,36.0,Male,Divorced,Sales,Sales Representative,2,4,Human Resources,10,Travel_Rarely,8488.0,16,2,No,18,4,1,4.0,3,1,1,3,2,,1.0,3,3,No,1,Y,80
11118,37.0,Male,Single,Research & Development,Manager,3,3,Life Sciences,10,Travel_Rarely,10402.0,15,1,No,18,4,3,3.0,1,0,6,3,3,2.0,4.0,4,3,Yes,1,Y,80
10359,35.0,Female,Divorced,Research & Development,Manager,1,2,Technical Degree,4,Travel_Rarely,6457.0,22,1,No,15,0,0,0.0,0,2,0,3,3,2.0,4.0,3,1,No,1,Y,80
11402,27.0,Male,Married,Research & Development,Healthcare Representative,1,4,Human Resources,2,Travel_Rarely,4761.0,13,2,No,5,5,3,2.0,5,0,4,3,4,1.0,3.0,3,4,No,1,Y,80
10069,33.0,Male,Divorced,Research & Development,Manager,1,2,Marketing,4,Travel_Rarely,6181.0,16,0,No,13,13,11,3.0,13,4,6,3,3,2.0,1.0,3,4,Yes,1,Y,80
10292,41.0,Female,Married,Human Resources,HR Business Partner,1,5,Marketing,17,Non-Travel,8048.0,11,3,No,19,4,4,2.0,2,2,2,3,2,2.0,2.0,3,2,Yes,1,Y,80
10047,28.0,Female,Married,Human Resources,Manager,2,4,Technical Degree,2,Travel_Rarely,7669.0,14,0,No,4,3,3,2.0,1,6,2,3,3,4.0,1.0,1,2,No,1,Y,80
10924,49.0,Male,Married,Research & Development,Laboratory Technician,1,2,Life Sciences,4,Travel_Rarely,7895.0,11,0,No,31,24,22,8.0,23,5,5,3,3,4.0,4.0,3,2,No,1,Y,80
10278,47.0,Female,Married,Research & Development,Research Scientist,2,2,Life Sciences,3,Travel_Rarely,9091.0,17,0,No,24,15,13,14.0,13,7,1,3,2,2.0,4.0,3,1,Yes,1,Y,80
11567,42.0,Male,Married,Sales,Sales Executive,1,1,Medical,11,Travel_Rarely,4805.0,13,3,No,18,7,5,3.0,5,9,2,4,2,2.0,2.0,4,4,No,1,Y,80
10225,31.0,Female,Married,Sales,Manager,1,2,Human Resources,1,Non-Travel,5775.0,21,2,No,7,6,6,6.0,6,4,3,3,3,3.0,4.0,2,4,No,1,Y,80
10865,18.0,Male,Married,Sales,Manager,2,3,Human Resources,11,Travel_Rarely,"$6,653",18,2,No,0,0,0,0.0,0,1,6,4,3,1.0,3.0,3,4,Yes,1,Y,80
10382,25.0,Male,Married,Research & Development,Manufacturing Director,1,3,Medical,2,Travel_Rarely,5952.0,13,1,No,3,2,1,0.0,0,3,1,3,2,4.0,3.0,4,2,Yes,1,Y,80
11208,49.0,Female,Single,Research & Development,Manufacturing Director,3,4,Medical,3,Travel_Rarely,13046.0,11,1,Yes,29,12,12,8.0,9,4,2,3,3,4.0,3.0,3,2,Yes,1,Y,80
10365,29.0,Female,Married,Research & Development,Research Scientist,1,4,Life Sciences,8,Travel_Rarely,4818.0,15,2,Yes,7,7,4,,6,4,1,3,4,3.0,3.0,3,3,No,1,Y,80
11593,33.0,Female,Divorced,Research & Development,Healthcare Representative,2,4,Marketing,19,Travel_Rarely,7995.0,11,2,No,10,6,5,4.0,5,7,4,3,1,2.0,4.0,3,3,No,1,Y,80
11025,23.0,Male,Married,Research & Development,Research Director,1,4,Life Sciences,8,Travel_Rarely,4388.0,12,2,No,0,0,0,0.0,0,5,3,3,3,2.0,4.0,2,1,No,1,Y,80
10774,41.0,Male,Married,Human Resources,Manager,4,1,Life Sciences,7,Travel_Rarely,12211.0,13,2,No,21,4,3,4.0,3,9,3,3,3,3.0,4.0,4,1,No,1,Y,80
11105,41.0,Male,Married,Sales,Manager,1,3,Life Sciences,1,Travel_Frequently,6543.0,16,0,No,22,10,8,9.0,8,7,4,3,1,1.0,2.0,3,4,No,1,Y,80
10067,19.0,Male,Divorced,Research & Development,Research Director,3,2,,7,Travel_Rarely,10073.0,19,2,No,1,1,0,1.0,0,6,3,3,1,3.0,3.0,3,3,No,1,Y,80
11056,37.0,Male,Single,Human Resources,Human Resources,2,3,Life Sciences,1,Travel_Rarely,8855.0,11,2,No,18,7,5,6.0,6,1,0,3,2,4.0,2.0,4,2,Yes,1,Y,80
10868,45.0,Female,Divorced,Research & Development,Research Scientist,2,4,Medical,2,Travel_Rarely,8456.0,19,0,No,27,7,5,4.0,5,0,5,4,1,4.0,1.0,3,2,Yes,1,Y,80
10029,34.0,Female,Single,Sales,Manager,1,3,Human Resources,1,Travel_Rarely,5713.0,17,0,Yes,13,10,9,8.0,8,9,4,4,3,3.0,2.0,4,3,No,1,Y,80
10295,24.0,Male,Married,Research & Development,Manager,1,4,Technical Degree,29,Travel_Frequently,3791.0,17,1,NO,2,0,0,0.0,0,2,4,3,2,1.0,2.0,4,2,Yes,1,Y,80
10114,22.0,Male,Married,Research & Development,Laboratory Technician,1,5,Medical,1,Travel_Rarely,4436.0,11,0,No,1,0,0,0.0,0,3,6,4,1,3.0,3.0,3,3,No,1,Y,80
10246,21.0,Male,Married,Research & Development,Research Director,2,2,Human Resources,14,Travel_Rarely,6799.0,18,0,No,3,2,1,2.0,1,8,4,4,2,3.0,2.0,1,4,No,1,Y,80
11023,40.0,Male,Married,Research & Development,Research Scientist,2,3,Medical,1,Non-Travel,9881.0,17,0,Yes,19,7,5,6.0,6,5,3,4,2,2.0,2.0,3,2,Yes,1,Y,80
10981,30.0,Female,Married,Research & Development,Manufacturing Director,2,3,Life Sciences,3,Travel_Rarely,7712.0,14,2,Yes,6,4,4,3.0,1,5,5,3,3,2.0,4.0,3,4,No,1,Y,80
10412,43.0,Female,Married,Research & Development,Manufacturing Director,3,1,Human Resources,2,Travel_Rarely,12863.0,15,3,No,21,5,4,5.0,3,0,5,4,2,4.0,4.0,3,3,No,1,Y,80
11478,36.0,Female,Married,Research & Development,Manager,1,4,Other,12,Travel_Rarely,5694.0,18,0,Yes,12,6,5,6.0,6,8,0,3,2,4.0,1.0,3,2,Yes,1,Y,80
11293,42.0,Female,Married,Sales,Manager,2,1,Medical,13,Travel_Frequently,8002.0,15,1,Yes,22,13,13,10.0,10,8,6,4,2,2.0,3.0,4,1,Yes,1,Y,80
10117,33.0,Male,Married,Research & Development,Healthcare Representative,1,4,Life Sciences,17,Travel_Frequently,5400.0,14,0,No,10,7,6,1.0,5,0,2,3,3,3.0,1.0,3,1,No,1,Y,80
11551,35.0,Male,Divorced,HR,Human Resources,2,3,Life Sciences,2,Travel_Rarely,6248.0,12,3,YES,16,10,7,7.0,8,7,4,3,2,2.0,3.0,2,3,No,1,Y,80
11480,43.0,Male,Married,Human Resources,Manager,3,2,Life Sciences,14,Travel_Rarely,11558.0,11,1,No,25,0,0,0.0,0,1,2,3,3,3.0,3.0,3,4,No,1,Y,80
10248,35.0,Male,Single,Research & Development,Research Director,1,4,Technical Degree,1,Travel_Rarely,7013.0,12,1,No,12,8,6,4.0,6,4,3,3,3,3.0,4.0,3,1,No,1,Y,80
10666,39.0,Female,Married,Sales,Manager,3,2,Human Resources,7,Travel_Frequently,10342.0,11,0,No,18,1,1,0.0,0,1,2,3,3,1.0,3.0,3,3,No,1,Y,80
11585,34.0,Male,Married,Sales,Sales Representative,3,4,Life Sciences,13,Travel_Rarely,9584.0,13,1,No,14,12,10,11.0,12,5,4,3,1,3.0,3.0,2,2,No,1,Y,80
11243,26.0,Male,Married,Sales,Sales Representative,4,3,Life Sciences,29,Travel_Rarely,12809.0,18,1,No,7,7,6,3.0,4,4,4,3,2,4.0,1.0,4,2,No,1,Y,80
10093,38.0,Female,Single,Research & Development,Manager,2,3,Technical Degree,2,Travel_Frequently,8179.0,15,0,No,18,14,13,11.0,12,0,2,3,3,3.0,4.0,2,4,No,1,Y,80
10115,45.0,Female,Divorced,Research & Development,Manufacturing Director,1,4,Medical,3,Travel_Rarely,7298.0,14,0,No,22,1,0,1.0,0,7,5,3,4,2.0,4.0,4,4,No,1,Y,80
10255,38.0,Female,Divorced,Research & Development,Healthcare Representative,1,1,Medical,13,Travel_Rarely,7105.0,20,1,No,16,12,11,4.0,9,1,0,3,3,2.0,1.0,3,4,Yes,1,Y,80
10430,43.0,Female,Single,Sales,Sales Representative,3,3,Life Sciences,7,Travel_Rarely,11563.0,16,0,No,21,11,8,6.0,9,8,5,3,2,3.0,4.0,3,1,No,1,Y,80
10589,36.0,Male,Divorced,Human Resources,Human Resources,1,3,Technical Degree,3,Travel_Rarely,5346.0,15,0,No,13,0,0,0.0,0,0,5,3,2,1.0,3.0,3,4,No,1,Y,80
11341,31.0,Male,Divorced,Research & Development,Manufacturing Director,1,5,Marketing,9,Travel_Rarely,"$5,185",14,0,No,12,7,4,4.0,5,2,6,3,3,3.0,1.0,3,3,No,1,Y,80
10119,39.0,Male,Married,Human Resources,HR Business Partner,3,4,Life Sciences,11,Travel_Rarely,"$10,387",15,0,Yes,16,9,7,1.0,8,5,0,3,2,3.0,3.0,3,4,No,1,Y,80
10133,37.0,Female,Married,Research & Development,Research Director,3,2,Other,11,Travel_Rarely,10450.0,14,2,No,13,8,7,6.0,6,4,1,3,3,3.0,3.0,2,3,No,1,Y,80
11196,36.0,Female,Married,Research & Development,Healthcare Representative,3,3,Medical,2,Travel_Rarely,10095.0,18,1,No,13,8,7,3.0,7,4,1,3,4,3.0,4.0,4,2,No,1,Y,80
11564,34.0,Male,Single,Research & Development,Healthcare Representative,3,3,Technical Degree,22,Travel_Rarely,9941.0,15,3,No,11,6,3,0.0,4,2,3,3,3,3.0,2.0,2,1,No,1,Y,80
10247,19.0,Female,Married,Human Resources,HR Business Partner,3,4,Life Sciences,2 km,Travel_Frequently,9357.0,11,1,Yes,0,0,0,0.0,0,4,5,3,3,3.0,4.0,3,2,No,1,Y,80
11091,47.0,Female,Divorced,Research & Development,Manufacturing Director,1,5,Life Sciences,7,Travel_Frequently,7174.0,16,0,No,29,0,0,0.0,0,3,1,3,3,1.0,3.0,2,4,No,1,Y,80
10776,38.0,Female,Divorced,Research & Development,Manager,2,4,Medical,1,Travel_Rarely,8951.0,22,0,No,14,0,0,0.0,0,7,0,3,3,3.0,3.0,3,1,Yes,1,Y,80
10553,32.0,Female,Divorced,SALES,Manager,1,2,Medical,14,Travel_Rarely,6154.0,19,0,No,12,11,11,10.0,9,8,3,3,3,3.0,2.0,3,4,No,1,Y,80
11133,40.0,Female,Single,Human Resources,Manager,3,4,Other,1,Non-Travel,9888.0,15,0,No,20,4,4,3.0,2,5,3,3,3,1.0,3.0,4,4,No,1,Y,80
11648,42.0,Female,Single,Research & Development,Research Scientist,2,4,Life Sciences,29,Travel_Rarely,8244.0,12,2,No,19,11,11,5.0,9,9,5,3,2,2.0,4.0,4,1,No,1,Y,80
11580,29.0,Male,Married,research & development,Research Scientist,5,2,Life Sciences,7,Non-Travel,15447.0,18,2,No,10,10,10,0.0,9,2,1,3,1,4.0,4.0,3,2,No,1,Y,80
11134,42.0,Male,Single,Research & Development,Laboratory Technician,4,2,Life Sciences,1,Travel_Frequently,12693.0,15,3,Yes,23,17,17,4.0,17,6,6,3,4,3.0,3.0,3,4,No,1,Y,80
10652,32.0,Male,Married,Sales,Manager,4,2,Life Sciences,4,Travel_Rarely,11195.0,11,0,No,10,7,7,2.0,6,5,5,3,3,1.0,3.0,2,4,No,1,Y,80
11173,43.0,Male,Married,Research & Development,Healthcare Representative,5,3,Marketing,1,Travel_Rarely,16744.0,15,0,No,23,10,8,2.0,9,4,0,3,2,3.0,2.0,2,3,No,1,Y,80
11605,21.0,Male,Single,Research & Development,Manufacturing Director,2,5,Medical,1,Travel_Rarely,6493.0,13,0,No,0,0,0,0.0,0,8,4,4,4,4.0,1.0,1,3,Yes,1,Y,80
10534,45.0,Female,Single,Research & Development,Healthcare Representative,1,2,Marketing,1,Travel_Rarely,7183.0,11,1,No,21,16,14,11.0,16,8,1,3,4,2.0,3.0,4,3,No,1,Y,80
10863,56.0,Female,Single,Research & Development,Manager,3,2,Technical Degree,1,Travel_Frequently,12430.0,13,0,No,35,25,25,0.0,24,2,2,3,3,1.0,3.0,3,1,No,1,Y,80
11142,41.0,Female,Single,Research & Development,Research Scientist,1,1,Human Resources,10,Travel_Rarely,6797.0,16,1,No,23,20,20,4.0,19,9,1,3,2,,4.0,2,3,No,1,Y,80
11302,44.0,Male,Married,Human Resources,  Manager  ,1,3,Life Sciences,17,Travel_Rarely,6701.0,11,1,Yes,26,20,20,13.0,19,3,4,4,2,3.0,2.0,2,4,Yes,1,Y,80
10898,48.0,Female,Married,Sales,Sales Executive,2,4,Other,6,Travel_Rarely,10184.0,12,2,No,27,4,4,0.0,1,2,3,3,2,1.0,4.0,1,4,No,1,Y,80
11150,42.0,Male,Married,Research & Development,Manager,1,3,Medical,1,Travel_Rarely,5890.0,20,1,No,18,13,13,10.0,12,7,3,3,3,3.0,4.0,3,4,No,1,Y,80
11614,32.0,Male,Divorced,Sales,Sales Executive,1,2,Life Sciences,4,Travel_Rarely,6263.0,21,3,Yes,11,7,4,7.0,6,4,5,3,2,3.0,4.0,2,1,No,1,Y,80
10677,60.0,Female,Married,Human Resources,Manager,4,3,,28,Non-Travel,14895.0,11,1,Yes,40,5,5,2.0,5,0,0,3,4,4.0,1.0,3,1,No,1,Y,80
10015,30.0,Male,Divorced,Research & Development,Laboratory Technician,2,2,Marketing,1,Travel_Rarely,6435.0,11,2,Yes,7,5,5,3.0,3,5,0,3,3,4.0,4.0,4,2,Yes,1,Y,80
10501,34.0,Female,Single,Human Resources,Human Resources,3,4,Life Sciences,4,Non-Travel,10696.0,16,1,No,14,0,0,0.0,0,1,5,4,2,2.0,3.0,3,3,Yes,1,Y,80
11365,38.0,Male,Single,Human Resources,HR Business Partner,1,5,Life Sciences,1,Travel_Rarely,5835.0,19,1,YES,18,9,6,4.0,9,5,2,3,3,3.0,2.0,3,3,No,1,Y,80
11107,36.0,Female,Married,Sales,Manager,3,3,Technical Degree,1,Travel_Frequently,10827.0,14,3,Yes,17,1,0,0.0,0,1,1,3,2,4.0,2.0,3,4,Yes,1,Y,80
11405,37.0,Male,Married,Sales,Sales Executive,1,4,Medical,4,Travel_Rarely,6268.0,21,1,No,14,1,0,1.0,0,0,2,3,4,1.0,2.0,3,4,Yes,1,Y,80
10601,39.0,Female,Single,Research & Development,Laboratory Technician,4,5,Medical,1,Travel_Rarely,14523.0,22,0,No,17,17,15,13.0,17,3,1,4,3,3.0,2.0,3,1,Yes,1,Y,80
10876,25.0,Female,Divorced,Research & Development,Laboratory Technician,1,2,Medical,7,Travel_Rarely,5537.0,12,0,Yes,2,0,0,0.0,0,7,0,3,2,3.0,1.0,2,3,Yes,1,Y,80
10274,38.0,Male,Married,Research & Development,Laboratory Technician,2,2,Technical Degree,2,Travel_Rarely,11221.0,16,0,Yes,17,12,10,5.0,9,2,0,3,2,3.0,3.0,2,4,No,1,Y,80
10685,48.0,Male,Married,Sales,Sales Representative,4,2,Life Sciences,22,Non-Travel,14028.0,16,0,No,30,9,6,9.0,7,3,2,3,4,1.0,1.0,4,2,No,1,Y,80
11247,21.0,Female,Divorced,Research & Development,Manager,1,3,Marketing,17,Travel_Rarely,4417.0,20,0,No,0,0,0,0.0,0,7,3,4,1,,2.0,4,4,Yes,1,Y,80
10372,33.0,Male,Divorced,Sales,Sales Representative,3,3,Life Sciences,20,Travel_Frequently,10851.0,13,0,Yes,13,10,8,5.0,9,9,6,3,3,2.0,3.0,3,2,Yes,1,Y,80
10272,31.0,Male,Divorced,Sales,Sales Executive,1,4,Life Sciences,17,Travel_Rarely,5482.0,12,0,No,9,6,6,2.0,5,6,6,4,3,4.0,1.0,4,2,No,1,Y,80
10606,41.0,Female,Single,Sales,Sales Representative,1,4,Technical Degree,3,Non-Travel,6795.0,19,3,Yes,17,4,1,1.0,1,0,2,3,3,4.0,2.0,3,2,No,1,Y,80
10215,44.0,Male,Single,Research & Development,Research Director,1,3,Life Sciences,26,Travel_Rarely,7600.0,16,0,No,21,11,10,7.0,11,1,2,3,2,2.0,2.0,2,4,No,1,Y,80
11250,33.0,Female,Single,Research & Development,Manufacturing Director,2,4,Life Sciences,18,Travel_Rarely,7894.0,11,1,No,11,5,3,2.0,2,5,4,3,1,3.0,1.0,3,1,No,1,Y,80
10345,36.0,Female,Single,Sales,Sales Representative,1,4,Human Resources,12,Travel_Rarely,3947.0,19,0,No,17,6,4,0.0,6,2,6,3,3,4.0,2.0,2,4,No,1,Y,80
10839,46.0,Female,Divorced,Research & Development,Manufacturing Director,4,3,Marketing,14,Travel_Rarely,12855.0,15,0,Yes,26,4,3,2.0,4,1,4,3,4,4.0,2.0,3,4,No,1,Y,80
10148,31.0,Male,Divorced,Sales,Sales Representative,3,4,Human Resources,1,Travel_Rarely,10255.0,12,0,No,7,2,1,1.0,0,3,0,3,2,2.0,4.0,3,3,No,1,Y,80
11022,38.0,Female,Single,Research & Development,Laboratory Technician,4,2,Life Sciences,1,Travel_Rarely,12245.0,11,0,No,19,13,12,13.0,10,4,6,3,4,4.0,2.0,2,2,No,1,Y,80
11260,37.0,Male,Single,Research & Development,Manager,2,3,Medical,11,Travel_Rarely,8993.0,14,2,No,17,12,9,11.0,9,2,4,3,3,2.0,1.0,3,2,No,1,Y,80
10413,33.0,Female,Single,Research & Development,Research Director,1,1,Other,1,Travel_Rarely,5448.0,11,0,No,11,5,2,4.0,2,4,0,3,1,3.0,2.0,3,3,No,1,Y,80
10784,39.0,Female,Married,Research & Development,Manufacturing Director,1,3,Life Sciences,26,Travel_Frequently,6894.0,19,0,No,21,3,0,1.0,3,3,4,4,4,3.0,3.0,3,3,No,1,Y,80
10343,30.0,Male,Single,research & development,Research Director,4,2,Technical Degree,9,Travel_Rarely,10918.0,12,3,No,6,3,2,3.0,0,2,4,3,3,4.0,4.0,4,3,No,1,Y,80
10948,41.0,Male,Divorced,Research & Development,Manufacturing Director,3,2,Medical,27,Non-Travel,9845.0,17,1,No,22,15,15,14.0,12,7,1,3,2,1.0,2.0,4,2,Yes,1,Y,80
10748,37.0,Female,Single,Research & Development,Healthcare Representative,1,3,Medical,12,Travel_Rarely,6614.0,24,1,No,15,15,13,14.0,14,1,1,3,3,1.0,3.0,3,2,No,1,Y,80
10174,38.0,Female,Single,Sales,Manager,3,4,Human Resources,6,Travel_Rarely,11065.0,11,0,No,19,12,11,12.0,12,0,0,3,3,2.0,2.0,3,2,No,1,Y,80
10378,37.0,Female,Married,Research & Development,Research Scientist,2,2,Life Sciences,15,Travel_Rarely,9285.0,17,0,No,19,1,0,0.0,0,0,5,4,1,,1.0,3,4,Yes,1,Y,80
10739,40.0,Female,Divorced,Sales,Sales Representative,2,2,Marketing,16,Travel_Rarely,,16,0,yes,21,13,10,12.0,11,9,1,3,4,1.0,3.0,2,3,No,1,Y,80
11590,45.0,Male,Married,Research & Development,Research Scientist,2,5,Medical,22,Non-Travel,10159.0,20,0,No,21,20,17,4.0,18,3,1,3,3,3.0,2.0,3,1,Yes,1,Y,80
10053,42.0,Female,Divorced,Research & Development,Research Director,1,3,Medical,1,Travel_Rarely,5528.0,11,0,Yes,18,9,7,4.0,9,3,4,3,2,1.0,4.0,3,2,No,1,Y,80
10019,25.0,Female,Divorced,Research & Development,Healthcare Representative,3,4,Life Sciences,15,Non-Travel,9317.0,14,0,Yes,6,5,3,4.0,2,4,0,3,3,4.0,1.0,3,2,No,1,Y,80
10222,45.0,Male,Divorced,Research & Development,Laboratory Technician,2,2,Marketing,15,Travel_Rarely,8091.0,12,0,Yes,23,6,5,5.0,3,2,3,3,2,1.0,1.0,4,1,No,1,Y,80
11463,28.0,Male,Divorced,Sales,Manager,4,4,Life Sciences,1,Travel_Rarely,10830.0,16,0,No,7,5,3,2.0,2,9,2,3,2,2.0,4.0,3,3,Yes,1,Y,80
11264,42.0,Female,Single,Research & Development,Manufacturing Director,1,2,Medical,23,Travel_Rarely,"$4,243",15,0,NO,18,2,0,2.0,0,5,3,3,1,3.0,1.0,3,3,No,1,Y,80
11600,18.0,Female,Married,Research & Development,Manager,1,1,Life Sciences,15,Travel_Rarely,3741.0,13,0,No,0,0,0,0.0,0,2,5,3,3,1.0,3.0,4,1,No,1,Y,80
11141,28.0,Male,Divorced,Sales,Sales Executive,2,3,Marketing,8,Travel_Rarely,6860.0,13,0,No,8,2,0,2.0,0,1,6,3,1,4.0,2.0,1,3,No,1,Y,80
10096,20.0,Female,Divorced,Sales,Sales Representative,1,5,Technical Degree,1,Travel_Rarely,4214.0,15,0,No,0,0,0,0.0,0,5,3,3,2,2.0,3.0,3,2,No,1,Y,80
10262,32.0,Female,Single,Sales,Sales Executive,1,5,Life Sciences,5,Travel_Rarely,5700.0,14,1,No,13,10,10,8.0,10,4,4,3,4,,4.0,3,2,No,1,Y,80
11342,34.0,Female,Single,Sales,Manager,2,3,Life Sciences,4,Travel_Rarely,9748.0,13,0,No,13,1,0,1.0,0,0,4,3,3,2.0,4.0,2,4,Yes,1,Y,80
10180,42.0,Female,Single,Research & Development,Manager,1,2,Medical,12,Travel_Rarely,5980.0,11,1,Yes,24,11,10,1.0,9,5,0,3,2,1.0,2.0,2,2,No,1,Y,80
11127,34.0,Female,Divorced,Sales,Sales Executive,4,3,Life Sciences,10,Travel_Rarely,12525.0,21,1,Yes,13,2,0,1.0,0,4,0,3,3,3.0,3.0,3,4,No,1,Y,80
10717,37.0,Female,Married,Sales,Sales Executive,2,4,Technical Degree,16,Travel_Rarely,8846.0,16,0,No,15,5,4,5.0,4,3,0,3,2,1.0,1.0,3,4,Yes,1,Y,80
11578,28.0,Female,Divorced,Sales,Sales Representative,1,4,Technical Degree,3,Travel_Frequently,4913.0,20,1,No,7,6,4,4.0,3,5,4,3,3,2.0,2.0,3,4,Yes,1,Y,80
10185,60.0,Female,Single,Research & Development,  Manager  ,4,2,Medical,2,Non-Travel,14136.0,19,0,No,40,9,6,9.0,9,6,6,3,1,1.0,3.0,3,1,No,1,Y,80
10468,46.0,Male,Divorced,Human Resources,HR Business Partner,2,3,Human Resources,1,Travel_Rarely,6432.0,11,1,No,26,11,10,8.0,10,9,1,3,2,,4.0,2,1,No,1,Y,80
10904,51.0,Male,Married,Sales,Manager,2,2,Life Sciences,5,Travel_Rarely,9146.0,11,3,Yes,27,14,11,5.0,14,4,3,3,3,3.0,4.0,4,3,No,1,Y,80
10072,26.0,Male,Divorced,R&D,Laboratory Technician,3,4,Life Sciences,9,Travel_Rarely,8835.0,11,1,No,4,4,3,0.0,1,1,3,3,2,3.0,3.0,3,2,No,1,Y,80
11207,42.0,Male,Single,Research & Development,Manager,1,2,Life Sciences,1,Travel_Rarely,6842.0,13,1,No,19,15,14,12.0,14,0,3,3,1,1.0,3.0,4,2,No,1,Y,80
10347,42.0,Female,Married,Research & Development,Manager,1,4,Life Sciences,14,Travel_Frequently,6891.0,11,0,No,21,16,15,5.0,16,2,2,3,2,2.0,4.0,2,3,No,1,Y,80
10030,39.0,Male,Married,Sales,Sales Executive,3,3,Medical,12,Travel_Frequently,11472.0,16,0,No,18,9,7,9.0,8,3,6,3,3,3.0,3.0,2,2,No,1,Y,80
10797,41.0,Male,Divorced,Sales,Sales Executive,1,5,Technical Degree,14,Travel_Frequently,5821.0,12,1,No,21,15,13,11.0,12,2,3,4,4,4.0,1.0,2,3,Yes,1,Y,80
11064,36.0,Female,Married,Research & Development,Research Director,1,5,Medical,3,Travel_Rarely,5686.0,11,0,Yes,17,0,0,0.0,0,3,5,3,3,3.0,1.0,3,4,No,1,Y,80
10158,37.0,Female,Single,Human Resources,Manager,3,1,Medical,14,Travel_Frequently,"$9,705",11,1,No,13,5,4,1.0,3,0,3,3,3,1.0,1.0,3,3,No,1,Y,80
10933,19.0,Male,Married,Research & Development,Manufacturing Director,2,4,Life Sciences,21,Travel_Rarely,6696.0,15,1,No,0,0,0,0.0,0,1,4,4,2,2.0,4.0,4,3,Yes,1,Y,80
10659,37.0,Male,Single,Sales,Manager,3,2,Life Sciences,5,Travel_Rarely,11441.0,22,0,No,19,11,8,2.0,9,3,3,3,2,2.0,3.0,2,1,Yes,1,Y,80
11475,36.0,Female,Single,Sales,Sales Representative,5,3,Technical Degree,2,Travel_Rarely,16130.0,19,0,No,16,13,10,6.0,13,3,5,3,2,3.0,1.0,3,4,No,1,Y,80
10395,37.0,Male,Single,Research & Development,Laboratory Technician,4,3,Other,3,Travel_Rarely,13775.0,22,2,No,17,7,7,1.0,5,2,3,3,3,4.0,3.0,3,1,Yes,1,Y,80
11077,32.0,Female,Married,Research & Development,Research Scientist,1,1,Technical Degree,16,Travel_Frequently,5028.0,20,0,Yes,9,6,3,5.0,3,5,5,3,3,4.0,1.0,2,4,No,1,Y,80
10989,24.0,Female,Single,Sales,Sales Representative,3,3,Human Resources,1,Travel_Frequently,9657.0,16,0,No,5,5,2,1.0,4,7,5,4,3,4.0,2.0,3,4,No,1,Y,80
11330,41.0,Female,Divorced,Sales,Sales Representative,5,4,Human Resources,20,Travel_Rarely,14477.0,16,0,No,23,16,15,12.0,15,8,3,4,2,1.0,2.0,2,4,Yes,1,Y,80
11182,24.0,Male,Married,Sales,Manager,1,3,Other,3,Travel_Frequently,4922.0,16,1,No,5,0,0,0.0,0,8,3,3,1,2.0,3.0,1,2,Yes,1,Y,80
10403,33.0,Male,Married,Research & Development,Laboratory Technician,1,3,Life Sciences,7,Travel_Rarely,,17,0,Yes,12,7,4,3.0,5,0,3,3,4,4.0,1.0,2,1,Yes,1,Y,80
10990,28.0,Male,Single,research & development,Laboratory Technician,1,3,Other,11,Travel_Rarely,,13,0,No,4,3,3,1.0,2,8,3,3,2,2.0,1.0,3,3,No,1,Y,80
10678,35.0,Male,Divorced,Research & Development,Manager,1,5,Life Sciences,11,Travel_Rarely,4686.0,11,1,No,16,15,14,0.0,14,7,5,3,3,2.0,1.0,3,3,No,1,Y,80
10823,26.0,Male,Married,Human Resources,Human Resources,2,5,Marketing,22,Travel_Frequently,8345.0,15,2,No,7,6,4,1.0,5,7,6,3,3,4.0,3.0,3,4,No,1,Y,80
10964,21.0,Female,Married,Sales,Sales Executive,4,3,Medical,5,Travel_Rarely,10654.0,14,3,No,3,1,0,0.0,0,9,5,3,2,4.0,2.0,3,3,No,1,Y,80
10836,31.0,Male,Married,HR,Human Resources,2,4,Technical Degree,7,Travel_Rarely,8854.0,12,0,Yes,8,6,5,1.0,5,4,0,4,2,3.0,1.0,3,2,No,1,Y,80
11034,47.0,Male,Single,Sales,Sales Representative,1,4,Life Sciences,4,Travel_Rarely,6346.0,23,1,Yes,27,12,10,,9,3,0,3,3,3.0,3.0,3,2,No,1,Y,80
11387,37.0,Male,Married,Research & Development,Manufacturing Director,1,5,Life Sciences,1,Travel_Frequently,6136.0,12,3,No,15,2,2,1.0,2,7,5,3,3,2.0,1.0,1,3,No,1,Y,80
10940,39.0,Male,Married,Sales,Manager,4,4,Technical Degree,14,Travel_Frequently,13386.0,14,1,Yes,21,14,12,9.0,11,6,5,3,3,2.0,1.0,2,4,No,1,Y,80
11055,32.0,Male,Single,Human Resources,  Human Resources  ,5,1,Technical Degree,5,Travel_Frequently,15272.0,11,1,No,12,7,7,2.0,6,5,6,3,2,1.0,2.0,3,4,No,1,Y,80
11102,42.0,Female,Single,Sales,Sales Executive,3,3,Other,12,Non-Travel,11576.0,11,2,Yes,19,15,13,7.0,15,0,6,3,2,4.0,4.0,3,4,No,1,Y,80
10692,36.0,Female,Married,Research & Development,Healthcare Representative,2,3,Life Sciences,1,Non-Travel,"$7,401",16,0,Yes,18,15,12,2.0,12,7,4,3,1,4.0,4.0,2,4,Yes,1,Y,80
11349,-1.0,Female,Single,R&D,Research Scientist,5,1,Marketing,9,Travel_Rarely,16398.0,17,0,No,24,10,10,0.0,10,5,1,4,3,4.0,2.0,4,3,No,1,Y,80
10335,45.0,Male,Married,Sales,Sales Representative,1,3,Technical Degree,6,Travel_Rarely,6317.0,12,1,No,22,18,17,3.0,17,2,5,3,3,4.0,3.0,1,2,No,1,Y,80
10874,,Male,Divorced,Sales,Sales Representative,2,3,Technical Degree,1,Travel_Rarely,9729.0,18,0,No,31,31,31,9.0,30,2,1,3,3,3.0,1.0,1,2,No,1,Y,80
10806,28.0,Male,Married,Research & Development,Research Scientist,3,3,Medical,6,Travel_Frequently,9706.0,17,3,No,4,4,4,1.0,1,1,1,3,3,2.0,4.0,3,2,No,1,Y,80
10008,56.0,Male,Divorced,R&D,Manager,2,4,Life Sciences,2,Travel_Rarely,10067.0,11,0,No,33,30,29,15.0,27,1,1,4,3,4.0,4.0,3,2,No,1,Y,80
10518,42.0,Male,Married,Research & Development,Healthcare Representative,4,4,Life Sciences,1,Non-Travel,15308.0,11,2,No,23,19,18,,17,7,4,4,1,3.0,1.0,3,1,No,1,Y,80
10198,39.0,Male,Married,Research & Development,Manager,1,3,Life Sciences,4,Travel_Rarely,7182.0,11,0,Yes,17,11,8,0.0,8,3,0,3,3,1.0,2.0,4,4,Yes,1,Y,80
10297,27.0,Male,Married,Research & Development,Laboratory Technician,2,3,Human Resources,6,Travel_Frequently,7990.0,13,0,No,6,2,0,0.0,0,5,1,3,3,2.0,4.0,3,1,No,1,Y,80
11225,35.0,Male,Married,Sales,Manager,4,2,Marketing,3,Travel_Rarely,11417.0,15,1,No,17,16,13,8.0,15,4,5,3,3,2.0,3.0,3,2,Yes,1,Y,80
11489,30.0,Female,Divorced,Research & Development,Manufacturing Director,2,2,Life Sciences,6 km,Travel_Rarely,6382.0,19,1,Yes,8,3,1,1.0,1,1,5,3,3,4.0,4.0,2,4,No,1,Y,80
10123,34.0,Female,Divorced,Sales,Sales Representative,2,3,Medical,1,Travel_Rarely,9017.0,13,0,Yes,16,15,14,0.0,15,4,1,3,3,1.0,1.0,2,3,No,1,Y,80
10379,47.0,Female,Single,Research & Development,Manufacturing Director,2,1,Medical,1,Travel_Frequently,8881.0,24,1,No,25,21,18,8.0,21,2,5,3,2,2.0,2.0,3,1,No,1,Y,80
11063,30.0,Male,Married,Research & Development,Manager,3,3,Marketing,1,Travel_Rarely,9723.0,11,0,No,7,0,0,0.0,0,3,5,4,3,2.0,4.0,3,1,No,1,Y,80
11464,45.0,Male,Married,Sales,Manager,1,2,Life Sciences,2,Travel_Rarely,8063.0,19,1,Yes,21,6,6,0.0,4,9,3,3,3,4.0,4.0,1,4,Yes,1,Y,80
11230,26.0,Male,Single,Sales,Sales Executive,2,4,Medical,3,Travel_Rarely,6977.0,17,0,No,7,3,1,,1,0,0,3,1,2.0,3.0,4,3,No,1,Y,80
10163,39.0,Female,Married,Sales,Sales Executive,2,5,Technical Degree,4,Travel_Rarely,7824.0,17,1,Yes,17,3,3,2.0,2,3,2,3,3,3.0,3.0,1,4,Yes,1,Y,80
11187,51.0,Female,Divorced,Research & Development,Laboratory Technician,1,4,Life Sciences,7,Travel_Rarely,7440.0,17,0,No,30,14,11,0.0,13,8,0,3,1,1.0,2.0,3,2,No,1,Y,80
11092,52.0,Female,Married,Research & Development,Research Scientist,1,1,Medical,20,Travel_Rarely,7828.0,15,0,No,34,18,18,7.0,16,5,1,3,3,2.0,2.0,3,4,No,1,Y,80
10125,31.0,Female,Single,Research & Development,Laboratory Technician,4,4,Medical,1,Travel_Rarely,11068.0,13,0,Yes,10,9,9,2.0,7,7,6,3,3,3.0,3.0,3,3,No,1,Y,80
10552,31.0,Female,Single,Research & Development,Laboratory Technician,2,3,Medical,14,Travel_Rarely,9279.0,17,0,Yes,11,1,0,0.0,0,5,1,4,3,1.0,3.0,3,4,No,1,Y,80
10005,21.0,Female,Divorced,Sales,Manager,3,2,Life Sciences,8,Travel_Frequently,8565.0,14,1,No,0,0,0,0.0,0,9,1,3,4,3.0,2.0,3,3,No,1,Y,80
10916,29.0,Female,Single,Research & Development,Healthcare Representative,2,3,Human Resources,6,Travel_Rarely,6212.0,11,2,No,5,4,3,3.0,4,2,0,4,3,3.0,3.0,3,4,No,1,Y,80
10959,36.0,Male,Divorced,Research & Development,Laboratory Technician,1,3,Life Sciences,28,Non-Travel,5579.0,14,0,Yes,13,10,7,6.0,8,7,5,3,3,1.0,4.0,3,3,No,1,Y,80
11429,24.0,Female,Married,Research & Development,  Manager  ,3,1,Marketing,7,Travel_Rarely,8723.0,18,1,No,1,0,0,0.0,0,7,1,3,3,3.0,4.0,2,3,Yes,1,Y,80
10612,33.0,Female,Single,research & development,Manufacturing Director,5,2,Medical,3,Travel_Rarely,13295.0,16,2,No,9,3,1,1.0,2,5,5,4,3,2.0,4.0,2,1,No,1,Y,80
10288,21.0,Male,Married,Sales,Sales Representative,1,3,Medical,1,Travel_Rarely,4228.0,12,1,Yes,0,0,0,0.0,0,5,6,4,3,2.0,1.0,3,4,Yes,1,Y,80
10957,33.0,Male,Married,Research & Development,Research Director,2,3,Life Sciences,5,Travel_Frequently,9022.0,13,0,No,12,6,4,2.0,4,4,6,3,2,1.0,3.0,3,4,Yes,1,Y,80
10644,20.0,Male,Married,Sales,Manager,5,5,Life Sciences,1,Travel_Frequently,13021.0,19,1,Yes,0,0,0,0.0,0,4,2,3,3,4.0,1.0,2,3,Yes,1,Y,80
11245,42.0,Male,Married,Sales,Manager,4,4,Medical,4,Travel_Rarely,15405.0,11,0,No,23,0,0,0.0,0,3,5,3,1,2.0,3.0,3,4,No,1,Y,80
11261,42.0,Female,Married,Research & Development,Healthcare Representative,3,2,Medical,3,Travel_Rarely,10274.0,15,0,Yes,23,20,20,14.0,20,1,5,3,3,2.0,1.0,3,1,No,1,Y,80
10909,32.0,Male,Single,Research & Development,Manager,2,3,Life Sciences,16,Travel_Rarely,6709.0,11,2,No,8,0,0,0.0,0,0,4,3,2,4.0,4.0,3,3,No,1,Y,80
10507,28.0,Female,Married,Research & Development,Research Director,2,4,Life Sciences,1,Travel_Rarely,5849.0,11,0,No,7,6,3,0.0,4,1,2,3,3,3.0,2.0,2,4,No,1,Y,80
10357,56.0,Female,Single,Research & Development,Manager,2,4,Life Sciences,13,Non-Travel,10811.0,12,1,No,38,10,10,9.0,9,2,4,3,3,3.0,3.0,2,2,No,1,Y,80
10353,56.0,Male,Married,Research & Development,Manufacturing Director,3,4,Life Sciences,10,Travel_Rarely,12682.0,19,0,No,33,31,28,5.0,29,4,0,3,3,4.0,2.0,2,4,No,1,Y,80
10845,25.0,Female,Married,Research & Development,Healthcare Representative,2,4,Marketing,8,Travel_Rarely,8870.0,20,0,Yes,5,0,0,,0,3,3,3,4,2.0,1.0,3,4,No,1,Y,80
11155,47.0,Male,Single,Sales,Sales Executive,3,4,Technical Degree,9,Travel_Rarely,11025.0,15,0,No,26,8,7,2.0,8,4,1,3,2,4.0,3.0,3,4,No,1,Y,80
10837,26.0,Female,Married,Research & Development,Laboratory Technician,2,3,Life Sciences,7,Travel_Rarely,7213.0,11,2,No,7,7,6,3.0,7,6,2,3,2,2.0,4.0,2,4,No,1,Y,80
10947,28.0,Female,Married,Research & Development,Laboratory Technician,2,4,Life Sciences,2,Travel_Frequently,6728.0,12,2,Yes,8,1,0,1.0,1,6,1,3,4,3.0,3.0,3,3,No,1,Y,80
10668,34.0,Male,Married,research & development,Healthcare Representative,3,4,Marketing,1,Travel_Rarely,10334.0,12,0,Yes,11,2,2,1.0,1,9,6,3,2,3.0,4.0,4,4,Yes,1,Y,80
10887,56.0,Female,Single,Research & Development,Manager,2,5,Medical,3,Travel_Rarely,"$11,262",16,2,No,34,2,0,2.0,0,7,0,3,2,3.0,3.0,3,3,No,1,Y,80
11397,40.0,Male,Single,Research & Development,Manager,1,5,Marketing,5,Travel_Rarely,6238.0,20,1,No,18,8,5,1.0,6,1,4,3,2,3.0,2.0,3,3,No,1,Y,80
10334,42.0,Female,Single,HR,Manager,3,2,Technical Degree,29,Travel_Rarely,9812.0,11,0,yes,19,7,7,3.0,5,3,4,3,2,4.0,2.0,2,3,Yes,1,Y,80
10154,46.0,Female,Married,Sales ,Manager,1,4,Other,7,Travel_Rarely,8085.0,11,0,Yes,22,0,0,0.0,0,2,3,3,2,3.0,2.0,3,4,No,1,Y,80
10788,41.0,Female,Married,Research & Development,Manager,1,5,Medical,14,Travel_Rarely,6722.0,16,3,No,21,12,11,10.0,9,3,4,3,1,4.0,1.0,3,3,No,1,Y,80
10502,46.0,Male,Married,Sales,Sales Representative,1,1,Life Sciences,12,Travel_Rarely,6680.0,18,0,No,23,21,19,7.0,21,5,0,4,1,3.0,3.0,3,3,No,1,Y,80
10722,42.0,Male,Divorced,Sales,Sales Representative,1,4,Other,4,Travel_Frequently,,18,0,No,18,1,1,1.0,0,2,5,3,4,3.0,4.0,3,2,No,1,Y,80
10374,35.0,Female,Divorced,Sales,Sales Executive,1,3,Technical Degree,17,Travel_Rarely,5718.0,11,1,Yes,11,1,0,1.0,0,6,3,3,4,2.0,3.0,2,4,No,1,Y,80
10591,30.0,Male,Married,Research & Development,Research Scientist,1,2,Life Sciences,20,Travel_Rarely,7162.0,13,2,No,7,7,7,2.0,6,4,3,3,2,4.0,2.0,3,2,No,1,Y,80
10313,44.0,Female,Married,Research & Development,Laboratory Technician,4,4,Marketing,2,Travel_Rarely,14849.0,15,0,No,24,3,1,1.0,2,6,6,3,3,2.0,1.0,1,1,No,1,Y,80
10043,32.0,Female,Single,Research & Development,Healthcare Representative,2,4,Technical Degree,12,Travel_Rarely,6862.0,18,0,Yes,10,3,1,3.0,3,5,6,3,2,3.0,2.0,4,2,No,1,Y,80
11388,51.0,Male,Divorced,Human Resources,Manager,1,3,Life Sciences,16,Travel_Rarely,8439.0,11,0,No,31,25,23,7.0,24,4,6,3,2,3.0,3.0,2,2,No,1,Y,80
10646,36.0,Male,Single,Sales,Manager,2,2,Life Sciences,21,Travel_Rarely,"$8,791",16,0,No,16,8,7,1.0,8,1,0,3,3,4.0,1.0,4,2,No,1,Y,80
11424,40.0,Female,Married,Human Resources,HR Business Partner,1,5,Medical,24,Travel_Frequently,6472.0,13,1,No,19,8,6,2.0,6,9,0,3,2,1.0,3.0,1,3,No,1,Y,80
10972,46.0,Male,Married,Human Resources,HR Business Partner,3,3,Life Sciences,1,Travel_Rarely,12098.0,17,3,No,23,23,21,0.0,23,8,3,3,1,3.0,2.0,4,3,No,1,Y,80
11462,28.0,Male,Single,Research & Development,  Manufacturing Director  ,1,4,Human Resources,4,Non-Travel,6350.0,21,1,Yes,8,2,1,0.0,1,5,2,3,3,1.0,2.0,3,4,No,1,Y,80
10523,45.0,Male,Married,Research & Development,Healthcare Representative,1,4,Life Sciences,5,Travel_Rarely,5872.0,18,0,No,27,4,2,4.0,3,1,6,4,3,3.0,3.0,1,4,No,1,Y,80
11460,27.0,Female,Married,HR,HR Business Partner,2,3,Technical Degree,1,Travel_Rarely,5725.0,12,0,No,7,2,2,0.0,0,4,1,3,2,4.0,4.0,3,4,No,1,Y,80
10763,40.0,Male,Married,Human Resources,  Human Resources  ,1,3,Medical,2,Travel_Rarely,8090.0,17,0,No,22,21,18,14.0,19,4,1,3,3,3.0,3.0,2,4,No,1,Y,80
11640,38.0,Female,Single,Research & Development,Laboratory Technician,4,3,Marketing,1,Travel_Rarely,13356.0,13,1,No,20,8,6,4.0,6,2,6,4,1,2.0,2.0,2,2,No,1,Y,80
11543,49.0,Male,Married,Sales,Sales Executive,1,2,Medical,16,Travel_Rarely,6785.0,17,0,No,25,22,21,7.0,21,5,1,4,3,1.0,1.0,3,1,No,1,Y,80
11252,33.0,Female,Married,Research & Development,Manufacturing Director,5,2,Life Sciences,11,Travel_Frequently,15557.0,15,1,No,14,9,6,7.0,6,4,3,3,3,1.0,3.0,3,4,No,1,Y,80
10705,51.0,Male,Divorced,Sales,Sales Representative,1,3,Technical Degree,16,Travel_Frequently,8112.0,17,1,No,29,6,6,3.0,3,2,4,3,4,3.0,1.0,3,4,No,1,Y,80
11574,30.0,Female,Married,Research & Development,Manufacturing Director,2,2,Marketing,16,Travel_Rarely,8596.0,23,2,No,9,5,4,1.0,3,6,3,3,1,2.0,2.0,2,3,Yes,1,Y,80
11498,51.0,Male,Divorced,Sales,Sales Executive,1,2,Life Sciences,19,Non-Travel,,12,0,No,33,32,29,0.0,29,1,4,3,3,2.0,2.0,3,4,No,1,Y,80
11311,44.0,Female,Single,Research & Development,Research Director,4,3,Human Resources,25,Travel_Rarely,14521.0,13,0,Yes,23,15,13,15.0,13,4,4,4,4,3.0,4.0,3,4,No,1,Y,80
10945,27.0,Female,Single,Research & Development,Research Scientist,1,4,Life Sciences,3,Travel_Frequently,4704.0,14,0,No,5,0,0,0.0,0,6,2,4,2,3.0,1.0,3,3,Yes,1,Y,80
10169,26.0,Male,Married,Research & Development,Laboratory Technician,5,4,Life Sciences,11,Travel_Rarely,14131.0,16,3,Yes,3,2,2,0.0,2,5,1,3,2,3.0,2.0,3,1,No,1,Y,80
11459,32.0,Female,Married,Human Resources,Human Resources,1,2,Marketing,5,Travel_Rarely,5555.0,12,2,No,10,10,10,4.0,8,7,4,3,3,3.0,3.0,4,2,No,1,Y,80
10361,38.0,Female,Married,Human Resources,HR Business Partner,3,5,Marketing,10,Travel_Frequently,11647.0,11,1,No,17,10,8,0.0,9,0,3,3,3,1.0,2.0,2,4,No,1,Y,80
11019,35.0,Female,Married,Research & Development,Manufacturing Director,3,3,Marketing,19,Travel_Rarely,"$9,889",19,2,Yes,14,4,1,3.0,2,3,1,3,2,2.0,4.0,1,3,Yes,1,Y,80
10638,28.0,Female,Single,Human Resources,Human Resources,2,3,Technical Degree,6,Travel_Rarely,7776.0,15,1,No,5,3,3,3.0,2,6,2,4,3,4.0,2.0,3,4,No,1,Y,80
10744,38.0,Male,Married,Research & Development,Laboratory Technician,2,5,Life Sciences,17,Travel_Frequently,8600.0,17,1,No,19,13,11,11.0,11,0,4,3,2,3.0,4.0,1,3,No,1,Y,80
10273,44.0,Female,Married,Sales,Sales Representative,1,2,Medical,8,Non-Travel,6799.0,19,0,No,26,15,13,13.0,12,1,2,3,4,2.0,3.0,2,1,No,1,Y,80
10520,36.0,Male,Single,Sales,Sales Representative,2,2,Life Sciences,4,Travel_Rarely,7286.0,16,2,No,14,11,9,10.0,10,7,2,3,2,2.0,1.0,3,1,No,1,Y,80
10815,41.0,Female,Married,Research & Development,Laboratory Technician,3,3,Technical Degree,2,Travel_Rarely,11175.0,14,2,Yes,19,17,14,5.0,17,1,5,4,4,3.0,,2,3,No,1,Y,80
10819,25.0,Female,Single,R&D,Research Director,2,1,Marketing,9,Travel_Rarely,7308.0,15,1,Yes,1,1,0,1.0,1,7,4,3,3,1.0,3.0,2,3,Yes,1,Y,80
10735,49.0,Male,Married,Research & Development,Research Scientist,1,3,Marketing,2,Travel_Rarely,8575.0,14,0,No,30,17,16,11.0,14,5,0,3,3,3.0,1.0,3,4,No,1,Y,80
11570,45.0,Female,Married,Research & Development,Manufacturing Director,2,2,Marketing,8,Travel_Rarely,8999.0,14,0,No,26,13,12,2.0,13,3,0,3,4,4.0,4.0,2,3,No,1,Y,80
11466,46.0,Female,Married,Sales,Manager,4,2,Technical Degree,4,Travel_Rarely,13922.0,15,1,No,24,22,19,13.0,20,3,0,3,4,1.0,4.0,3,3,No,1,Y,80
11299,44.0,Female,Married,Research & Development,Research Scientist,1,4,Life Sciences,1,Travel_Rarely,6526.0,15,0,No,24,4,4,3.0,3,6,4,3,3,4.0,4.0,2,3,No,1,Y,80
10678,35.0,Male,Divorced,Research & Development,Manager,1,5,Life Sciences,11,Travel_Rarely,4686.0,11,1,No,16,15,14,0.0,14,7,5,3,3,2.0,1.0,3,3,No,1,Y,80
11122,30.0,Female,Married,Human Resources,HR Business Partner,1,3,Human Resources,4,Travel_Rarely,4671.0,11,0,No,8,0,0,0.0,0,1,0,3,3,2.0,4.0,3,2,No,1,Y,80
10129,49.0,Male,Single,Research & Development,Research Director,1,3,Life Sciences,3,Travel_Rarely,6123.0,19,0,No,26,8,5,4.0,5,4,4,3,2,2.0,2.0,3,3,No,1,Y,80
10999,34.0,Male,Married,Sales,Sales Representative,4,5,Life Sciences,5,Travel_Rarely,"$12,713",14,1,Yes,14,13,12,3.0,10,3,5,4,4,1.0,2.0,2,2,No,1,Y,80
11488,29.0,Female,Married,Sales,Sales Representative,1,5,Marketing,5,Travel_Frequently,4426.0,11,0,Yes,9,6,6,4.0,5,8,4,3,2,1.0,3.0,3,4,Yes,1,Y,80
10545,45.0,Male,Married,Research & Development,Research Scientist,3,3,Medical,3,Travel_Rarely,,11,1,Yes,22,19,16,10.0,16,0,1,3,2,3.0,4.0,1,3,No,1,Y,80
10380,47.0,Female,Married,Research & Development,Manufacturing Director,2,3,Technical Degree,4,Travel_Frequently,10532.0,13,0,No,28,14,13,9.0,12,4,5,4,3,3.0,4.0,1,2,No,1,Y,80
10204,45.0,Female,Single,Research & Development,Manager,1,4,Medical,2,Travel_Rarely,4465.0,12,0,No,23,18,18,7.0,17,4,0,4,4,3.0,4.0,4,2,No,1,Y,80
10344,35.0,Male,Divorced,research & development,Research Director,1,3,Technical Degree,1,Travel_Rarely,,11,1,No,16,7,6,6.0,7,2,6,3,4,3.0,1.0,2,4,No,1,Y,80
11432,22.0,Male,Married,Research & Development,Laboratory Technician,3,2,Marketing,11,Travel_Rarely,8814.0,13,0,No,2,0,0,0.0,0,4,1,3,1,3.0,4.0,3,3,No,1,Y,80
11552,29.0,Female,Married,Sales,Sales Executive,2,4,Medical,2,Non-Travel,6163.0,19,0,No,5,2,0,1.0,0,5,2,3,2,3.0,1.0,2,3,Yes,1,Y,80
10519,29.0,Male,Married,Sales,Sales Executive,1,4,Life Sciences,8,Travel_Rarely,5116.0,11,0,No,8,3,2,0.0,0,7,2,4,3,3.0,2.0,1,1,Yes,1,Y,80
11483,54.0,Male,Single,Sales,Sales Representative,1,3,Life Sciences,3,Travel_Frequently,5802.0,12,1,No,34,28,28,2.0,28,6,6,3,4,1.0,4.0,3,3,No,1,Y,80
10489,33.0,Female,Married,Research & Development,Manager,3,4,Technical Degree,6,Travel_Rarely,11861.0,16,0,Yes,13,10,9,4.0,8,3,5,3,3,4.0,4.0,3,3,No,1,Y,80
11262,44.0,Female,Married,Research & Development,Manager,1,3,Medical,9,Non-Travel,5823.0,11,1,No,26,6,5,2.0,5,4,1,3,3,1.0,4.0,3,4,No,1,Y,80
11646,25.0,Female,Single,Sales,Sales Representative,1,4,Marketing,1,Travel_Rarely,4080.0,13,2,No,7,5,3,4.0,3,1,2,3,2,4.0,4.0,4,4,No,1,Y,80
10918,40.0,Female,Married,Sales,Sales Executive,4,2,Marketing,5,Travel_Frequently,13332.0,14,1,No,19,2,0,0.0,2,7,5,4,3,3.0,4.0,2,4,No,1,Y,80
10233,29.0,Female,Married,Research & Development,Research Director,5,1,Medical,3,Travel_Rarely,14239.0,11,0,No,7,4,4,0.0,4,6,3,3,3,1.0,4.0,3,1,Yes,1,Y,80
10795,39.0,Female,Single,Human Resources,Human Resources,1,4,Other,4,Travel_Rarely,5245.0,16,0,No,18,15,12,10.0,12,9,5,3,1,4.0,3.0,1,2,No,1,Y,80
11565,49.0,Female,Single,Research & Development,Manager,2,3,Life Sciences,20,Travel_Rarely,10051.0,14,0,No,27,2,1,0.0,1,1,0,3,2,4.0,2.0,3,3,No,1,Y,80
11123,27.0,Female,Single,Research & Development,Laboratory Technician,1,3,Life Sciences,9,Travel_Frequently,5293.0,15,0,No,6,3,1,1.0,0,1,5,3,4,3.0,2.0,3,4,No,1,Y,80
10515,43.0,Female,Married,Research & Development,Manager,4,5,Life Sciences,23,Travel_Rarely,13634.0,11,1,Yes,24,8,8,6.0,5,8,1,3,3,2.0,2.0,3,3,Yes,1,Y,80
11447,51.0,Female,Single,Sales,Sales Executive,1,4,Marketing,3,Travel_Rarely,5677.0,11,0,No,27,22,22,15.0,20,8,3,3,2,3.0,4.0,4,1,No,1,Y,80
10512,18.0,Male,Divorced,Sales,Manager,4,4,Medical,1,Non-Travel,11615.0,17,0,No,0,0,0,0.0,0,5,2,3,2,2.0,3.0,3,1,No,1,Y,80
10113,42.0,Male,Married,Sales,Manager,2,3,Human Resources,2,Travel_Rarely,8220.0,16,1,No,23,11,9,2.0,11,8,2,4,2,4.0,4.0,3,3,No,1,Y,80
11599,55.0,Female,Married,Research & Development,Research Director,1,3,Life Sciences,3,Non-Travel,7359.0,11,1,No,32,3,2,3.0,0,3,0,4,2,2.0,1.0,3,1,No,1,Y,80
10218,31.0,Female,Married,Research & Development,Manufacturing Director,1,4,Technical Degree,7,Travel_Frequently,5895.0,16,0,No,9,8,6,6.0,5,2,3,3,2,3.0,4.0,4,1,No,1,Y,80
10500,29.0,Female,Single,Research & Development,Healthcare Representative,1,3,Medical,1,Travel_Rarely,4340.0,11,2,No,7,3,0,2.0,2,7,0,3,3,4.0,4.0,3,2,No,1,Y,80
11638,18.0,Male,Married,Research & Development,Laboratory Technician,2,4,Technical Degree,1,Travel_Frequently,6246.0,17,1,Yes,0,0,0,0.0,0,7,2,3,4,4.0,4.0,3,1,Yes,1,Y,80
10935,28.0,Female,Married,Sales,Manager,1,2,Medical,7,Travel_Frequently,4626.0,12,0,No,8,6,3,1.0,4,9,4,3,2,3.0,1.0,3,1,No,1,Y,80
10226,23.0,Female,Single,Research & Development,Manager,1,4,Medical,26,Travel_Rarely,4547.0,11,1,No,5,3,2,2.0,0,3,4,3,2,1.0,3.0,3,4,Yes,1,Y,80
11043,21.0,Male,Married,Research & Development,Healthcare Representative,1,3,Marketing,10,Travel_Frequently,4172.0,15,2,No,3,1,0,0.0,0,6,6,4,3,1.0,4.0,3,4,No,1,Y,80
11193,,Male,Single,Research & Development,Research Director,3,3,Life Sciences,28,Travel_Rarely,9546.0,20,0,No,9,1,0,0.0,1,4,1,3,3,4.0,3.0,2,3,Yes,1,Y,80
11431,35.0,Male,Married,Research & Development,Research Scientist,3,5,Life Sciences,1,Travel_Frequently,10403.0,18,0,Yes,14,14,11,,12,8,5,3,2,4.0,3.0,2,1,No,1,Y,80
11547,18.0,Male,Divorced,Sales,Manager,1,3,Life Sciences,3,Travel_Rarely,4508.0,21,1,Yes,0,0,0,0.0,0,5,1,3,3,3.0,2.0,1,4,No,1,Y,80
10398,29.0,Male,Single,Research & Development,Manager,2,3,Marketing,7,Travel_Rarely,8283.0,12,1,No,9,6,6,5.0,5,4,5,3,3,2.0,3.0,3,2,No,1,Y,80
10541,23.0,Male,Married,Sales,Sales Executive,2,3,,1,Travel_Rarely,6242.0,15,1,No,4,4,4,1.0,2,5,0,3,3,4.0,3.0,3,2,No,1,Y,80
10329,40.0,Male,Married,Research & Development,Healthcare Representative,1,3,Technical Degree,2,Travel_Rarely,,11,1,No,17,0,0,0.0,0,2,5,4,1,2.0,4.0,3,1,No,1,Y,80
10796,41.0,Female,Married,Research & Development,Research Director,3,4,Medical,6,Travel_Rarely,12273.0,19,1,No,22,20,17,7.0,19,4,0,4,3,3.0,3.0,1,3,No,1,Y,80
10849,44.0,Male,Married,Research & Development,Healthcare Representative,1,3,Other,2,Travel_Rarely,"$6,086",15,0,No,24,2,2,1.0,0,5,4,3,3,3.0,4.0,3,4,No,1,Y,80
11611,27.0,Female,Single,Sales,Sales Representative,1,3,Technical Degree,4,Travel_Rarely,5686.0,18,2,No,4,3,3,0.0,2,2,0,3,3,3.0,3.0,3,2,No,1,Y,80
11486,42.0,Female,Married,Sales,Manager,2,3,Medical,22,Travel_Rarely,8816.0,18,1,No,20,2,2,1.0,1,0,2,3,2,2.0,3.0,3,1,Yes,1,Y,80
10094,44.0,Female,Single,Sales,Manager,1,4,Medical,4,Travel_Frequently,7159.0,15,2,Yes,24,14,13,10.0,13,0,2,3,3,1.0,4.0,4,2,No,1,Y,80
10214,31.0,Female,Married,Research & Development,Research Scientist,2,3,Technical Degree,19,Travel_Rarely,8133.0,11,1,Yes,13,2,2,1.0,0,0,1,3,3,3.0,3.0,4,4,No,1,Y,80
10771,37.0,Male,Single,Research & Development,Healthcare Representative,2,2,Marketing,7,Travel_Rarely,8380.0,11,0,Yes,15,13,11,10.0,12,9,2,3,2,2.0,4.0,3,2,Yes,1,Y,80
10338,27.0,Female,Married,Human Resources,Human Resources,1,3,Technical Degree,8,Travel_Rarely,3981.0,17,1,No,5,1,1,1.0,0,2,0,3,2,3.0,2.0,2,2,No,1,Y,80
10804,26.0,Male,Married,Research & Development,Laboratory Technician,3,3,Marketing,2,Travel_Rarely,9225.0,13,0,No,5,4,2,0.0,2,6,2,3,4,4.0,3.0,3,2,No,1,Y,80
10213,34.0,Female,Single,Research & Development,Laboratory Technician,1,2,Life Sciences,7,Travel_Rarely,6250.0,15,0,No,12,8,6,1.0,8,9,1,3,3,2.0,1.0,3,2,Yes,1,Y,80
10619,41.0,Male,Divorced,Sales,Sales Representative,1,5,Marketing,10,Travel_Rarely,7296.0,21,0,No,19,3,3,0.0,2,0,5,3,4,,4.0,3,4,No,1,Y,80
11140,43.0,Female,Single,Research & Development,Research Director,2,4,Medical,24,Travel_Rarely,9953.0,16,1,Yes,21,20,19,12.0,19,2,1,3,2,1.0,2.0,3,3,No,1,Y,80
11183,43.0,Female,Married,Human Resources,HR Business Partner,3,4,Life Sciences,1,Travel_Rarely,10614.0,14,0,No,24,23,22,0.0,21,7,3,4,3,1.0,3.0,2,4,Yes,1,Y,80
11169,48.0,Female,Married,Sales,Sales Executive,3,2,Life Sciences,16,Travel_Rarely,11394.0,16,0,No,26,11,9,2.0,11,7,3,3,3,,1.0,3,4,Yes,1,Y,80
11137,57.0,Female,Married,Research & Development,Research Scientist,3,5,Life Sciences,1 km,Travel_Rarely,13387.0,16,1,No,38,2,0,0.0,1,7,1,3,4,4.0,2.0,3,3,No,1,Y,80
10037,39.0,Male,Divorced,Research & Development,Research Director,1,2,Life Sciences,7,Travel_Rarely,5245.0,19,0,No,15,5,4,5.0,3,6,6,3,3,3.0,1.0,4,4,Yes,1,Y,80
10106,24.0,Male,Married,Research & Development,Laboratory Technician,2,4,Medical,1,Travel_Frequently,6073.0,19,0,Yes,1,1,1,1.0,0,5,1,3,4,3.0,2.0,2,2,Yes,1,Y,80
10363,42.0,Male,Divorced,Research & Development,  Manager  ,2,2,Other,4,Travel_Frequently,8660.0,12,1,No,21,17,15,4.0,14,5,2,3,2,3.0,2.0,4,3,No,1,Y,80
10851,38.0,Female,Married,Research & Development,Healthcare Representative,2,3,Technical Degree,3 km,Travel_Rarely,7036.0,13,2,No,19,10,9,0.0,7,6,0,3,3,,4.0,4,1,No,1,Y,80
10757,33.0,Female,Married,Research & Development,Laboratory Technician,1,4,Life Sciences,1,Travel_Rarely,5089.0,11,0,No,14,6,5,3.0,6,2,6,3,3,1.0,4.0,2,4,No,1,Y,80
10759,24.0,Female,Divorced,Research & Development,Manager,4,2,Medical,11,Travel_Rarely,10589.0,13,0,No,2,0,0,0.0,0,4,0,3,2,3.0,4.0,1,3,No,1,Y,80
10366,32.0,Female,Single,Human Resources,Human Resources,2,3,Marketing,8,Travel_Rarely,7655.0,11,0,No,12,6,5,0.0,4,8,4,3,3,1.0,4.0,3,1,No,1,Y,80
10857,51.0,Female,Single,Research & Development,Manager,2,2,Medical,1,Travel_Rarely,8708.0,11,0,Yes,27,19,17,13.0,19,2,5,3,3,2.0,1.0,3,4,No,1,Y,80
11409,18.0,Female,Married,Sales,Sales Representative,1,5,Other,3,Travel_Rarely,5205.0,18,0,No,0,0,0,0.0,0,8,2,3,1,2.0,4.0,2,2,No,1,Y,80
10511,27.0,Male,Single,Sales,Sales Representative,5,2,Life Sciences,6,Travel_Rarely,13405.0,16,0,Yes,3,2,0,2.0,0,2,3,3,3,4.0,3.0,3,2,No,1,Y,80
10566,30.0,Male,Divorced,Human Resources,HR Business Partner,2,5,Medical,5,Travel_Rarely,7310.0,16,0,No,8,2,1,0.0,2,4,6,4,4,3.0,4.0,3,3,No,1,Y,80
10250,34.0,Female,Married,Research & Development,Manufacturing Director,2,1,Technical Degree,12,Travel_Rarely,7947.0,12,1,No,15,14,13,7.0,12,5,0,3,3,4.0,1.0,2,3,Yes,1,Y,80
10477,43.0,Male,Divorced,Human Resources,Manager,2,1,Marketing,1,Travel_Frequently,9502.0,17,0,No,24,5,2,2.0,3,5,1,3,3,3.0,3.0,1,1,Yes,1,Y,80
11621,46.0,Female,Divorced,Sales,Sales Representative,1,4,Medical,12,Travel_Rarely,8603.0,11,1,No,25,14,12,4.0,11,8,1,4,3,,2.0,3,4,Yes,1,Y,80
11189,43.0,Male,Married,Sales,Manager,1,4,Human Resources,1,Travel_Rarely,7836.0,11,1,Yes,20,5,5,1.0,4,3,3,3,3,,1.0,3,2,No,1,Y,80
10782,34.0,Male,Single,Research & Development,  Manufacturing Director  ,3,5,Medical,8,Travel_Rarely,9406.0,11,0,No,14,3,3,,0,6,2,3,4,4.0,1.0,2,2,No,1,Y,80
10455,18.0,Female,Single,Human Resources,Human Resources,1,3,Life Sciences,9,Travel_Rarely,3974.0,19,1,No,0,0,0,0.0,0,7,6,3,3,1.0,3.0,3,4,No,1,Y,80
11512,47.0,Female,Married,Sales,Sales Representative,2,2,Life Sciences,16,Travel_Rarely,9869.0,18,2,No,25,15,14,0.0,13,0,4,3,4,1.0,2.0,3,4,No,1,Y,80
11201,33.0,Male,Married,Research & Development,Research Scientist,5,1,Life Sciences,23,Travel_Rarely,14776.0,16,1,No,14,14,11,11.0,14,2,4,3,4,2.0,2.0,3,3,No,1,Y,80
11108,49.0,Female,Married,Human Resources,Human Resources,3,3,Medical,1,Travel_Rarely,11577.0,13,0,No,27,6,6,4.0,6,1,3,3,2,1.0,3.0,2,4,No,1,Y,80
10231,38.0,Male,Married,Research & Development,Laboratory Technician,1,2,Medical,7,Travel_Rarely,7365.0,18,0,Yes,15,3,1,3.0,0,2,0,3,1,4.0,1.0,3,2,No,1,Y,80
11320,34.0,Male,Married,Research & Development,Laboratory Technician,3,3,Life Sciences,7,Travel_Rarely,10779.0,11,1,No,14,12,9,8.0,12,8,5,3,4,3.0,4.0,3,1,No,1,Y,80
10653,28.0,Female,Single,Human Resources,HR Business Partner,3,2,Medical,20,Travel_Rarely,9706.0,11,0,No,9,4,4,1.0,2,0,1,4,3,2.0,4.0,3,1,No,1,Y,80
10071,38.0,Male,Single,Research & Development,Laboratory Technician,1,4,Technical Degree,9,Travel_Rarely,4300.0,11,2,No,19,2,2,2.0,0,4,6,3,3,4.0,2.0,4,4,No,1,Y,80
10611,34.0,Male,Married,Research & Development,Manager,1,2,Life Sciences,11,Non-Travel,5830.0,14,0,No,10,4,4,3.0,2,3,4,3,4,4.0,4.0,1,4,Yes,1,Y,80
11175,44.0,Male,Married,Research & Development,Healthcare Representative,1,3,Life Sciences,4,Travel_Rarely,5801.0,23,2,No,26,26,25,15.0,25,2,0,3,3,3.0,2.0,3,1,No,1,Y,80
11606,40.0,Male,Married,Research & Development,Manager,2,2,Technical Degree,6,Travel_Rarely,8504.0,15,1,No,17,10,7,1.0,10,5,5,3,3,2.0,3.0,3,4,No,1,Y,80
11557,38.0,Male,Married,Sales,Sales Representative,4,3,Medical,20,Travel_Rarely,14861.0,11,1,No,17,10,9,2.0,7,0,0,3,2,2.0,2.0,3,3,No,1,Y,80
11625,19.0,Female,Single,Sales,Sales Representative,1,3,Medical,1,Travel_Rarely,4626.0,13,2,No,0,0,0,0.0,0,2,3,3,2,4.0,1.0,2,4,Yes,1,Y,80
10411,55.0,Female,Married,human resources,Manager,2,4,Life Sciences,13,Travel_Rarely,9176.0,11,2,Yes,35,28,27,13.0,26,1,1,3,3,3.0,2.0,3,4,Yes,1,Y,80
11541,25.0,Female,Married,Research & Development,Research Director,1,3,Life Sciences,1,Non-Travel,3352.0,11,3,Yes,5,5,4,5.0,3,4,1,3,3,1.0,4.0,2,3,Yes,1,Y,80
11152,36.0,Male,Married,Research & Development,Manufacturing Director,1,5,Life Sciences,3,Travel_Frequently,6966.0,12,0,Yes,14,6,3,6.0,5,0,0,3,3,4.0,2.0,4,4,No,1,Y,80
10339,38.0,Female,Divorced,Research & Development,Research Scientist,1,3,Life Sciences,2,Travel_Rarely,7336.0,16,0,No,17,16,13,10.0,14,6,1,3,2,1.0,4.0,2,2,No,1,Y,80
11026,41.0,Female,Married,Research & Development,Healthcare Representative,1,4,Medical,14,Travel_Frequently,7794.0,20,1,No,17,8,7,2.0,6,9,2,3,3,1.0,2.0,1,4,Yes,1,Y,80
10044,41.0,Male,Married,Research & Development,Research Scientist,1,3,Life Sciences,18,Travel_Rarely,6339.0,18,1,No,17,8,7,8.0,6,7,1,4,3,4.0,3.0,3,4,No,1,Y,80
10540,41.0,Male,Single,SALES,Sales Executive,2,2,Medical,16,Travel_Rarely,9253.0,13,0,NO,19,6,3,5.0,5,5,6,3,2,3.0,2.0,3,4,Yes,1,Y,80
10602,30.0,Male,Married,sales,Manager,1,3,Medical,7,Travel_Rarely,6143.0,21,2,No,11,0,0,0.0,0,9,2,3,3,3.0,3.0,4,2,No,1,Y,80
11333,47.0,Female,Single,Sales,Sales Executive,1,2,Life Sciences,4,Travel_Rarely,8052.0,15,0,No,28,27,24,10.0,25,6,6,3,3,3.0,3.0,2,4,No,1,Y,80
10966,59.0,Male,Divorced,Research & Development,Manager,5,2,Medical,2,Travel_Rarely,16832.0,11,1,Yes,40,6,6,5.0,6,7,6,3,3,1.0,1.0,4,2,Yes,1,Y,80
11502,33.0,Female,Married,Sales,Sales Representative,1,3,Life Sciences,9,Travel_Frequently,6367.0,14,0,Yes,10,1,0,1.0,0,1,4,3,3,1.0,1.0,4,2,No,1,Y,80
10172,44.0,Male,Single,Research & Development,Healthcare Representative,3,2,Life Sciences,9,Travel_Frequently,12103.0,15,1,No,21,5,2,2.0,3,6,4,3,3,3.0,1.0,3,2,No,1,Y,80
10418,32.0,Male,Single,Research & Development,Research Director,3,1,Medical,15,Travel_Rarely,10786.0,15,0,No,14,10,9,2.0,10,8,3,3,3,3.0,1.0,4,1,Yes,1,Y,80
10838,42.0,Male,Single,Research & Development,Research Scientist,1,4,Medical,8,Travel_Rarely,8185.0,20,1,No,24,11,8,5.0,8,1,5,3,3,2.0,3.0,1,1,Yes,1,Y,80
11572,42.0,Male,Single,Research & Development,Manager,2,4,Technical Degree,21,Travel_Rarely,7845.0,16,1,No,20,19,18,8.0,17,4,4,4,3,4.0,4.0,4,2,No,1,Y,80
11395,-1.0,Male,Married,Research & Development,Laboratory Technician,1,4,Life Sciences,7,Non-Travel,6622.0,17,3,Yes,24,8,7,6.0,7,2,0,3,3,3.0,3.0,3,4,No,1,Y,80
10807,33.0,Female,Married,Research & Development,Manufacturing Director,3,4,Technical Degree,1,Travel_Rarely,11659.0,12,0,No,12,4,2,0.0,4,1,0,3,3,3.0,1.0,3,1,Yes,1,Y,80
10883,38.0,Female,Married,Research & Development,  Manager  ,1,4,Marketing,5,Travel_Rarely,8115.0,13,0,No,18,9,7,9.0,8,1,6,3,3,4.0,3.0,4,1,No,1,Y,80
11636,44.0,Female,Divorced,Research & Development,Laboratory Technician,1,3,Life Sciences,10,Travel_Rarely,5537.0,11,1,No,22,0,0,0.0,0,6,5,4,3,2.0,4.0,3,1,No,1,Y,80
10638,28.0,Female,Single,Human Resources,Human Resources,2,3,Technical Degree,6,Travel_Rarely,7776.0,15,1,No,5,3,3,3.0,2,6,2,4,3,4.0,2.0,3,4,No,1,Y,80
10424,40.0,Female,Single,Sales,Sales Executive,2,4,Human Resources,8,Travel_Rarely,6847.0,16,0,No,17,7,6,1.0,7,7,5,3,4,4.0,3.0,3,3,No,1,Y,80
10728,44.0,Male,Divorced,Research & Development,Research Scientist,1,4,Life Sciences,3,Travel_Frequently,7523.0,11,0,No,20,6,4,3.0,3,5,6,4,1,3.0,4.0,1,3,No,1,Y,80
10968,36.0,Male,Single,Human Resources,Manager,5,2,Technical Degree,1,Travel_Rarely,13730.0,15,0,No,12,7,7,2.0,7,0,2,4,3,3.0,3.0,3,2,No,1,Y,80
11340,48.0,Female,Married,Sales,Sales Representative,1,3,Other,15,Travel_Frequently,6305.0,18,0,Yes,25,5,2,4.0,5,9,5,3,4,3.0,4.0,2,4,No,1,Y,80
10377,35.0,Male,Single,Research & Development,Manufacturing Director,1,4,Technical Degree,18,Travel_Rarely,6730.0,18,1,No,17,7,7,2.0,7,8,4,3,3,4.0,2.0,2,1,No,1,Y,80
10525,33.0,Male,Married,R&D,Healthcare Representative,2,3,Life Sciences,12,Travel_Rarely,7206.0,19,1,No,14,12,9,6.0,12,4,4,3,3,1.0,3.0,2,2,No,1,Y,80
11560,33.0,Male,Divorced,Sales,Sales Representative,2,4,Human Resources,25,Travel_Rarely,7900.0,14,1,Yes,13,10,10,3.0,10,7,0,4,3,3.0,4.0,3,2,No,1,Y,80
10439,37.0,Male,Single,Sales,Sales Executive,3,4,Medical,5,Travel_Rarely,10592.0,17,1,No,13,5,4,3.0,2,9,5,4,3,3.0,1.0,3,1,No,1,Y,80
11444,34.0,Male,Married,Research & Development,Research Director,2,3,Human Resources,7,Travel_Rarely,7667.0,21,2,No,11,8,8,7.0,6,5,4,3,2,3.0,3.0,3,1,No,1,Y,80
10151,46.0,Male,Married,research & development,Manager,1,2,Technical Degree,1,Non-Travel,5976.0,15,0,No,28,13,13,2.0,11,7,2,3,4,3.0,4.0,2,2,No,1,Y,80
10718,35.0,Male,Divorced,Research & Development,Manufacturing Director,4,4,Life Sciences,14,Travel_Rarely,,11,1,No,16,10,10,7.0,10,2,6,3,3,4.0,3.0,3,4,Yes,1,Y,80
11534,30.0,Male,Married,Research & Development,Manufacturing Director,2,3,Medical,2,Travel_Rarely,7050.0,17,1,Yes,10,6,6,0.0,3,0,3,3,3,4.0,2.0,4,1,No,1,Y,80
10982,47.0,Male,Divorced,Research & Development,Healthcare Representative,1,3,Medical,8,Travel_Rarely,8688.0,18,1,No,26,16,16,7.0,16,2,2,3,3,1.0,4.0,3,4,No,1,Y,80
10955,32.0,Female,Married,Research & Development,Manufacturing Director,2,4,Human Resources,16,Travel_Rarely,6970.0,22,1,No,9,3,0,1.0,0,4,4,3,1,3.0,1.0,4,3,No,1,Y,80
11508,30.0,Female,Single,Research & Development,Manager,1,4,Marketing,8,Travel_Rarely,5158.0,15,1,No,12,0,0,0.0,0,9,5,3,2,4.0,3.0,3,1,No,1,Y,80
10144,52.0,Female,Married,Research & Development,Research Scientist,2,4,Life Sciences,5,Travel_Rarely,9736.0,13,1,Yes,30,3,2,2.0,2,5,4,4,1,4.0,1.0,3,3,No,1,Y,80
10718,35.0,Male,Divorced,Research & Development,Manufacturing Director,4,4,Life Sciences,14,Travel_Rarely,,11,1,No,16,10,10,7.0,10,2,6,3,3,4.0,3.0,3,4,Yes,1,Y,80
10527,56.0,Female,Single,Research & Development,Manufacturing Director,1,5,Other,1,Travel_Frequently,6529.0,12,0,No,33,21,19,15.0,21,8,2,4,2,1.0,1.0,2,2,No,1,Y,80
10584,48.0,Male,Divorced,Sales,Sales Executive,1,2,Life Sciences,1,Travel_Rarely,6739.0,12,1,No,26,14,11,1.0,14,7,2,3,3,4.0,2.0,3,1,No,1,Y,80
10976,47.0,Female,Divorced,Sales,Sales Representative,2,5,Life Sciences,17,Travel_Rarely,9028.0,19,0,NO,28,7,6,4.0,7,4,4,3,3,3.0,3.0,3,2,No,1,Y,80
10567,33.0,Male,Married,Sales,Manager,5,3,Marketing,8,Travel_Frequently,15764.0,14,0,Yes,15,14,14,9.0,12,2,0,3,3,1.0,4.0,2,2,Yes,1,Y,80
11233,37.0,Male,Married,Research & Development,Healthcare Representative,2,1,Technical Degree,1,Travel_Rarely,8919.0,12,1,No,17,4,2,2.0,3,6,2,3,4,2.0,4.0,4,3,No,1,Y,80
10441,28.0,Female,Divorced,Research & Development,Research Director,5,4,Technical Degree,1,Travel_Rarely,14774.0,14,0,No,10,4,1,4.0,3,5,0,3,3,4.0,3.0,3,3,No,1,Y,80
11156,33.0,Male,Divorced,Research & Development,Research Director,5,4,,8,Travel_Rarely,14149.0,12,0,No,15,5,3,3.0,2,9,4,3,3,,4.0,2,4,Yes,1,Y,80
10175,30.0,Male,Divorced,R&D,Research Scientist,1,2,Technical Degree,2,Travel_Rarely,5843.0,16,2,No,11,3,3,2.0,3,6,2,3,2,4.0,1.0,3,4,No,1,Y,80
11295,47.0,Male,Married,Sales,Sales Executive,1,4,Life Sciences,4,Travel_Frequently,7867.0,11,0,Yes,25,5,2,4.0,5,3,5,3,3,4.0,1.0,2,2,No,1,Y,80
11417,38.0,Male,Married,Research & Development,Manufacturing Director,3,3,,6,Travel_Rarely,10407.0,13,0,No,19,10,7,0.0,8,3,5,3,3,3.0,2.0,3,3,No,1,Y,80
10124,27.0,Female,Divorced,Sales,Sales Representative,2,2,Life Sciences,5,Travel_Rarely,7962.0,14,1,No,6,6,4,0.0,5,9,2,4,2,4.0,2.0,3,4,No,1,Y,80
10139,40.0,Male,Single,Research & Development,  Research Director  ,2,3,Human Resources,2,Travel_Rarely,9321.0,15,3,No,20,7,6,6.0,5,8,2,3,1,4.0,1.0,3,3,Yes,1,Y,80
10880,51.0,Male,Divorced,Research & Development,Research Scientist,2,4,Other,2,Travel_Rarely,9188.0,13,0, No,27,14,12,3.0,14,6,6,4,3,3.0,2.0,3,4,No,1,Y,80
11076,45.0,Male,Married,Research & Development,Manager,2,4,Other,5,Travel_Rarely,10113.0,24,0,Yes,25,17,14,11.0,16,0,5,3,4,4.0,4.0,3,4,Yes,1,Y,80
10733,40.0,Male,Divorced,Human Resources,Manager,2,4,Medical,2,Travel_Frequently,8277.0,19,1,No,18,6,6,5.0,3,0,2,3,3,2.0,3.0,3,4,No,1,Y,80
10625,34.0,Female,Divorced,Research & Development,Laboratory Technician,1,3,Life Sciences,1,Non-Travel,6772.0,12,3,Yes,16,7,5,1.0,6,5,2,3,2,3.0,4.0,3,4,No,1,Y,80
11300,37.0,Female,Divorced,Human Resources,Manager,5,4,Technical Degree,6,Travel_Rarely,14238.0,14,2,Yes,16,1,0,0.0,0,0,4,3,3,4.0,3.0,3,4,No,1,Y,80
10785,32.0,Male,Divorced,Research & Development,Laboratory Technician,1,2,Life Sciences,1,Travel_Frequently,6931.0,11,0,No,9,5,3,4.0,5,0,1,3,4,3.0,4.0,4,4,No,1,Y,80
11367,25.0,Male,Married,Sales,Sales Executive,3,2,Life Sciences,5,Travel_Rarely,10182.0,11,0,Yes,7,4,4,,2,5,3,3,2,2.0,4.0,3,4,No,1,Y,80
11281,45.0,Male,Married,Research & Development,Research Scientist,1,2,Technical Degree,1,Travel_Rarely,8014.0,17,1,No,25,15,15,6.0,13,9,0,3,3,3.0,4.0,3,3,No,1,Y,80
10183,40.0,Female,Single,Sales,Sales Executive,2,3,Marketing,13,Travel_Rarely,8684.0,23,2,Yes,17,14,14,0.0,11,9,1,3,1,1.0,1.0,3,4,No,1,Y,80
10618,39.0,Male,Divorced,Research & Development,Research Director,3,5,Medical,9,Travel_Rarely,12098.0,16,2,No,21,14,11,6.0,14,6,4,3,3,3.0,3.0,3,1,No,1,Y,80
11325,53.0,Female,Divorced,Sales,Sales Executive,2,5,Marketing,9,Travel_Rarely,8255.0,15,0,No,29,0,0,0.0,0,9,4,3,3,3.0,2.0,4,2,Yes,1,Y,80
10691,42.0,Female,Divorced,Research & Development,Healthcare Representative,2,3,Medical,5,Travel_Rarely,6393.0,11,2,Yes,23,3,0,1.0,0,5,1,3,3,4.0,1.0,3,3,No,1,Y,80
11469,28.0,Male,Divorced,Sales,Manager,1,2,Marketing,1,Travel_Rarely,4527.0,11,0,Yes,4,4,1,2.0,1,4,0,3,2,4.0,2.0,2,4,No,1,Y,80
10241,38.0,Female,Married,Sales,Sales Executive,1,4,Technical Degree,29,Travel_Rarely,4781.0,18,2,No,15,9,6,0.0,6,4,1,3,2,2.0,4.0,3,1,No,1,Y,80
11255,27.0,Female,Single,Research & Development,Laboratory Technician,2,5,Life Sciences,5,Travel_Rarely,8034.0,22,1,Yes,8,4,2,1.0,3,0,3,3,3,4.0,4.0,3,4,Yes,1,Y,80
11351,35.0,Male,Married,Sales,Sales Representative,3,3,Medical,5,Travel_Rarely,9369.0,16,2,Yes,11,0,0,0.0,0,2,0,3,3,3.0,3.0,4,3,No,1,Y,80
10459,44.0,Female,Single,Research & Development,Healthcare Representative,1,5,Human Resources,8,Travel_Frequently,6590.0,20,1,No,20,17,17,10.0,17,2,3,3,2,3.0,3.0,2,2,No,1,Y,80
10682,49.0,Female,Married,HR,HR Business Partner,3,3,Marketing,10,Travel_Rarely,11384.0,20,1,No,30,7,7,4.0,5,2,4,3,3,,3.0,4,4,No,1,Y,80
10466,32.0,Male,Single,Research & Development,Research Scientist,4,3,Life Sciences,29,Travel_Rarely,11624.0,14,1,No,9,2,0,2.0,1,1,1,3,2,4.0,3.0,3,4,No,1,Y,80
11188,28.0,Female,Married,Research & Development,Healthcare Representative,2,3,Life Sciences,3,Travel_Rarely,7135.0,16,0,No,8,7,7,2.0,6,0,0,3,3,4.0,4.0,3,4,Yes,1,Y,80
11192,35.0,Female,Divorced,Research & Development,Research Scientist,1,1,Human Resources,11,Travel_Rarely,"$6,588",15,2,No,16,5,3,1.0,4,2,0,4,4,3.0,2.0,3,3,No,1,Y,80
10146,37.0,Female,Married,Human Resources,Human Resources,3,3,Life Sciences,4,Travel_Rarely,10590.0,11,0,Yes,14,14,14,8.0,12,5,0,3,1,4.0,4.0,3,3,Yes,1,Y,80
10207,36.0,Male,Married,Sales,Manager,1,3,Life Sciences,2,Travel_Frequently,5859.0,13,0,No,14,2,2,1.0,1,1,5,3,1,4.0,3.0,3,1,No,1,Y,80
11213,31.0,Female,Married,research & development,Research Scientist,3,3,Life Sciences,8,Travel_Rarely,9041.0,11,1,Yes,11,0,0,0.0,0,3,5,3,3,1.0,3.0,2,4,No,1,Y,80
11452,30.0,Male,Divorced,Human Resources,Manager,2,2,Life Sciences,5,Travel_Rarely,7554.0,17,0,Yes,9,8,8,0.0,6,1,4,3,3,4.0,2.0,2,1,No,1,Y,80
10325,30.0,Female,Single,Research & Development,Healthcare Representative,1,4,Technical Degree,29,Non-Travel,5426.0,17,3,No,8,6,6,6.0,5,3,0,3,3,4.0,4.0,3,1,No,1,Y,80
10658,34.0,Female,Married,Human Resources,Human Resources,5,4,Medical,9 km,Travel_Frequently,15110.0,11,0,Yes,14,3,2,1.0,1,6,0,3,2,2.0,3.0,3,3,Yes,1,Y,80
11644,58.0,Male,Divorced,Sales,Sales Executive,5,4,Marketing,2,Travel_Rarely,16597.0,22,0,No,37,23,20,12.0,20,5,1,3,2,3.0,2.0,3,1,No,1,Y,80
10715,42.0,Male,Single,Research & Development,  Manager  ,2,1,Technical Degree,9,Travel_Rarely,8993.0,19,1,No,22,0,0,0.0,0,5,5,3,3,3.0,3.0,2,4,No,1,Y,80
11544,36.0,Male,Married,Sales,  Manager  ,3,3,Life Sciences,1,Travel_Frequently,10894.0,12,2,No,17,7,6,1.0,6,5,6,3,3,4.0,3.0,3,4,No,1,Y,80
11584,33.0,Female,Married,Sales,Sales Executive,2,4,Life Sciences,12,Travel_Rarely,8604.0,15,1,No,10,9,9,3.0,9,8,6,4,4,3.0,2.0,2,3,No,1,Y,80
10080,38.0,Male,Divorced,Sales,Sales Representative,2,3,Other,14,Travel_Rarely,8623.0,18,2,No,15,13,12,13.0,12,2,2,4,4,4.0,4.0,2,2,No,1,Y,80
11524,28.0,Male,Married,Research & Development,Manager,1,2,Marketing,2,Travel_Rarely,5503.0,20,2,Yes,7,3,1,2.0,3,1,5,3,3,,1.0,2,4,No,1,Y,80
11510,52.0,Male,Married,Research & Development,Manager,1,3,Technical Degree,1 km,Travel_Rarely,8022.0,12,0,yes,34,24,24,3.0,22,2,1,3,3,1.0,,3,3,Yes,1,Y,80
10688,48.0,Male,Married,Sales,Sales Representative,2,2,Life Sciences,2,Travel_Frequently,9443.0,11,3,Yes,30,25,23,4.0,25,8,2,3,2,1.0,1.0,3,4,No,1,Y,80
10167,39.0,Male,Married,Sales,Sales Representative,3,4,Marketing,5,Travel_Frequently,11201.0,19,1,No,21,17,16,14.0,15,5,4,3,3,2.0,3.0,3,3,No,1,Y,80
10230,52.0,Female,Divorced,Research & Development,Manager,1,2,Marketing,3,Travel_Rarely,8307.0,11,1,No,29,1,0,1.0,1,1,1,3,4,3.0,3.0,3,2,No,1,Y,80
11617,28.0,Female,Single,Research & Development,Laboratory Technician,2,3,Medical,9,Travel_Rarely,6919.0,12,1,No,7,5,4,1.0,3,1,2,3,4,2.0,,3,3,Yes,1,Y,80
11482,25.0,Male,Divorced,Sales,Sales Executive,2,4,Human Resources,1,Travel_Rarely,6827.0,16,0,No,1,0,0,0.0,0,0,4,3,2,3.0,1.0,3,1,No,1,Y,80
10741,55.0,Female,Married,Research & Development,Manager,1,4,Technical Degree,2,Travel_Rarely,7340.0,18,1,No,37,23,23,3.0,21,3,4,3,2,3.0,3.0,2,4,No,1,Y,80
10101,30.0,Male,Divorced,Research & Development,Research Scientist,2,1,Life Sciences,1,Travel_Rarely,7720.0,16,1,No,12,9,8,2.0,6,8,3,3,1,3.0,4.0,3,3,No,1,Y,80
10291,29.0,Female,Single,Sales,Manager,2,3,Life Sciences,18,Travel_Rarely,7243.0,11,0,No,8,0,0,0.0,0,3,3,3,3,3.0,2.0,4,3,Yes,1,Y,80
10445,36.0,Female,Divorced,Sales,Sales Executive,4,3,Life Sciences,2,Travel_Frequently,14306.0,11,0,No,17,9,6,9.0,8,0,2,3,1,4.0,1.0,1,2,No,1,Y,80
10879,30.0,Female,Married,Sales,Manager,1,5,Marketing,11,Travel_Rarely,6293.0,11,0,NO,11,9,7,7.0,8,5,0,3,3,3.0,4.0,3,1,No,1,Y,80
11078,27.0,Male,Married,human resources,Human Resources,1,3,Life Sciences,1,Travel_Rarely,4782.0,20,1,No,5,5,5,3.0,2,3,0,3,3,3.0,2.0,3,1,No,1,Y,80
10740,43.0,Female,Married,Research & Development,Research Scientist,2,4,Technical Degree,9,Travel_Rarely,7891.0,17,0,No,19,17,14,5.0,14,8,1,3,4,3.0,2.0,3,1,No,1,Y,80
10392,51.0,Female,Married,Human Resources,Manager,2,4,Marketing,5,Travel_Rarely,9516.0,11,0,No,29,7,5,,7,1,2,3,4,3.0,2.0,1,4,No,1,Y,80
10087,19.0,Male,Married,Research & Development,Research Scientist,2,2,Medical,9,Travel_Rarely,7342.0,11,1,No,1,1,0,0.0,0,1,0,3,3,4.0,1.0,3,4,No,1,Y,80
11557,38.0,Male,Married,Sales,Sales Representative,4,3,Medical,20 km,Travel_Rarely,14861.0,11,1,No,17,10,9,2.0,7,0,0,3,2,2.0,2.0,3,3,No,1,Y,80
10667,42.0,Male,Divorced,Research & Development,Research Director,3,3,Life Sciences,5,Travel_Rarely,11358.0,19,0,No,23,23,23,9.0,22,9,1,4,2,2.0,4.0,2,3,Yes,1,Y,80
11276,37.0,Male,Married,Human Resources,HR Business Partner,2,3,Life Sciences,15,Travel_Rarely,8415.0,12,1,No,18,1,0,1.0,1,1,2,3,2,1.0,2.0,3,1,No,1,Y,80
11506,49.0,Male,Married,Research & Development,Laboratory Technician,5,2,Medical,3,Non-Travel,17136.0,14,1,Yes,28,24,24,4.0,23,6,4,4,3,1.0,1.0,3,2,No,1,Y,80
10476,34.0,Male,Single,Sales,Sales Executive,3,4,Life Sciences,1,Travel_Rarely,10245.0,11,0,No,14,3,0,3.0,1,8,5,3,1,4.0,4.0,4,3,No,1,Y,80
11296,39.0,Male,Single,Research & Development,Healthcare Representative,5,3,Medical,6,Travel_Rarely,12974.0,11,1,No,17,7,6,6.0,5,1,6,3,4,4.0,2.0,4,2,No,1,Y,80
10045,30.0,Female,Single,Research & Development,Manager,3,3,Life Sciences,6,Travel_Rarely,"$10,305",11,0,No,10,8,6,2.0,8,8,2,3,3,1.0,2.0,2,2,No,1,Y,80
10789,43.0,Female,Married,Sales,Sales Executive,1,2,Technical Degree,1,Travel_Rarely,,17,1,No,20,16,14,10.0,16,2,6,3,3,1.0,4.0,3,4,No,1,Y,80
11003,43.0,Male,Married,Research & Development,Healthcare Representative,1,3,Other,1,Travel_Rarely,6787.0,14,0,No,22,7,4,2.0,7,8,5,3,3,1.0,1.0,4,4,No,1,Y,80
11138,36.0,Male,Single,Research & Development,Manufacturing Director,1,4,Other,5,Non-Travel,4762.0,17,1,No,12,4,3,3.0,3,2,4,3,3,2.0,4.0,3,4,No,1,Y,80
10025,34.0,Female,Married,Research & Development,Healthcare Representative,1,4,Life Sciences,5,Travel_Rarely,5900.0,11,1,No,10,9,8,4.0,7,7,4,4,2,3.0,3.0,2,2,No,1,Y,80
11236,50.0,Female,Married,Research & Development,Research Director,2,4,Medical,9,Non-Travel,9637.0,25,1, No,29,23,22,4.0,20,0,3,3,2,3.0,4.0,3,3,No,1,Y,80
10833,36.0,Male,Divorced,research & development,Healthcare Representative,5,2,Medical,2,Travel_Rarely,14465.0,12,2,No,15,9,6,7.0,6,8,5,3,3,3.0,1.0,2,2,No,1,Y,80
11194,40.0,Male,Divorced,Research & Development,Research Director,2,4,Life Sciences,21,Travel_Rarely,8217.0,15,0,No,21,5,2,3.0,2,8,5,3,2,3.0,4.0,2,2,No,1,Y,80
10592,19.0,Female,Divorced,Research & Development,Manager,4,4,Life Sciences,15,Travel_Rarely,10799.0,22,1,No,0,0,0,0.0,0,2,1,3,3,2.0,3.0,3,3,No,1,Y,80
11649,31.0,Male,Married,Research & Development,Healthcare Representative,2,3,Life Sciences,4,Travel_Rarely,6646.0,11,0,No,12,4,1,4.0,4,9,6,3,1,3.0,4.0,2,4,No,1,Y,80
10974,30.0,Male,Divorced,Human Resources,HR Business Partner,1,4,,4,Travel_Rarely,6732.0,11,3,No,6,3,0,1.0,2,0,3,3,3,1.0,1.0,3,2,Yes,1,Y,80
11057,51.0,Male,Married,Research & Development,Laboratory Technician,5,4,Life Sciences,4,Travel_Rarely,17049.0,14,2,No,31,13,12,2.0,13,2,2,3,2,1.0,3.0,1,4,No,1,Y,80
10110,47.0,Female,Married,Sales,Manager,1,4,Medical,2,Travel_Frequently,7439.0,15,0,No,25,18,18,7.0,16,0,6,3,3,3.0,3.0,4,1,Yes,1,Y,80
11161,36.0,Male,Married,Research & Development,Healthcare Representative,2,4,Other,1,Travel_Rarely,7320.0,18,0,No,12,2,1,1.0,0,4,1,3,2,3.0,2.0,3,2,No,1,Y,80
11355,31.0,Female,Divorced,Research & Development,Healthcare Representative,2,2,Life Sciences,9,Travel_Rarely,6294.0,23,1,No,13,0,0,0.0,0,7,2,3,4,3.0,3.0,4,3,No,1,Y,80
10223,41.0,Female,Single,Human Resources,HR Business Partner,1,3,Medical,3,Travel_Rarely,6330.0,14,1,No,20,2,1,1.0,0,0,3,3,2,2.0,4.0,4,3,No,1,Y,80
11053,50.0,Male,Married,research & development,Manufacturing Director,4,2,Technical Degree,1,Travel_Rarely,14835.0,14,1,No,30,25,22,1.0,22,5,4,3,2,3.0,1.0,3,3,No,1,Y,80
11312,32.0,Female,Divorced,Research & Development,Research Director,2,5,,3,Travel_Frequently,7732.0,11,1,No,9,0,0,0.0,0,9,6,4,4,4.0,4.0,3,1,No,1,Y,80
10723,32.0,Female,Single,Human Resources,Human Resources,4,5,Life Sciences,3,Travel_Rarely,11558.0,21,0,No,10,10,7,9.0,10,2,1,3,3,3.0,4.0,3,2,No,1,Y,80
10056,36.0,Male,Married,Sales,Manager,1,2,Life Sciences,3,Travel_Rarely,5330.0,17,2,No,13,7,4,6.0,5,2,3,3,4,2.0,4.0,3,1,No,1,Y,80
10810,35.0,Female,Single,Research & Development,Research Director,4,3,Life Sciences,1,Travel_Rarely,11262.0,15,2,No,12,4,2,1.0,1,9,5,3,2,3.0,4.0,3,2,No,1,Y,80
10254,31.0,Female,Married,Sales,Sales Executive,2,3,Marketing,6,Travel_Rarely,9985.0,13,1,Yes,9,8,8,4.0,7,2,4,3,1,1.0,3.0,3,3,No,1,Y,80
11588,37.0,Male,Married,Research & Development,Laboratory Technician,1,4,Medical,10,Travel_Rarely,6442.0,14,0, No,14,10,8,6.0,8,0,5,3,3,3.0,3.0,3,3,No,1,Y,80
11073,41.0,Female,Divorced,sales,Sales Executive,1,3,Life Sciences,2,Travel_Rarely,,15,1,Yes,20,1,0,1.0,0,7,4,3,4,3.0,1.0,4,2,Yes,1,Y,80
10643,33.0,Male,Single,Research & Development,Healthcare Representative,2,3,Marketing,17,Travel_Frequently,9597.0,14,2,Yes,12,2,0,2.0,0,9,4,3,3,1.0,3.0,3,3,No,1,Y,80
10546,38.0,Male,Divorced,Sales,Sales Representative,1,2,Human Resources,29,Travel_Frequently,6460.0,21,0,No,17,12,12,8.0,11,0,6,3,2,3.0,2.0,2,1,No,1,Y,80
10478,40.0,Female,Married,Sales,Manager,3,2,Life Sciences,6,Travel_Rarely,9312.0,21,0,Yes,16,2,1,1.0,0,7,5,4,3,,4.0,3,3,No,1,Y,80
10950,32.0,Female,Divorced,Research & Development,Healthcare Representative,3,2,Other,1,Travel_Rarely,7844.0,19,0,No,11,11,10,7.0,9,7,0,3,3,4.0,2.0,3,1,No,1,Y,80
10844,29.0,Female,Single,Human Resources,Human Resources,5,2,Technical Degree,10,Non-Travel,14117.0,12,2,No,9,1,1,0.0,0,8,5,3,3,4.0,,3,2,No,1,Y,80
10064,49.0,Female,Divorced,Sales,Manager,4,3,Life Sciences,4,Travel_Frequently,13231.0,14,1,No,30,14,12,0.0,11,8,5,4,3,2.0,3.0,3,4,No,1,Y,80
10414,34.0,Female,Married,Sales,Sales Executive,3,3,Life Sciences,10,Travel_Rarely,9315.0,11,1,Yes,13,8,6,7.0,6,4,0,3,1,,1.0,3,4,No,1,Y,80
10385,40.0,Male,Married,Human Resources,HR Business Partner,1,4,Medical,16,Travel_Rarely,6304.0,18,0,No,19,12,12,4.0,11,5,6,3,4,3.0,2.0,1,1,No,1,Y,80
11579,33.0,Female,Married,Sales,Sales Representative,3,5,Medical,4,Travel_Rarely,9928.0,18,1,No,13,3,2,,2,8,5,3,2,2.0,3.0,3,3,No,1,Y,80
10975,28.0,Male,Single,Research & Development,Healthcare Representative,1,3,Life Sciences,9,Non-Travel,4057.0,16,1,No,7,1,0,0.0,0,8,0,3,3,3.0,2.0,2,4,Yes,1,Y,80
11347,28.0,Female,Single,Research & Development,Laboratory Technician,1,4,Life Sciences,1,Travel_Frequently,5980.0,15,1,No,4,3,1,0.0,3,9,6,3,4,1.0,3.0,2,3,No,1,Y,80
10885,39.0,Female,Married,Research & Development,Research Scientist,1,5,Medical,10,Non-Travel,5632.0,14,1,No,18,6,6,6.0,4,3,2,3,3,4.0,1.0,3,2,No,1,Y,80
10452,29.0,Male,Single,Research & Development,Research Director,3,2,Medical,5,Travel_Rarely,9709.0,11,1, Yes,8,3,0,1.0,0,3,5,4,4,4.0,2.0,2,4,No,1,Y,80
11259,48.0,Male,Married,Research & Development,Research Scientist,4,2,Other,28,Travel_Frequently,14422.0,11,0,No,29,23,21,5.0,22,5,3,4,4,4.0,1.0,3,2,No,1,Y,80
10657,37.0,Female,Single,Sales,Manager,2,2,Medical,2,Travel_Rarely,7433.0,17,1,No,15,1,0,0.0,0,0,0,4,3,,2.0,3,3,No,1,Y,80
11449,49.0,Female,Married,Research & Development,  Laboratory Technician  ,2,3,Life Sciences,1,Travel_Rarely,10121.0,14,0,No,29,1,0,0.0,0,3,1,4,3,3.0,,2,1,Yes,1,Y,80
11328,33.0,Female,Married,Sales,Sales Executive,1,4,Human Resources,5,Travel_Rarely,6320.0,12,1,No,11,2,0,2.0,0,5,4,4,2,4.0,3.0,3,3,No,1,Y,80
10370,43.0,Female,Single,Research & Development,Laboratory Technician,3,3,Other,2,Travel_Rarely,12375.0,15,0,No,25,20,20,10.0,17,7,4,4,2,1.0,4.0,2,1,No,1,Y,80
10690,46.0,Female,Single,Research & Development,Research Director,2,2,Life Sciences,4,Travel_Rarely,9476.0,15,3,No,24,7,5,5.0,5,5,2,3,3,3.0,2.0,1,4,No,1,Y,80
10220,46.0,Male,Married,Sales,Manager,1,4,Human Resources,4,Travel_Rarely,"$7,044",14,0,Yes,26,1,0,0.0,1,9,3,3,3,3.0,2.0,4,4,No,1,Y,80
11563,33.0,Female,Divorced,Sales,Manager,1,2,Human Resources,1,Travel_Rarely,5693.0,17,1,No,14,12,11,0.0,9,5,4,3,2,3.0,4.0,3,4,No,1,Y,80
11321,59.0,Male,Married,Sales,Sales Representative,3,2,Medical,14,Travel_Rarely,11785.0,13,0,Yes,37,34,33,12.0,31,3,6,4,3,4.0,4.0,3,1,Yes,1,Y,80
10022,46.0,Male,Married,Research & Development,Laboratory Technician,4,3,Medical,18,Travel_Rarely,13958.0,11,1,No,25,3,0,3.0,1,7,3,3,2,1.0,4.0,1,2,Yes,1,Y,80
10761,42.0,Female,Married,Human Resources,HR Business Partner,4,2,Marketing,9,Travel_Rarely,12092.0,13,0,No,20,7,5,4.0,7,1,4,3,3,2.0,3.0,1,2,No,1,Y,80
10870,36.0,Female,Divorced,R&D,Research Director,2,4,Marketing,9,Travel_Frequently,6557.0,13,0,No,16,15,12,1.0,12,0,2,3,3,2.0,3.0,2,2,No,1,Y,80
10421,33.0,Male,Single,Research & Development,Healthcare Representative,3,2,Human Resources,6,Travel_Rarely,8259.0,21,2,Yes,14,3,1,0.0,2,3,1,3,2,3.0,2.0,2,4,No,1,Y,80
11350,32.0,Female,Married,Sales,Sales Executive,1,2,Life Sciences,6,Travel_Rarely,6720.0,16,0,Yes,9,3,0,0.0,2,5,1,3,3,2.0,1.0,1,3,No,1,Y,80
10200,38.0,Female,Single,Sales,Sales Executive,5,2,Life Sciences,4,Travel_Rarely,15444.0,16,3,No,14,0,0,0.0,0,3,5,3,3,4.0,3.0,2,4,No,1,Y,80
10451,33.0,Female,Married,research & development,Research Scientist,2,3,Technical Degree,14,Travel_Rarely,7192.0,11,0,No,13,0,0,0.0,0,0,1,3,3,3.0,4.0,2,3,No,1,Y,80
11162,29.0,Female,Single,Research & Development,Laboratory Technician,2,3,Life Sciences,5,Travel_Rarely,7590.0,14,0,No,7,2,0,2.0,0,7,0,3,3,3.0,3.0,2,3,No,1,Y,80
11020,33.0,Female,Married,Human Resources,Manager,1,3,Medical,5,Travel_Rarely,6708.0,11,1, No,13,3,2,2.0,1,1,5,3,3,2.0,4.0,3,3,No,1,Y,80
10912,33.0,Male,Divorced,Research & Development,Healthcare Representative,1,3,Other,8,Travel_Rarely,4623.0,11,0,No,10,0,0,0.0,0,3,5,3,3,4.0,1.0,2,2,No,1,Y,80
10697,27.0,Male,Single,Human Resources,Manager,2,4,Medical,1,Travel_Frequently,6065.0,16,1,No,5,3,2,1.0,3,2,2,3,3,1.0,2.0,1,2,No,1,Y,80
10812,29.0,Female,Single,Research & Development,Healthcare Representative,2,5,Other,1,Travel_Rarely,8476.0,18,1,Yes,5,2,0,2.0,2,9,2,3,3,2.0,3.0,3,2,No,1,Y,80
11237,31.0,Female,Single,Research & Development,Research Scientist,5,4,Life Sciences,1,Travel_Rarely,15036.0,15,0,Yes,7,6,5,2.0,6,8,5,3,1,1.0,3.0,3,2,No,1,Y,80
11641,54.0,Female,Married,Research & Development,Research Scientist,3,4,Marketing,8,Travel_Frequently,11594.0,14,1,No,30,24,23,11.0,24,3,5,3,3,3.0,3.0,3,4,No,1,Y,80
10911,41.0,Male,Single,Research & Development,Manufacturing Director,4,3,Life Sciences,5,Travel_Frequently,12621.0,13,1,Yes,19,1,0,1.0,0,5,6,3,4,3.0,3.0,4,4,No,1,Y,80
11050,38.0,Male,Single,Research & Development,Manager,3,4,Life Sciences,2,Travel_Rarely,10506.0,19,0,No,14,11,10,7.0,11,2,5,3,2,4.0,4.0,3,4,No,1,Y,80
10506,60.0,Female,Divorced,Human Resources,Manager,1,3,Medical,4,Travel_Rarely,8819.0,14,0,No,40,38,38,3.0,36,5,4,3,1,1.0,3.0,3,4,No,1,Y,80
11514,39.0,Female,Divorced,Research & Development,Manager,2,5,Life Sciences,13,Travel_Frequently,7843.0,16,0,Yes,17,17,14,8.0,14,3,4,3,3,4.0,4.0,4,3,No,1,Y,80
11256,42.0,Female,Single,Sales,Sales Executive,1,4,Life Sciences,2 km,Travel_Frequently,6979.0,17,1,No,18,0,0,0.0,0,7,0,3,3,2.0,3.0,3,1,Yes,1,Y,80
10406,35.0,Female,Single,sales,Sales Representative,2,3,Life Sciences,6,Travel_Frequently,8552.0,11,1,No,12,0,0,0.0,0,9,0,3,2,3.0,3.0,4,3,No,1,Y,80
10318,41.0,Male,Divorced,R&D,Healthcare Representative,3,3,Medical,13,Travel_Rarely,10264.0,13,1,Yes,19,16,13,1.0,15,6,3,4,1,2.0,1.0,3,3,No,1,Y,80
10184,19.0,Female,Married,Research & Development,Laboratory Technician,1,4,Other,1,Travel_Frequently,6247.0,17,1,No,0,0,0,0.0,0,3,5,3,3,1.0,3.0,4,4,No,1,Y,80
11121,31.0,Male,Married,Sales,Sales Representative,3,5,Life Sciences,1,Travel_Frequently,10653.0,20,1,No,13,6,3,0.0,3,4,2,3,4,4.0,2.0,3,3,No,1,Y,80
11550,37.0,Male,Married,sales,Sales Executive,3,1,Medical,1,Travel_Rarely,11475.0,15,2,No,13,1,1,1.0,0,6,1,3,3,4.0,3.0,4,4,No,1,Y,80
10610,53.0,Female,Married,Research & Development,Manager,1,2,Technical Degree,16,Travel_Rarely,9001.0,16,1,No,35,10,8,3.0,8,9,4,4,2,3.0,3.0,3,1,No,1,Y,80
10627,56.0,Male,Married,Research & Development,Manager,2,5,Life Sciences,1,Travel_Rarely,,23,0,No,32,24,21,0.0,21,3,3,3,3,3.0,1.0,4,3,No,1,Y,80
10486,23.0,Male,Married,Sales,Sales Representative,3,3,Technical Degree,3,Travel_Frequently,8862.0,16,1,Yes,2,0,0,0.0,0,9,5,3,3,3.0,2.0,3,2,Yes,1,Y,80
10279,28.0,Female,Single,Human Resources,Human Resources,2,3,Life Sciences,17,Travel_Rarely,5905.0,13,1,Yes,4,3,2,3.0,3,2,1,3,3,4.0,2.0,4,2,Yes,1,Y,80
10631,35.0,Male,Divorced,Research & Development,Manager,4,3,Life Sciences,7,Travel_Rarely,12984.0,15,1,No,17,10,10,2.0,10,4,3,3,1,3.0,,4,3,No,1,Y,80
10021,55.0,Male,Single,Research & Development,Manager,2,2,Life Sciences,2,Travel_Rarely,9794.0,13,1,No,35,22,19,6.0,22,4,5,3,3,2.0,3.0,3,4,No,1,Y,80
10171,34.0,Male,Married,Sales,Sales Executive,3,2,Medical,3,Travel_Rarely,9458.0,14,0,No,15,5,2,5.0,4,2,2,3,3,2.0,,4,1,No,1,Y,80
11426,32.0,Male,Single,Sales,Sales Representative,1,2,Marketing,1,Travel_Rarely,7483.0,19,0,No,13,8,6,1.0,7,4,1,3,3,2.0,3.0,3,4,No,1,Y,80
10902,36.0,Female,Married,Sales,Manager,2,3,Life Sciences,16,Travel_Rarely,8491.0,11,0,No,18,10,7,5.0,7,8,4,3,2,4.0,3.0,3,1,No,1,Y,80
11040,42.0,Male,Married,Human Resources,Human Resources,2,4,Life Sciences,3,Travel_Rarely,"$9,125",13,0,No,22,14,11,4.0,11,6,3,3,4,3.0,1.0,3,1,No,1,Y,80
10177,36.0,Male,Divorced,Research & Development,Manufacturing Director,2,4,Marketing,7,Non-Travel,8599.0,12,0,Yes,13,0,0,0.0,0,5,3,3,3,2.0,3.0,3,3,Yes,1,Y,80
10328,20.0,Male,Single,Research & Development,Manager,2,3,Medical,15,Travel_Rarely,7612.0,11,1,No,0,0,0,0.0,0,3,1,3,3,1.0,3.0,3,3,No,1,Y,80
10707,46.0,Male,Married,Research & Development,Healthcare Representative,1,4,Marketing,2,Travel_Rarely,6793.0,11,0,Yes,24,2,0,1.0,2,1,1,3,2,1.0,3.0,3,4,No,1,Y,80
11223,40.0,Female,Married,Research & Development,Manufacturing Director,1,3,Life Sciences,15,Travel_Rarely,8146.0,11,1,Yes,21,12,11,0.0,10,3,5,3,3,4.0,2.0,3,3,Yes,1,Y,80
10471,22.0,Female,Single,Research & Development,Manufacturing Director,3,3,Technical Degree,9,Travel_Rarely,8599.0,22,0,Yes,0,0,0,0.0,0,4,0,4,3,2.0,4.0,2,2,Yes,1,Y,80
11540,37.0,Female,Single,Sales,Sales Representative,4,1,Life Sciences,27,Travel_Rarely,14704.0,14,0,No,17,15,15,2.0,12,0,5,3,3,4.0,1.0,3,3,No,1,Y,80
10267,31.0,Male,Divorced,Research & Development,Laboratory Technician,1,3,Human Resources,21,Travel_Rarely,6231.0,16,0,No,7,3,1,0.0,3,8,3,3,1,4.0,1.0,1,3,No,1,Y,80
10616,39.0,Female,Single,Human Resources,Manager,2,4,Life Sciences,5,Travel_Rarely,8709.0,16,1,Yes,17,5,4,5.0,3,7,4,3,2,2.0,2.0,4,2,Yes,1,Y,80
11517,34.0,Female,Single,Research & Development,Research Director,4,4,Medical,26,Travel_Rarely,13152.0,11,2,No,16,13,10,10.0,10,6,0,3,3,1.0,1.0,4,4,Yes,1,Y,80
10131,50.0,Female,Married,Research & Development,Research Scientist,1,4,Marketing,5,Travel_Frequently,6919.0,14,1,Yes,28,24,24,8.0,23,2,4,3,3,3.0,1.0,3,3,No,1,Y,80
10866,49.0,Male,Married,Sales,Sales Executive,2,3,Life Sciences,1,Travel_Rarely,10650.0,21,2,No,27,25,22,13.0,22,7,1,4,2,1.0,4.0,3,2,Yes,1,Y,80
11610,26.0,Male,Single,Research & Development,Research Director,2,5,Medical,3,Travel_Rarely,5552.0,18,1, No,4,2,1,1.0,0,9,3,3,3,2.0,3.0,2,3,No,1,Y,80
11363,38.0,Female,Single,Human Resources,Manager,2,5,Marketing,28,Travel_Rarely,7731.0,11,2,Yes,18,7,4,1.0,7,2,1,4,4,9.0,4.0,4,4,Yes,1,Y,80
11546,33.0,Female,Married,Sales,Manager,4,2,Medical,4,Travel_Rarely,13485.0,12,0,No,10,7,7,1.0,4,7,1,3,4,1.0,4.0,2,2,Yes,1,Y,80
10490,48.0,Female,Single,Research & Development,Research Scientist,1,2,Technical Degree,1,Travel_Rarely,6589.0,13,0,No,24,24,24,6.0,22,8,2,3,3,3.0,3.0,3,4,No,1,Y,80
10607,35.0,Female,Divorced,Research & Development,Manufacturing Director,1,1,Life Sciences,1,Travel_Rarely,5203.0,20,1,No,15,9,7,5.0,9,4,1,3,1,4.0,4.0,1,3,No,1,Y,80
11218,47.0,Female,Married,Sales,Sales Representative,3,2,Life Sciences,2,Travel_Rarely,11899.0,20,0,No,27,13,11,11.0,11,0,1,4,2,1.0,4.0,2,4,No,1,Y,80
11165,33.0,Female,Married,Human Resources,HR Business Partner,3,2,Medical,4,Travel_Frequently,10991.0,11,0,No,9,7,7,1.0,7,1,6,3,3,4.0,3.0,4,3,No,1,Y,80
10417,32.0,Male,Married,Research & Development,Laboratory Technician,3,2,Life Sciences,7,Travel_Rarely,"$10,481",14,0,No,9,4,4,3.0,2,3,4,3,3,2.0,4.0,2,1,Yes,1,Y,80
11501,19.0,Female,Married,Sales,Manager,1,4,Life Sciences,1,Travel_Rarely,3308.0,17,0,No,0,0,0,0.0,0,5,6,3,4,1.0,3.0,3,4,No,1,Y,80
10153,26.0,Male,Married,Research & Development,Manager,1,3,Life Sciences,22,Travel_Rarely,4037.0,17,0,No,3,2,2,0.0,2,7,4,3,3,3.0,4.0,2,4,No,1,Y,80
10890,36.0,Male,Single,Research & Development,Healthcare Representative,1,3,Medical,7,Travel_Rarely,6105.0,14,0,No,18,7,7,1.0,4,6,6,3,3,4.0,2.0,3,4,No,1,Y,80
10850,45.0,Female,Single,Research & Development,Healthcare Representative,3,5,Other,6,Travel_Rarely,12095.0,15,2,No,24,0,0,0.0,0,8,1,3,2,,4.0,3,4,Yes,1,Y,80
10280,24.0,Female,Married,Research & Development,Manager,1,4,Life Sciences,8,Non-Travel,6732.0,11,1,No,5,3,0,2.0,2,9,4,4,3,3.0,3.0,3,3,No,1,Y,80
11035,30.0,Male,Divorced,Research & Development,Healthcare Representative,2,3,Life Sciences,5,Travel_Frequently,7268.0,16,1,No,8,6,3,6.0,6,4,3,3,3,2.0,2.0,3,3,No,1,Y,80
10270,36.0,Female,Single,Sales,Manager,2,2,Medical,16,Travel_Frequently,6673.0,11,3,No,12,3,2,0.0,3,4,3,3,3,3.0,2.0,2,4,No,1,Y,80
10097,46.0,Male,Single,Research & Development,Laboratory Technician,3,4,Technical Degree,7,Travel_Rarely,10635.0,15,1,Yes,25,14,11,12.0,13,0,0,3,3,4.0,3.0,3,4,No,1,Y,80
10211,36.0,Female,Married,Research & Development,Healthcare Representative,2,3,Life Sciences,19,Travel_Rarely,6497.0,18,3,No,15,3,2,3.0,2,0,1,3,3,3.0,3.0,2,4,No,1,Y,80
11533,29.0,Male,Divorced,Research & Development,Laboratory Technician,2,2,Medical,10,Travel_Rarely,9620.0,16,1,No,5,1,0,1.0,0,6,4,3,1,3.0,3.0,3,2,No,1,Y,80
10570,31.0,Male,Married,R&D,Research Director,3,3,Life Sciences,1,Travel_Rarely,11062.0,22,1,No,9,3,0,2.0,0,8,1,3,3,2.0,1.0,3,3,No,1,Y,80
11618,55.0,Male,Divorced,Research & Development,Healthcare Representative,3,5,Life Sciences,12,Travel_Rarely,12443.0,12,0,NO,34,15,13,1.0,12,5,0,3,3,4.0,4.0,2,3,No,1,Y,80
10872,43.0,Male,Married,research & development,Research Director,1,3,Marketing,1,Travel_Frequently,6050.0,11,3,Yes,21,19,18,8.0,16,0,6,3,2,3.0,2.0,4,2,No,1,Y,80
10533,29.0,Male,Single,Research & Development,Manufacturing Director,4,2,Technical Degree,1,Travel_Rarely,11929.0,15,2,No,11,6,5,0.0,4,7,6,3,2,4.0,3.0,3,3,No,1,Y,80
11615,40.0,Female,Single,Sales,Sales Representative,2,5,Life Sciences,9,Travel_Rarely,9162.0,14,0,No,20,13,13,1.0,11,8,4,3,4,3.0,1.0,2,2,No,1,Y,80
11357,36.0,Male,Single,Sales,Manager,3,3,Life Sciences,4,Travel_Rarely,10106.0,15,0,Yes,16,10,8,7.0,8,5,3,3,2,4.0,4.0,3,3,No,1,Y,80
11100,27.0,Male,Divorced,Sales,Sales Representative,1,4,Marketing,18,Non-Travel,4247.0,11,1,No,6,1,1,1.0,0,6,3,3,3,4.0,2.0,4,2,No,1,Y,80
10713,25.0,Female,Married,Research & Development,Laboratory Technician,2,4,Marketing,28,Travel_Rarely,"$7,119",12,3,No,2,0,0,0.0,0,9,0,3,3,2.0,3.0,3,3,No,1,Y,80
10078,60.0,Male,Married,Sales,Sales Executive,2,2,Technical Degree,6,Travel_Rarely,11408.0,20,1,No,39,19,19,9.0,17,9,6,3,3,3.0,4.0,3,3,No,1,Y,80
10264,31.0,Male,Married,Sales,Sales Representative,1,4,Life Sciences,3,Travel_Rarely,5333.0,12,0,Yes,8,6,4,5.0,4,0,5,3,3,4.0,1.0,3,4,No,1,Y,80
11638,18.0,Male,Married,Research & Development,Laboratory Technician,2,4,Technical Degree,1,Travel_Frequently,6246.0,17,1,Yes,0,0,0,0.0,0,7,2,3,4,4.0,4.0,3,1,Yes,1,Y,80
10150,37.0,Female,Married,Research & Development,Research Director,3,4,Medical,17,Travel_Rarely,12182.0,13,3,No,15,7,6,4.0,4,6,4,3,3,1.0,3.0,3,3,Yes,1,Y,80
11539,35.0,Female,Married,Research & Development,Laboratory Technician,3,2,Medical,2,Non-Travel,"$10,248",14,0,No,12,3,2,0.0,3,8,3,3,4,3.0,2.0,4,4,No,1,Y,80
11622,48.0,Female,Divorced,Research & Development,Research Director,2,2,Life Sciences,1,Travel_Rarely,8707.0,18,1,No,24,21,19,12.0,20,4,2,3,3,3.0,2.0,2,3,No,1,Y,80
10470,37.0,Female,Married,Research & Development,Manager,5,2,Marketing,21,Travel_Rarely,15473.0,17,0,No,17,14,11,8.0,14,6,5,4,3,2.0,4.0,3,4,No,1,Y,80
10565,36.0,Male,Single,Research & Development,Healthcare Representative,1,1,Medical,6,Travel_Rarely,5718.0,11,0,Yes,16,7,6,5.0,7,0,4,3,2,3.0,3.0,3,3,No,1,Y,80
10462,32.0,Female,Single,Research & Development,  Research Director  ,3,3,Technical Degree,4,Travel_Frequently,9391.0,11,1,Yes,10,6,5,0.0,6,9,2,3,3,2.0,4.0,2,4,Yes,1,Y,80
11278,46.0,Female,Single,Research & Development,Manager,2,3,Technical Degree,9,Non-Travel,10384.0,19,1,No,23,0,0,0.0,0,0,4,3,4,1.0,4.0,3,3,No,1,Y,80
10897,41.0,Male,Single,Research & Development,Manager,4,1,Life Sciences,2,Travel_Rarely,12901.0,13,0,No,21,1,1,1.0,0,8,0,3,3,3.0,4.0,2,4,No,1,Y,80
11394,20.0,Male,Divorced,Research & Development,Laboratory Technician,4,3,Human Resources,1,Travel_Frequently,11863.0,18,1,No,0,0,0,0.0,0,1,6,3,3,4.0,3.0,3,3,No,1,Y,80
11346,21.0,Male,Married,Research & Development,Laboratory Technician,3,2,Medical,9,Non-Travel,10048.0,11,0,Yes,3,0,0,0.0,0,4,5,3,3,1.0,1.0,2,3,No,1,Y,80
10696,34.0,Male,Married,Sales,Sales Representative,1,2,Medical,1,Travel_Rarely,5958.0,17,2,No,13,5,3,2.0,5,2,3,3,3,2.0,4.0,3,3,No,1,Y,80
11176,42.0,Male,Divorced,Sales,Sales Representative,3,2,Life Sciences,1,Travel_Rarely,11769.0,15,0,No,23,4,4,3.0,4,6,3,3,2,4.0,1.0,3,3,No,1,Y,80
10929,39.0,Male,Divorced,Research & Development,Laboratory Technician,5,4,Life Sciences,7,Travel_Rarely,15829.0,18,0,Yes,18,2,2,1.0,0,2,1,3,1,4.0,3.0,1,4,No,1,Y,80
11327,45.0,Male,Married,Sales,Sales Executive,5,3,Life Sciences,5,Non-Travel,16822.0,12,0,No,23,1,0,0.0,0,8,3,3,1,,2.0,3,2,No,1,Y,80
11215,49.0,Female,Married,Research & Development,Manager,5,4,Technical Degree,2,Travel_Rarely,15853.0,14,3,No,27,10,9,2.0,8,1,1,3,3,3.0,3.0,4,1,No,1,Y,80
10587,57.0,Female,Married,Sales,Manager,2,3,Medical,8,Travel_Rarely,10083.0,12,1,No,33,8,7,5.0,5,3,1,3,1,4.0,4.0,3,2,No,1,Y,80
11373,30.0,Male,Single,Research & Development,Manufacturing Director,3,5,Life Sciences,17,Travel_Rarely,10799.0,20,1,No,7,0,0,0.0,0,1,1,3,3,3.0,4.0,3,4,No,1,Y,80
10244,40.0,Male,Single,Research & Development,Manager,5,4,Life Sciences,18,Travel_Rarely,15228.0,14,0,Yes,16,2,2,2.0,2,7,5,3,4,3.0,2.0,4,2,No,1,Y,80
11112,48.0,Male,Divorced,Sales,Manager,1,3,Marketing,12,Travel_Rarely,7910.0,15,1,No,29,26,25,6.0,23,5,1,3,4,3.0,4.0,2,3,Yes,1,Y,80
10752,19.0,Female,Single,Sales,Manager,1,3,Life Sciences,3,Travel_Rarely,4493.0,20,0,Yes,0,0,0,0.0,0,6,5,3,3,3.0,3.0,3,2,No,1,Y,80
11597,48.0,Female,Single,Research & Development,Healthcare Representative,4,3,Medical,14,Travel_Rarely,13960.0,13,1,No,27,5,5,5.0,4,0,2,3,1,2.0,4.0,2,4,No,1,Y,80
11443,37.0,Female,Single,Research & Development,Research Scientist,5,1,Life Sciences,3,Travel_Rarely,14161.0,11,2,yes,15,9,7,6.0,7,5,0,3,1,3.0,1.0,1,3,Yes,1,Y,80
11313,40.0,Female,Married,Sales,Manager,3,2,Medical,9,Travel_Frequently,10777.0,15,3,No,19,14,12,9.0,14,2,6,3,2,4.0,1.0,2,2,No,1,Y,80
10649,37.0,Male,Single,Research & Development,Laboratory Technician,1,4,Human Resources,5,Travel_Rarely,5523.0,11,1,No,14,3,0,,1,2,4,3,2,4.0,4.0,4,4,No,1,Y,80
11191,35.0,Female,Married,Sales,Manager,1,2,Life Sciences,3,Travel_Frequently,5831.0,11,1,No,15,11,9,8.0,9,6,4,3,3,3.0,4.0,3,4,No,1,Y,80
10596,23.0,Male,Divorced,Human Resources,HR Business Partner,5,3,Life Sciences,2,Travel_Rarely,13859.0,13,3,No,0,0,0,0.0,0,4,0,3,1,3.0,,3,2,No,1,Y,80
10314,37.0,Female,Married,Research & Development,Research Director,4,3,Marketing,18,Travel_Rarely,11919.0,11,1,No,17,14,13,2.0,14,0,6,3,3,3.0,4.0,3,1,No,1,Y,80
10934,45.0,Female,Single,Research & Development,Research Scientist,3,3,Technical Degree,4,Travel_Rarely,9963.0,16,1,No,25,14,14,13.0,14,6,0,3,3,1.0,4.0,4,3,No,1,Y,80
10156,42.0,Male,Married,Sales,Manager,2,2,Life Sciences,4,Travel_Rarely,9275.0,17,0,Yes,23,5,4,5.0,2,2,6,3,2,3.0,4.0,1,2,No,1,Y,80
11381,18.0,Male,Divorced,R&D,  Research Director  ,5,3,Technical Degree,1,Travel_Rarely,13289.0,19,1,Yes,0,0,0,0.0,0,7,0,3,2,1.0,1.0,3,1,No,1,Y,80
11406,31.0,Female,Married,Sales,Sales Representative,1,4,Medical,7,Travel_Frequently,3579.0,14,0,No,7,3,2,2.0,1,7,5,4,4,1.0,3.0,3,4,No,1,Y,80
11304,42.0,Female,Married,Sales,Manager,4,1,Life Sciences,7,Non-Travel,13500.0,16,0,No,23,19,17,14.0,19,7,4,4,3,2.0,3.0,3,3,No,1,Y,80
11151,39.0,Female,Divorced,Research & Development,Healthcare Representative,1,4,Human Resources,6,Travel_Rarely,5395.0,11,1,No,20,11,10,7.0,8,7,0,3,3,2.0,2.0,3,4,No,1,Y,80
11000,39.0,Female,Single,Research & Development,Manufacturing Director,2,3,Medical,29,Non-Travel,8862.0,16,3,Yes,21,2,0,2.0,0,3,4,3,2,,3.0,3,3,No,1,Y,80
11047,18.0,Female,Married,Research & Development,Laboratory Technician,1,1,Life Sciences,10,Travel_Frequently,5619.0,11,1,No,0,0,0,0.0,0,9,4,3,3,2.0,1.0,3,3,Yes,1,Y,80
11307,25.0,Male,Single,research & development,Research Scientist,1,3,Technical Degree,2,Travel_Rarely,4501.0,13,1,No,7,1,0,1.0,0,8,6,3,2,1.0,4.0,3,4,Yes,1,Y,80
11496,59.0,Female,Married,Research & Development,Research Scientist,2,2,Medical,22,Travel_Rarely,10327.0,16,0,No,36,20,20,6.0,17,5,5,3,3,4.0,1.0,3,2,No,1,Y,80
11392,28.0,Male,Married,Research & Development,Laboratory Technician,2,4,Life Sciences,16,Travel_Rarely,7284.0,14,0,no,10,10,7,2.0,8,0,5,3,3,3.0,4.0,2,2,No,1,Y,80
10026,43.0,Male,Single,Sales,Manager,1,5,Medical,3,Travel_Rarely,7592.0,19,3,No,25,10,9,1.0,8,5,4,3,4,4.0,4.0,3,4,No,1,Y,80
10197,23.0,Female,Single,Research & Development,Manufacturing Director,4,4,Life Sciences,5,Travel_Rarely,11219.0,14,0,No,2,0,0,0.0,0,7,3,3,3,3.0,2.0,4,3,Yes,1,Y,80
11089,31.0,Male,Divorced,Research & Development,Research Scientist,1,3,Life Sciences,4,Travel_Rarely,5752.0,14,1,No,12,11,10,4.0,11,1,3,3,2,3.0,1.0,3,4,No,1,Y,80
10016,42.0,Female,Married,Sales,Sales Executive,2,3,Medical,18,Travel_Rarely,8192.0,18,0,No,23,14,14,13.0,11,1,5,3,3,2.0,,3,2,No,1,Y,80
11491,41.0,Male,Divorced,Sales ,Sales Executive,4,3,Medical,6,Non-Travel,12976.0,18,1,Yes,18,6,4,5.0,5,9,3,4,4,2.0,1.0,2,4,No,1,Y,80
11322,40.0,Male,Divorced,Sales,Sales Representative,1,1,Technical Degree,4,Travel_Frequently,5779.0,13,1,No,21,10,10,9.0,9,7,6,3,3,2.0,4.0,2,4,Yes,1,Y,80
10884,33.0,Male,Divorced,Human Resources,Human Resources,4,2,Life Sciences,2,Travel_Rarely,11569.0,17,0,Yes,14,14,14,3.0,11,5,5,3,2,4.0,4.0,3,4,No,1,Y,80
10622,33.0,Male,Single,R&D,Laboratory Technician,3,4,Life Sciences,1,Travel_Frequently,10159.0,11,2,No,15,14,12,13.0,11,3,3,3,3,4.0,4.0,1,2,No,1,Y,80
11361,45.0,Male,Married,Human Resources,HR Business Partner,2,3,Life Sciences,7,Non-Travel,11635.0,19,1,No,26,0,0,0.0,0,8,5,3,3,4.0,3.0,2,1,No,1,Y,80
11051,27.0,Male,Married,Research & Development,Manufacturing Director,2,3,Technical Degree,17 km,Travel_Rarely,7445.0,21,1,No,4,2,2,2.0,1,2,5,3,1,3.0,1.0,4,4,No,1,Y,80
11613,41.0,Female,Married,Research & Development,Manager,5,4,Medical,1,Travel_Rarely,16328.0,17,1,No,17,12,12,1.0,9,3,3,4,3,2.0,1.0,2,4,No,1,Y,80
11068,18.0,Male,Single,Research & Development,Laboratory Technician,3,3,Life Sciences,8,Travel_Rarely,9036.0,11,0,No,0,0,0,0.0,0,6,5,3,3,,,2,4,No,1,Y,80
10498,41.0,Male,Single,Research & Development,Research Scientist,2,1,Life Sciences,8,Travel_Rarely,7300.0,11,3,No,18,6,3,2.0,3,4,0,3,2,3.0,3.0,2,4,No,1,Y,80
10793,50.0,Male,Single,Research & Development,Research Director,1,3,Life Sciences,6,Travel_Rarely,4950.0,11,1,No,29,22,22,11.0,22,0,0,3,4,1.0,1.0,3,2,No,1,Y,80
10965,35.0,Female,Divorced,Sales,Sales Representative,1,4,Medical,12,Travel_Rarely,5245.0,11,0,No,12,5,2,4.0,3,2,5,3,2,4.0,,3,2,No,1,Y,80
10516,26.0,Female,Married,Research & Development,Research Director,3,3,Medical,1,Travel_Rarely,9902.0,16,0,No,7,0,0,0.0,0,1,1,3,2,3.0,2.0,3,4,No,1,Y,80
11635,32.0,Male,Single,Sales,Sales Representative,1,3,Technical Degree,2,Travel_Rarely,6351.0,13,2,No,10,5,5,4.0,4,1,4,4,3,3.0,3.0,3,4,No,1,Y,80
11586,31.0,Male,Single,Research & Development,Laboratory Technician,1,3,Life Sciences,2,Travel_Rarely,5601.0,14,1,Yes,13,13,11,11.0,10,4,1,3,2,3.0,,2,2,Yes,1,Y,80
11479,29.0,Female,Married,Research & Development,Healthcare Representative,2,4,Medical,3,Travel_Rarely,9726.0,22,1,No,8,7,6,4.0,4,2,3,3,3,3.0,4.0,3,4,No,1,Y,80
11412,39.0,Female,Single,Sales,Manager,2,3,Life Sciences,14,Travel_Rarely,9558.0,12,0,Yes,19,14,13,1.0,13,9,2,3,4,4.0,1.0,2,4,No,1,Y,80
11096,54.0,Female,Divorced,Research & Development,Research Scientist,2,2,Life Sciences,6,Travel_Rarely,12323.0,13,0,No,34,26,24,0.0,23,1,5,3,3,4.0,2.0,3,1,No,1,Y,80
10543,50.0,Female,Single,Sales,Sales Representative,1,4,Other,29,Travel_Rarely,7002.0,11,0,No,26,19,17,12.0,16,8,1,3,3,2.0,3.0,3,4,No,1,Y,80
10457,46.0,Female,Single,Research & Development,Manufacturing Director,1,3,Medical,1,Travel_Rarely,7493.0,13,0,Yes,28,14,12,11.0,14,0,2,3,4,4.0,4.0,3,4,No,1,Y,80
10634,56.0,Female,Single,Research & Development,Laboratory Technician,1,2,Technical Degree,13,Travel_Rarely,,20,2,No,38,4,1,3.0,3,6,0,4,3,,4.0,3,4,Yes,1,Y,80
10432,31.0,Male,Married,Sales,Sales Executive,1,5,Life Sciences,9,Travel_Rarely,5242.0,14,0,No,13,6,5,4.0,3,3,3,3,1,4.0,2.0,2,3,Yes,1,Y,80
10628,30.0,Male,Married,Research & Development,Manager,2,4,Medical,29,Travel_Frequently,,17,2,No,11,1,0,1.0,0,3,3,3,4,4.0,2.0,2,2,No,1,Y,80
10729,34.0,Female,Single,Sales,Sales Representative,3,4,Medical,20,Non-Travel,11518.0,20,0,No,12,4,2,1.0,4,5,4,3,3,1.0,4.0,2,4,Yes,1,Y,80
11289,41.0,Male,Married,Research & Development,Healthcare Representative,4,4,Marketing,4,Travel_Rarely,12778.0,14,1,No,22,6,4,3.0,6,2,5,3,3,,4.0,1,1,Yes,1,Y,80
10210,18.0,Male,Married,Sales,Sales Executive,3,3,Other,11,Travel_Frequently,8555.0,16,0,No,0,0,0,0.0,0,5,6,3,4,3.0,2.0,2,3,Yes,1,Y,80
10317,40.0,Male,Married,Human Resources,Manager,1,5,Technical Degree,8,Travel_Rarely,5834.0,11,0,Yes,18,16,16,6.0,15,9,0,4,3,4.0,1.0,1,3,No,1,Y,80
10514,46.0,Male,Married,Sales,Manager,2,5,Medical,14,Travel_Rarely,8623.0,15,1,No,25,12,10,0.0,12,0,5,3,2,4.0,1.0,3,4,No,1,Y,80
11338,32.0,Female,Divorced,Human Resources,Human Resources,3,3,Life Sciences,18,Travel_Frequently,11487.0,11,1,No,10,1,0,1.0,1,1,6,3,3,4.0,1.0,3,3,No,1,Y,80
11559,30.0,Female,Divorced,Research & Development,Manager,1,3,Other,9,Non-Travel,4805.0,11,1,Yes,11,8,5,2.0,5,6,6,3,1,1.0,3.0,3,4,No,1,Y,80
10830,40.0,Female,Single,Research & Development,Laboratory Technician,1,5,Medical,5,Travel_Frequently,5612.0,11,1,No,20,11,8,7.0,8,1,0,3,3,3.0,2.0,3,2,No,1,Y,80
10320,38.0,Female,Married,Sales,Manager,2,1,Medical,3,Travel_Rarely,7831.0,20,1,No,14,7,5,5.0,6,9,4,3,1,3.0,4.0,3,4,No,1,Y,80
11032,30.0,Male,Married,Research & Development,Healthcare Representative,4,3,Human Resources,4,Travel_Rarely,11614.0,13,1,No,9,0,0,0.0,0,3,0,3,3,2.0,3.0,3,3,No,1,Y,80
11418,33.0,Male,Divorced,Research & Development,Manufacturing Director,3,4,Life Sciences,4,Travel_Frequently,9706.0,11,0,No,14,4,1,2.0,3,9,4,4,3,4.0,4.0,3,4,No,1,Y,80
10142,44.0,Female,Single,Sales,Manager,3,3,Marketing,1,Travel_Rarely,,16,0,No,20,18,18,1.0,18,7,2,3,3,4.0,3.0,3,3,No,1,Y,80
11111,40.0,Female,Single,Sales,Sales Executive,1,2,Life Sciences,25,Travel_Rarely,5440.0,16,1,No,21,18,16,14.0,16,3,2,3,1,1.0,4.0,2,3,No,1,Y,80
11503,20.0,Male,Single,Human Resources,Manager,4,2,Technical Degree,19,Travel_Rarely,9404.0,19,1,Yes,0,0,0,0.0,0,6,3,3,2,2.0,4.0,3,3,Yes,1,Y,80
11528,46.0,Female,Single,Research & Development,Manager,1,5,Marketing,21,Travel_Rarely,8183.0,14,1,No,26,11,10,6.0,11,3,6,4,2,1.0,4.0,4,2,No,1,Y,80
10754,47.0,Male,Married,Research & Development,  Laboratory Technician  ,1,1,Technical Degree,22,Travel_Rarely,8409.0,14,1,No,28,8,5,3.0,6,1,6,3,3,3.0,3.0,2,2,Yes,1,Y,80
11002,39.0,Male,Married,Research & Development,Research Director,3,4,Medical,16,Travel_Rarely,9773.0,17,1,No,21,0,0,0.0,0,8,6,3,3,4.0,3.0,2,3,No,1,Y,80
11240,37.0,Female,Divorced,Sales,Manager,2,2,Other,1,Travel_Rarely,8009.0,18,2,Yes,13,11,10,2.0,10,4,6,3,3,4.0,3.0,2,2,No,1,Y,80
10581,27.0,Female,Single,Research & Development,Manager,5,4,Medical,11,Travel_Frequently,13968.0,11,0,Yes,3,0,0,0.0,0,4,1,3,2,4.0,3.0,2,2,No,1,Y,80
10563,36.0,Female,Married,Sales,Sales Representative,2,3,Medical,29,Travel_Rarely,8707.0,17,0,No,14,13,13,10.0,10,3,5,4,3,3.0,3.0,3,3,No,1,Y,80
10399,36.0,Female,Single,Research & Development,Healthcare Representative,3,4,Marketing,6,Travel_Rarely,10639.0,15,1,No,16,9,7,7.0,9,7,1,3,2,4.0,4.0,3,4,No,1,Y,80
10669,42.0,Female,Married,Sales,Sales Representative,2,3,Technical Degree,2,Travel_Frequently,11362.0,11,0,No,24,24,22,4.0,24,0,4,3,2,1.0,4.0,3,3,Yes,1,Y,80
11515,37.0,Female,Married,Sales,Manager,2,2,Other,19,Non-Travel,8458.0,11,0,No,18,2,0,0.0,1,6,6,3,3,2.0,3.0,2,2,No,1,Y,80
10253,41.0,Female,Divorced,Sales,Sales Executive,4,3,Life Sciences,7,Travel_Rarely,13000.0,15,0,Yes,22,1,1,1.0,0,2,5,3,3,3.0,4.0,3,3,No,1,Y,80
10908,29.0,Female,Married,Research & Development,Laboratory Technician,2,3,Technical Degree,10 km,Travel_Frequently,7843.0,14,3,No,11,4,1,3.0,4,0,4,3,3,4.0,2.0,3,2,No,1,Y,80
10469,38.0,Female,Married,Research & Development,Healthcare Representative,2,4,Technical Degree,9,Non-Travel,8089.0,11,3,No,19,18,18,12.0,16,0,5,3,3,2.0,4.0,3,4,No,1,Y,80
10915,43.0,Male,Single,Research & Development,Manager,5,2,Human Resources,12,Travel_Rarely,13822.0,19,1,No,21,11,8,1.0,11,9,1,3,2,3.0,3.0,3,2,No,1,Y,80
10358,42.0,Male,Married,Research & Development,Healthcare Representative,1,4,Medical,1 km,Travel_Rarely,6928.0,16,1,No,24,13,11,7.0,11,7,6,3,3,4.0,4.0,2,4,No,1,Y,80
11279,24.0,Female,Single,Research & Development,Healthcare Representative,2,2,Other,7,Travel_Frequently,7596.0,20,0,Yes,3,3,0,2.0,1,8,4,4,2,4.0,1.0,4,3,No,1,Y,80
11301,43.0,Female,Married,Research & Development,Research Scientist,2,3,Medical,7,Travel_Rarely,9767.0,11,0,Yes,22,19,18,9.0,19,0,0,3,3,3.0,3.0,3,4,No,1,Y,80
11203,34.0,Female,Single,Sales,Sales Representative,5,3,Technical Degree,3,Travel_Rarely,14949.0,11,0,Yes,12,11,9,9.0,8,1,4,3,3,1.0,3.0,2,1,No,1,Y,80
11306,51.0,Male,Married,Research & Development,Research Director,1,2,Life Sciences,7,Travel_Rarely,6915.0,11,1,No,32,7,4,2.0,7,7,2,3,3,1.0,2.0,4,3,No,1,Y,80
11415,42.0,Male,Single,Research & Development,Research Scientist,4,4,Technical Degree,1,Non-Travel,13157.0,12,0,No,23,23,22,4.0,22,2,6,3,3,3.0,2.0,3,3,No,1,Y,80
10509,38.0,Female,Divorced,Sales,Sales Representative,3,4,Human Resources,6,Travel_Rarely,10687.0,13,0,No,19,10,8,5.0,9,2,2,3,3,3.0,4.0,3,1,No,1,Y,80
10750,28.0,Male,Married,Research & Development,  Manufacturing Director  ,3,3,Life Sciences,1,Travel_Rarely,9137.0,13,0,Yes,10,0,0,0.0,0,2,5,3,3,4.0,4.0,3,4,No,1,Y,80
11608,41.0,Female,Married,Sales,Manager,2,4,Life Sciences,9,Travel_Frequently,8214.0,11,0,No,18,11,9,,10,9,6,4,3,2.0,1.0,4,1,No,1,Y,80
10130,25.0,Female,Single,Sales,Manager,1,3,Technical Degree,5,Travel_Rarely,5127.0,14,0,No,6,6,6,4.0,4,6,6,4,3,3.0,4.0,4,3,No,1,Y,80
10145,60.0,Male,Single,human resources,Human Resources,2,5,Medical,8,Travel_Rarely,10840.0,14,1,No,36,34,32,7.0,34,2,6,3,4,1.0,1.0,3,3,No,1,Y,80
10961,32.0,Female,Divorced,SALES,Sales Representative,2,3,,11,Travel_Frequently,7764.0,19,1,No,8,3,1,0.0,1,3,6,3,3,1.0,4.0,4,4,No,1,Y,80
10848,52.0,Female,Divorced,Sales,Sales Executive,5,4,Life Sciences,1,Non-Travel,16143.0,11,0,No,30,2,2,2.0,0,8,3,3,3,4.0,4.0,3,1,No,1,Y,80
10282,45.0,Male,Single,Sales,Sales Executive,3,4,Life Sciences,1,Non-Travel,10932.0,13,3,Yes,27,11,10,5.0,9,1,0,4,2,2.0,4.0,2,1,Yes,1,Y,80
10716,34.0,Male,Divorced,Sales,Manager,4,5,Human Resources,13,Travel_Rarely,12816.0,12,2,No,14,11,9,0.0,8,4,1,4,3,4.0,1.0,3,4,No,1,Y,80
10906,46.0,Female,Divorced,Research & Development,Laboratory Technician,2,3,Medical,2,Travel_Rarely,10186.0,14,1,No,27,26,23,1.0,24,7,3,3,4,3.0,1.0,1,3,No,1,Y,80
11097,27.0,Female,Divorced,Research & Development,Research Scientist,1,5,Life Sciences,16,Travel_Frequently,4772.0,18,0,No,9,8,7,2.0,7,5,5,4,2,3.0,4.0,2,1,No,1,Y,80
10236,31.0,Male,Single,Sales,Manager,5,3,Human Resources,2,Travel_Rarely,14764.0,11,1,No,9,8,5,6.0,7,4,5,3,2,3.0,2.0,1,4,No,1,Y,80
11062,46.0,Female,Divorced,Research & Development,Healthcare Representative,1,4,Medical,12,Travel_Rarely,5827.0,11,0,No,23,6,6,2.0,5,9,0,3,2,4.0,,3,3,No,1,Y,80
