EmployeeID,Age,Gender,MaritalStatus,Department,JobRole,JobLevel,Education,EducationField,DistanceFromHome,BusinessTravel,MonthlyIncome,PercentSalaryHike,StockOptionLevel,OverTime,TotalWorkingYears,YearsAtCompany,YearsInCurrentRole,YearsSinceLastPromotion,YearsWithCurrManager,NumCompaniesWorked,TrainingTimesLastYear,PerformanceRating,JobInvolvement,JobSatisfaction,EnvironmentSatisfaction,WorkLifeBalance,RelationshipSatisfaction,Attrition,AttritionFlag,AgeGroup,TenureBand,IncomeBand,SatisfactionIndex
10980,28,Male,Single,Sales,Sales Representative,3,2,Medical,3,Travel_Rarely,10274,11,1,No,5,0,0,0,0,7,0,3,2,4,3,2,4,Yes,1,26-35,0-1 yrs,8K-12K,3.25
11337,31,Female,Single,Research & Development,Laboratory Technician,2,2,Marketing,4,Travel_Rarely,7011,21,2,Yes,13,11,8,1,10,4,3,3,3,2,3,2,2,No,0,26-35,10+ yrs,5K-8K,2.25
10882,47,Female,Married,Research & Development,Manufacturing Director,2,3,Marketing,1,Travel_Rarely,8211,11,0,No,27,27,24,14,24,1,0,3,3,3,3,3,4,No,0,46-55,10+ yrs,8K-12K,3.25
10259,52,Male,Single,Sales,Manager,1,4,Medical,17,Travel_Frequently,5924,14,2,No,32,30,30,0,29,0,0,3,1,4,2,1,3,Yes,1,46-55,10+ yrs,5K-8K,2.5
10141,43,Female,Married,Research & Development,Research Scientist,2,2,Medical,8,Travel_Rarely,7572,16,1,No,22,11,11,5,11,9,2,4,2,2,4,3,1,Yes,1,36-45,10+ yrs,5K-8K,2.5
11272,43,Male,Married,Research & Development,Laboratory Technician,2,4,Other,22,Travel_Rarely,9568,13,1,No,25,23,23,7,20,6,4,3,3,1,2,2,2,Yes,1,36-45,10+ yrs,8K-12K,1.75
11221,26,Male,Divorced,Sales,Manager,1,4,Medical,8,Travel_Rarely,4888,12,0,Yes,8,5,2,1,2,8,0,3,3,4,1,3,3,Yes,1,26-35,4-6 yrs,3K-5K,2.75
11595,31,Male,Single,Research & Development,Research Scientist,4,2,Marketing,7,Travel_Frequently,12276,11,0,No,10,2,0,0,0,5,6,3,3,3,3,2,4,No,0,26-35,2-3 yrs,12K+,3.0
11282,37,Female,Single,Research & Development,Manager,3,4,Life Sciences,18,Non-Travel,9460,14,1,No,19,19,17,7,18,9,2,3,2,1,4,4,4,No,0,36-45,10+ yrs,8K-12K,3.25
10609,43,Male,Married,Research & Development,Manager,2,2,Life Sciences,10,Non-Travel,8552,23,0,No,23,14,13,13,13,4,0,3,4,3,3,2,4,No,0,36-45,10+ yrs,8K-12K,3.0
11380,32,Male,Married,Research & Development,Manager,5,5,Life Sciences,14,Non-Travel,13843,16,3,No,12,8,6,8,7,7,5,3,3,3,1,2,1,No,0,26-35,7-10 yrs,12K+,1.75
10956,28,Female,Married,Sales,Manager,2,4,Life Sciences,1,Travel_Rarely,8308,11,0,Yes,4,0,0,0,0,0,0,3,3,3,4,2,4,Yes,1,26-35,0-1 yrs,8K-12K,3.25
11639,32,Female,Divorced,Sales,Manager,1,2,Technical Degree,5,Non-Travel,4595,11,2,Yes,13,5,4,3,2,7,5,3,3,1,4,4,2,No,0,26-35,4-6 yrs,3K-5K,2.75
10952,25,Female,Married,Sales,Manager,2,3,Marketing,19,Travel_Rarely,7672,18,1,No,2,1,1,1,0,2,5,3,3,4,1,2,3,Yes,1,18-25,0-1 yrs,5K-8K,2.5
11474,28,Male,Single,Sales,Manager,2,3,Life Sciences,17,Travel_Rarely,7763,11,1,No,10,1,0,0,0,9,2,3,2,4,2,4,4,No,0,26-35,0-1 yrs,5K-8K,3.5
11173,43,Male,Married,Research & Development,Healthcare Representative,5,3,Marketing,1,Travel_Rarely,16744,15,0,No,23,10,8,2,9,4,0,3,2,3,2,2,3,No,0,36-45,7-10 yrs,12K+,2.5
11314,30,Female,Married,Research & Development,Research Scientist,2,2,Technical Degree,3,Travel_Rarely,6552,21,1,Yes,9,7,7,0,6,4,2,3,3,2,3,3,3,No,0,26-35,7-10 yrs,5K-8K,2.75
10679,32,Male,Married,Sales,Sales Executive,1,4,Life Sciences,2,Travel_Rarely,5448,11,0,No,10,8,6,6,8,2,1,3,3,1,3,2,3,No,0,26-35,7-10 yrs,5K-8K,2.25
10585,39,Male,Divorced,Sales,Sales Executive,1,4,Technical Degree,15,Travel_Frequently,5550,18,1,No,20,1,0,1,0,3,2,3,3,2,4,3,3,No,0,36-45,0-1 yrs,5K-8K,3.0
10598,32,Female,Married,Research & Development,Manager,2,3,Marketing,13,Travel_Rarely,6781,11,1,No,12,4,2,1,4,8,3,3,3,2,3,3,4,No,0,26-35,4-6 yrs,5K-8K,3.0
10572,26,Female,Single,Sales,Sales Executive,2,4,Medical,9,Travel_Rarely,8357,17,1,No,6,5,2,0,2,1,3,3,2,4,4,3,2,No,0,26-35,4-6 yrs,8K-12K,3.25
10743,18,Male,Married,Research & Development,Healthcare Representative,1,3,Medical,7,Travel_Rarely,4702,11,2,No,0,0,0,0,0,0,3,3,2,4,2,4,2,No,0,18-25,0-1 yrs,3K-5K,3.0
11308,44,Male,Married,Sales,Sales Representative,1,2,Life Sciences,18,Travel_Rarely,6167,16,0,No,23,2,0,0,1,5,0,3,2,3,2,3,3,Yes,1,36-45,2-3 yrs,5K-8K,2.75
10919,29,Female,Married,Research & Development,Healthcare Representative,2,4,Other,1,Travel_Rarely,8260,13,1,No,8,4,3,3,4,3,6,3,3,3,2,3,3,No,0,26-35,4-6 yrs,8K-12K,2.75
10092,38,Female,Married,Sales,Sales Executive,3,4,Human Resources,5,Travel_Rarely,10640,12,1,Yes,15,4,4,4,3,0,6,3,3,4,3,4,1,No,0,36-45,4-6 yrs,8K-12K,3.0
10428,36,Female,Divorced,Research & Development,Research Director,2,2,Other,23,Travel_Rarely,8059,12,1,No,13,9,7,3,7,9,0,3,3,3,3,4,4,Yes,1,36-45,7-10 yrs,8K-12K,3.5
11288,35,Male,Married,Sales,Sales Representative,2,5,Life Sciences,15,Travel_Rarely,9220,12,0,No,12,12,10,8,9,8,3,4,4,1,3,3,3,No,0,26-35,10+ yrs,8K-12K,2.5
11041,53,Female,Divorced,Research & Development,Laboratory Technician,5,4,Human Resources,9,Travel_Rarely,15244,15,2,No,35,29,28,4,27,1,6,3,3,3,1,3,1,No,0,46-55,10+ yrs,12K+,2.0
11166,28,Male,Married,Human Resources,HR Business Partner,4,3,Human Resources,6,Travel_Frequently,11265,11,0,No,7,2,0,1,0,6,5,4,2,4,2,1,4,Yes,1,26-35,2-3 yrs,8K-12K,2.75
10808,35,Female,Married,Sales,Manager,1,2,Marketing,7,Travel_Rarely,5591,14,0,No,11,1,1,0,0,9,3,3,3,3,3,3,3,No,0,26-35,0-1 yrs,5K-8K,3.0
11461,39,Male,Single,Research & Development,Healthcare Representative,1,2,Medical,6,Non-Travel,6921,11,0,No,21,21,20,2,18,4,0,3,3,4,4,2,4,No,0,36-45,10+ yrs,5K-8K,3.5
11061,47,Male,Married,Research & Development,Manufacturing Director,1,3,Medical,2,Non-Travel,7667,14,0,No,29,2,2,0,1,0,5,3,3,1,1,4,3,No,0,46-55,2-3 yrs,5K-8K,2.25
10337,52,Female,Single,Research & Development,Research Director,2,2,Other,6,Travel_Rarely,10966,14,1,No,29,28,27,10,26,9,2,3,4,1,3,4,4,No,0,46-55,10+ yrs,8K-12K,3.0
10354,31,Female,Married,Research & Development,Healthcare Representative,2,3,Life Sciences,2,Non-Travel,8364,19,0,No,9,9,9,5,8,7,5,3,4,4,2,1,2,No,0,26-35,7-10 yrs,8K-12K,2.25
11099,41,Female,Married,Research & Development,Research Scientist,2,3,Technical Degree,4,Travel_Rarely,7467,12,1,No,17,0,0,0,0,6,4,3,3,1,3,3,3,No,0,36-45,0-1 yrs,5K-8K,2.5
10202,35,Female,Married,Research & Development,Manufacturing Director,1,3,Life Sciences,14,Travel_Frequently,6901,11,2,No,16,1,0,2,0,1,2,4,3,3,1,2,3,Yes,1,26-35,0-1 yrs,5K-8K,2.25
11404,37,Male,Single,Research & Development,Research Director,1,4,Medical,5,Travel_Rarely,6474,11,0,Yes,14,12,11,5,9,1,0,3,3,4,1,3,4,No,0,36-45,10+ yrs,5K-8K,3.0
10203,30,Male,Divorced,Sales,Sales Representative,1,3,Marketing,1,Travel_Rarely,5001,21,1,No,11,6,6,2,6,4,5,3,4,3,3,4,3,No,0,26-35,4-6 yrs,5K-8K,3.25
10076,31,Male,Divorced,Sales,Sales Executive,3,2,Life Sciences,6,Travel_Rarely,11059,12,1,No,7,0,0,0,0,8,2,3,3,1,4,2,1,No,0,26-35,0-1 yrs,8K-12K,2.0
10613,27,Male,Single,Human Resources,Human Resources,3,3,Marketing,1,Travel_Rarely,8526,16,1,No,4,2,1,1,0,3,5,4,3,2,3,2,2,Yes,1,26-35,2-3 yrs,8K-12K,2.25
11428,25,Male,Single,Research & Development,Healthcare Representative,1,3,Other,2,Travel_Frequently,5056,11,1,No,4,4,2,4,2,6,6,4,3,3,4,2,4,No,0,18-25,4-6 yrs,5K-8K,3.25
10351,38,Male,Divorced,Human Resources,Human Resources,1,4,Life Sciences,9,Travel_Rarely,7220,15,0,No,17,3,1,3,2,6,6,3,3,1,4,4,2,No,0,36-45,2-3 yrs,5K-8K,2.75
10083,18,Female,Divorced,Sales,Sales Executive,1,3,Technical Degree,15,Non-Travel,5242,12,0,Yes,0,0,0,0,0,6,4,3,3,1,4,4,2,Yes,1,18-25,0-1 yrs,5K-8K,2.75
11601,30,Male,Single,Research & Development,Manufacturing Director,1,2,Life Sciences,1,Travel_Frequently,8378,11,0,Yes,8,2,1,2,2,1,1,3,3,1,2,3,3,No,0,26-35,2-3 yrs,8K-12K,2.25
10108,25,Male,Single,Sales,Sales Executive,1,4,Life Sciences,3,Non-Travel,5835,13,1,No,5,0,0,0,0,8,2,4,4,4,3,3,3,Yes,1,18-25,0-1 yrs,5K-8K,3.25
10644,20,Male,Married,Sales,Manager,5,5,Life Sciences,1,Travel_Frequently,13021,19,1,Yes,0,0,0,0,0,4,2,3,3,4,1,2,3,Yes,1,18-25,0-1 yrs,12K+,2.5
10787,33,Female,Single,Research & Development,Manufacturing Director,1,3,Technical Degree,13,Travel_Rarely,3851,21,0,No,10,3,1,3,2,0,0,3,4,3,2,3,4,No,0,26-35,2-3 yrs,3K-5K,3.0
10109,36,Female,Married,Research & Development,Laboratory Technician,1,1,Medical,11,Travel_Rarely,6367,11,0,No,13,3,3,2,0,3,0,3,3,3,4,2,3,No,0,36-45,2-3 yrs,5K-8K,3.0
11332,37,Female,Divorced,Sales,Sales Representative,3,3,Technical Degree,1,Travel_Rarely,10337,15,2,No,15,1,0,0,0,6,2,3,3,4,3,4,2,No,0,36-45,0-1 yrs,8K-12K,3.25
10538,29,Male,Divorced,Sales,Manager,3,3,Life Sciences,16,Travel_Rarely,8084,14,1,No,8,3,0,1,1,3,6,3,3,2,4,4,3,No,0,26-35,2-3 yrs,8K-12K,3.25
10725,18,Male,Divorced,Research & Development,Laboratory Technician,1,1,Life Sciences,1,Travel_Rarely,4934,17,1,No,0,0,0,0,0,0,1,3,3,2,4,4,1,No,0,18-25,0-1 yrs,3K-5K,2.75
11106,49,Male,Single,Research & Development,Laboratory Technician,2,5,Life Sciences,1,Travel_Rarely,9553,13,1,No,30,23,23,5,21,9,6,3,3,4,3,2,4,No,0,46-55,10+ yrs,8K-12K,3.25
10749,46,Female,Single,Sales,Sales Representative,2,2,Medical,2,Travel_Rarely,9524,13,0,No,28,3,1,2,0,9,1,3,3,2,1,2,1,No,0,46-55,2-3 yrs,8K-12K,1.5
11518,26,Male,Divorced,Research & Development,Laboratory Technician,2,5,Technical Degree,1,Travel_Rarely,8834,15,0,No,8,5,2,3,2,8,5,3,4,4,4,2,3,No,0,26-35,4-6 yrs,8K-12K,3.25
10298,30,Male,Single,Research & Development,Healthcare Representative,2,3,Technical Degree,15,Non-Travel,5658,12,0,Yes,6,5,5,2,5,5,0,3,3,4,4,3,4,No,0,26-35,4-6 yrs,5K-8K,3.75
11389,49,Female,Married,Sales,Sales Executive,5,3,Life Sciences,2,Travel_Rarely,16190,11,2,No,28,5,4,5,2,6,6,3,3,1,2,4,3,No,0,46-55,4-6 yrs,12K+,2.5
11116,38,Male,Single,Research & Development,Manufacturing Director,3,2,Technical Degree,6,Travel_Rarely,9835,11,1,No,15,7,5,6,4,6,1,3,3,4,4,4,4,No,0,36-45,7-10 yrs,8K-12K,4.0
10049,48,Male,Single,Human Resources,Human Resources,2,4,Other,6,Travel_Rarely,9691,11,1,No,30,6,6,2,4,7,2,3,2,4,4,3,4,No,0,46-55,4-6 yrs,8K-12K,3.75
10709,33,Female,Single,Research & Development,Research Scientist,5,3,Marketing,3,Travel_Rarely,14213,17,0,No,10,3,1,3,2,8,4,3,3,3,1,4,2,No,0,26-35,2-3 yrs,12K+,2.5
10762,37,Female,Single,Research & Development,Research Scientist,5,3,Other,1,Travel_Rarely,15183,11,1,No,19,19,16,2,19,1,5,3,1,3,3,3,4,No,0,36-45,10+ yrs,12K+,3.25
10737,40,Female,Divorced,Research & Development,Research Scientist,3,3,Other,12,Travel_Frequently,10257,19,2,No,17,3,1,0,0,9,0,3,4,1,4,4,1,No,0,36-45,2-3 yrs,8K-12K,2.5
11136,24,Female,Divorced,Sales,Manager,1,4,Marketing,2,Travel_Rarely,5651,15,3,No,3,1,0,1,1,4,5,3,2,3,3,4,2,No,0,18-25,0-1 yrs,5K-8K,3.0
11211,52,Female,Married,Research & Development,Laboratory Technician,4,5,Medical,11,Travel_Rarely,14172,18,0,Yes,34,11,8,0,11,1,5,3,3,2,1,2,1,No,0,46-55,10+ yrs,12K+,1.5
10242,36,Male,Divorced,Research & Development,Laboratory Technician,4,4,Life Sciences,9,Travel_Rarely,13133,16,1,No,17,17,15,9,14,6,2,3,3,4,2,4,2,No,0,36-45,10+ yrs,12K+,3.0
10342,49,Male,Married,Research & Development,Manager,2,2,Technical Degree,6,Travel_Rarely,9936,23,0,Yes,31,20,20,9,19,2,6,3,3,4,3,3,2,No,0,46-55,10+ yrs,8K-12K,3.0
10491,32,Male,Single,Research & Development,Healthcare Representative,1,5,Medical,5,Travel_Rarely,6731,11,0,Yes,11,11,9,5,10,2,3,3,4,4,1,3,4,No,0,26-35,10+ yrs,5K-8K,3.0
10562,26,Female,Single,Sales,Manager,1,5,Life Sciences,15,Travel_Frequently,5163,11,1,No,4,0,0,0,0,6,0,3,3,2,3,4,4,No,0,26-35,0-1 yrs,5K-8K,3.25
11294,40,Male,Married,Research & Development,Healthcare Representative,1,5,Human Resources,13,Travel_Rarely,8378,16,3,Yes,16,11,11,0,9,6,0,3,1,1,3,2,4,No,0,36-45,10+ yrs,8K-12K,2.5
11007,51,Male,Single,Research & Development,Laboratory Technician,4,2,Life Sciences,8,Travel_Rarely,14370,22,0,No,29,18,17,10,17,0,0,4,3,3,3,1,3,No,0,46-55,10+ yrs,12K+,2.5
10914,30,Male,Married,Research & Development,Research Scientist,4,2,Life Sciences,29,Travel_Rarely,12484,13,0,No,12,1,0,0,1,6,2,3,2,4,1,3,4,Yes,1,26-35,0-1 yrs,12K+,3.0
10448,30,Male,Married,Research & Development,Research Director,1,3,Technical Degree,7,Travel_Rarely,4935,13,1,Yes,10,0,0,0,0,0,3,4,2,1,3,3,4,No,0,26-35,0-1 yrs,3K-5K,2.75
10917,19,Female,Married,Research & Development,Manager,1,3,Life Sciences,1,Travel_Rarely,4191,11,0,Yes,0,0,0,0,0,0,2,3,4,3,2,3,1,No,0,18-25,0-1 yrs,3K-5K,2.25
10369,28,Male,Married,Research & Development,Research Scientist,5,3,Marketing,13,Travel_Rarely,14657,11,0,No,9,4,4,1,3,3,1,3,2,2,4,4,1,No,0,26-35,4-6 yrs,12K+,2.75
10813,36,Female,Married,Sales,Sales Representative,1,3,Medical,1,Travel_Rarely,4254,11,0,Yes,23,1,1,0,0,6,0,3,3,2,1,3,3,Yes,1,36-45,0-1 yrs,3K-5K,2.25
10714,36,Female,Divorced,Research & Development,Research Director,3,3,Life Sciences,27,Travel_Rarely,10839,18,3,Yes,12,5,3,0,3,9,4,4,3,3,3,1,3,Yes,1,36-45,4-6 yrs,8K-12K,2.5
10526,45,Male,Married,Research & Development,Manager,2,3,Life Sciences,3,Travel_Rarely,8488,14,2,No,27,24,23,13,21,5,0,3,2,3,2,4,3,No,0,36-45,10+ yrs,8K-12K,3.0
11267,49,Female,Divorced,Human Resources,Human Resources,2,2,Medical,2,Travel_Frequently,10507,19,3,Yes,25,17,16,12,17,8,5,3,1,3,4,3,4,No,0,46-55,10+ yrs,8K-12K,3.5
10648,33,Male,Single,Research & Development,Laboratory Technician,3,4,Technical Degree,8,Travel_Rarely,10568,13,1,No,14,3,0,2,3,6,2,3,3,1,3,3,3,No,0,26-35,2-3 yrs,8K-12K,2.5
10127,36,Male,Divorced,Sales,Sales Executive,2,5,Technical Degree,1,Travel_Frequently,8919,19,0,No,17,2,1,2,0,3,2,3,3,1,4,3,4,No,0,36-45,2-3 yrs,8K-12K,3.0
10383,40,Male,Married,Sales,Manager,2,4,Marketing,14,Travel_Rarely,8722,16,0,No,16,16,13,7,14,9,5,3,4,1,1,3,3,No,0,36-45,10+ yrs,8K-12K,2.0
10054,35,Male,Single,Research & Development,Manufacturing Director,2,5,Life Sciences,4,Travel_Rarely,7239,11,1,No,15,1,1,1,0,7,0,3,2,4,3,3,1,No,0,26-35,0-1 yrs,5K-8K,2.75
10829,51,Female,Married,Human Resources,Human Resources,1,3,Technical Degree,1,Travel_Rarely,7367,11,1,No,31,27,25,11,26,5,0,4,3,2,4,3,3,No,0,46-55,10+ yrs,5K-8K,3.0
11117,42,Female,Divorced,Research & Development,Research Scientist,1,2,Life Sciences,1,Travel_Rarely,4647,13,0,Yes,18,15,13,4,12,1,1,3,3,3,4,3,3,No,0,36-45,10+ yrs,3K-5K,3.25
11174,29,Female,Single,Research & Development,Healthcare Representative,1,3,Marketing,3,Non-Travel,6188,12,1,No,9,4,1,0,3,7,2,3,2,3,4,4,3,No,0,26-35,4-6 yrs,5K-8K,3.5
10522,38,Male,Divorced,Human Resources,Human Resources,2,2,Medical,5,Travel_Rarely,7604,15,0,Yes,16,5,3,3,3,4,3,3,1,1,4,3,1,No,0,36-45,4-6 yrs,5K-8K,2.25
11623,32,Female,Divorced,Sales,Sales Representative,3,3,Technical Degree,2,Travel_Rarely,8873,12,1,Yes,9,7,6,2,5,9,6,3,2,4,3,2,2,No,0,26-35,7-10 yrs,8K-12K,2.75
10755,25,Male,Divorced,Sales,Sales Executive,2,2,Other,2,Non-Travel,7762,25,2,No,5,0,0,2,0,4,1,3,3,1,4,2,4,No,0,18-25,0-1 yrs,5K-8K,2.75
11562,42,Female,Divorced,Research & Development,Research Scientist,2,3,Human Resources,6,Travel_Rarely,9321,14,1,No,21,19,16,1,16,2,4,3,3,3,4,3,4,No,0,36-45,10+ yrs,8K-12K,3.5
10066,38,Male,Married,Sales,Sales Executive,2,2,Medical,2,Travel_Rarely,10317,12,1,No,18,4,1,2,2,1,5,3,2,3,2,2,4,No,0,36-45,4-6 yrs,8K-12K,2.75
11513,54,Female,Married,Research & Development,Manager,1,4,Other,2,Travel_Rarely,7189,11,1,No,30,1,0,1,0,2,4,3,3,3,3,3,4,Yes,1,46-55,0-1 yrs,5K-8K,3.25
10061,40,Male,Married,Human Resources,Manager,4,2,Technical Degree,4,Travel_Rarely,14069,11,1,No,16,3,0,1,1,7,3,3,1,1,4,3,4,Yes,1,36-45,2-3 yrs,12K+,3.0
11219,25,Male,Married,Research & Development,Healthcare Representative,2,5,Life Sciences,1,Travel_Rarely,7672,17,2,No,4,4,3,2,2,4,5,3,1,4,1,3,4,No,0,18-25,4-6 yrs,5K-8K,3.0
11298,38,Male,Single,Research & Development,Manufacturing Director,3,4,Life Sciences,8,Travel_Rarely,9632,15,3,No,15,10,9,8,9,8,2,3,3,4,4,3,3,No,0,36-45,7-10 yrs,8K-12K,3.5
10232,40,Female,Married,Human Resources,HR Business Partner,2,4,Human Resources,1,Travel_Frequently,6601,11,0,No,16,13,11,4,12,3,5,4,2,1,4,3,4,No,0,36-45,10+ yrs,5K-8K,3.0
11001,31,Male,Divorced,Research & Development,Research Scientist,2,3,Technical Degree,12,Travel_Rarely,7508,11,0,Yes,11,6,6,6,6,6,0,3,3,3,2,3,4,No,0,26-35,4-6 yrs,5K-8K,3.0
11143,40,Male,Married,Sales,Sales Executive,1,3,Technical Degree,3,Travel_Rarely,5268,20,0,Yes,22,9,9,7,6,8,5,3,2,3,1,3,4,Yes,1,36-45,7-10 yrs,5K-8K,2.75
10574,34,Male,Married,Sales,Sales Executive,1,2,Life Sciences,1,Travel_Rarely,5582,17,0,No,12,8,6,7,6,7,0,3,3,4,4,3,1,No,0,26-35,7-10 yrs,5K-8K,3.0
10009,36,Female,Single,Sales,Manager,1,5,Life Sciences,8,Travel_Rarely,8378,13,0,No,15,2,1,1,0,8,0,3,2,1,2,2,3,No,0,36-45,2-3 yrs,8K-12K,2.0
10694,41,Male,Married,Research & Development,Healthcare Representative,1,3,Marketing,6,Travel_Frequently,7062,17,1,No,18,18,18,3,15,4,4,4,3,3,3,4,4,No,0,36-45,10+ yrs,5K-8K,3.5
10112,21,Female,Divorced,Research & Development,Research Scientist,3,3,Human Resources,10,Travel_Rarely,8378,20,0,No,0,0,0,0,0,1,3,4,4,4,2,4,3,No,0,18-25,0-1 yrs,8K-12K,3.25
11085,48,Male,Single,Sales,Sales Representative,2,2,Life Sciences,2,Travel_Rarely,9435,11,0,Yes,30,12,11,0,12,1,5,3,2,3,4,3,4,Yes,1,46-55,10+ yrs,8K-12K,3.5
10578,23,Female,Single,Research & Development,Laboratory Technician,2,4,Life Sciences,9,Non-Travel,5954,14,1,Yes,0,0,0,0,0,9,5,4,2,1,4,3,3,Yes,1,18-25,0-1 yrs,5K-8K,2.75
10664,37,Female,Single,Sales,Sales Executive,2,2,Life Sciences,8,Travel_Rarely,8535,12,1,Yes,15,0,0,0,0,3,3,3,3,3,2,2,3,No,0,36-45,0-1 yrs,8K-12K,2.5
11371,43,Female,Married,Sales,Manager,1,3,Medical,8,Travel_Rarely,6036,21,0,Yes,20,2,0,1,1,2,1,4,3,3,1,3,3,No,0,36-45,2-3 yrs,5K-8K,2.5
11538,41,Male,Married,Research & Development,Manufacturing Director,2,4,Technical Degree,27,Travel_Rarely,8088,11,1,Yes,20,4,4,0,2,2,5,3,3,2,2,3,2,Yes,1,36-45,4-6 yrs,8K-12K,2.25
10535,36,Male,Single,Research & Development,Laboratory Technician,2,4,Life Sciences,5,Travel_Rarely,7727,11,0,Yes,18,7,4,5,5,5,3,3,2,2,2,3,4,Yes,1,36-45,7-10 yrs,5K-8K,2.75
11154,25,Female,Married,Human Resources,Human Resources,1,5,Marketing,16,Travel_Frequently,4407,11,2,Yes,4,3,3,1,3,0,5,3,2,4,3,4,4,No,0,18-25,2-3 yrs,3K-5K,3.75
11253,32,Male,Single,Sales,Sales Executive,4,4,Human Resources,7,Travel_Rarely,12256,14,2,No,8,8,5,2,6,1,4,4,3,3,4,3,2,No,0,26-35,7-10 yrs,12K+,3.0
10401,30,Female,Married,Research & Development,Manufacturing Director,3,4,Marketing,3,Non-Travel,8955,11,1,No,8,2,0,2,1,7,0,3,2,4,4,3,3,No,0,26-35,2-3 yrs,8K-12K,3.5
11198,37,Male,Divorced,Research & Development,Healthcare Representative,1,3,Human Resources,2,Travel_Rarely,5204,12,1,Yes,14,5,4,4,4,1,5,3,3,3,2,3,3,No,0,36-45,4-6 yrs,5K-8K,2.75
11358,37,Female,Divorced,Sales,Manager,2,2,Medical,9,Travel_Rarely,8012,11,0,No,16,8,6,2,7,3,1,3,3,2,3,3,3,Yes,1,36-45,7-10 yrs,8K-12K,2.75
10962,25,Male,Single,Research & Development,Research Director,2,2,Medical,4,Travel_Rarely,6825,16,1,No,4,3,3,2,3,1,6,3,3,3,2,3,2,No,0,18-25,2-3 yrs,5K-8K,2.5
10852,39,Male,Divorced,Research & Development,Laboratory Technician,2,2,Medical,5,Travel_Rarely,7015,17,0,No,16,3,3,0,3,8,3,4,3,2,1,4,2,Yes,1,36-45,2-3 yrs,5K-8K,2.25
11291,35,Male,Single,Research & Development,Laboratory Technician,3,5,Life Sciences,8,Travel_Rarely,10487,14,0,Yes,17,0,0,0,0,8,5,3,3,3,4,3,1,No,0,26-35,0-1 yrs,8K-12K,2.75
10650,44,Male,Single,Research & Development,Research Director,1,2,Marketing,3,Travel_Frequently,5914,11,0,Yes,25,7,7,7,7,4,3,3,1,1,2,3,1,No,0,36-45,7-10 yrs,5K-8K,1.75
11520,35,Male,Married,Sales,Sales Representative,2,5,Life Sciences,9,Travel_Rarely,8412,16,0,No,15,14,12,8,11,0,2,3,2,1,2,4,1,No,0,26-35,10+ yrs,8K-12K,2.0
10303,24,Male,Single,Research & Development,Laboratory Technician,1,1,Life Sciences,11,Travel_Rarely,4708,15,1,No,1,0,0,0,0,9,4,4,3,3,3,3,4,No,0,18-25,0-1 yrs,3K-5K,3.25
10465,39,Female,Single,Sales,Sales Executive,2,2,Life Sciences,28,Travel_Rarely,6049,17,2,No,15,3,3,0,1,6,4,3,3,3,4,4,3,No,0,36-45,2-3 yrs,5K-8K,3.5
11390,38,Female,Single,Research & Development,Research Director,2,2,Other,17,Travel_Rarely,10296,18,0,No,19,1,0,2,0,8,3,3,3,3,3,3,3,No,0,36-45,0-1 yrs,8K-12K,3.0
10162,30,Female,Divorced,Research & Development,Laboratory Technician,1,3,Human Resources,1,Travel_Rarely,4645,14,0,No,8,6,6,1,4,3,0,3,3,3,2,1,2,Yes,1,26-35,4-6 yrs,3K-5K,2.0
10159,55,Female,Married,Research & Development,Research Scientist,5,4,Technical Degree,2,Travel_Rarely,16133,20,2,No,32,19,18,2,17,5,3,3,4,2,4,3,4,No,0,46-55,10+ yrs,12K+,3.25
10482,25,Female,Divorced,Research & Development,Research Director,4,4,Life Sciences,7,Travel_Rarely,11957,16,0,Yes,6,5,4,3,4,2,6,3,3,3,1,2,2,No,0,18-25,4-6 yrs,8K-12K,2.0
11592,30,Female,Married,Human Resources,HR Business Partner,3,3,Marketing,2,Travel_Rarely,9201,19,1,No,12,1,0,0,0,1,1,3,3,2,2,3,3,No,0,26-35,0-1 yrs,8K-12K,2.5
11167,32,Female,Married,Research & Development,Manager,1,3,Life Sciences,11,Travel_Rarely,5608,19,2,No,13,7,7,2,5,0,2,4,3,4,4,3,2,No,0,26-35,7-10 yrs,5K-8K,3.25
10269,18,Male,Married,Research & Development,Research Director,3,2,Medical,7,Travel_Rarely,10552,13,0,No,0,0,0,0,0,6,3,3,4,1,3,3,3,No,0,18-25,0-1 yrs,8K-12K,2.5
10921,41,Female,Single,Human Resources,Human Resources,1,4,Medical,3,Travel_Frequently,7880,11,0,Yes,21,10,7,3,8,2,2,4,3,4,2,3,3,No,0,36-45,7-10 yrs,5K-8K,3.0
11242,32,Female,Divorced,Sales,Manager,1,4,Marketing,10,Travel_Rarely,4662,14,0,Yes,13,6,5,1,6,9,6,3,3,1,4,1,3,Yes,1,26-35,4-6 yrs,3K-5K,2.25
11419,45,Male,Married,Research & Development,Manager,1,2,Medical,7,Travel_Rarely,5563,14,1,No,23,6,3,6,5,8,2,3,4,2,4,4,3,No,0,36-45,4-6 yrs,5K-8K,3.25
10637,53,Male,Married,Sales,Sales Executive,1,3,Technical Degree,9,Travel_Frequently,7698,17,0,No,30,29,27,1,28,8,1,3,2,1,4,3,4,No,0,46-55,10+ yrs,5K-8K,3.0
10651,32,Female,Single,Sales,Sales Executive,1,5,Technical Degree,29,Non-Travel,6821,11,1,No,8,6,6,3,3,1,1,3,3,3,4,2,1,Yes,1,26-35,4-6 yrs,5K-8K,2.5
11132,24,Male,Divorced,Research & Development,Research Scientist,1,4,Technical Degree,4,Travel_Rarely,5566,15,1,Yes,1,0,0,0,0,6,5,4,3,1,4,3,3,No,0,18-25,0-1 yrs,5K-8K,2.75
10268,23,Female,Single,Sales,Sales Executive,1,4,Technical Degree,8,Travel_Frequently,5021,11,1,No,4,3,2,1,3,9,5,3,4,4,4,4,4,No,0,18-25,2-3 yrs,5K-8K,4.0
10537,33,Female,Married,Research & Development,Manager,2,3,Marketing,6,Travel_Rarely,9263,11,2,Yes,12,8,5,3,7,7,6,3,3,4,2,3,3,Yes,1,26-35,7-10 yrs,8K-12K,3.0
10660,23,Female,Married,Research & Development,Laboratory Technician,3,1,Human Resources,4,Travel_Rarely,10541,12,1,No,5,4,4,1,3,3,4,4,2,3,4,3,1,Yes,1,18-25,4-6 yrs,8K-12K,2.75
10698,47,Female,Married,Sales,Sales Representative,4,2,Medical,4,Travel_Rarely,12314,14,0,Yes,27,1,0,0,0,9,6,3,3,4,2,3,3,Yes,1,46-55,0-1 yrs,12K+,3.0
10004,25,Male,Single,Research & Development,Research Scientist,2,1,Life Sciences,6,Travel_Rarely,7841,13,2,Yes,6,3,0,3,1,4,2,3,3,3,1,3,1,No,0,18-25,2-3 yrs,5K-8K,2.0
11066,42,Female,Single,Sales,Sales Representative,2,4,Medical,4,Travel_Rarely,9143,11,0,No,20,18,17,3,15,0,1,3,4,1,2,4,3,No,0,36-45,10+ yrs,8K-12K,2.5
11275,51,Female,Single,Research & Development,Research Scientist,4,4,Life Sciences,4,Travel_Rarely,14951,11,0,Yes,27,5,4,4,4,7,1,3,1,1,4,4,3,No,0,46-55,4-6 yrs,12K+,3.0
11038,49,Female,Single,Sales,Sales Representative,2,2,Marketing,1,Travel_Rarely,10983,11,1,Yes,30,18,18,15,16,6,3,3,1,1,2,2,1,No,0,46-55,10+ yrs,8K-12K,1.5
10168,35,Male,Divorced,Research & Development,Research Director,4,3,Medical,2,Travel_Rarely,12072,15,0,No,16,11,9,9,9,2,3,3,3,3,1,2,2,No,0,26-35,10+ yrs,12K+,2.0
11500,43,Male,Divorced,Sales,Manager,2,3,Life Sciences,14,Travel_Rarely,9050,17,0,Yes,20,9,6,3,8,0,0,3,4,4,4,3,2,No,0,36-45,7-10 yrs,8K-12K,3.25
11526,35,Male,Divorced,Research & Development,Healthcare Representative,2,4,Life Sciences,1,Travel_Rarely,7142,12,0,No,15,7,5,0,4,8,1,3,2,4,3,3,4,No,0,26-35,7-10 yrs,5K-8K,3.5
10293,42,Male,Single,Sales,Manager,2,3,Medical,4,Non-Travel,8955,14,0,Yes,21,11,9,4,9,3,3,3,2,3,1,2,3,No,0,36-45,10+ yrs,8K-12K,2.25
10706,40,Male,Single,Research & Development,Research Scientist,1,3,Life Sciences,23,Travel_Rarely,5666,13,2,No,16,5,2,1,2,3,0,3,4,4,3,4,4,No,0,36-45,4-6 yrs,5K-8K,3.75
10630,30,Female,Divorced,Research & Development,Manufacturing Director,2,3,Technical Degree,1,Travel_Rarely,7307,15,2,No,12,0,0,0,0,7,3,3,2,4,3,1,3,Yes,1,26-35,0-1 yrs,5K-8K,2.75
11430,38,Male,Divorced,Sales,Sales Executive,3,3,Life Sciences,4,Travel_Frequently,10368,13,0,No,19,9,8,0,7,6,4,4,2,3,3,3,4,No,0,36-45,7-10 yrs,8K-12K,3.25
10891,46,Male,Divorced,Research & Development,Healthcare Representative,2,3,Marketing,5,Travel_Frequently,10085,12,2,No,23,11,9,1,10,7,2,3,2,4,3,2,4,No,0,46-55,10+ yrs,8K-12K,3.25
11523,39,Male,Single,Sales,Manager,2,2,Medical,1,Non-Travel,9055,15,0,No,21,13,10,8,11,0,5,4,3,2,4,3,4,No,0,36-45,10+ yrs,8K-12K,3.25
10614,51,Male,Married,Human Resources,Human Resources,3,4,Life Sciences,9,Travel_Rarely,11231,11,1,Yes,27,1,0,0,1,0,0,4,3,3,2,4,3,No,0,46-55,0-1 yrs,8K-12K,3.0
11627,42,Female,Married,Sales,Sales Representative,1,3,Life Sciences,6,Travel_Rarely,6339,14,2,No,21,10,8,2,7,3,4,3,3,3,3,3,4,No,0,36-45,7-10 yrs,5K-8K,3.25
10623,23,Male,Married,Sales,Sales Executive,5,3,Life Sciences,6,Travel_Rarely,15614,11,1,No,3,2,0,2,2,1,4,3,1,4,4,2,3,No,0,18-25,2-3 yrs,12K+,3.25
10415,53,Male,Single,Research & Development,Manager,5,3,Human Resources,7,Travel_Frequently,16976,11,0,Yes,34,13,13,0,13,6,4,3,3,3,3,3,4,No,0,46-55,10+ yrs,12K+,3.25
10286,34,Female,Divorced,Sales,Sales Executive,2,2,Marketing,1,Travel_Rarely,7208,17,1,Yes,13,12,11,5,12,4,3,4,2,3,3,3,4,No,0,26-35,10+ yrs,5K-8K,3.25
10284,52,Female,Married,Research & Development,Research Director,5,3,Medical,6,Travel_Rarely,18720,11,2,Yes,30,16,13,4,15,4,2,3,3,4,3,2,4,No,0,46-55,10+ yrs,12K+,3.25
10001,43,Male,Divorced,Research & Development,Healthcare Representative,3,4,Life Sciences,11,Travel_Frequently,10467,16,1,No,22,2,0,1,0,3,1,3,3,1,4,3,4,No,0,36-45,2-3 yrs,8K-12K,3.0
10594,41,Female,Divorced,Research & Development,Laboratory Technician,3,4,Medical,4,Travel_Frequently,11307,11,1,Yes,20,19,16,12,16,4,2,3,3,1,4,3,4,No,0,36-45,10+ yrs,8K-12K,3.0
10571,49,Female,Single,Human Resources,HR Business Partner,1,4,Life Sciences,12,Travel_Frequently,7547,11,1,No,28,11,11,7,8,2,0,3,3,1,3,2,2,No,0,46-55,10+ yrs,5K-8K,2.0
10310,36,Female,Married,Research & Development,Healthcare Representative,1,1,Life Sciences,19,Non-Travel,5882,14,0,No,15,4,1,2,1,3,0,3,3,3,4,3,1,No,0,36-45,4-6 yrs,5K-8K,2.75
11453,46,Female,Married,Sales,Sales Representative,2,4,Medical,23,Travel_Rarely,10312,16,0,No,28,20,18,5,20,0,4,3,3,1,3,2,2,No,0,46-55,10+ yrs,8K-12K,2.0
10249,34,Female,Married,Sales,Sales Representative,2,4,Life Sciences,1,Non-Travel,5431,11,0,No,15,1,0,1,0,5,6,3,3,3,3,4,2,No,0,26-35,0-1 yrs,5K-8K,3.0
10116,31,Female,Divorced,Research & Development,Manager,2,3,Medical,8,Travel_Rarely,7638,11,3,Yes,10,9,8,2,8,1,3,4,2,3,4,1,3,No,0,26-35,7-10 yrs,5K-8K,2.75
11437,41,Male,Married,Research & Development,Manufacturing Director,3,3,Technical Degree,1,Travel_Rarely,11352,25,1,No,21,7,4,7,4,0,5,4,2,4,2,3,4,No,0,36-45,7-10 yrs,8K-12K,3.25
10433,22,Female,Married,Research & Development,Research Director,1,4,Life Sciences,3,Travel_Rarely,5042,15,0,No,2,1,1,1,0,3,6,3,2,4,4,3,4,No,0,18-25,0-1 yrs,5K-8K,3.75
11197,46,Female,Single,Sales,Sales Representative,1,2,Medical,8,Travel_Rarely,6665,17,0,No,25,2,2,2,2,7,5,3,2,3,1,3,4,No,0,46-55,2-3 yrs,5K-8K,2.75
11624,30,Male,Single,Sales,Manager,4,3,Marketing,13,Non-Travel,13602,17,0,No,9,6,3,2,5,7,4,3,3,2,3,2,3,No,0,26-35,4-6 yrs,12K+,2.5
10409,48,Male,Single,Research & Development,Healthcare Representative,1,3,Technical Degree,1,Travel_Rarely,6595,18,1,Yes,28,3,0,1,1,9,3,3,3,3,2,3,2,No,0,46-55,2-3 yrs,5K-8K,2.5
10031,40,Female,Married,Sales,Sales Executive,4,4,Medical,6,Travel_Rarely,12322,16,1,No,21,17,16,2,17,5,2,3,1,4,1,1,2,No,0,36-45,10+ yrs,12K+,2.0
10443,37,Male,Single,Research & Development,Laboratory Technician,3,3,Medical,1,Travel_Rarely,9062,20,1,No,17,15,12,9,13,4,3,3,4,4,4,2,3,No,0,36-45,10+ yrs,8K-12K,3.25
10256,34,Female,Divorced,Human Resources,Manager,3,3,Medical,20,Travel_Rarely,10339,11,0,Yes,12,6,5,0,6,5,3,3,3,4,4,3,4,No,0,26-35,4-6 yrs,8K-12K,3.75
11027,36,Female,Single,Sales,Manager,5,4,Life Sciences,1,Travel_Frequently,14547,15,0,Yes,17,14,14,4,12,2,0,3,4,1,4,3,1,Yes,1,36-45,10+ yrs,12K+,2.25
11400,42,Female,Married,Sales,Manager,2,4,Technical Degree,8,Travel_Rarely,8260,16,1,Yes,23,7,6,4,5,4,2,3,1,4,1,4,1,No,0,36-45,7-10 yrs,8K-12K,2.5
10996,25,Female,Single,Research & Development,Healthcare Representative,2,2,Technical Degree,6,Travel_Frequently,9601,13,0,No,5,3,2,0,1,6,2,3,4,2,2,3,2,No,0,18-25,2-3 yrs,8K-12K,2.25
10390,30,Male,Married,Sales,Manager,3,5,Life Sciences,1,Travel_Frequently,9534,14,0,No,9,2,1,1,2,3,1,4,3,4,3,2,2,No,0,26-35,2-3 yrs,8K-12K,2.75
10461,39,Male,Single,Research & Development,Research Scientist,5,3,Life Sciences,3,Travel_Rarely,14380,11,0,Yes,17,6,5,4,4,3,0,3,2,2,4,2,2,Yes,1,36-45,4-6 yrs,12K+,2.5
11273,22,Female,Married,Research & Development,Healthcare Representative,1,5,Marketing,3,Travel_Rarely,4604,16,1,No,4,2,2,2,0,6,4,3,3,1,4,2,1,Yes,1,18-25,2-3 yrs,3K-5K,2.0
10038,54,Male,Divorced,Research & Development,Manufacturing Director,1,3,Marketing,8,Travel_Rarely,8359,18,2,No,34,21,19,9,20,4,0,3,3,1,1,3,2,No,0,46-55,10+ yrs,8K-12K,1.75
10997,37,Female,Single,Research & Development,Manager,1,4,Life Sciences,2,Travel_Rarely,6798,11,1,No,17,13,13,1,11,0,6,3,1,3,1,3,1,No,0,36-45,10+ yrs,5K-8K,2.0
10847,42,Female,Married,Sales,Manager,3,4,Medical,10,Travel_Rarely,12359,11,0,No,19,18,16,2,18,6,2,3,3,4,3,2,4,Yes,1,36-45,10+ yrs,12K+,3.25
11529,60,Female,Divorced,Research & Development,Manager,2,3,Technical Degree,4,Travel_Rarely,8788,14,0,Yes,40,40,37,7,37,1,3,3,3,4,1,3,4,No,0,56-65,10+ yrs,8K-12K,3.0
11004,44,Male,Single,Research & Development,Manufacturing Director,1,3,Medical,5,Travel_Rarely,8025,11,0,No,26,12,11,1,12,4,3,3,3,3,1,3,4,No,0,36-45,10+ yrs,8K-12K,2.75
11130,41,Male,Married,Research & Development,Manufacturing Director,1,3,Medical,26,Travel_Rarely,7539,15,1,No,23,21,18,11,21,5,3,3,3,3,2,3,2,No,0,36-45,10+ yrs,5K-8K,2.5
11454,25,Female,Married,Research & Development,Research Director,1,4,Life Sciences,4,Travel_Rarely,3585,11,2,No,5,5,5,1,2,9,0,3,3,4,2,3,4,No,0,18-25,4-6 yrs,3K-5K,3.25
11456,28,Male,Single,Research & Development,Manufacturing Director,2,2,Other,3,Travel_Rarely,7770,16,0,No,7,0,0,0,0,5,5,3,3,3,3,3,2,No,0,26-35,0-1 yrs,5K-8K,2.75
11103,34,Female,Single,Sales,Manager,2,3,Medical,11,Travel_Frequently,9089,13,0,Yes,16,11,10,4,9,8,0,3,3,3,3,2,1,Yes,1,26-35,10+ yrs,8K-12K,2.25
11087,49,Male,Single,Sales,Sales Representative,4,3,Medical,1,Travel_Frequently,11922,12,0,Yes,26,18,16,15,18,7,1,3,2,2,3,3,3,Yes,1,46-55,10+ yrs,8K-12K,2.75
11286,46,Male,Single,Sales,Sales Representative,2,4,Medical,18,Travel_Rarely,9175,11,1,No,24,15,12,12,15,1,2,3,3,3,2,3,3,No,0,46-55,10+ yrs,8K-12K,2.75
10195,40,Female,Single,Research & Development,Healthcare Representative,3,4,Other,5,Travel_Rarely,12687,17,1,No,22,3,1,2,0,7,1,4,2,2,4,2,4,No,0,36-45,2-3 yrs,12K+,3.0
10942,22,Male,Divorced,Human Resources,Human Resources,2,3,Human Resources,1,Travel_Rarely,7024,13,1,No,1,0,0,0,0,0,1,3,3,1,2,2,4,No,0,18-25,0-1 yrs,5K-8K,2.25
11484,43,Male,Married,Research & Development,Research Scientist,4,2,Medical,1,Travel_Frequently,13236,16,0,Yes,19,19,19,1,16,2,2,3,2,3,1,3,4,Yes,1,36-45,10+ yrs,12K+,2.75
10367,41,Female,Divorced,Research & Development,Manufacturing Director,2,1,Life Sciences,10,Non-Travel,8004,17,0,Yes,20,20,20,0,18,6,1,3,1,1,3,3,3,No,0,36-45,10+ yrs,8K-12K,2.5
10768,59,Female,Married,Human Resources,Manager,4,3,Life Sciences,15,Travel_Rarely,14632,14,1,Yes,35,23,21,15,23,7,6,3,2,3,3,3,4,No,0,56-65,10+ yrs,12K+,3.25
11065,27,Female,Single,Sales,Manager,1,3,Life Sciences,9,Travel_Rarely,7864,16,0,Yes,6,0,0,0,0,3,4,4,3,4,2,3,3,No,0,26-35,0-1 yrs,5K-8K,3.0
10331,39,Male,Married,Research & Development,Manager,1,2,Life Sciences,1,Travel_Rarely,6784,14,0,No,16,16,14,4,14,2,3,4,3,1,1,2,4,No,0,36-45,10+ yrs,5K-8K,2.0
10985,31,Female,Married,Sales,Sales Executive,1,4,Marketing,12,Travel_Rarely,5294,21,0,No,8,1,0,0,1,2,0,3,3,4,1,3,4,No,0,26-35,0-1 yrs,5K-8K,3.0
10265,27,Male,Single,Sales,Sales Executive,1,3,Life Sciences,26,Travel_Rarely,5311,17,0,No,6,5,4,2,3,5,6,3,3,3,2,3,1,Yes,1,26-35,4-6 yrs,5K-8K,2.25
10564,35,Female,Married,Research & Development,Manufacturing Director,3,2,Technical Degree,5,Travel_Rarely,10892,11,0,No,14,6,4,2,4,9,1,3,2,2,4,2,2,No,0,26-35,4-6 yrs,8K-12K,2.5
11115,36,Female,Married,Research & Development,Manufacturing Director,1,3,Life Sciences,2,Travel_Rarely,5015,18,0,No,5,0,0,0,0,4,0,4,3,1,4,3,4,No,0,36-45,0-1 yrs,5K-8K,3.0
10081,34,Female,Single,Research & Development,Healthcare Representative,4,3,Life Sciences,1,Travel_Rarely,12138,17,1,Yes,11,11,10,0,11,1,5,3,3,2,1,1,3,No,0,26-35,10+ yrs,12K+,1.75
11202,39,Female,Single,Sales,Sales Executive,5,2,Medical,6,Travel_Frequently,14795,11,0,No,15,2,1,0,0,8,5,4,3,1,1,2,3,No,0,36-45,2-3 yrs,12K+,1.75
11209,34,Male,Married,Research & Development,Laboratory Technician,2,3,Marketing,4,Travel_Rarely,6068,15,1,No,10,4,4,1,1,1,4,3,3,4,2,3,4,No,0,26-35,4-6 yrs,5K-8K,3.25
10447,29,Female,Divorced,Research & Development,Laboratory Technician,1,5,Life Sciences,8,Travel_Frequently,5667,14,3,No,5,5,3,0,5,2,0,3,4,3,4,4,2,No,0,26-35,4-6 yrs,5K-8K,3.25
10102,48,Male,Married,Research & Development,Laboratory Technician,4,3,Life Sciences,4,Travel_Rarely,15241,14,0,Yes,29,18,16,2,17,6,6,3,3,4,1,3,1,No,0,46-55,10+ yrs,12K+,2.25
11451,51,Female,Married,Human Resources,Human Resources,4,3,Life Sciences,3,Travel_Rarely,13716,13,0,No,31,10,10,5,10,8,0,3,2,4,3,3,3,No,0,46-55,7-10 yrs,12K+,3.25
11527,33,Female,Married,Research & Development,Healthcare Representative,4,4,Life Sciences,7,Travel_Frequently,13180,17,1,No,13,2,0,1,2,5,0,3,2,1,3,3,1,No,0,26-35,2-3 yrs,12K+,2.0
11422,27,Male,Single,Human Resources,Manager,4,3,Medical,5,Travel_Rarely,11265,16,0,No,6,4,1,1,4,3,0,3,1,4,4,1,4,No,0,26-35,4-6 yrs,8K-12K,3.25
10663,40,Male,Divorced,Sales,Sales Representative,2,5,Medical,18,Travel_Rarely,7043,15,3,Yes,18,13,12,2,13,6,1,3,2,4,1,3,3,Yes,1,36-45,10+ yrs,5K-8K,2.75
11410,31,Female,Married,Sales,Sales Executive,1,5,Technical Degree,1,Travel_Rarely,6648,18,0,No,13,4,2,1,4,0,4,3,2,2,3,3,4,Yes,1,26-35,4-6 yrs,5K-8K,3.0
10593,49,Male,Divorced,Research & Development,Manager,5,4,Life Sciences,1,Travel_Frequently,17131,15,3,No,28,18,15,1,17,5,3,3,4,3,3,3,2,No,0,46-55,10+ yrs,12K+,2.75
10103,44,Male,Single,Sales,Manager,2,2,Life Sciences,8,Travel_Rarely,9132,15,2,Yes,20,4,1,3,1,4,6,3,2,4,3,4,3,No,0,36-45,4-6 yrs,8K-12K,3.5
10454,41,Female,Married,Sales,Sales Executive,2,4,Other,1,Travel_Rarely,9594,20,1,No,18,9,6,3,8,0,1,3,2,2,3,3,3,Yes,1,36-45,7-10 yrs,8K-12K,2.75
10943,50,Female,Single,Research & Development,Laboratory Technician,1,2,Human Resources,29,Travel_Rarely,7194,11,2,No,26,9,7,2,7,7,5,3,2,1,2,2,3,No,0,46-55,7-10 yrs,5K-8K,2.0
11234,31,Male,Married,Research & Development,Research Director,2,2,Medical,5,Travel_Rarely,8899,11,0,Yes,11,5,3,2,3,9,4,3,2,3,3,2,3,No,0,26-35,4-6 yrs,8K-12K,2.75
10305,46,Male,Married,Research & Development,Research Scientist,5,4,Medical,2,Travel_Rarely,14973,12,2,No,23,20,18,14,17,1,5,3,3,3,3,3,4,No,0,46-55,10+ yrs,12K+,3.25
10182,40,Male,Single,Sales,Sales Executive,5,4,Life Sciences,18,Travel_Rarely,14268,14,2,No,16,4,2,4,2,8,3,3,3,4,4,4,3,No,0,36-45,4-6 yrs,12K+,3.75
11160,20,Male,Married,Research & Development,Research Scientist,2,3,Life Sciences,2,Travel_Rarely,7122,11,0,No,0,0,0,0,0,1,3,3,3,1,3,3,4,No,0,18-25,0-1 yrs,5K-8K,2.75
10699,45,Female,Married,Research & Development,Healthcare Representative,2,2,Technical Degree,14,Travel_Frequently,8378,18,0,No,23,15,14,7,14,6,4,3,3,4,1,3,1,Yes,1,36-45,10+ yrs,8K-12K,2.25
10597,49,Female,Single,Research & Development,Laboratory Technician,4,4,Life Sciences,3,Travel_Frequently,13055,11,1,No,27,27,24,15,26,6,1,3,3,2,2,3,4,No,0,46-55,10+ yrs,12K+,2.75
11186,34,Female,Single,Human Resources,Human Resources,2,4,Medical,8,Travel_Rarely,7913,14,1,Yes,13,7,4,3,7,0,6,3,2,2,2,4,4,Yes,1,26-35,7-10 yrs,5K-8K,3.0
10859,39,Female,Divorced,Research & Development,Manager,3,3,Medical,3,Travel_Rarely,11185,17,2,No,20,6,5,5,5,1,5,3,2,3,3,3,2,No,0,36-45,4-6 yrs,8K-12K,2.75
11149,44,Male,Married,Research & Development,Research Scientist,1,4,Marketing,9,Travel_Rarely,6229,14,0,Yes,26,7,5,2,4,4,2,4,3,2,3,3,4,No,0,36-45,7-10 yrs,5K-8K,3.0
11012,55,Female,Married,Sales,Manager,1,3,Life Sciences,20,Travel_Rarely,8717,14,0,Yes,32,9,9,9,8,8,0,3,2,2,4,1,2,No,0,46-55,7-10 yrs,8K-12K,2.25
11139,30,Male,Married,Sales,Sales Executive,2,1,Medical,2,Travel_Frequently,8147,13,2,No,12,10,10,0,10,1,3,3,3,2,4,3,1,No,0,26-35,7-10 yrs,8K-12K,2.5
10178,31,Male,Divorced,Sales,Manager,2,3,Life Sciences,6,Travel_Frequently,8140,11,1,No,13,3,1,0,0,4,2,4,2,4,3,3,4,No,0,26-35,2-3 yrs,8K-12K,3.5
10554,35,Male,Married,Research & Development,Research Director,1,2,Technical Degree,15,Travel_Rarely,7511,13,1,No,15,13,11,7,13,3,0,3,3,3,4,3,3,No,0,26-35,10+ yrs,5K-8K,3.25
10387,26,Female,Married,Research & Development,Manager,1,3,Marketing,3,Travel_Rarely,4910,20,0,No,7,2,0,1,0,7,0,3,2,1,1,2,4,No,0,26-35,2-3 yrs,3K-5K,2.0
10425,29,Male,Single,Sales,Sales Executive,2,2,Other,1,Non-Travel,7930,11,0,No,7,4,1,0,4,5,6,3,2,4,4,2,1,Yes,1,26-35,4-6 yrs,5K-8K,2.75
11494,42,Male,Divorced,Research & Development,Laboratory Technician,3,4,Medical,1,Travel_Rarely,11021,16,1,Yes,20,3,3,2,2,3,3,3,2,3,4,2,3,Yes,1,36-45,2-3 yrs,8K-12K,3.0
10719,52,Male,Married,Sales,Manager,2,2,Life Sciences,3,Travel_Rarely,8861,18,1,Yes,28,7,5,5,7,8,6,3,2,1,4,3,4,No,0,46-55,7-10 yrs,8K-12K,3.0
11303,33,Female,Married,Sales,Manager,1,3,Life Sciences,29,Non-Travel,5462,17,1,No,10,8,6,7,6,1,2,3,1,3,4,4,3,Yes,1,26-35,7-10 yrs,5K-8K,3.5
11531,36,Female,Married,Research & Development,Research Director,1,3,Other,15,Non-Travel,6879,11,1,Yes,15,10,7,0,10,2,4,3,2,2,4,4,4,No,0,36-45,7-10 yrs,5K-8K,3.5
10349,40,Female,Married,Research & Development,Laboratory Technician,1,3,Life Sciences,2,Travel_Rarely,6197,12,1,No,19,7,7,7,4,3,4,4,2,4,4,3,3,No,0,36-45,7-10 yrs,5K-8K,3.5
10991,48,Male,Divorced,Research & Development,Manager,4,3,Life Sciences,6,Travel_Rarely,13077,14,1,No,25,0,0,0,0,5,5,3,1,1,2,2,2,No,0,46-55,0-1 yrs,12K+,1.75
11083,52,Female,Married,Sales,Manager,1,1,Life Sciences,4,Travel_Rarely,8877,11,0,Yes,32,23,21,11,23,9,1,3,2,3,2,3,3,No,0,46-55,10+ yrs,8K-12K,2.75
11616,18,Male,Divorced,Human Resources,Manager,1,3,Technical Degree,25,Travel_Rarely,4099,14,0,No,0,0,0,0,0,0,2,3,4,1,1,1,4,Yes,1,18-25,0-1 yrs,3K-5K,1.75
10191,40,Female,Single,Sales,Manager,1,4,Other,14,Travel_Frequently,8340,22,1,No,21,0,0,0,0,0,6,3,4,3,3,3,2,No,0,36-45,0-1 yrs,8K-12K,2.75
11227,36,Male,Single,Sales,Manager,3,3,Medical,20,Travel_Frequently,11516,19,3,No,22,22,19,7,22,3,2,3,4,3,2,4,4,Yes,1,36-45,10+ yrs,8K-12K,3.25
10276,30,Female,Single,Research & Development,Research Director,5,3,Technical Degree,29,Travel_Frequently,14010,19,3,No,11,9,6,7,8,0,4,3,3,3,2,3,4,No,0,26-35,7-10 yrs,12K+,3.0
11556,18,Female,Single,Research & Development,Research Scientist,2,3,Medical,15,Travel_Rarely,5835,16,3,Yes,0,0,0,0,0,6,0,3,2,1,3,2,4,Yes,1,18-25,0-1 yrs,5K-8K,2.5
10352,38,Male,Married,Sales,Manager,3,3,Life Sciences,3,Travel_Rarely,12140,20,1,No,20,15,15,8,12,6,1,3,3,4,3,4,4,No,0,36-45,10+ yrs,12K+,3.75
11016,28,Female,Divorced,Research & Development,Research Scientist,5,1,Medical,13,Non-Travel,14233,13,0,No,4,3,1,3,1,7,0,3,4,3,3,4,4,No,0,26-35,2-3 yrs,12K+,3.5
10701,44,Female,Married,Sales,Manager,4,4,Human Resources,1,Travel_Rarely,13092,20,1,No,21,3,3,0,1,3,5,3,3,4,2,4,3,No,0,36-45,2-3 yrs,12K+,3.25
10059,39,Female,Married,Research & Development,Manager,5,2,Life Sciences,1,Travel_Rarely,17378,25,0,No,20,4,3,1,1,4,6,3,3,3,1,3,4,Yes,1,36-45,4-6 yrs,12K+,2.75
10767,48,Male,Married,Research & Development,Laboratory Technician,1,4,Technical Degree,1,Travel_Rarely,8043,11,1,No,24,14,13,13,13,3,2,3,3,4,4,3,1,No,0,46-55,10+ yrs,8K-12K,3.0
11270,41,Male,Divorced,Sales,Sales Executive,1,3,Technical Degree,7,Travel_Rarely,5452,13,2,Yes,23,4,3,2,1,1,5,3,2,3,3,3,3,Yes,1,36-45,4-6 yrs,5K-8K,3.0
10615,46,Male,Divorced,Research & Development,Research Director,1,3,Marketing,6,Travel_Frequently,5341,13,1,Yes,22,17,14,2,14,6,6,3,2,3,2,3,3,No,0,46-55,10+ yrs,5K-8K,2.75
11052,23,Male,Single,Research & Development,Manager,2,4,Life Sciences,4,Travel_Rarely,8378,11,2,No,0,0,0,0,0,5,5,3,3,4,3,3,2,Yes,1,18-25,0-1 yrs,8K-12K,3.0
10588,35,Male,Single,Research & Development,Research Director,1,2,Marketing,15,Travel_Rarely,7151,14,1,No,15,9,9,3,7,7,2,3,2,3,4,2,4,No,0,26-35,7-10 yrs,5K-8K,3.25
11015,22,Female,Married,Sales,Manager,3,3,Technical Degree,1,Travel_Rarely,9292,16,1,No,3,1,0,1,0,8,2,3,2,1,3,3,3,No,0,18-25,0-1 yrs,8K-12K,2.5
11049,33,Female,Single,Research & Development,Manager,2,4,Medical,4,Travel_Rarely,8718,20,0,No,11,10,9,3,8,3,2,4,2,4,3,4,4,No,0,26-35,7-10 yrs,8K-12K,3.75
11631,36,Male,Married,Sales,Manager,2,3,Medical,1,Travel_Rarely,6788,16,0,No,0,0,0,0,0,8,5,3,1,1,4,3,3,Yes,1,36-45,0-1 yrs,5K-8K,2.75
11266,19,Male,Married,Research & Development,Research Scientist,2,4,Life Sciences,4,Travel_Rarely,6300,15,2,Yes,0,0,0,0,0,0,1,3,3,3,3,4,2,No,0,18-25,0-1 yrs,5K-8K,3.0
11447,51,Female,Single,Sales,Sales Executive,1,4,Marketing,3,Travel_Rarely,5677,11,0,No,27,22,22,15,20,8,3,3,2,3,4,4,1,No,0,46-55,10+ yrs,5K-8K,3.0
10224,51,Female,Single,Sales,Sales Executive,1,3,Life Sciences,2,Travel_Rarely,6169,16,0,Yes,30,30,29,13,28,0,3,3,1,2,4,3,4,No,0,46-55,10+ yrs,5K-8K,3.25
10672,43,Male,Divorced,Human Resources,Manager,5,2,Medical,1,Travel_Rarely,15924,11,1,Yes,25,15,15,6,13,0,1,3,4,2,3,3,4,No,0,36-45,10+ yrs,12K+,3.0
10513,38,Male,Married,Research & Development,Healthcare Representative,1,2,Marketing,2,Travel_Rarely,6619,18,1,Yes,15,13,12,7,12,5,4,4,1,1,4,3,2,No,0,36-45,10+ yrs,5K-8K,2.5
11257,45,Female,Divorced,Sales,Sales Representative,3,1,Life Sciences,20,Travel_Frequently,11947,17,1,No,24,12,9,4,11,7,3,4,3,4,1,3,1,No,0,36-45,10+ yrs,8K-12K,2.25
10419,51,Female,Married,Research & Development,Research Director,4,3,Medical,1,Travel_Rarely,15142,19,1,Yes,27,11,10,10,10,6,3,3,3,1,1,3,4,No,0,46-55,10+ yrs,12K+,2.25
10120,52,Female,Married,Research & Development,Laboratory Technician,3,3,Marketing,13,Travel_Rarely,12332,19,0,Yes,32,32,32,7,30,0,3,3,2,1,1,4,3,Yes,1,46-55,10+ yrs,12K+,2.25
11372,49,Female,Single,Sales,Sales Executive,3,3,Other,1,Travel_Rarely,10978,11,0,Yes,26,2,0,1,2,9,1,3,3,3,4,4,1,Yes,1,46-55,2-3 yrs,8K-12K,3.0
10689,41,Male,Married,Sales,Manager,1,5,Technical Degree,18,Travel_Frequently,6226,16,1,Yes,23,2,0,1,0,0,5,3,3,4,4,2,2,No,0,36-45,2-3 yrs,5K-8K,3.0
10304,38,Male,Single,Research & Development,Research Director,4,5,Technical Degree,12,Travel_Frequently,13100,12,1,No,17,5,2,2,4,6,6,3,2,4,1,3,4,Yes,1,36-45,4-6 yrs,12K+,3.0
11589,36,Female,Divorced,Research & Development,Research Director,2,3,Human Resources,1,Travel_Rarely,8887,15,1,No,17,11,10,10,11,2,3,4,2,1,1,2,1,Yes,1,36-45,10+ yrs,8K-12K,1.25
10271,35,Male,Married,Research & Development,Manufacturing Director,3,5,Marketing,5,Travel_Rarely,8802,12,1,No,13,12,12,9,11,4,5,3,3,2,3,3,1,No,0,26-35,10+ yrs,8K-12K,2.25
10170,39,Female,Single,Human Resources,HR Business Partner,1,2,Life Sciences,1,Travel_Rarely,5747,11,1,No,18,13,12,13,11,3,0,3,1,2,3,4,4,No,0,36-45,10+ yrs,5K-8K,3.25
11473,50,Female,Married,Research & Development,Laboratory Technician,1,4,Life Sciences,10,Travel_Rarely,7361,14,0,Yes,32,4,4,1,3,2,6,3,3,1,1,2,4,No,0,46-55,4-6 yrs,5K-8K,2.0
10289,44,Male,Married,Research & Development,Manufacturing Director,5,3,Medical,1,Travel_Frequently,15308,14,0,No,26,13,11,5,10,3,0,3,3,1,3,3,3,No,0,36-45,10+ yrs,12K+,2.5
11178,43,Female,Single,Research & Development,Manager,1,4,Technical Degree,16,Travel_Rarely,6128,13,1,Yes,20,15,12,12,13,1,6,4,3,4,1,3,4,No,0,36-45,10+ yrs,5K-8K,3.0
10621,22,Female,Single,Sales,Manager,1,3,Life Sciences,10,Non-Travel,4301,18,1,No,2,1,0,0,0,1,6,3,3,2,4,2,3,No,0,18-25,0-1 yrs,3K-5K,2.75
10680,36,Male,Divorced,Sales,Sales Representative,3,3,Marketing,5,Travel_Rarely,9477,11,0,No,16,9,6,2,9,0,0,3,3,3,3,4,1,Yes,1,36-45,7-10 yrs,8K-12K,2.75
11525,50,Male,Married,Sales,Sales Representative,2,3,Medical,9,Travel_Frequently,9997,18,2,No,31,31,28,12,30,5,6,3,2,4,3,3,2,No,0,46-55,10+ yrs,8K-12K,3.0
10790,44,Female,Single,Research & Development,Research Director,2,3,Life Sciences,13,Travel_Rarely,9558,14,1,No,21,15,13,14,14,2,0,3,3,3,3,3,3,No,0,36-45,10+ yrs,8K-12K,3.0
10824,40,Female,Single,Sales,Manager,1,2,Other,1,Travel_Frequently,4579,11,3,No,18,14,11,3,12,6,5,3,4,2,4,4,3,No,0,36-45,10+ yrs,3K-5K,3.25
11309,43,Female,Married,Sales,Manager,1,4,Life Sciences,1,Travel_Rarely,6709,21,0,No,22,17,16,2,15,1,6,3,2,3,3,3,1,No,0,36-45,10+ yrs,5K-8K,2.5
10559,37,Female,Single,Research & Development,Healthcare Representative,4,2,Life Sciences,1,Travel_Rarely,13564,16,1,Yes,17,10,8,1,7,3,3,3,4,4,2,3,3,Yes,1,36-45,7-10 yrs,12K+,3.0
10209,51,Male,Single,Research & Development,Research Director,2,3,Other,9,Travel_Rarely,9610,13,1,No,30,8,6,6,8,4,0,3,2,1,4,3,3,Yes,1,46-55,7-10 yrs,8K-12K,2.75
10105,43,Male,Married,Human Resources,HR Business Partner,2,3,Medical,1,Travel_Rarely,6925,12,1,No,24,21,19,12,19,3,4,3,3,3,1,2,3,No,0,36-45,10+ yrs,5K-8K,2.25
10237,49,Male,Married,Research & Development,Healthcare Representative,1,3,Marketing,5,Travel_Rarely,8226,12,0,No,29,10,8,1,10,6,1,3,4,2,1,2,4,No,0,46-55,7-10 yrs,8K-12K,2.25
11017,37,Male,Married,Research & Development,Laboratory Technician,1,3,Technical Degree,23,Travel_Frequently,5837,19,1,No,19,14,12,2,14,5,1,3,4,4,2,2,1,Yes,1,36-45,10+ yrs,5K-8K,2.25
10811,41,Female,Married,Research & Development,Manufacturing Director,2,3,Medical,1,Travel_Frequently,9640,12,0,No,23,16,15,0,13,5,4,3,3,3,4,3,3,No,0,36-45,10+ yrs,8K-12K,3.25
10023,19,Male,Single,Research & Development,Manager,1,4,Medical,18,Travel_Frequently,5301,16,1,No,0,0,0,0,0,9,0,3,3,3,1,2,3,Yes,1,18-25,0-1 yrs,5K-8K,2.25
10205,48,Male,Single,Sales,Manager,4,3,Life Sciences,2,Travel_Rarely,13621,11,1,No,27,21,19,6,21,2,3,3,3,3,3,3,3,No,0,46-55,10+ yrs,12K+,3.0
11344,32,Male,Married,Research & Development,Research Scientist,3,3,Technical Degree,12,Travel_Rarely,10329,12,0,No,14,10,7,4,10,5,2,3,3,3,1,4,4,No,0,26-35,7-10 yrs,8K-12K,3.0
11383,52,Male,Married,Sales,Manager,1,3,Life Sciences,14,Travel_Frequently,5920,11,0,Yes,28,14,13,10,12,7,4,3,3,1,3,3,4,No,0,46-55,10+ yrs,5K-8K,2.75
10778,41,Male,Single,Research & Development,Manager,1,2,Other,10,Travel_Frequently,5364,11,0,Yes,19,8,7,2,7,2,5,3,4,2,4,3,3,Yes,1,36-45,7-10 yrs,5K-8K,3.0
10302,26,Male,Single,Research & Development,Laboratory Technician,3,2,Other,10,Travel_Rarely,8378,24,1,No,5,1,0,0,0,8,1,3,2,2,3,3,4,No,0,26-35,0-1 yrs,8K-12K,3.0
10536,48,Female,Married,Research & Development,Manager,2,4,Human Resources,6,Travel_Frequently,10146,12,0,No,27,12,11,9,11,1,6,3,3,4,3,3,1,No,0,46-55,10+ yrs,8K-12K,2.75
11319,35,Female,Single,Research & Development,Research Director,1,4,Medical,1,Travel_Rarely,6998,15,0,No,13,10,10,4,9,3,2,3,3,1,3,3,3,No,0,26-35,7-10 yrs,5K-8K,2.5
10858,32,Female,Divorced,Research & Development,Research Director,3,3,Life Sciences,13,Travel_Rarely,10826,11,0,No,8,1,0,1,1,0,5,3,3,4,3,3,1,No,0,26-35,0-1 yrs,8K-12K,2.75
10020,27,Male,Married,Research & Development,Healthcare Representative,1,1,Human Resources,2,Travel_Rarely,6063,16,1,No,4,0,0,0,0,5,3,3,4,2,3,3,3,Yes,1,26-35,0-1 yrs,5K-8K,2.75
10932,25,Female,Married,Research & Development,Manager,4,2,Human Resources,2,Travel_Rarely,11849,16,0,No,6,0,0,0,0,0,3,3,4,4,4,2,2,No,0,18-25,0-1 yrs,8K-12K,3.0
10481,31,Female,Married,Sales,Sales Representative,1,2,Life Sciences,1,Travel_Frequently,6393,13,2,No,11,3,1,1,1,6,0,4,3,2,4,3,1,No,0,26-35,2-3 yrs,5K-8K,2.5
10052,29,Female,Single,Research & Development,Research Scientist,2,4,Marketing,1,Travel_Frequently,7700,15,2,No,9,4,2,1,3,4,1,3,3,3,3,3,1,No,0,26-35,4-6 yrs,5K-8K,2.5
10260,48,Female,Single,Research & Development,Laboratory Technician,2,4,Life Sciences,10,Travel_Rarely,10855,15,1,No,28,5,2,4,4,4,0,3,2,4,4,3,4,No,0,46-55,4-6 yrs,8K-12K,3.75
11048,41,Female,Single,Sales,Manager,5,2,Technical Degree,1,Travel_Rarely,15698,13,0,No,22,12,11,5,10,9,4,3,2,3,1,2,3,No,0,36-45,10+ yrs,12K+,2.25
11248,30,Male,Married,Sales,Sales Representative,3,3,Life Sciences,1,Travel_Rarely,8823,18,3,Yes,10,0,0,0,0,7,1,3,3,2,4,4,2,No,0,26-35,0-1 yrs,8K-12K,3.0
10825,60,Male,Married,Research & Development,Manufacturing Director,1,3,Other,12,Travel_Rarely,8379,17,2,No,36,31,31,6,29,7,1,3,2,2,1,3,3,No,0,56-65,10+ yrs,8K-12K,2.25
11067,37,Female,Single,Sales,Sales Executive,4,3,Technical Degree,4,Travel_Rarely,12283,17,1,No,13,0,0,0,0,0,1,3,4,3,2,3,1,Yes,1,36-45,0-1 yrs,12K+,2.25
11391,58,Female,Single,Human Resources,HR Business Partner,1,3,Life Sciences,4,Travel_Frequently,8326,18,1,Yes,39,3,0,2,1,1,5,3,3,4,2,3,2,Yes,1,56-65,2-3 yrs,8K-12K,2.75
11008,48,Female,Married,Sales,Manager,3,4,Other,15,Travel_Frequently,9729,12,2,Yes,30,21,21,4,21,2,1,3,3,2,4,3,4,No,0,46-55,10+ yrs,8K-12K,3.25
11575,32,Male,Married,Research & Development,Manufacturing Director,2,4,Human Resources,27,Travel_Frequently,8119,20,1,Yes,9,6,4,1,5,2,0,3,3,4,1,2,1,No,0,26-35,4-6 yrs,8K-12K,2.0
10050,36,Female,Married,Sales,Sales Executive,1,1,Life Sciences,13,Travel_Rarely,5340,13,2,No,8,5,3,4,4,1,0,3,2,2,4,2,4,No,0,36-45,4-6 yrs,5K-8K,3.0
10095,32,Female,Divorced,Research & Development,Healthcare Representative,5,5,Medical,1,Travel_Rarely,15216,11,3,No,14,13,13,12,13,5,6,3,3,1,4,2,4,Yes,1,26-35,10+ yrs,12K+,2.75
11532,27,Female,Divorced,Sales,Sales Executive,5,3,Medical,2,Travel_Rarely,14883,13,0,Yes,4,4,3,4,3,0,0,3,3,2,1,3,1,No,0,26-35,4-6 yrs,12K+,1.75
11120,45,Female,Single,Research & Development,Research Director,1,3,Life Sciences,5,Travel_Frequently,9502,19,1,No,26,0,0,0,0,0,1,3,3,2,1,3,1,No,0,36-45,0-1 yrs,8K-12K,1.75
10300,36,Female,Single,Research & Development,Research Director,1,4,Life Sciences,1,Travel_Rarely,5866,13,1,No,14,7,7,4,5,1,0,3,2,1,2,4,4,No,0,36-45,7-10 yrs,5K-8K,2.75
11507,30,Male,Single,Research & Development,Research Director,4,2,Medical,1,Travel_Rarely,13167,12,0,Yes,10,8,7,8,6,3,1,3,3,3,2,4,1,No,0,26-35,7-10 yrs,12K+,2.5
11416,48,Male,Single,Sales,Sales Representative,5,3,Life Sciences,3,Non-Travel,15251,15,1,No,27,13,10,1,13,3,2,3,1,1,3,2,2,No,0,46-55,10+ yrs,12K+,2.0
10878,54,Male,Married,Sales,Sales Executive,2,4,Medical,16,Travel_Rarely,8661,17,0,No,30,13,11,9,11,5,0,4,2,3,2,4,2,Yes,1,46-55,10+ yrs,8K-12K,2.75
11088,23,Male,Married,Sales,Manager,2,4,Medical,2,Travel_Rarely,7627,18,0,No,3,0,0,0,0,9,4,3,3,1,1,3,2,Yes,1,18-25,0-1 yrs,5K-8K,1.75
11354,37,Female,Divorced,Research & Development,Research Director,1,3,Marketing,1,Travel_Frequently,4697,14,1,No,18,2,0,0,0,2,2,3,1,4,4,3,4,No,0,36-45,2-3 yrs,3K-5K,3.75
10758,29,Female,Married,Research & Development,Healthcare Representative,4,3,Life Sciences,8,Travel_Rarely,12693,11,0,No,7,3,1,2,2,1,3,3,4,4,3,3,4,No,0,26-35,2-3 yrs,12K+,3.5
11569,37,Female,Married,Sales,Manager,3,5,Life Sciences,7,Travel_Rarely,10625,17,1,No,19,14,13,11,14,8,3,3,2,3,3,2,4,No,0,36-45,10+ yrs,8K-12K,3.0
10772,41,Male,Married,Research & Development,Research Director,1,5,Medical,1,Travel_Frequently,7071,12,0,No,22,1,0,1,0,6,1,3,3,3,4,2,4,No,0,36-45,0-1 yrs,5K-8K,3.25
10373,37,Female,Married,Research & Development,Manager,3,2,Marketing,1,Travel_Rarely,11298,13,1,No,15,12,9,0,9,7,3,3,2,2,2,2,2,No,0,36-45,10+ yrs,8K-12K,2.0
11441,49,Male,Married,Sales,Manager,1,2,Medical,2,Travel_Rarely,6389,15,3,No,28,27,25,10,27,3,1,3,3,1,2,3,2,Yes,1,46-55,10+ yrs,5K-8K,2.0
11280,32,Male,Single,Research & Development,Healthcare Representative,4,4,Life Sciences,6,Travel_Frequently,12583,13,0,No,12,10,8,3,7,6,6,3,1,1,1,2,3,Yes,1,26-35,7-10 yrs,12K+,1.75
10404,36,Female,Single,Research & Development,Manager,2,4,Life Sciences,1,Travel_Rarely,8211,11,1,No,23,23,21,8,20,7,4,4,3,4,2,3,3,No,0,36-45,10+ yrs,8K-12K,3.0
10769,45,Male,Divorced,Sales,Sales Executive,1,3,Technical Degree,27,Travel_Rarely,7313,11,0,No,21,19,16,6,19,7,4,3,3,4,2,3,3,No,0,36-45,10+ yrs,5K-8K,3.0
11628,31,Male,Single,Research & Development,Healthcare Representative,1,4,Other,12,Non-Travel,4696,24,0,Yes,12,11,8,2,10,8,5,3,3,1,1,4,2,Yes,1,26-35,10+ yrs,3K-5K,2.0
10726,32,Male,Single,Research & Development,Healthcare Representative,2,4,Other,4,Travel_Rarely,7845,11,1,No,8,0,0,0,0,9,1,3,3,4,3,3,4,No,0,26-35,0-1 yrs,5K-8K,3.5
10760,34,Male,Divorced,Research & Development,Healthcare Representative,1,4,Medical,1,Travel_Rarely,4808,11,0,Yes,13,13,11,10,12,0,4,3,3,3,1,3,4,Yes,1,26-35,10+ yrs,3K-5K,2.75
10624,39,Male,Single,Research & Development,Research Director,1,4,Marketing,6,Travel_Rarely,6149,18,1,Yes,16,5,2,2,2,9,4,3,1,1,4,3,2,No,0,36-45,4-6 yrs,5K-8K,2.5
10229,44,Female,Married,Research & Development,Research Director,3,3,Medical,4,Travel_Rarely,11732,18,3,No,26,2,0,2,0,9,3,3,2,1,4,1,3,No,0,36-45,2-3 yrs,8K-12K,2.25
10970,56,Male,Single,Research & Development,Manufacturing Director,1,4,Life Sciences,20,Travel_Rarely,9019,11,0,No,37,33,32,11,31,3,2,3,4,1,3,2,1,No,0,56-65,10+ yrs,8K-12K,1.75
11370,40,Female,Single,Sales,Sales Representative,5,4,Other,1,Travel_Frequently,15157,16,0,No,21,9,8,8,8,7,4,3,3,2,2,4,4,Yes,1,36-45,7-10 yrs,12K+,3.0
10751,28,Male,Single,Research & Development,Manager,5,5,Marketing,1,Travel_Frequently,13578,14,1,No,4,0,0,0,0,7,1,3,3,2,3,3,1,Yes,1,26-35,0-1 yrs,12K+,2.25
10287,31,Male,Married,Research & Development,Research Scientist,1,2,Medical,1,Travel_Rarely,4746,19,2,No,12,9,9,5,7,8,3,4,1,3,4,3,3,No,0,26-35,7-10 yrs,3K-5K,3.25
10704,32,Female,Married,Research & Development,Laboratory Technician,3,2,Life Sciences,1,Travel_Rarely,9066,13,0,No,14,7,4,1,6,0,1,3,4,3,2,4,4,No,0,26-35,7-10 yrs,8K-12K,3.25
11455,27,Male,Single,Sales,Manager,2,4,Life Sciences,1,Travel_Rarely,7035,11,2,No,6,3,1,0,3,8,6,4,4,3,3,3,2,No,0,26-35,2-3 yrs,5K-8K,2.75
11010,38,Female,Divorced,Sales,Sales Executive,2,3,Medical,6,Travel_Rarely,8165,12,0,Yes,19,13,10,5,13,0,4,3,2,4,3,3,3,No,0,36-45,10+ yrs,8K-12K,3.25
11535,30,Male,Married,Research & Development,Research Director,2,3,Medical,1,Travel_Rarely,9186,18,0,No,10,3,3,1,3,2,3,4,3,3,3,3,1,No,0,26-35,2-3 yrs,8K-12K,2.5
11339,48,Female,Single,Human Resources,HR Business Partner,2,2,Life Sciences,6,Travel_Rarely,9250,22,1,No,27,5,2,2,5,6,2,3,4,4,4,2,3,Yes,1,46-55,4-6 yrs,8K-12K,3.25
10136,26,Male,Married,Sales,Sales Representative,3,5,Marketing,13,Travel_Rarely,10341,18,0,No,6,0,0,0,0,7,2,3,3,1,1,2,4,Yes,1,26-35,0-1 yrs,8K-12K,2.0
11228,51,Male,Divorced,Sales,Manager,1,2,Technical Degree,4,Travel_Rarely,8307,21,0,No,33,3,3,3,3,0,6,3,1,4,1,4,3,No,0,46-55,2-3 yrs,8K-12K,3.0
11378,47,Female,Single,Human Resources,Human Resources,1,5,Medical,10,Travel_Rarely,5798,20,0,Yes,26,21,18,0,18,2,1,3,3,3,1,2,2,No,0,46-55,10+ yrs,5K-8K,2.0
10212,30,Female,Single,Sales,Sales Representative,2,3,Marketing,2,Travel_Rarely,7678,17,0,No,11,6,6,1,6,3,0,3,3,1,2,4,3,No,0,26-35,4-6 yrs,5K-8K,2.5
10805,29,Female,Single,Research & Development,Research Director,5,2,Medical,1,Travel_Rarely,15049,15,0,No,10,0,0,0,0,7,2,3,4,1,4,2,2,No,0,26-35,0-1 yrs,12K+,2.25
10654,33,Male,Divorced,Research & Development,Laboratory Technician,1,2,Medical,8,Travel_Frequently,5093,22,0,No,10,4,1,0,2,3,6,3,4,3,4,3,3,No,0,26-35,4-6 yrs,5K-8K,3.25
10089,38,Female,Married,Research & Development,Manager,4,3,Technical Degree,1,Travel_Rarely,13154,15,0,Yes,14,5,4,3,2,9,1,3,3,1,3,2,2,No,0,36-45,4-6 yrs,12K+,2.0
10436,44,Male,Married,Research & Development,Healthcare Representative,3,4,Marketing,14,Travel_Rarely,10733,19,1,No,21,13,13,6,13,1,2,3,3,2,4,2,2,No,0,36-45,10+ yrs,8K-12K,2.5
10708,40,Male,Single,Research & Development,Manager,1,4,Marketing,11,Travel_Rarely,8378,13,0,Yes,19,14,12,3,14,3,0,3,3,3,4,3,1,No,0,36-45,10+ yrs,8K-12K,2.75
10299,38,Female,Single,Research & Development,Laboratory Technician,2,3,Technical Degree,1,Travel_Rarely,9537,14,0,No,17,1,0,1,0,0,2,3,1,3,4,4,2,Yes,1,36-45,0-1 yrs,8K-12K,3.25
10397,38,Female,Married,Research & Development,Manufacturing Director,1,4,Human Resources,7,Travel_Rarely,8378,15,0,No,17,12,10,1,11,9,3,3,3,1,4,2,1,No,0,36-45,10+ yrs,8K-12K,2.0
11398,40,Female,Married,Research & Development,Manufacturing Director,2,3,Other,12,Travel_Rarely,10012,22,1,No,20,7,4,6,6,6,3,3,3,3,1,4,2,No,0,36-45,7-10 yrs,8K-12K,2.5
10954,39,Male,Married,Sales,Sales Executive,3,4,Marketing,6,Travel_Rarely,11703,11,2,No,20,14,14,4,13,4,2,3,3,4,1,1,1,No,0,36-45,10+ yrs,8K-12K,1.75
10987,33,Male,Married,Human Resources,Manager,1,5,Technical Degree,1,Travel_Rarely,6688,13,0,No,13,6,3,5,4,4,1,3,2,3,2,2,2,No,0,26-35,4-6 yrs,5K-8K,2.25
10600,46,Female,Married,Research & Development,Manufacturing Director,1,3,Medical,7,Travel_Rarely,3450,14,0,No,25,18,17,6,16,5,3,3,2,1,1,3,2,No,0,46-55,10+ yrs,3K-5K,1.75
10927,40,Female,Married,Research & Development,Manufacturing Director,1,3,Other,11,Travel_Rarely,7029,19,0,Yes,20,12,11,11,12,0,3,3,3,3,3,3,4,No,0,36-45,10+ yrs,5K-8K,3.25
10926,36,Female,Divorced,Research & Development,Research Scientist,3,4,Medical,4,Travel_Rarely,9897,15,2,Yes,16,10,9,5,7,9,6,4,4,3,3,3,2,No,0,36-45,7-10 yrs,8K-12K,2.75
10712,53,Female,Married,Research & Development,Manufacturing Director,1,3,Life Sciences,1,Non-Travel,10640,11,2,No,34,4,2,3,3,2,1,3,4,4,1,3,3,No,0,46-55,4-6 yrs,8K-12K,2.75
10560,34,Male,Single,Research & Development,Research Scientist,1,2,Human Resources,1,Non-Travel,5925,14,1,No,12,10,9,7,7,0,5,4,2,3,2,3,4,No,0,26-35,7-10 yrs,5K-8K,3.0
10429,29,Female,Married,Research & Development,Research Director,4,1,Medical,11,Travel_Rarely,12063,13,2,No,11,5,2,4,4,0,1,3,2,3,4,3,4,No,0,26-35,4-6 yrs,12K+,3.5
10046,33,Female,Married,Research & Development,Healthcare Representative,5,3,Life Sciences,8,Non-Travel,13893,12,2,No,12,5,4,4,3,0,3,4,3,2,3,3,3,No,0,26-35,4-6 yrs,12K+,2.75
11436,28,Female,Divorced,Research & Development,Laboratory Technician,4,3,Life Sciences,7,Travel_Rarely,11364,11,0,Yes,5,5,3,1,2,7,4,3,3,4,3,1,1,No,0,26-35,4-6 yrs,8K-12K,2.25
11634,18,Female,Divorced,Research & Development,Laboratory Technician,1,3,Technical Degree,16,Travel_Rarely,4674,11,1,No,0,0,0,0,0,8,5,3,2,1,3,3,4,Yes,1,18-25,0-1 yrs,3K-5K,2.75
11458,34,Male,Divorced,Research & Development,Laboratory Technician,1,3,Medical,13,Travel_Frequently,6926,16,0,No,10,9,8,3,8,2,2,3,2,1,3,2,1,No,0,26-35,7-10 yrs,5K-8K,1.75
10193,39,Female,Single,Research & Development,Manufacturing Director,1,2,Life Sciences,10,Travel_Rarely,6203,20,0,No,15,9,6,9,9,7,0,3,3,4,3,2,3,No,0,36-45,7-10 yrs,5K-8K,3.0
10973,32,Female,Married,Research & Development,Manager,1,3,Medical,1,Travel_Frequently,5711,18,1,No,10,4,3,1,1,1,4,4,3,1,2,3,4,No,0,26-35,4-6 yrs,5K-8K,2.5
11446,36,Female,Single,Research & Development,Laboratory Technician,3,3,Life Sciences,5,Travel_Frequently,9776,15,1,No,8,4,3,4,4,0,6,3,1,3,4,3,4,No,0,36-45,4-6 yrs,8K-12K,3.5
11445,36,Female,Married,Sales,Sales Executive,1,4,Medical,21,Travel_Frequently,6027,17,1,No,18,12,11,9,10,0,3,3,2,4,1,3,4,Yes,1,36-45,10+ yrs,5K-8K,3.0
10670,28,Male,Divorced,Research & Development,Manager,2,3,Marketing,10,Travel_Rarely,7010,12,1,No,9,0,0,0,0,6,6,3,3,3,3,3,3,No,0,26-35,0-1 yrs,5K-8K,3.0
10529,30,Male,Single,Research & Development,Laboratory Technician,2,4,Medical,5,Travel_Rarely,7399,15,1,No,7,5,5,4,3,9,6,3,3,1,2,2,3,Yes,1,26-35,4-6 yrs,5K-8K,2.0
10645,36,Male,Married,Research & Development,Laboratory Technician,2,1,Life Sciences,7,Travel_Frequently,9327,11,0,Yes,11,7,4,5,7,2,3,4,2,4,1,4,4,No,0,36-45,7-10 yrs,8K-12K,3.25
11013,39,Female,Single,Research & Development,Laboratory Technician,1,2,Technical Degree,13,Non-Travel,6545,11,0,No,20,7,5,5,4,5,2,3,3,3,2,3,4,Yes,1,36-45,7-10 yrs,5K-8K,3.0
10869,28,Female,Married,Sales,Sales Executive,1,4,Marketing,1,Travel_Frequently,5528,18,2,No,6,3,3,3,1,2,6,4,3,3,4,2,4,No,0,26-35,2-3 yrs,5K-8K,3.25
10936,30,Female,Married,Research & Development,Laboratory Technician,5,1,Life Sciences,3,Travel_Rarely,14630,14,0,Yes,12,6,3,2,6,2,1,3,1,1,3,1,4,Yes,1,26-35,4-6 yrs,12K+,2.25
10557,49,Female,Divorced,Human Resources,HR Business Partner,1,3,Life Sciences,4,Travel_Rarely,7599,16,1,Yes,25,4,2,0,2,8,1,4,3,4,4,4,3,No,0,46-55,4-6 yrs,5K-8K,3.75
11159,36,Male,Divorced,Research & Development,Research Scientist,3,3,Marketing,6,Non-Travel,10177,11,1,No,24,17,16,12,17,5,3,3,2,1,2,2,2,Yes,1,36-45,10+ yrs,8K-12K,1.75
11343,34,Male,Single,Research & Development,Research Scientist,2,5,Medical,1,Travel_Frequently,7949,16,0,Yes,13,7,7,5,5,9,1,3,3,4,1,4,4,No,0,26-35,7-10 yrs,5K-8K,3.25
10702,44,Female,Single,Research & Development,Research Director,5,4,Medical,4,Travel_Frequently,14551,13,0,No,21,7,5,4,4,5,3,3,3,1,2,3,4,No,0,36-45,7-10 yrs,12K+,2.5
11393,18,Male,Divorced,Research & Development,Research Director,2,4,Medical,29,Travel_Rarely,8378,14,1,No,0,0,0,0,0,2,5,3,2,2,2,4,4,No,0,18-25,0-1 yrs,8K-12K,3.0
10322,31,Female,Single,Human Resources,Manager,4,3,Life Sciences,1,Travel_Rarely,11969,11,2,No,10,7,5,2,5,2,4,4,4,4,3,2,3,No,0,26-35,7-10 yrs,8K-12K,3.0
10580,24,Male,Divorced,Research & Development,Healthcare Representative,1,4,Life Sciences,3,Travel_Rarely,4654,14,1,No,5,5,2,1,4,2,4,3,4,1,4,3,3,No,0,18-25,4-6 yrs,3K-5K,2.75
10147,40,Female,Married,Sales,Manager,2,4,Medical,1,Travel_Rarely,6957,16,0,Yes,16,5,4,1,4,0,4,3,4,2,3,3,2,No,0,36-45,4-6 yrs,5K-8K,2.5
10407,32,Female,Married,Sales,Sales Executive,2,5,Other,8,Travel_Rarely,7968,11,0,No,14,4,3,3,1,6,3,3,2,1,1,3,3,No,0,26-35,4-6 yrs,5K-8K,2.0
10831,38,Male,Married,Sales,Manager,5,2,Other,1,Travel_Frequently,15908,11,1,Yes,18,0,0,0,0,8,5,3,3,2,4,3,4,No,0,36-45,0-1 yrs,12K+,3.25
11268,42,Male,Divorced,Sales,Sales Executive,2,2,Medical,7,Travel_Rarely,9519,12,2,Yes,21,0,0,0,0,3,2,3,3,4,2,3,2,No,0,36-45,0-1 yrs,8K-12K,2.75
11084,46,Female,Single,Research & Development,Research Scientist,3,3,Life Sciences,16,Travel_Rarely,11300,16,0,No,28,25,25,13,23,1,6,4,1,2,4,3,2,No,0,46-55,10+ yrs,8K-12K,2.75
10953,30,Female,Single,Research & Development,Research Director,3,3,Medical,6,Travel_Rarely,9017,18,1,Yes,9,5,2,1,5,4,3,3,4,3,1,3,1,No,0,26-35,4-6 yrs,8K-12K,2.0
10057,47,Male,Single,Sales,Manager,1,3,Medical,1,Travel_Rarely,5991,13,0,Yes,24,22,19,15,21,8,3,3,3,4,4,4,2,No,0,46-55,10+ yrs,5K-8K,3.5
10143,51,Male,Divorced,Sales,Sales Executive,2,3,Medical,2,Travel_Rarely,10644,11,1,No,32,11,9,9,10,1,1,3,3,2,1,2,1,No,0,46-55,10+ yrs,8K-12K,1.5
10817,34,Female,Married,Human Resources,HR Business Partner,4,3,Human Resources,5,Non-Travel,12970,23,1,No,13,13,13,6,11,1,6,3,2,3,2,3,1,No,0,26-35,10+ yrs,12K+,2.25
11401,46,Male,Married,Sales,Sales Representative,2,2,Life Sciences,13,Travel_Rarely,8378,20,0,No,22,1,0,1,0,2,1,3,3,4,4,3,4,No,0,46-55,0-1 yrs,8K-12K,3.75
10684,39,Female,Married,Human Resources,Manager,2,5,Human Resources,3,Travel_Rarely,10174,16,0,No,17,9,6,1,7,5,3,3,2,1,1,3,3,No,0,36-45,7-10 yrs,8K-12K,2.0
10895,45,Female,Divorced,Research & Development,Laboratory Technician,3,3,Marketing,3,Travel_Rarely,11252,11,1,No,24,13,13,5,11,7,3,3,1,4,3,2,3,No,0,36-45,10+ yrs,8K-12K,3.0
11481,38,Male,Divorced,Research & Development,Healthcare Representative,2,4,Human Resources,6,Travel_Frequently,9125,18,1,No,20,14,14,9,13,5,6,4,3,2,3,3,4,No,0,36-45,10+ yrs,8K-12K,3.0
11374,35,Female,Married,Sales,Sales Executive,5,1,Human Resources,1,Non-Travel,15557,24,2,No,15,11,10,6,11,4,1,3,3,2,2,1,2,Yes,1,26-35,10+ yrs,12K+,1.75
11297,40,Male,Married,Research & Development,Research Scientist,1,3,Technical Degree,2,Travel_Rarely,7007,16,1,No,21,16,14,13,14,0,2,3,2,1,1,4,3,No,0,36-45,10+ yrs,5K-8K,2.25
10326,34,Male,Married,Research & Development,Manufacturing Director,1,5,Life Sciences,7,Travel_Rarely,6208,11,1,No,13,0,0,0,0,9,2,3,1,2,4,3,4,No,0,26-35,0-1 yrs,5K-8K,3.25
10199,42,Male,Divorced,Research & Development,Research Director,1,2,Medical,24,Travel_Rarely,7439,21,2,No,24,24,22,7,24,2,4,3,3,4,2,4,2,No,0,36-45,10+ yrs,5K-8K,3.0
11318,39,Female,Divorced,Sales,Sales Executive,4,4,Medical,3,Travel_Rarely,12514,19,1,No,17,15,15,3,13,3,1,3,2,3,3,3,3,Yes,1,36-45,10+ yrs,12K+,3.0
11626,25,Female,Single,Research & Development,Manufacturing Director,1,1,Technical Degree,1,Travel_Rarely,5994,15,1,No,6,3,0,2,1,1,4,4,3,4,3,3,3,Yes,1,18-25,2-3 yrs,5K-8K,3.25
10160,37,Female,Married,Sales,Manager,1,4,Technical Degree,4,Travel_Rarely,4849,16,0,No,19,17,14,8,17,0,0,3,1,3,3,3,3,No,0,36-45,10+ yrs,3K-5K,3.0
10228,23,Male,Married,Research & Development,Manager,3,2,Medical,5,Travel_Rarely,9808,18,0,No,4,1,0,2,0,8,2,3,1,4,4,3,2,No,0,18-25,0-1 yrs,8K-12K,3.25
11135,36,Male,Married,Research & Development,Laboratory Technician,5,4,Life Sciences,5,Travel_Rarely,13909,18,3,No,15,2,0,2,0,5,4,3,2,2,3,3,3,No,0,36-45,2-3 yrs,12K+,2.75
11630,35,Male,Divorced,Sales,Manager,1,4,Life Sciences,4,Travel_Rarely,7376,12,1,No,17,4,2,3,2,1,6,3,1,4,3,3,4,No,0,26-35,4-6 yrs,5K-8K,3.5
11042,41,Female,Married,Human Resources,HR Business Partner,3,2,Technical Degree,7,Travel_Rarely,10133,12,2,No,19,5,3,3,3,9,5,3,2,2,2,3,4,No,0,36-45,4-6 yrs,8K-12K,2.75
11082,26,Male,Divorced,Research & Development,Manager,5,3,Technical Degree,7,Travel_Rarely,13780,11,1,No,4,2,1,1,0,2,6,3,3,3,3,3,4,No,0,26-35,2-3 yrs,12K+,3.25
11568,37,Female,Married,Research & Development,Manufacturing Director,5,2,Human Resources,1,Travel_Rarely,14151,19,0,No,17,7,7,5,7,1,1,3,2,4,1,2,3,No,0,36-45,7-10 yrs,12K+,2.5
11214,24,Female,Married,Research & Development,Research Scientist,2,3,Life Sciences,8,Travel_Rarely,7323,11,3,Yes,6,4,2,2,1,6,5,3,1,3,2,3,1,Yes,1,18-25,4-6 yrs,5K-8K,2.25
11555,42,Female,Divorced,Research & Development,Manufacturing Director,3,5,Medical,18,Travel_Rarely,11335,18,0,Yes,20,10,9,4,7,3,1,3,3,1,3,2,4,No,0,36-45,7-10 yrs,8K-12K,2.5
10332,28,Female,Married,Research & Development,Healthcare Representative,2,4,Life Sciences,8,Travel_Rarely,7424,18,1,Yes,6,6,3,3,4,9,5,3,2,3,3,3,2,No,0,26-35,4-6 yrs,5K-8K,2.75
10290,58,Male,Married,Research & Development,Healthcare Representative,1,3,Marketing,4,Travel_Rarely,8378,15,1,No,35,4,2,4,4,4,2,4,3,3,3,3,4,No,0,56-65,4-6 yrs,8K-12K,3.25
11612,40,Male,Single,Human Resources,Human Resources,2,4,Life Sciences,12,Travel_Rarely,7924,12,0,No,18,3,2,3,0,7,1,3,2,3,2,2,2,No,0,36-45,2-3 yrs,5K-8K,2.25
10738,44,Male,Single,Research & Development,Healthcare Representative,1,3,Life Sciences,5,Travel_Rarely,6510,20,1,Yes,26,8,5,1,5,2,4,3,2,3,1,2,3,Yes,1,36-45,7-10 yrs,5K-8K,2.25
10492,21,Male,Single,Sales,Sales Representative,3,2,Medical,7,Travel_Rarely,9212,18,2,No,3,3,0,2,3,3,2,3,2,2,3,2,4,Yes,1,18-25,2-3 yrs,8K-12K,2.75
10530,35,Male,Divorced,Research & Development,Manager,5,3,Life Sciences,1,Travel_Frequently,13831,12,0,No,11,11,9,0,9,9,0,3,3,3,2,3,1,No,0,26-35,10+ yrs,12K+,2.25
11093,36,Female,Divorced,Research & Development,Healthcare Representative,3,4,Technical Degree,14,Travel_Rarely,9756,11,0,No,16,2,0,0,0,3,3,4,2,3,4,3,3,No,0,36-45,2-3 yrs,8K-12K,3.25
10800,36,Male,Divorced,Human Resources,Manager,5,5,Marketing,2,Travel_Frequently,14885,11,0,Yes,23,20,20,13,19,2,6,3,3,3,3,3,1,No,0,36-45,10+ yrs,12K+,2.5
10088,32,Female,Single,Human Resources,HR Business Partner,5,3,Life Sciences,4,Non-Travel,14075,22,0,No,13,0,0,0,0,1,5,3,2,1,4,2,3,No,0,26-35,0-1 yrs,12K+,2.5
10402,28,Male,Divorced,Sales,Sales Representative,2,2,Medical,1,Travel_Rarely,7016,15,1,No,9,6,5,5,5,4,5,3,2,4,3,2,3,No,0,26-35,4-6 yrs,5K-8K,3.0
11537,36,Male,Divorced,Research & Development,Manufacturing Director,2,3,Medical,1,Travel_Rarely,7023,13,0,No,15,6,4,3,3,2,1,3,2,4,3,3,3,No,0,36-45,4-6 yrs,5K-8K,3.25
10676,54,Male,Divorced,Research & Development,Research Scientist,5,1,Medical,3,Travel_Rarely,17186,13,2,No,31,3,1,2,0,9,5,3,1,3,2,3,3,No,0,46-55,2-3 yrs,12K+,2.75
10155,41,Male,Married,Sales,Manager,3,3,Life Sciences,4,Travel_Rarely,9096,21,1,Yes,17,6,4,5,3,2,4,4,3,3,3,2,4,No,0,36-45,4-6 yrs,8K-12K,3.0
10632,40,Female,Single,Research & Development,Research Scientist,2,3,Technical Degree,6,Travel_Frequently,9166,11,0,No,22,13,12,4,10,5,0,3,1,1,2,3,2,No,0,36-45,10+ yrs,8K-12K,2.0
11222,34,Female,Single,Human Resources,Manager,3,4,Life Sciences,2,Travel_Rarely,10219,13,1,No,14,9,8,3,7,5,1,3,3,2,1,3,3,No,0,26-35,7-10 yrs,8K-12K,2.25
11060,39,Male,Divorced,Sales,Manager,2,4,Marketing,9,Travel_Rarely,8521,11,1,No,20,12,12,12,9,4,3,3,3,1,4,2,3,Yes,1,36-45,10+ yrs,8K-12K,2.5
10791,41,Male,Married,Research & Development,Manager,5,3,Life Sciences,1,Travel_Rarely,14513,12,0,Yes,22,9,8,2,9,0,4,3,3,2,1,2,2,Yes,1,36-45,7-10 yrs,12K+,1.75
10422,48,Female,Married,Human Resources,HR Business Partner,3,1,Human Resources,25,Travel_Rarely,10298,11,0,Yes,27,26,23,6,24,3,6,3,3,4,3,3,2,Yes,1,46-55,10+ yrs,8K-12K,3.0
11170,30,Male,Single,Research & Development,Manager,3,1,Marketing,9,Travel_Frequently,9932,16,0,No,11,4,4,1,3,0,0,3,2,2,4,3,3,No,0,26-35,4-6 yrs,8K-12K,3.0
11549,48,Male,Single,Research & Development,Manager,2,4,Medical,1,Travel_Rarely,9385,15,1,No,26,20,17,2,18,6,3,3,3,4,2,1,3,Yes,1,46-55,10+ yrs,8K-12K,2.5
11558,29,Male,Single,Sales,Sales Representative,2,3,Technical Degree,16,Non-Travel,8201,17,0,No,11,10,7,8,8,1,4,3,3,1,4,2,1,No,0,26-35,7-10 yrs,8K-12K,2.0
11072,21,Female,Single,Sales,Sales Executive,2,3,Other,9,Travel_Rarely,7269,17,1,Yes,1,1,1,1,0,3,2,3,3,4,1,3,4,Yes,1,18-25,0-1 yrs,5K-8K,3.0
11414,34,Male,Married,Research & Development,Research Scientist,5,2,Life Sciences,1,Travel_Frequently,15429,11,1,No,11,10,9,7,10,6,4,3,2,3,3,3,4,No,0,26-35,7-10 yrs,12K+,3.25
10853,36,Male,Married,Sales,Manager,2,4,Life Sciences,3,Travel_Frequently,7466,21,0,No,12,4,1,0,4,3,0,3,3,3,1,2,3,No,0,36-45,4-6 yrs,5K-8K,2.25
10121,46,Male,Married,Sales,Sales Representative,5,5,Life Sciences,1,Travel_Rarely,15602,11,0,No,25,25,22,14,23,0,3,3,3,3,4,3,3,No,0,46-55,10+ yrs,12K+,3.25
10822,53,Female,Married,Human Resources,Human Resources,1,2,Life Sciences,11,Travel_Rarely,8792,14,1,Yes,33,21,18,2,18,5,4,3,3,2,2,3,3,No,0,46-55,10+ yrs,8K-12K,2.5
10576,25,Female,Single,Research & Development,Laboratory Technician,1,4,Medical,29,Travel_Rarely,4379,13,1,No,5,3,3,0,2,9,4,3,2,1,4,2,3,No,0,18-25,2-3 yrs,3K-5K,2.5
10084,38,Male,Divorced,Human Resources,Manager,1,5,Human Resources,12,Travel_Rarely,5975,11,1,Yes,20,17,17,9,14,6,3,3,3,3,3,3,2,No,0,36-45,10+ yrs,5K-8K,2.75
11163,43,Male,Single,Research & Development,Research Scientist,1,3,Medical,4,Travel_Rarely,6061,21,3,Yes,23,13,11,0,12,8,1,4,3,2,4,3,4,No,0,36-45,10+ yrs,5K-8K,3.25
11353,47,Male,Single,Research & Development,Research Director,2,3,Life Sciences,1,Travel_Rarely,8753,11,1,No,28,7,4,7,7,2,2,3,3,3,4,3,3,No,0,46-55,7-10 yrs,8K-12K,3.25
10187,47,Male,Single,Sales,Sales Executive,1,2,Medical,7,Travel_Rarely,6427,20,0,Yes,26,19,16,3,19,9,3,3,4,2,1,3,3,No,0,46-55,10+ yrs,5K-8K,2.25
10978,31,Female,Married,Research & Development,Research Director,2,3,Life Sciences,1,Travel_Rarely,8143,15,1,Yes,10,9,7,4,9,2,6,3,1,4,3,3,3,No,0,26-35,7-10 yrs,8K-12K,3.25
11434,27,Female,Divorced,Research & Development,Healthcare Representative,2,4,Medical,1,Travel_Frequently,7408,20,1,No,8,3,3,2,3,1,4,3,3,2,4,3,2,No,0,26-35,2-3 yrs,5K-8K,2.75
10675,41,Male,Single,Research & Development,Research Director,5,5,Life Sciences,1,Non-Travel,15637,22,2,No,23,11,8,8,10,9,1,4,3,1,4,4,2,No,0,36-45,10+ yrs,12K+,2.75
10315,41,Female,Single,Research & Development,Laboratory Technician,2,5,Life Sciences,3,Travel_Rarely,8901,11,0,Yes,21,17,17,7,17,4,1,3,3,4,2,3,4,No,0,36-45,10+ yrs,8K-12K,3.25
11217,32,Female,Single,Research & Development,Manufacturing Director,3,4,Medical,1,Travel_Rarely,10298,13,1,No,11,1,0,1,0,2,1,3,3,4,2,3,3,No,0,26-35,0-1 yrs,8K-12K,3.0
11642,41,Male,Married,Sales,Sales Representative,2,4,Life Sciences,2,Non-Travel,8095,11,1,Yes,17,4,4,1,3,4,2,3,3,4,4,1,1,No,0,36-45,4-6 yrs,8K-12K,2.5
11647,26,Female,Single,Sales,Manager,1,4,Marketing,1,Travel_Rarely,4663,15,0,Yes,3,0,0,0,0,2,1,3,3,4,1,3,1,Yes,1,26-35,0-1 yrs,3K-5K,2.25
10134,49,Male,Married,Sales,Manager,3,2,Life Sciences,1,Travel_Frequently,13309,15,0,No,26,25,25,6,25,9,3,3,1,4,2,3,1,Yes,1,46-55,10+ yrs,12K+,2.5
10427,42,Female,Married,Research & Development,Laboratory Technician,1,3,Marketing,1,Travel_Rarely,7201,17,0,No,22,21,18,1,18,6,3,3,2,4,3,2,4,No,0,36-45,10+ yrs,5K-8K,3.25
11530,39,Male,Divorced,Research & Development,Laboratory Technician,3,4,Medical,2,Travel_Rarely,9424,14,0,No,15,11,9,3,9,2,4,4,3,4,1,1,2,No,0,36-45,10+ yrs,8K-12K,2.0
10780,45,Male,Single,Sales,Sales Executive,2,5,Medical,1,Travel_Rarely,9281,16,1,No,27,9,6,6,8,3,2,3,2,1,4,3,4,No,0,36-45,7-10 yrs,8K-12K,3.0
11423,42,Male,Married,Research & Development,Manager,2,3,Technical Degree,2,Travel_Rarely,7295,12,0,No,22,20,19,6,19,3,3,3,3,1,1,2,3,Yes,1,36-45,10+ yrs,5K-8K,1.75
10082,27,Male,Divorced,Research & Development,Laboratory Technician,1,2,Technical Degree,1,Travel_Frequently,5802,11,1,No,5,5,4,3,3,1,6,4,3,2,3,3,2,No,0,26-35,4-6 yrs,5K-8K,2.5
10834,37,Female,Married,Sales,Sales Representative,5,2,Life Sciences,1,Non-Travel,13587,17,1,Yes,13,4,2,1,1,5,6,3,3,4,4,3,1,No,0,36-45,4-6 yrs,12K+,3.0
10635,41,Female,Married,Research & Development,Healthcare Representative,3,2,Medical,1,Travel_Frequently,9868,23,0,No,21,6,6,0,5,8,4,3,1,2,4,2,4,No,0,36-45,4-6 yrs,8K-12K,3.0
11650,36,Female,Married,Research & Development,Manager,1,4,Technical Degree,5,Non-Travel,3851,24,1,Yes,17,8,6,8,7,7,4,3,2,3,2,3,4,Yes,1,36-45,7-10 yrs,3K-5K,3.0
11472,35,Female,Single,Research & Development,Manufacturing Director,2,3,Life Sciences,3,Travel_Rarely,9486,14,0,No,16,4,2,0,3,2,2,4,2,4,2,3,3,No,0,26-35,4-6 yrs,8K-12K,3.0
10423,47,Male,Married,Human Resources,Human Resources,4,3,Medical,2,Travel_Rarely,14173,16,0,No,26,5,3,3,3,5,5,3,3,3,1,3,3,No,0,46-55,4-6 yrs,12K+,2.5
11232,39,Female,Divorced,Sales,Sales Executive,1,4,Marketing,18,Travel_Rarely,6479,13,0,Yes,15,2,0,1,2,1,4,3,3,1,1,3,4,No,0,36-45,2-3 yrs,5K-8K,2.25
10871,26,Male,Divorced,Research & Development,Research Director,3,2,Marketing,11,Travel_Frequently,9178,22,0,Yes,5,5,5,4,4,5,3,3,2,4,1,3,4,No,0,26-35,4-6 yrs,8K-12K,3.0
11229,36,Female,Divorced,Research & Development,Research Director,2,3,Medical,4,Travel_Frequently,8673,11,2,No,18,18,17,6,17,0,4,3,1,3,3,3,4,No,0,36-45,10+ yrs,8K-12K,3.25
11206,26,Male,Married,Sales,Sales Representative,1,3,Life Sciences,10,Travel_Rarely,5253,17,1,Yes,4,0,0,2,0,8,0,4,4,4,3,3,4,No,0,26-35,0-1 yrs,5K-8K,3.5
10977,43,Male,Married,Sales,Sales Representative,2,3,Marketing,2,Travel_Rarely,8272,11,2,No,20,12,12,10,9,8,0,3,3,1,2,4,3,No,0,36-45,10+ yrs,8K-12K,2.5
10336,35,Female,Married,Sales,Manager,5,3,Life Sciences,3,Travel_Rarely,14828,18,0,No,17,9,6,1,8,4,0,3,2,2,4,3,3,Yes,1,26-35,7-10 yrs,12K+,3.0
11334,31,Female,Divorced,Research & Development,Research Scientist,5,5,Life Sciences,14,Travel_Rarely,13010,12,2,No,11,6,4,1,5,7,2,3,1,3,3,3,3,No,0,26-35,4-6 yrs,12K+,3.0
10444,32,Female,Single,Research & Development,Manufacturing Director,2,3,Medical,1,Travel_Rarely,7541,16,0,No,12,4,2,4,1,4,4,3,3,2,3,3,1,No,0,26-35,4-6 yrs,5K-8K,2.25
10539,24,Female,Married,Research & Development,Research Director,2,3,Medical,4,Non-Travel,6097,15,1,Yes,2,2,0,0,0,3,0,3,3,2,3,2,4,Yes,1,18-25,2-3 yrs,5K-8K,2.75
10376,27,Female,Divorced,Research & Development,Manager,4,3,Other,6,Travel_Rarely,10848,11,0,No,6,5,5,4,3,8,0,4,4,4,4,2,4,No,0,26-35,4-6 yrs,8K-12K,3.5
11396,42,Male,Married,Research & Development,Research Director,2,4,Medical,2,Travel_Rarely,7958,15,0,No,19,10,7,3,7,9,0,3,1,4,3,3,3,No,0,36-45,7-10 yrs,5K-8K,3.25
10362,40,Male,Divorced,Sales,Manager,1,3,Technical Degree,15,Travel_Rarely,6037,21,0,No,20,16,16,11,15,2,3,3,2,4,3,1,1,No,0,36-45,10+ yrs,5K-8K,2.25
11578,28,Female,Divorced,Sales,Sales Representative,1,4,Technical Degree,3,Travel_Frequently,4913,20,1,No,7,6,4,4,3,5,4,3,3,2,2,3,4,Yes,1,26-35,4-6 yrs,3K-5K,2.75
10665,23,Female,Married,Sales,Manager,1,3,Life Sciences,7,Travel_Frequently,5996,15,0,Yes,0,0,0,0,0,7,5,4,3,2,4,1,3,No,0,18-25,0-1 yrs,5K-8K,2.5
11124,27,Female,Divorced,Human Resources,Human Resources,3,4,Technical Degree,11,Travel_Rarely,8378,14,1,No,8,4,2,3,3,7,4,3,3,4,4,3,3,No,0,26-35,4-6 yrs,8K-12K,3.5
11098,42,Female,Single,Sales,Sales Representative,4,4,Life Sciences,15,Travel_Rarely,15892,11,2,No,19,0,0,0,0,2,4,3,4,4,2,4,2,No,0,36-45,0-1 yrs,12K+,3.0
10730,47,Female,Single,Research & Development,Manager,1,2,Technical Degree,4,Non-Travel,8055,21,0,Yes,25,21,19,13,18,1,5,4,1,3,2,4,3,No,0,46-55,10+ yrs,8K-12K,3.0
11386,35,Female,Married,Human Resources,Human Resources,1,3,Life Sciences,2,Travel_Rarely,6068,12,0,No,11,8,5,0,7,5,1,3,4,2,4,1,3,Yes,1,26-35,7-10 yrs,5K-8K,2.5
11379,38,Male,Single,Human Resources,Manager,2,4,Life Sciences,5,Travel_Frequently,8378,17,1,No,17,0,0,0,0,3,4,4,2,2,3,4,2,No,0,36-45,0-1 yrs,8K-12K,2.75
11571,38,Female,Married,Research & Development,Research Scientist,5,3,Medical,20,Travel_Frequently,15185,11,0,Yes,16,3,1,0,3,8,6,3,2,2,1,3,4,No,0,36-45,2-3 yrs,12K+,2.5
11058,40,Female,Divorced,Sales,Sales Executive,5,4,Medical,1,Travel_Rarely,15076,13,0,No,18,7,7,1,4,6,3,3,3,2,3,2,3,No,0,36-45,7-10 yrs,12K+,2.5
10532,50,Male,Divorced,Sales,Manager,4,4,Medical,17,Non-Travel,12204,17,1,No,28,27,25,13,27,7,5,3,4,2,1,2,3,No,0,46-55,10+ yrs,12K+,2.0
11263,60,Female,Single,Research & Development,Manufacturing Director,1,3,Technical Degree,13,Travel_Rarely,8042,12,2,No,39,3,2,3,1,4,5,4,3,3,4,3,4,No,0,56-65,2-3 yrs,8K-12K,3.5
10410,23,Female,Married,Research & Development,Healthcare Representative,1,5,Marketing,3,Travel_Frequently,4126,17,1,Yes,4,2,2,0,0,0,0,4,3,4,4,2,2,No,0,18-25,2-3 yrs,3K-5K,3.0
10013,60,Male,Single,Sales,Sales Executive,2,3,Medical,2,Travel_Rarely,10406,18,2,Yes,40,36,36,1,33,1,0,4,4,3,3,3,4,No,0,56-65,10+ yrs,8K-12K,3.25
10843,42,Male,Married,Research & Development,Laboratory Technician,3,2,Medical,5,Travel_Frequently,10640,19,1,Yes,20,15,15,14,13,6,1,3,4,3,1,3,2,No,0,36-45,10+ yrs,8K-12K,2.25
10405,35,Male,Single,Human Resources,Human Resources,5,2,Life Sciences,1,Travel_Frequently,14984,18,1,Yes,13,5,5,2,3,7,4,3,3,1,4,2,3,Yes,1,26-35,4-6 yrs,12K+,2.5
10794,36,Male,Divorced,Human Resources,HR Business Partner,4,4,Technical Degree,4,Travel_Rarely,12032,12,0,No,17,10,8,7,7,2,0,3,3,3,2,3,2,No,0,36-45,7-10 yrs,12K+,2.5
10074,40,Female,Married,Research & Development,Manufacturing Director,2,1,Life Sciences,3,Travel_Frequently,8378,18,0,No,17,8,8,4,7,8,6,3,3,2,4,3,4,No,0,36-45,7-10 yrs,8K-12K,3.25
10196,39,Female,Married,Research & Development,Research Scientist,4,5,Marketing,15,Non-Travel,11504,16,1,No,16,1,0,0,0,8,1,3,4,3,1,3,2,No,0,36-45,0-1 yrs,8K-12K,2.25
10400,46,Female,Married,Human Resources,Manager,2,5,Life Sciences,2,Travel_Rarely,7739,12,1,No,26,11,8,5,10,9,0,3,1,3,4,3,2,No,0,46-55,10+ yrs,5K-8K,3.0
11542,36,Male,Married,Sales,Manager,3,2,Medical,2,Travel_Rarely,10217,16,2,No,13,11,10,7,10,9,1,3,3,3,2,4,4,No,0,36-45,10+ yrs,8K-12K,3.25
11545,36,Male,Married,Sales,Sales Executive,3,3,Medical,6,Travel_Rarely,10616,11,1,Yes,16,0,0,0,0,8,6,3,3,2,3,2,3,No,0,36-45,0-1 yrs,8K-12K,2.5
10306,37,Male,Married,Research & Development,Manufacturing Director,1,3,Technical Degree,11,Travel_Rarely,5869,17,0,No,17,2,0,2,0,9,4,3,1,3,2,3,1,No,0,36-45,2-3 yrs,5K-8K,2.25
10629,41,Female,Married,Sales,Manager,1,3,Medical,4,Travel_Rarely,6371,15,0,No,19,4,1,4,1,0,6,3,3,2,4,2,4,No,0,36-45,4-6 yrs,5K-8K,3.0
11377,25,Female,Single,Research & Development,Laboratory Technician,1,3,Life Sciences,29,Travel_Rarely,4604,18,2,No,7,2,1,1,2,2,3,3,4,4,1,4,2,Yes,1,18-25,2-3 yrs,3K-5K,2.75
11554,32,Male,Married,Research & Development,Manager,2,4,Technical Degree,13,Travel_Rarely,8370,18,3,Yes,11,6,4,0,4,4,2,3,3,3,2,3,2,No,0,26-35,4-6 yrs,8K-12K,2.5
10590,37,Female,Married,Research & Development,Research Director,1,3,Marketing,1,Travel_Rarely,6332,11,0,No,19,7,4,7,7,3,6,3,3,1,3,4,2,No,0,36-45,7-10 yrs,5K-8K,2.5
10463,42,Male,Divorced,Research & Development,Laboratory Technician,2,3,Marketing,3,Travel_Frequently,10452,11,1,No,24,17,14,10,17,4,3,3,2,1,1,3,4,Yes,1,36-45,10+ yrs,8K-12K,2.25
10528,32,Male,Married,Sales,Manager,1,4,Life Sciences,5,Travel_Frequently,6932,15,0,No,12,3,1,2,0,5,5,3,1,2,2,3,1,No,0,26-35,2-3 yrs,5K-8K,2.0
10216,46,Female,Divorced,Human Resources,HR Business Partner,2,3,Life Sciences,1,Travel_Rarely,9217,12,0,Yes,26,18,16,15,16,5,0,3,4,3,3,3,2,No,0,46-55,10+ yrs,8K-12K,2.75
11054,36,Female,Married,Research & Development,Laboratory Technician,1,2,Life Sciences,14,Travel_Rarely,4537,16,0,No,18,11,11,5,8,1,1,4,1,4,3,2,2,No,0,36-45,10+ yrs,3K-5K,2.75
10164,42,Female,Married,Human Resources,Manager,2,3,Medical,4,Travel_Rarely,8300,13,1,No,20,14,11,0,11,7,3,3,4,3,4,3,2,No,0,36-45,10+ yrs,8K-12K,3.0
10599,32,Female,Divorced,Human Resources,HR Business Partner,4,1,Life Sciences,10,Travel_Frequently,12630,15,0,Yes,14,5,5,0,2,5,2,3,3,2,3,3,4,No,0,26-35,4-6 yrs,12K+,3.0
11171,47,Male,Single,Sales,Sales Representative,3,3,Medical,19,Travel_Rarely,10849,15,2,No,24,11,9,5,9,0,4,3,3,3,1,4,3,No,0,46-55,10+ yrs,8K-12K,2.75
10048,34,Male,Single,Research & Development,Healthcare Representative,2,5,Life Sciences,1,Travel_Rarely,7807,15,1,Yes,10,10,9,10,8,0,6,3,2,4,1,3,3,No,0,26-35,7-10 yrs,5K-8K,2.75
10747,34,Female,Single,Sales,Sales Representative,2,5,Life Sciences,1,Travel_Rarely,8268,15,0,No,15,2,0,0,2,7,3,3,3,1,1,4,4,No,0,26-35,2-3 yrs,8K-12K,2.5
10099,36,Male,Married,Human Resources,HR Business Partner,2,3,Medical,1,Travel_Rarely,8624,14,0,No,15,4,2,3,1,6,6,3,2,1,4,3,4,Yes,1,36-45,4-6 yrs,8K-12K,3.0
11113,42,Female,Single,Sales,Sales Representative,1,4,Medical,1,Travel_Frequently,5580,13,0,No,21,12,12,10,9,1,0,3,2,3,4,4,2,No,0,36-45,10+ yrs,5K-8K,3.25
10547,39,Male,Married,Research & Development,Laboratory Technician,1,2,Medical,1,Travel_Rarely,5476,11,0,No,16,14,13,9,14,4,6,3,3,4,2,2,3,No,0,36-45,10+ yrs,5K-8K,2.75
11216,41,Female,Divorced,Sales,Sales Executive,3,3,Human Resources,7,Travel_Rarely,11681,14,1,No,19,0,0,0,0,0,2,3,3,3,1,3,4,No,0,36-45,0-1 yrs,8K-12K,2.75
10063,37,Male,Married,Human Resources,Manager,3,3,Life Sciences,14,Travel_Rarely,9237,11,0,No,14,2,1,2,2,7,5,3,3,3,3,3,4,No,0,36-45,2-3 yrs,8K-12K,3.25
10479,34,Female,Single,Sales,Sales Executive,4,4,Technical Degree,20,Travel_Rarely,13944,15,1,No,11,6,4,1,4,9,3,3,1,3,3,3,3,No,0,26-35,4-6 yrs,12K+,3.0
10281,27,Female,Married,Human Resources,Manager,1,4,Life Sciences,4,Travel_Rarely,5327,11,1,No,9,9,6,8,8,5,4,4,2,2,2,2,2,Yes,1,26-35,7-10 yrs,5K-8K,2.0
11607,30,Male,Married,Research & Development,Laboratory Technician,4,3,Medical,13,Non-Travel,12339,12,0,No,10,9,7,8,7,7,4,3,2,3,2,3,4,Yes,1,26-35,7-10 yrs,12K+,3.0
11014,43,Male,Single,Sales,Sales Representative,1,3,Medical,29,Travel_Rarely,6430,14,1,No,25,24,22,12,21,3,4,4,3,3,3,3,1,No,0,36-45,10+ yrs,5K-8K,2.5
10573,40,Male,Single,Sales,Manager,4,2,Technical Degree,8,Travel_Rarely,13727,17,2,Yes,22,9,9,2,9,9,6,3,3,3,2,3,1,No,0,36-45,7-10 yrs,12K+,2.25
10903,26,Female,Single,Human Resources,Manager,1,4,Marketing,3,Travel_Rarely,5530,13,1,Yes,2,0,0,0,0,2,4,3,3,1,2,2,4,Yes,1,26-35,0-1 yrs,5K-8K,2.25
10497,41,Female,Married,Sales,Sales Representative,2,3,Medical,3,Travel_Rarely,7863,11,3,No,21,19,18,8,17,6,1,3,3,4,3,3,4,No,0,36-45,10+ yrs,5K-8K,3.5
10312,35,Female,Single,Research & Development,Research Director,4,3,Marketing,1,Travel_Frequently,13290,14,0,Yes,16,0,0,0,0,4,4,4,3,2,4,3,2,Yes,1,26-35,0-1 yrs,12K+,2.75
10132,34,Female,Married,Research & Development,Research Scientist,1,3,Marketing,3,Travel_Rarely,7401,12,0,Yes,15,1,1,1,0,7,5,3,4,4,4,4,4,Yes,1,26-35,0-1 yrs,5K-8K,4.0
10252,31,Male,Divorced,Research & Development,Research Scientist,4,1,Life Sciences,7,Travel_Rarely,10636,25,0,No,8,5,3,0,3,5,2,3,2,2,3,3,4,No,0,26-35,4-6 yrs,8K-12K,3.0
11433,43,Male,Single,Human Resources,Human Resources,3,3,Life Sciences,1,Travel_Rarely,11771,16,0,Yes,21,9,9,8,6,2,6,3,3,3,3,3,4,No,0,36-45,7-10 yrs,8K-12K,3.25
10495,22,Female,Married,Sales,Sales Executive,1,2,Marketing,1,Travel_Frequently,3930,13,1,No,3,2,2,0,0,2,1,3,2,2,2,3,2,No,0,18-25,2-3 yrs,3K-5K,2.25
10988,35,Female,Married,Research & Development,Research Director,4,3,Technical Degree,5,Travel_Frequently,13545,17,1,No,16,16,13,13,16,4,0,3,2,4,4,3,1,No,0,26-35,10+ yrs,12K+,3.0
10864,41,Female,Married,Research & Development,Research Director,1,4,Marketing,2,Travel_Rarely,7601,12,3,Yes,21,1,0,1,0,8,6,3,3,4,4,3,2,No,0,36-45,0-1 yrs,5K-8K,3.25
10773,25,Female,Married,Research & Development,Laboratory Technician,1,2,Life Sciences,1,Travel_Frequently,4764,18,1,No,7,5,5,4,4,9,2,3,2,1,4,3,4,No,0,18-25,4-6 yrs,3K-5K,3.0
11075,46,Female,Married,Research & Development,Research Director,4,3,Life Sciences,1,Travel_Rarely,13992,15,3,No,24,19,17,14,19,0,4,3,2,1,1,1,3,Yes,1,46-55,10+ yrs,12K+,1.5
10626,31,Male,Single,Sales,Sales Representative,1,4,Human Resources,16,Travel_Rarely,4457,16,2,No,8,7,4,2,5,2,1,4,3,3,1,2,1,No,0,26-35,7-10 yrs,3K-5K,1.75
10803,44,Male,Divorced,Sales,Sales Representative,1,2,Human Resources,17,Travel_Rarely,6132,14,0,No,22,5,5,3,3,0,0,3,3,1,3,1,1,No,0,36-45,4-6 yrs,5K-8K,1.5
10360,35,Male,Single,Research & Development,Manager,1,4,Human Resources,7,Non-Travel,5899,15,0,No,15,0,0,0,0,4,6,3,3,4,1,2,4,Yes,1,26-35,0-1 yrs,5K-8K,2.75
11470,31,Male,Married,Sales,Sales Representative,5,4,Technical Degree,6,Non-Travel,14723,14,0,Yes,12,7,4,0,6,1,4,4,1,3,4,3,1,No,0,26-35,7-10 yrs,12K+,2.75
10703,57,Male,Single,Sales,Manager,2,3,Technical Degree,1,Travel_Rarely,11170,11,1,Yes,35,4,1,1,2,1,6,3,3,3,3,4,1,Yes,1,56-65,4-6 yrs,8K-12K,2.75
10662,36,Male,Married,Research & Development,Research Director,2,5,Medical,1,Non-Travel,7940,18,1,No,23,19,16,3,18,5,6,3,3,3,3,3,4,Yes,1,36-45,10+ yrs,5K-8K,3.25
11310,37,Male,Single,Research & Development,Manufacturing Director,1,4,Life Sciences,4,Travel_Rarely,5775,16,0,Yes,18,8,5,6,5,5,0,3,3,2,3,2,4,Yes,1,36-45,7-10 yrs,5K-8K,2.75
10240,44,Male,Married,Sales,Manager,3,3,Life Sciences,3,Travel_Frequently,10321,12,1,No,21,3,1,3,3,8,4,3,3,1,3,2,1,No,0,36-45,2-3 yrs,8K-12K,1.75
10861,50,Female,Married,Human Resources,HR Business Partner,4,5,Life Sciences,4,Travel_Rarely,15742,21,0,No,27,24,22,13,23,7,3,3,3,3,3,3,3,No,0,46-55,10+ yrs,12K+,3.0
11360,34,Male,Married,Sales,Manager,3,4,Medical,2,Travel_Rarely,9385,11,0,Yes,14,14,13,12,13,3,5,3,3,3,3,4,1,Yes,1,26-35,10+ yrs,8K-12K,2.75
10633,33,Male,Single,Research & Development,Research Scientist,2,3,Marketing,4,Travel_Rarely,8739,15,0,Yes,10,6,6,2,4,1,2,3,1,3,2,3,4,No,0,26-35,4-6 yrs,8K-12K,3.0
11181,31,Female,Married,Research & Development,Research Scientist,4,4,Technical Degree,3,Travel_Rarely,11978,25,1,No,7,6,3,4,6,4,6,3,3,2,2,2,4,No,0,26-35,4-6 yrs,8K-12K,2.5
11125,36,Male,Married,Sales,Manager,3,3,Human Resources,2,Travel_Frequently,9901,22,1,Yes,12,9,9,9,9,5,6,3,3,2,2,3,3,No,0,36-45,7-10 yrs,8K-12K,2.5
10603,30,Male,Divorced,Research & Development,Laboratory Technician,3,4,Medical,4,Travel_Rarely,11778,16,0,No,9,5,4,2,4,2,6,3,3,4,4,3,3,No,0,26-35,4-6 yrs,8K-12K,3.5
11210,33,Male,Married,Research & Development,Research Director,2,3,Life Sciences,1,Travel_Rarely,7413,12,1,No,15,7,4,7,5,2,0,3,4,4,3,2,3,No,0,26-35,7-10 yrs,5K-8K,3.0
11179,27,Male,Married,Sales,Sales Representative,2,3,Life Sciences,7,Travel_Rarely,8378,11,0,No,3,3,3,1,0,2,5,4,2,2,4,3,4,No,0,26-35,2-3 yrs,8K-12K,3.25
10548,47,Female,Divorced,Research & Development,Research Director,1,2,Life Sciences,17,Travel_Rarely,7451,13,2,Yes,28,2,0,2,2,5,1,3,4,2,3,2,1,Yes,1,46-55,2-3 yrs,5K-8K,2.0
10920,20,Female,Married,Research & Development,Research Scientist,2,3,Technical Degree,15,Non-Travel,6671,11,1,Yes,0,0,0,0,0,0,2,3,1,3,3,3,4,Yes,1,18-25,0-1 yrs,5K-8K,3.25
10028,27,Female,Divorced,Sales,Sales Representative,3,4,Technical Degree,4,Travel_Frequently,7378,16,2,Yes,5,2,2,2,2,1,4,3,1,3,4,3,2,No,0,26-35,2-3 yrs,5K-8K,3.0
10992,35,Male,Divorced,Sales,Sales Representative,5,2,Medical,9,Travel_Rarely,13966,18,1,No,15,2,1,1,2,5,1,4,3,1,4,2,3,No,0,26-35,2-3 yrs,12K+,2.5
10734,48,Female,Married,Research & Development,Manufacturing Director,1,2,Marketing,4,Travel_Rarely,5780,18,1,No,27,5,5,1,3,4,0,3,2,2,4,3,4,No,0,46-55,4-6 yrs,5K-8K,3.25
11359,38,Female,Married,Human Resources,Human Resources,4,2,Medical,19,Non-Travel,12483,23,1,No,18,10,9,9,9,9,6,3,4,2,3,2,3,Yes,1,36-45,7-10 yrs,12K+,2.5
10944,30,Male,Divorced,Research & Development,Research Scientist,5,4,Human Resources,8,Travel_Rarely,13682,15,0,No,6,4,4,4,3,0,5,3,3,4,3,3,2,Yes,1,26-35,4-6 yrs,12K+,3.0
10488,42,Male,Single,Research & Development,Research Director,1,3,Life Sciences,6,Travel_Rarely,6175,16,1,No,22,9,6,2,8,4,4,3,1,4,1,2,1,Yes,1,36-45,7-10 yrs,5K-8K,2.0
10922,28,Male,Single,Sales,Manager,1,4,Medical,1,Travel_Rarely,4772,20,2,No,10,3,0,0,3,4,2,3,3,1,2,3,4,No,0,26-35,2-3 yrs,3K-5K,2.5
11352,46,Male,Married,Research & Development,Healthcare Representative,4,3,Marketing,22,Travel_Rarely,13371,18,0,No,23,8,7,6,8,8,4,3,3,4,3,2,2,No,0,46-55,7-10 yrs,12K+,2.75
11158,31,Female,Married,Research & Development,Laboratory Technician,1,3,Life Sciences,17,Travel_Frequently,6239,11,1,No,12,8,7,5,5,7,3,3,3,2,2,4,1,No,0,26-35,7-10 yrs,5K-8K,2.25
11037,39,Female,Divorced,Sales,Manager,5,3,Life Sciences,2,Travel_Rarely,14527,14,2,No,15,9,6,9,7,1,6,3,2,1,4,4,3,No,0,36-45,7-10 yrs,12K+,3.0
10496,19,Male,Married,Sales,Sales Representative,1,3,Marketing,4,Travel_Rarely,5523,12,1,No,0,0,0,0,0,4,5,4,3,1,3,3,3,No,0,18-25,0-1 yrs,5K-8K,2.5
10724,27,Female,Married,Sales,Sales Executive,1,2,Medical,1,Travel_Rarely,5362,14,1,No,4,0,0,0,0,5,2,3,1,1,3,3,4,No,0,26-35,0-1 yrs,5K-8K,2.75
10091,41,Male,Single,Research & Development,Manufacturing Director,1,3,Life Sciences,3,Travel_Rarely,7019,11,0,No,18,0,0,0,0,2,1,3,1,1,2,3,4,No,0,36-45,0-1 yrs,5K-8K,2.5
10969,23,Male,Married,Research & Development,Research Scientist,3,3,Technical Degree,15,Travel_Rarely,9076,18,0,No,2,0,0,0,0,8,0,4,3,3,2,2,2,No,0,18-25,0-1 yrs,8K-12K,2.25
10263,37,Male,Married,Research & Development,Healthcare Representative,2,5,Life Sciences,6,Travel_Rarely,9977,11,0,No,18,16,13,10,14,6,5,3,3,3,3,4,4,No,0,36-45,10+ yrs,8K-12K,3.5
11055,32,Male,Single,Human Resources,Human Resources,5,1,Technical Degree,5,Travel_Frequently,15272,11,1,No,12,7,7,2,6,5,6,3,2,1,2,3,4,No,0,26-35,7-10 yrs,12K+,2.5
10814,33,Male,Single,Research & Development,Healthcare Representative,1,3,Life Sciences,14,Travel_Rarely,7463,16,0,Yes,11,9,9,1,6,3,0,3,3,4,3,2,4,No,0,26-35,7-10 yrs,5K-8K,3.25
10149,32,Female,Married,Research & Development,Research Director,4,5,Medical,17,Travel_Rarely,12123,14,1,Yes,8,5,3,4,5,7,1,4,3,1,4,3,4,No,0,26-35,4-6 yrs,12K+,3.0
11190,30,Male,Married,Sales,Sales Executive,1,4,Marketing,23,Travel_Rarely,4675,22,0,No,7,3,2,1,0,8,3,3,2,2,2,4,2,Yes,1,26-35,2-3 yrs,3K-5K,2.5
10391,24,Male,Single,Research & Development,Research Scientist,1,3,Marketing,2,Travel_Frequently,5260,11,0,No,3,1,1,0,0,4,0,3,3,4,1,3,1,No,0,18-25,0-1 yrs,5K-8K,2.25
10079,22,Female,Married,Sales,Sales Representative,2,3,Technical Degree,1,Travel_Rarely,8124,13,1,No,4,4,4,0,1,9,1,3,3,2,4,3,4,No,0,18-25,4-6 yrs,8K-12K,3.25
11637,51,Female,Married,Sales,Sales Representative,5,2,Medical,7,Non-Travel,16342,13,0,No,31,9,7,8,7,3,5,3,2,3,2,1,3,No,0,46-55,7-10 yrs,12K+,2.25
11581,39,Female,Single,Sales,Sales Representative,3,3,Marketing,2,Travel_Rarely,11230,17,0,Yes,20,1,0,0,0,6,5,3,4,3,3,3,4,No,0,36-45,0-1 yrs,8K-12K,3.25
11292,33,Female,Divorced,Human Resources,Human Resources,2,4,Medical,22,Travel_Rarely,8301,12,1,No,10,10,10,9,7,3,2,3,2,3,3,3,3,No,0,26-35,7-10 yrs,8K-12K,3.0
10036,35,Female,Divorced,Research & Development,Manager,2,3,Life Sciences,1,Travel_Rarely,7774,11,1,No,16,9,7,3,6,6,3,3,3,1,4,3,3,No,0,26-35,7-10 yrs,5K-8K,2.75
11629,36,Male,Married,Research & Development,Manufacturing Director,2,3,Medical,7,Travel_Frequently,9113,11,0,No,13,2,0,2,2,0,0,3,3,3,4,4,4,Yes,1,36-45,2-3 yrs,8K-12K,3.75
11305,49,Male,Divorced,Human Resources,HR Business Partner,2,4,Life Sciences,9,Travel_Rarely,11840,16,1,No,31,25,22,5,25,5,6,3,3,1,3,1,3,No,0,46-55,10+ yrs,8K-12K,2.0
11239,45,Female,Divorced,Sales,Sales Representative,3,2,Medical,4,Travel_Rarely,11260,16,1,Yes,25,3,2,2,2,5,2,3,2,4,3,4,1,No,0,36-45,2-3 yrs,8K-12K,3.0
10846,26,Male,Married,Research & Development,Manager,1,3,Medical,8,Travel_Rarely,5769,13,1,Yes,2,0,0,0,0,7,5,3,2,1,3,3,1,No,0,26-35,0-1 yrs,5K-8K,2.0
10324,31,Female,Single,Human Resources,HR Business Partner,2,3,Human Resources,13,Travel_Rarely,8333,11,1,No,11,7,7,7,7,9,0,3,1,2,4,3,4,No,0,26-35,7-10 yrs,8K-12K,3.25
10802,26,Male,Married,Research & Development,Manager,2,1,Medical,6,Non-Travel,5570,19,2,No,5,0,0,0,0,3,2,3,2,3,3,3,4,No,0,26-35,0-1 yrs,5K-8K,3.25
10007,40,Male,Single,Research & Development,Research Director,2,3,Medical,6,Travel_Rarely,7980,11,0,No,17,7,6,0,6,8,0,3,2,3,4,3,1,No,0,36-45,7-10 yrs,5K-8K,2.75
11033,20,Female,Divorced,Sales,Sales Executive,2,1,Technical Degree,7,Non-Travel,8069,11,1,No,0,0,0,0,0,3,2,4,2,1,3,3,4,No,0,18-25,0-1 yrs,8K-12K,2.75
10453,24,Female,Married,Sales,Sales Executive,2,4,Medical,1,Travel_Rarely,7719,22,0,No,0,0,0,0,0,6,4,3,2,4,3,3,1,No,0,18-25,0-1 yrs,5K-8K,2.75
10639,39,Male,Single,Research & Development,Research Scientist,1,3,Life Sciences,6,Travel_Frequently,5893,16,1,Yes,15,13,13,1,12,6,5,4,3,3,1,3,4,No,0,36-45,10+ yrs,5K-8K,2.75
11450,44,Female,Divorced,Human Resources,Human Resources,2,4,Life Sciences,5,Travel_Rarely,8905,12,3,Yes,21,14,11,1,11,9,2,3,3,3,3,3,3,No,0,36-45,10+ yrs,8K-12K,3.0
10217,20,Female,Single,Research & Development,Manager,3,2,Medical,2,Non-Travel,7827,12,0,No,0,0,0,0,0,5,3,3,3,4,2,3,4,No,0,18-25,0-1 yrs,5K-8K,3.25
11028,52,Female,Married,Research & Development,Research Scientist,2,2,Medical,3,Travel_Rarely,9218,11,0,No,29,9,9,2,7,4,2,3,2,4,2,3,4,No,0,46-55,7-10 yrs,8K-12K,3.25
10396,21,Female,Married,Human Resources,Manager,2,3,Life Sciences,1,Travel_Rarely,6369,12,2,No,0,0,0,0,0,0,6,3,3,1,4,3,1,No,0,18-25,0-1 yrs,5K-8K,2.25
10971,42,Male,Single,Research & Development,Research Scientist,5,3,Human Resources,4,Travel_Rarely,16528,16,1,No,23,21,21,4,20,4,1,4,3,1,3,3,3,No,0,36-45,10+ yrs,12K+,2.5
10504,48,Male,Single,Human Resources,Human Resources,2,4,Marketing,1,Travel_Rarely,10479,12,1,No,27,1,0,0,0,2,5,3,2,2,1,2,2,No,0,46-55,0-1 yrs,8K-12K,1.75
10384,22,Female,Single,Human Resources,HR Business Partner,3,2,Medical,1,Travel_Rarely,9415,18,0,No,0,0,0,0,0,5,6,4,2,4,4,3,2,No,0,18-25,0-1 yrs,8K-12K,3.25
10311,42,Female,Married,Human Resources,Manager,4,3,Life Sciences,2,Travel_Rarely,12316,15,0,No,19,2,0,1,0,9,4,3,3,4,3,3,3,No,0,36-45,2-3 yrs,12K+,3.25
10641,27,Male,Divorced,Research & Development,Manufacturing Director,1,3,Medical,1,Travel_Rarely,6219,18,2,No,9,2,0,2,0,4,5,4,4,4,4,4,1,No,0,26-35,2-3 yrs,5K-8K,3.25
10521,32,Male,Married,Sales,Sales Representative,3,5,Marketing,4,Travel_Rarely,10552,14,0,No,12,0,0,0,0,0,3,3,3,4,1,2,4,No,0,26-35,0-1 yrs,8K-12K,2.75
11420,46,Male,Married,Sales,Manager,1,2,Medical,1,Travel_Rarely,8378,12,1,No,23,18,18,13,15,4,0,4,4,3,1,2,3,Yes,1,46-55,10+ yrs,8K-12K,2.25
11316,44,Male,Divorced,Research & Development,Laboratory Technician,1,4,Human Resources,18,Travel_Rarely,6105,18,1,No,25,4,1,1,2,4,5,3,4,4,2,3,4,No,0,36-45,4-6 yrs,5K-8K,3.25
10206,46,Female,Married,Sales,Sales Executive,3,3,Medical,4,Travel_Rarely,11027,16,0,No,25,9,7,9,8,2,2,4,3,2,3,3,2,Yes,1,46-55,7-10 yrs,8K-12K,2.5
11442,50,Female,Married,Sales,Manager,2,2,Life Sciences,8,Non-Travel,11060,12,0,No,30,4,3,2,4,2,3,3,2,3,3,3,3,No,0,46-55,4-6 yrs,8K-12K,3.0
11244,43,Female,Divorced,Research & Development,Healthcare Representative,3,2,Technical Degree,1,Travel_Rarely,11348,12,0,No,23,19,16,3,19,2,6,4,2,2,4,3,3,No,0,36-45,10+ yrs,8K-12K,3.0
11269,44,Female,Married,Research & Development,Manager,1,3,Medical,11,Travel_Rarely,7293,20,0,No,25,13,12,9,10,3,4,3,3,2,4,3,1,No,0,36-45,10+ yrs,5K-8K,2.5
10608,44,Female,Divorced,Research & Development,Research Scientist,2,4,Marketing,21,Travel_Rarely,10489,16,2,No,26,5,3,4,2,9,5,3,3,1,3,3,3,No,0,36-45,4-6 yrs,8K-12K,2.5
11376,40,Male,Divorced,Research & Development,Manufacturing Director,1,2,Life Sciences,6,Travel_Rarely,7012,17,3,Yes,22,2,0,1,0,1,3,3,2,1,3,3,3,No,0,36-45,2-3 yrs,5K-8K,2.5
11205,33,Female,Married,Research & Development,Healthcare Representative,1,3,Human Resources,14,Travel_Rarely,6139,14,3,No,10,3,3,0,0,5,3,3,2,4,2,3,4,No,0,26-35,2-3 yrs,5K-8K,3.25
10575,38,Male,Single,Research & Development,Research Scientist,4,3,Other,6,Travel_Rarely,12656,11,1,Yes,14,6,5,4,4,4,2,3,2,3,2,2,3,No,0,36-45,4-6 yrs,12K+,2.5
11620,46,Male,Married,Research & Development,Healthcare Representative,3,2,Life Sciences,8,Travel_Rarely,10087,11,1,Yes,25,4,1,0,1,4,2,3,3,3,1,3,3,No,0,46-55,4-6 yrs,8K-12K,2.5
10316,29,Female,Married,Sales,Manager,1,1,Other,19,Travel_Rarely,3132,21,1,No,6,5,4,4,3,0,1,4,3,1,1,2,2,No,0,26-35,4-6 yrs,3K-5K,1.5
11172,39,Female,Married,Sales,Sales Representative,1,5,Technical Degree,2,Travel_Rarely,6975,12,1,No,17,17,16,10,14,8,5,4,3,1,4,2,3,Yes,1,36-45,10+ yrs,5K-8K,2.5
11467,35,Male,Single,Sales,Sales Executive,2,1,Life Sciences,2,Travel_Rarely,7550,11,3,No,15,1,0,0,0,6,0,3,2,1,4,4,3,Yes,1,26-35,0-1 yrs,5K-8K,3.0
11274,34,Male,Single,Sales,Manager,2,3,Medical,15,Travel_Rarely,7340,11,2,No,11,3,3,1,1,2,3,3,3,3,4,3,1,No,0,26-35,2-3 yrs,5K-8K,2.75
11283,37,Male,Married,Sales,Sales Executive,1,3,Marketing,3,Travel_Rarely,6081,19,1,No,13,5,3,4,3,9,2,3,3,4,3,4,4,No,0,36-45,4-6 yrs,5K-8K,3.75
10949,34,Female,Married,Research & Development,Laboratory Technician,1,3,Medical,2,Travel_Rarely,6265,21,1,Yes,13,2,2,1,0,3,0,3,3,4,4,2,2,Yes,1,26-35,2-3 yrs,5K-8K,3.0
10913,20,Male,Divorced,Sales,Sales Representative,4,3,Life Sciences,10,Travel_Rarely,12047,17,1,Yes,2,1,1,0,0,7,5,3,3,4,4,3,4,Yes,1,18-25,0-1 yrs,12K+,3.75
11204,35,Female,Married,Research & Development,Laboratory Technician,5,4,Medical,15,Travel_Rarely,14869,17,0,Yes,12,1,0,1,0,4,0,3,3,3,3,4,1,No,0,26-35,0-1 yrs,12K+,2.75
10958,32,Female,Married,Research & Development,Manager,2,3,Marketing,2,Travel_Rarely,8408,16,0,No,9,8,8,2,8,6,5,3,3,4,3,4,3,No,0,26-35,7-10 yrs,8K-12K,3.5
11024,45,Female,Married,Sales,Sales Representative,5,2,Other,1,Travel_Frequently,16336,14,1,No,26,7,7,2,7,1,0,3,2,2,4,3,3,Yes,1,36-45,7-10 yrs,12K+,3.0
11335,38,Female,Divorced,Sales,Manager,1,4,Life Sciences,21,Travel_Rarely,6250,15,0,Yes,14,10,9,10,10,3,3,3,3,1,3,4,4,Yes,1,36-45,7-10 yrs,5K-8K,3.0
10189,36,Female,Married,Sales,Sales Representative,2,3,Life Sciences,6,Travel_Rarely,9169,19,0,Yes,15,4,3,2,4,5,0,4,3,2,3,3,4,Yes,1,36-45,4-6 yrs,8K-12K,3.0
10190,37,Male,Married,Sales,Sales Executive,2,5,Life Sciences,2,Non-Travel,8193,14,1,No,18,10,8,0,10,8,3,3,2,3,1,3,3,No,0,36-45,7-10 yrs,8K-12K,2.5
10655,28,Female,Divorced,Sales,Manager,1,4,Life Sciences,1,Travel_Rarely,5498,11,2,No,8,4,1,4,3,1,1,3,2,2,3,2,3,No,0,26-35,4-6 yrs,5K-8K,2.5
10243,31,Male,Married,Sales,Manager,4,4,Human Resources,1,Travel_Rarely,10972,17,2,Yes,12,9,9,2,9,1,4,3,1,4,3,3,4,Yes,1,26-35,7-10 yrs,8K-12K,3.5
11487,45,Male,Married,Research & Development,Research Director,1,4,Medical,29,Travel_Rarely,8570,12,1,No,27,12,9,8,9,4,2,3,3,2,4,4,2,No,0,36-45,10+ yrs,8K-12K,3.0
10499,43,Female,Married,Research & Development,Manager,1,4,Technical Degree,4,Travel_Frequently,7315,18,1,Yes,22,22,20,0,22,7,2,3,3,1,1,3,4,Yes,1,36-45,10+ yrs,5K-8K,2.25
10042,51,Male,Single,Human Resources,Human Resources,1,2,Medical,3,Travel_Rarely,7919,13,1,No,31,3,3,3,3,3,6,3,4,4,4,3,1,No,0,46-55,2-3 yrs,5K-8K,3.0
10923,18,Female,Divorced,Research & Development,Healthcare Representative,1,3,Technical Degree,1,Travel_Frequently,4901,11,2,No,0,0,0,0,0,6,1,3,4,3,4,4,3,No,0,18-25,0-1 yrs,3K-5K,3.5
10100,18,Male,Married,Sales,Sales Executive,2,2,Life Sciences,9,Travel_Rarely,6516,17,1,No,0,0,0,0,0,8,2,3,3,1,1,2,4,No,0,18-25,0-1 yrs,5K-8K,2.0
11457,35,Male,Single,Research & Development,Laboratory Technician,2,2,Human Resources,16,Travel_Rarely,8004,17,1,Yes,14,7,4,2,5,9,2,3,3,3,4,3,2,No,0,26-35,7-10 yrs,8K-12K,3.0
11277,39,Female,Married,Sales,Sales Representative,1,2,Life Sciences,8,Travel_Rarely,6769,23,1,No,20,20,19,7,18,3,3,4,2,2,3,4,1,Yes,1,36-45,10+ yrs,5K-8K,2.5
10686,48,Male,Single,Research & Development,Healthcare Representative,3,3,Marketing,1,Travel_Rarely,11940,13,1,No,26,23,21,14,21,8,1,3,2,4,4,3,2,Yes,1,46-55,10+ yrs,8K-12K,3.25
10485,35,Female,Single,Research & Development,Manufacturing Director,1,2,Medical,17,Travel_Rarely,5016,15,1,No,12,10,10,1,7,1,2,3,3,3,2,2,1,Yes,1,26-35,7-10 yrs,5K-8K,2.0
11591,36,Male,Married,Research & Development,Manufacturing Director,2,4,Marketing,7,Travel_Rarely,8052,22,3,No,12,4,4,2,2,2,3,3,4,1,4,3,2,No,0,36-45,4-6 yrs,8K-12K,2.5
10251,47,Male,Single,Sales,Sales Executive,1,2,Marketing,1,Travel_Frequently,7329,16,0,Yes,26,21,19,15,20,4,2,3,4,3,3,3,1,Yes,1,46-55,10+ yrs,5K-8K,2.5
10437,21,Male,Married,Sales,Manager,5,4,Life Sciences,1,Travel_Rarely,12337,14,1,No,3,3,3,3,1,9,6,3,3,4,4,4,1,No,0,18-25,2-3 yrs,12K+,3.25
10077,30,Female,Single,Research & Development,Healthcare Representative,4,4,Life Sciences,24,Travel_Rarely,11433,24,1,No,12,1,0,1,0,2,2,3,2,3,3,3,1,No,0,26-35,0-1 yrs,8K-12K,2.5
10765,34,Female,Married,Research & Development,Laboratory Technician,2,4,Medical,2,Travel_Frequently,7203,12,0,No,15,4,3,0,4,8,1,4,3,4,4,2,4,No,0,26-35,4-6 yrs,5K-8K,3.5
10517,44,Female,Single,Research & Development,Laboratory Technician,1,5,Technical Degree,3,Travel_Rarely,6684,11,0,No,20,13,10,0,11,0,1,3,3,4,4,3,2,No,0,36-45,10+ yrs,5K-8K,3.25
10775,30,Male,Divorced,Research & Development,Research Scientist,1,4,Life Sciences,4,Travel_Rarely,5710,17,2,No,6,0,0,0,0,9,2,3,2,4,2,2,4,No,0,26-35,0-1 yrs,5K-8K,3.0
11079,20,Male,Divorced,Human Resources,Human Resources,1,4,Life Sciences,5,Non-Travel,6168,13,1,Yes,1,1,0,0,0,0,5,4,3,4,2,2,4,Yes,1,18-25,0-1 yrs,5K-8K,3.0
10661,50,Male,Single,Human Resources,Human Resources,1,3,Medical,2,Travel_Rarely,8296,17,1,No,31,17,15,10,16,0,0,3,3,2,4,4,1,No,0,46-55,10+ yrs,8K-12K,2.75
10440,52,Male,Divorced,Human Resources,Human Resources,3,3,Medical,2,Non-Travel,11780,11,0,Yes,29,22,20,13,22,8,4,3,3,4,2,3,3,Yes,1,46-55,10+ yrs,8K-12K,3.0
10420,24,Female,Married,Sales,Manager,1,3,Technical Degree,1,Travel_Rarely,4085,22,0,Yes,1,0,0,0,0,6,2,3,3,3,3,2,3,No,0,18-25,0-1 yrs,3K-5K,2.75
11168,18,Male,Single,Research & Development,Laboratory Technician,3,3,Life Sciences,22,Non-Travel,7582,16,1,No,0,0,0,0,0,4,4,3,2,3,3,2,3,Yes,1,18-25,0-1 yrs,5K-8K,2.75
11011,53,Female,Married,Sales,Manager,1,3,Life Sciences,8,Travel_Rarely,8206,11,0,No,35,2,1,0,2,6,6,3,4,3,1,2,4,No,0,46-55,2-3 yrs,8K-12K,2.5
11384,49,Male,Divorced,Research & Development,Manager,2,4,Medical,10,Travel_Frequently,10696,19,3,Yes,25,15,15,11,15,6,5,3,3,4,4,3,4,No,0,46-55,10+ yrs,8K-12K,3.75
11587,30,Male,Divorced,Research & Development,Manager,1,3,Life Sciences,3,Travel_Frequently,4835,18,1,No,10,8,6,7,5,7,0,4,3,4,2,4,4,No,0,26-35,7-10 yrs,3K-5K,3.5
10840,44,Female,Married,Research & Development,Research Director,1,1,Technical Degree,2,Travel_Rarely,6537,17,3,No,23,22,20,10,22,5,6,3,3,1,2,2,3,No,0,36-45,10+ yrs,5K-8K,2.0
10201,34,Male,Married,Research & Development,Laboratory Technician,2,4,Other,2,Travel_Rarely,8918,16,0,No,15,2,0,0,0,0,3,3,3,4,3,2,2,No,0,26-35,2-3 yrs,8K-12K,2.75
10350,20,Female,Married,Sales,Sales Representative,1,3,Life Sciences,1,Travel_Rarely,3952,19,3,No,1,1,0,0,0,7,3,3,1,4,3,3,4,No,0,18-25,0-1 yrs,3K-5K,3.5
11044,29,Female,Divorced,Research & Development,Healthcare Representative,1,4,Technical Degree,1,Travel_Rarely,4179,15,1,Yes,5,0,0,0,0,9,3,3,4,3,2,3,4,Yes,1,26-35,0-1 yrs,3K-5K,3.0
11104,30,Female,Married,Sales,Sales Executive,3,4,Other,1,Travel_Rarely,11383,11,0,Yes,6,0,0,0,0,9,4,3,4,2,3,3,4,No,0,26-35,0-1 yrs,8K-12K,3.0
10636,42,Male,Divorced,Research & Development,Research Scientist,2,4,Medical,12,Travel_Rarely,8012,14,2,Yes,21,6,6,1,4,8,2,3,3,2,3,4,3,No,0,36-45,4-6 yrs,8K-12K,3.0
11493,29,Female,Married,Sales,Sales Representative,3,2,Other,2,Travel_Rarely,10431,11,2,No,9,9,8,8,8,9,3,3,3,3,2,3,1,No,0,26-35,7-10 yrs,8K-12K,2.25
11157,35,Female,Divorced,Sales,Sales Executive,2,2,Medical,22,Travel_Frequently,8531,17,0,No,16,12,12,0,11,8,0,3,3,3,1,3,4,Yes,1,26-35,10+ yrs,8K-12K,2.75
10319,35,Male,Married,Research & Development,Manufacturing Director,2,3,Life Sciences,15,Travel_Frequently,7502,14,0,No,14,3,0,0,1,1,5,3,2,3,4,4,4,No,0,26-35,2-3 yrs,5K-8K,3.75
11090,28,Male,Single,Sales,Manager,3,3,Medical,2,Travel_Rarely,7765,14,2,Yes,7,4,1,3,2,7,5,3,2,3,4,4,4,No,0,26-35,4-6 yrs,5K-8K,3.75
11382,36,Female,Married,Research & Development,Manager,3,3,Technical Degree,1,Travel_Frequently,10579,18,2,No,15,14,11,7,13,1,2,3,2,3,4,3,4,No,0,36-45,10+ yrs,8K-12K,3.5
10582,31,Male,Married,Sales,Manager,1,3,Life Sciences,1,Non-Travel,6588,12,1,No,9,9,8,4,6,6,2,3,3,2,3,4,3,No,0,26-35,7-10 yrs,5K-8K,3.0
10356,41,Female,Married,Research & Development,Research Director,1,4,Medical,5,Travel_Rarely,6072,16,2,Yes,21,0,0,0,0,9,2,3,3,1,4,2,1,No,0,36-45,0-1 yrs,5K-8K,2.0
11356,45,Female,Single,Sales,Manager,3,2,Technical Degree,6,Non-Travel,11963,24,2,No,22,6,5,1,4,4,2,3,3,4,1,2,1,No,0,36-45,4-6 yrs,8K-12K,2.0
10494,31,Female,Married,Research & Development,Healthcare Representative,5,4,Life Sciences,18,Travel_Rarely,12864,15,1,Yes,9,7,5,1,4,1,5,3,3,2,2,3,4,No,0,26-35,7-10 yrs,12K+,2.75
10181,36,Female,Married,Research & Development,Laboratory Technician,1,1,Technical Degree,1,Travel_Rarely,7089,20,1,No,12,6,5,5,3,4,3,3,3,4,2,4,1,No,0,36-45,4-6 yrs,5K-8K,2.75
10245,52,Male,Divorced,Human Resources,HR Business Partner,3,3,Marketing,7,Travel_Rarely,12585,12,0,Yes,34,22,19,12,21,8,2,4,4,1,2,3,4,No,0,46-55,10+ yrs,12K+,2.5
10998,26,Male,Married,Sales,Manager,5,3,Medical,1,Travel_Frequently,13561,24,0,No,6,0,0,0,0,1,5,3,3,1,1,3,2,No,0,26-35,0-1 yrs,12K+,1.75
10275,45,Female,Divorced,Sales,Manager,1,3,Human Resources,11,Travel_Rarely,7230,12,1,No,27,4,4,3,2,4,0,3,2,3,4,3,4,No,0,36-45,4-6 yrs,5K-8K,3.5
10905,26,Male,Single,Research & Development,Manufacturing Director,1,3,Life Sciences,20,Travel_Rarely,5691,23,0,Yes,6,6,5,1,4,4,2,3,3,2,4,2,2,No,0,26-35,4-6 yrs,5K-8K,2.5
10393,49,Female,Single,Research & Development,Healthcare Representative,5,2,Life Sciences,4,Travel_Frequently,16174,21,3,No,29,28,25,0,25,7,1,3,1,4,4,3,4,No,0,46-55,10+ yrs,12K+,3.75
10221,49,Male,Married,Research & Development,Healthcare Representative,4,2,Life Sciences,18,Travel_Frequently,13353,13,0,No,25,1,0,0,0,0,1,3,3,1,3,1,4,No,0,46-55,0-1 yrs,12K+,2.25
10235,36,Male,Single,Sales,Sales Executive,4,2,Medical,3,Travel_Rarely,12409,12,1,Yes,15,5,5,1,4,4,6,3,2,1,4,2,2,No,0,36-45,4-6 yrs,12K+,2.25
10035,49,Male,Single,Research & Development,Laboratory Technician,1,3,Life Sciences,8,Travel_Rarely,6278,18,0,No,25,20,18,1,17,2,0,3,4,4,3,3,2,No,0,46-55,10+ yrs,5K-8K,3.0
10086,31,Male,Married,Sales,Sales Representative,3,3,Technical Degree,11,Travel_Rarely,10274,16,0,No,12,1,0,1,0,4,1,3,2,3,3,3,2,No,0,26-35,0-1 yrs,8K-12K,2.75
10157,42,Male,Married,Sales,Sales Executive,2,2,Life Sciences,5,Travel_Rarely,10226,22,2,No,23,17,16,0,16,9,5,3,1,4,1,3,3,Yes,1,36-45,10+ yrs,8K-12K,2.75
11046,28,Male,Single,Research & Development,Laboratory Technician,3,4,Marketing,1,Travel_Rarely,9481,11,0,No,6,2,2,1,0,6,4,3,1,2,2,2,4,Yes,1,26-35,2-3 yrs,8K-12K,2.5
10951,36,Female,Married,Research & Development,Manufacturing Director,1,3,Medical,13,Travel_Rarely,6033,11,0,No,24,5,4,4,5,7,3,3,2,4,4,4,4,No,0,36-45,4-6 yrs,5K-8K,4.0
10947,28,Female,Married,Research & Development,Laboratory Technician,2,4,Life Sciences,2,Travel_Frequently,6728,12,2,Yes,8,1,0,1,1,6,1,3,4,3,3,3,3,No,0,26-35,0-1 yrs,5K-8K,3.0
10364,34,Female,Single,Research & Development,Manager,3,4,Life Sciences,24,Travel_Rarely,8540,14,0,Yes,12,2,0,0,2,9,5,3,4,2,3,3,3,No,0,26-35,2-3 yrs,8K-12K,2.75
10792,35,Male,Single,Human Resources,Human Resources,3,4,Medical,17,Travel_Rarely,11255,14,1,No,16,1,0,1,0,8,4,3,2,1,3,3,4,No,0,26-35,0-1 yrs,8K-12K,2.75
11009,35,Male,Married,Research & Development,Manager,2,3,Medical,1,Travel_Rarely,7472,11,0,No,12,4,2,1,4,5,6,3,3,4,4,3,3,No,0,26-35,4-6 yrs,5K-8K,3.5
10381,37,Female,Single,Human Resources,Manager,3,3,Life Sciences,14,Travel_Rarely,10128,14,1,No,17,8,5,8,8,8,0,3,3,4,3,1,4,No,0,36-45,7-10 yrs,8K-12K,3.0
11521,30,Female,Single,Sales,Manager,1,3,Life Sciences,7,Travel_Frequently,6257,23,0,No,8,8,6,1,5,4,2,3,3,2,1,3,4,No,0,26-35,7-10 yrs,5K-8K,2.5
11407,35,Male,Single,Sales,Sales Executive,1,3,Medical,2,Travel_Rarely,6038,12,1,Yes,15,13,10,0,10,7,0,3,1,4,1,4,3,No,0,26-35,10+ yrs,5K-8K,3.0
10510,29,Male,Single,Research & Development,Laboratory Technician,1,2,Technical Degree,1,Travel_Rarely,5416,20,0,No,8,8,6,8,7,8,3,4,2,1,2,2,3,No,0,26-35,7-10 yrs,5K-8K,2.0
10068,43,Male,Divorced,Sales,Manager,2,5,Technical Degree,7,Travel_Rarely,8134,17,0,No,20,15,14,13,13,6,6,3,2,1,4,3,4,No,0,36-45,10+ yrs,8K-12K,3.0
11492,32,Male,Married,Sales,Sales Executive,5,2,Medical,6,Travel_Rarely,14253,11,1,No,9,1,0,0,0,9,3,3,1,1,2,2,3,Yes,1,26-35,0-1 yrs,12K+,2.0
10986,36,Male,Single,Human Resources,HR Business Partner,1,4,Technical Degree,3,Travel_Rarely,6501,14,1,No,18,5,3,1,4,3,4,3,3,1,4,3,3,No,0,36-45,4-6 yrs,5K-8K,2.75
10860,19,Female,Married,Research & Development,Research Director,1,2,Medical,7,Travel_Rarely,4268,18,1,No,0,0,0,0,0,0,6,3,2,3,4,3,1,No,0,18-25,0-1 yrs,3K-5K,2.75
10941,45,Female,Divorced,Research & Development,Manager,4,3,Other,1,Travel_Rarely,12843,16,2,No,23,1,1,1,1,6,6,3,3,3,4,1,2,No,0,36-45,0-1 yrs,12K+,2.5
10862,31,Female,Single,Research & Development,Research Director,2,3,Marketing,7,Travel_Rarely,7172,16,2,No,13,12,12,7,11,8,3,3,2,4,3,2,4,Yes,1,26-35,10+ yrs,5K-8K,3.25
10472,25,Female,Divorced,Research & Development,Manufacturing Director,2,2,Medical,3,Travel_Rarely,7908,11,2,No,6,4,3,3,1,4,0,3,1,3,2,3,3,No,0,18-25,4-6 yrs,5K-8K,2.75
10886,52,Female,Single,Research & Development,Research Director,3,3,Other,1,Travel_Rarely,11003,11,1,No,28,27,24,2,27,8,2,4,3,4,3,2,4,No,0,46-55,10+ yrs,8K-12K,3.25
10394,56,Female,Married,Research & Development,Research Director,5,3,Medical,12,Travel_Rarely,17425,19,0,No,38,11,8,5,9,0,5,3,3,4,2,3,4,No,0,56-65,10+ yrs,12K+,3.25
11036,57,Female,Divorced,Sales,Sales Representative,1,3,Life Sciences,12,Travel_Rarely,10050,14,1,No,36,22,20,5,19,0,0,4,1,4,4,2,3,No,0,56-65,10+ yrs,8K-12K,3.25
11522,31,Male,Single,Research & Development,Research Director,2,3,Marketing,5,Travel_Frequently,7344,11,1,No,10,5,3,2,3,2,4,4,3,4,4,2,3,No,0,26-35,4-6 yrs,5K-8K,3.25
11323,20,Female,Single,Sales,Sales Executive,5,4,Human Resources,11,Travel_Rarely,12523,16,1,No,1,0,0,0,0,0,3,3,3,2,4,3,4,No,0,18-25,0-1 yrs,12K+,3.25
11070,42,Female,Married,Research & Development,Manufacturing Director,3,2,Life Sciences,5,Travel_Rarely,9881,14,1,No,19,17,17,4,14,9,2,3,3,4,4,3,2,No,0,36-45,10+ yrs,8K-12K,3.25
10348,23,Male,Married,Research & Development,Laboratory Technician,2,2,Life Sciences,4,Travel_Frequently,7340,13,0,No,0,0,0,0,0,3,1,4,2,2,4,3,3,Yes,1,18-25,0-1 yrs,5K-8K,3.0
11448,33,Male,Single,Research & Development,Research Scientist,1,1,Life Sciences,8,Travel_Rarely,5177,15,0,No,11,5,4,3,3,0,4,3,3,2,4,3,3,No,0,26-35,4-6 yrs,5K-8K,3.0
10330,24,Male,Married,Research & Development,Manager,2,2,Technical Degree,1,Non-Travel,6622,15,1,No,5,0,0,0,0,5,3,3,3,3,3,2,4,Yes,1,18-25,0-1 yrs,5K-8K,3.0
11336,28,Female,Single,Sales,Sales Representative,5,4,Life Sciences,11,Travel_Frequently,14660,11,0,No,7,1,0,0,0,1,4,3,2,4,4,3,3,No,0,26-35,0-1 yrs,12K+,3.5
11425,36,Male,Married,Sales,Sales Representative,4,1,Technical Degree,2,Travel_Rarely,11488,17,1,Yes,14,12,11,5,9,6,2,3,2,3,4,3,4,No,0,36-45,10+ yrs,8K-12K,3.5
11603,52,Female,Married,Research & Development,Laboratory Technician,3,3,Medical,4,Travel_Frequently,10977,16,0,No,28,23,23,0,23,3,6,3,3,2,4,2,1,No,0,46-55,10+ yrs,8K-12K,2.25
10135,36,Male,Single,Research & Development,Research Scientist,1,4,Life Sciences,27,Travel_Rarely,5814,12,0,Yes,0,0,0,0,0,3,1,4,2,4,4,2,4,No,0,36-45,0-1 yrs,5K-8K,3.5
10995,53,Female,Single,Research & Development,Healthcare Representative,2,3,Human Resources,2,Travel_Rarely,10228,13,2,No,34,15,14,7,15,5,2,3,3,4,2,1,4,No,0,46-55,10+ yrs,8K-12K,2.75
10010,29,Female,Single,Research & Development,Laboratory Technician,5,4,Life Sciences,2,Travel_Rarely,14245,14,1,No,6,0,0,2,0,3,0,4,1,3,3,2,1,No,0,26-35,0-1 yrs,12K+,2.25
11109,45,Male,Single,Sales,Manager,5,5,Life Sciences,22,Travel_Rarely,16009,11,1,No,22,10,8,5,8,0,5,3,3,1,3,1,4,No,0,36-45,7-10 yrs,12K+,2.25
10544,60,Female,Married,Human Resources,Human Resources,2,3,Medical,5,Travel_Rarely,10932,14,0,No,37,16,13,11,13,4,3,3,2,3,1,3,1,Yes,1,56-65,10+ yrs,8K-12K,2.0
10011,34,Male,Single,Human Resources,Manager,3,4,Life Sciences,14,Travel_Frequently,9111,12,2,No,13,6,6,2,4,7,4,3,3,3,4,3,2,No,0,26-35,4-6 yrs,8K-12K,3.0
11031,33,Female,Single,Research & Development,Laboratory Technician,2,3,Medical,4,Travel_Rarely,7924,11,1,No,10,0,0,2,0,5,0,3,3,3,3,2,4,No,0,26-35,0-1 yrs,5K-8K,3.0
10640,34,Female,Divorced,Research & Development,Laboratory Technician,3,3,Technical Degree,9,Travel_Frequently,10345,15,1,No,10,8,7,6,7,2,4,3,2,2,4,1,4,No,0,26-35,7-10 yrs,8K-12K,2.75
11039,37,Male,Single,Sales,Sales Representative,3,4,Other,2,Travel_Frequently,9929,14,2,No,15,5,5,0,4,3,2,3,3,3,4,3,4,No,0,36-45,4-6 yrs,8K-12K,3.5
11080,20,Female,Married,Sales,Sales Executive,2,2,Marketing,2,Non-Travel,8067,14,2,No,0,0,0,0,0,5,4,4,3,1,1,2,1,Yes,1,18-25,0-1 yrs,8K-12K,1.25
11095,29,Female,Married,Sales,Manager,3,5,Life Sciences,13,Travel_Frequently,9378,16,0,No,6,4,4,1,3,3,4,3,3,3,4,2,2,No,0,26-35,4-6 yrs,8K-12K,2.75
10285,37,Female,Single,Research & Development,Healthcare Representative,3,3,Human Resources,2,Travel_Rarely,11637,15,0,No,19,17,16,9,17,8,3,3,3,3,1,4,4,No,0,36-45,10+ yrs,8K-12K,3.0
11548,30,Female,Single,Research & Development,Manufacturing Director,3,1,Medical,2,Travel_Rarely,9086,14,2,No,11,4,4,3,1,9,0,3,3,4,3,3,4,No,0,26-35,4-6 yrs,8K-12K,3.5
10617,41,Female,Married,Research & Development,Research Scientist,3,4,Life Sciences,22,Travel_Rarely,11224,12,0,No,22,19,17,4,19,5,2,3,3,4,4,4,2,No,0,36-45,10+ yrs,8K-12K,3.5
10371,33,Male,Married,Sales,Manager,1,3,Life Sciences,2,Travel_Rarely,5337,18,0,No,10,4,3,1,2,4,1,3,1,1,2,3,1,No,0,26-35,4-6 yrs,5K-8K,1.75
11241,30,Female,Married,Human Resources,HR Business Partner,1,3,Marketing,6,Travel_Rarely,4787,15,0,No,10,4,1,2,1,9,3,3,1,4,4,4,3,No,0,26-35,4-6 yrs,3K-5K,3.75
10731,36,Female,Married,Research & Development,Research Director,1,3,Life Sciences,9,Travel_Frequently,4118,14,1,No,13,3,3,2,1,1,3,3,3,3,4,4,1,No,0,36-45,2-3 yrs,3K-5K,3.0
11602,38,Female,Divorced,Research & Development,Laboratory Technician,1,3,Medical,3,Travel_Frequently,6114,16,2,No,20,3,0,0,0,4,4,4,2,4,4,4,2,No,0,36-45,2-3 yrs,5K-8K,3.5
10126,20,Female,Single,Research & Development,Manager,5,3,Life Sciences,1,Travel_Rarely,13142,18,0,No,0,0,0,0,0,8,6,3,4,4,1,3,1,No,0,18-25,0-1 yrs,12K+,2.25
10408,36,Male,Single,Sales,Sales Representative,1,4,Medical,1,Travel_Frequently,3980,16,0,No,8,0,0,0,0,1,0,3,2,3,1,2,4,Yes,1,36-45,0-1 yrs,3K-5K,2.5
10820,35,Female,Married,Sales,Manager,1,2,Medical,5,Travel_Rarely,5934,13,1,No,11,3,3,2,0,0,6,3,1,4,2,2,1,No,0,26-35,2-3 yrs,5K-8K,2.25
11180,34,Male,Divorced,Sales,Manager,2,3,Life Sciences,13,Non-Travel,7374,11,1,No,11,5,2,0,2,1,1,3,3,4,3,1,1,No,0,26-35,4-6 yrs,5K-8K,2.25
11148,38,Male,Married,Human Resources,HR Business Partner,2,1,Medical,14,Non-Travel,7166,18,0,No,15,7,4,1,4,3,4,3,3,2,1,1,3,No,0,36-45,7-10 yrs,5K-8K,1.75
10960,32,Male,Married,Sales,Sales Representative,1,3,Life Sciences,11,Travel_Rarely,5701,16,1,No,10,9,6,6,7,2,5,3,2,3,4,3,4,No,0,26-35,7-10 yrs,5K-8K,3.5
11421,29,Female,Married,Research & Development,Manufacturing Director,4,3,Life Sciences,4,Travel_Rarely,11601,14,1,Yes,9,4,4,1,2,7,5,3,3,2,1,3,3,No,0,26-35,4-6 yrs,8K-12K,2.25
10720,39,Female,Married,Sales,Sales Executive,2,3,Life Sciences,4,Travel_Frequently,7773,14,1,No,15,10,8,2,9,5,2,3,2,1,1,2,1,No,0,36-45,7-10 yrs,5K-8K,1.25
10542,36,Male,Married,Research & Development,Research Director,1,2,Marketing,3,Non-Travel,5349,11,0,No,14,0,0,0,0,7,2,3,4,1,3,4,3,No,0,36-45,0-1 yrs,5K-8K,2.75
10140,33,Female,Married,Sales,Sales Representative,1,2,Life Sciences,18,Travel_Rarely,6158,12,1,No,13,13,10,4,11,1,4,3,3,2,1,3,1,Yes,1,26-35,10+ yrs,5K-8K,1.75
10261,36,Male,Married,Research & Development,Healthcare Representative,2,3,Other,7,Travel_Frequently,8671,11,0,No,14,1,0,1,0,0,1,3,2,2,1,3,1,No,0,36-45,0-1 yrs,8K-12K,1.75
10474,58,Male,Married,Research & Development,Research Director,2,3,Life Sciences,8,Travel_Rarely,8636,12,1,No,38,16,16,15,15,0,3,3,1,4,2,3,2,No,0,56-65,10+ yrs,8K-12K,2.75
10166,37,Male,Married,Research & Development,Research Director,3,1,Medical,5,Travel_Rarely,7907,18,3,No,13,12,11,3,9,2,0,3,2,3,3,3,4,No,0,36-45,10+ yrs,5K-8K,3.25
10227,27,Male,Single,Human Resources,Manager,2,3,Medical,1,Travel_Rarely,6507,18,0,No,5,2,2,1,0,0,0,3,4,1,1,2,3,No,0,26-35,2-3 yrs,5K-8K,1.75
11315,38,Male,Married,Research & Development,Manufacturing Director,1,3,Life Sciences,10,Travel_Rarely,5841,15,2,Yes,17,14,14,14,12,2,4,3,3,2,2,1,4,Yes,1,36-45,10+ yrs,5K-8K,2.25
10693,31,Female,Divorced,Sales,Sales Representative,3,4,Technical Degree,4,Travel_Rarely,9162,19,2,No,12,2,1,1,2,1,1,4,3,2,3,3,3,No,0,26-35,2-3 yrs,8K-12K,2.75
10192,43,Female,Divorced,Sales,Sales Representative,1,3,Technical Degree,2,Travel_Rarely,8072,15,2,No,22,0,0,0,0,4,0,3,3,3,1,3,3,No,0,36-45,0-1 yrs,8K-12K,2.5
10307,50,Male,Divorced,Research & Development,Laboratory Technician,3,5,Life Sciences,6,Travel_Frequently,11116,15,3,No,27,2,1,1,1,8,0,3,1,1,3,3,4,No,0,46-55,2-3 yrs,8K-12K,2.75
11129,32,Female,Married,Human Resources,Human Resources,2,3,Technical Degree,6,Travel_Rarely,8141,11,2,Yes,12,11,10,10,8,4,1,3,3,4,4,3,1,No,0,26-35,10+ yrs,8K-12K,3.0
11369,28,Male,Divorced,Research & Development,Research Scientist,2,3,Medical,3,Travel_Rarely,7175,11,0,Yes,4,3,1,0,3,6,4,3,4,2,2,3,3,No,0,26-35,2-3 yrs,5K-8K,2.5
11465,33,Female,Married,Sales,Sales Executive,1,4,Technical Degree,22,Travel_Rarely,4978,13,3,No,12,3,1,2,2,8,1,3,3,3,3,2,3,No,0,26-35,2-3 yrs,3K-5K,2.75
10483,27,Female,Married,Research & Development,Manager,1,4,Life Sciences,5,Travel_Rarely,6218,13,3,No,6,2,0,2,0,9,4,3,1,2,3,3,2,No,0,26-35,2-3 yrs,5K-8K,2.5
11348,18,Female,Single,Sales,Sales Executive,4,2,Technical Degree,1,Travel_Rarely,10286,19,2,Yes,0,0,0,0,0,0,5,3,2,2,4,3,4,Yes,1,18-25,0-1 yrs,8K-12K,3.25
11290,38,Male,Married,Sales,Sales Representative,2,3,Marketing,2,Travel_Frequently,7254,12,3,No,19,0,0,0,0,8,5,3,3,1,4,3,1,No,0,36-45,0-1 yrs,5K-8K,2.25
11576,27,Female,Married,Research & Development,Manager,1,3,Marketing,9,Non-Travel,6751,13,0,No,8,7,4,2,7,3,2,3,3,4,4,3,4,Yes,1,26-35,7-10 yrs,5K-8K,3.75
11254,38,Female,Divorced,Sales,Sales Representative,3,4,Medical,21,Travel_Rarely,10399,16,0,No,17,8,6,1,8,7,3,3,2,4,4,3,1,No,0,36-45,7-10 yrs,8K-12K,3.0
10321,52,Male,Single,Sales,Manager,3,2,Life Sciences,22,Travel_Rarely,10959,17,0,No,31,22,21,14,22,6,0,3,4,3,4,2,2,No,0,46-55,10+ yrs,8K-12K,2.75
11331,36,Male,Divorced,Research & Development,Healthcare Representative,2,3,Marketing,2,Non-Travel,7140,11,0,No,16,12,9,4,11,4,3,3,3,2,4,2,3,No,0,36-45,10+ yrs,5K-8K,2.75
11439,25,Female,Divorced,Human Resources,HR Business Partner,4,4,Medical,1,Non-Travel,12781,20,0,Yes,6,4,3,1,4,6,3,3,3,1,1,3,4,Yes,1,18-25,4-6 yrs,12K+,2.25
10018,40,Male,Single,Research & Development,Laboratory Technician,4,5,Technical Degree,3,Travel_Rarely,13040,17,0,No,22,2,0,2,2,6,0,3,2,4,2,4,3,Yes,1,36-45,2-3 yrs,12K+,3.25
10835,39,Female,Married,Sales,Manager,1,4,Medical,1,Travel_Frequently,8438,11,1,No,20,13,10,2,12,2,1,3,2,1,1,3,4,No,0,36-45,10+ yrs,8K-12K,2.25
10431,26,Female,Single,Human Resources,HR Business Partner,5,4,Marketing,9,Travel_Rarely,13008,15,0,No,5,5,4,2,4,3,3,3,4,3,3,3,1,No,0,26-35,4-6 yrs,12K+,2.5
11632,24,Female,Single,Sales,Manager,3,1,Medical,16,Travel_Rarely,10480,12,1,No,6,2,0,0,0,7,4,3,3,2,3,3,4,No,0,18-25,2-3 yrs,8K-12K,3.0
11413,40,Male,Single,Research & Development,Laboratory Technician,2,2,Life Sciences,10,Travel_Rarely,9542,19,0,No,16,1,0,0,0,9,5,3,1,4,3,3,4,No,0,36-45,0-1 yrs,8K-12K,3.5
11476,55,Female,Single,Research & Development,Manager,1,3,Medical,7,Travel_Rarely,6402,18,0,No,31,19,17,7,18,2,5,3,4,3,1,3,1,Yes,1,46-55,10+ yrs,5K-8K,2.0
11081,46,Male,Single,Research & Development,Research Scientist,2,3,Life Sciences,4,Non-Travel,9650,15,1,No,27,17,14,13,17,6,1,3,3,3,2,3,2,No,0,46-55,10+ yrs,8K-12K,2.5
11164,58,Male,Married,Sales,Manager,5,3,Medical,17,Non-Travel,17162,20,1,No,36,19,16,6,18,2,3,3,3,3,4,4,4,No,0,56-65,10+ yrs,12K+,3.75
10208,39,Female,Single,Sales,Manager,2,2,Life Sciences,10,Travel_Frequently,9515,18,1,No,17,6,5,3,6,5,4,3,3,2,2,2,3,No,0,36-45,4-6 yrs,8K-12K,2.25
10238,36,Male,Divorced,Sales,Manager,1,1,Medical,2,Travel_Rarely,4559,15,1,No,17,1,0,1,0,2,5,3,3,4,4,3,2,No,0,36-45,0-1 yrs,3K-5K,3.25
11071,38,Male,Single,Research & Development,Manufacturing Director,2,5,Life Sciences,2,Travel_Rarely,8798,20,0,Yes,19,5,2,4,5,1,0,4,3,4,1,4,3,No,0,36-45,4-6 yrs,8K-12K,3.0
10346,21,Male,Single,Sales,Manager,5,3,Life Sciences,2,Travel_Rarely,12844,15,0,No,0,0,0,0,0,7,2,3,3,1,4,3,3,No,0,18-25,0-1 yrs,12K+,2.75
10873,26,Male,Divorced,Sales,Sales Representative,3,2,Life Sciences,3,Non-Travel,10478,13,0,Yes,4,0,0,0,0,3,5,3,2,4,2,2,4,No,0,26-35,0-1 yrs,8K-12K,3.0
11468,39,Male,Divorced,Research & Development,Healthcare Representative,2,4,Technical Degree,2,Travel_Rarely,8931,14,0,Yes,18,4,2,2,2,6,6,3,3,2,2,3,3,No,0,36-45,4-6 yrs,8K-12K,2.5
10910,41,Male,Single,Research & Development,Research Scientist,3,3,Technical Degree,9,Travel_Rarely,10454,23,2,No,20,5,2,0,5,9,3,3,2,2,2,3,4,Yes,1,36-45,4-6 yrs,8K-12K,2.75
10341,42,Female,Divorced,Research & Development,Manufacturing Director,1,5,Life Sciences,1,Travel_Frequently,4204,15,1,No,22,3,2,1,3,2,4,3,3,4,3,3,4,No,0,36-45,2-3 yrs,3K-5K,3.5
10764,40,Female,Single,Research & Development,Manager,3,3,Life Sciences,6,Travel_Rarely,9676,12,0,No,17,5,2,0,4,0,3,3,1,3,4,2,3,No,0,36-45,4-6 yrs,8K-12K,3.0
10458,52,Female,Married,Research & Development,Healthcare Representative,2,3,Medical,15,Travel_Rarely,10470,14,2,No,33,21,18,14,18,5,0,3,3,3,1,3,2,No,0,46-55,10+ yrs,8K-12K,2.25
10176,34,Female,Married,Research & Development,Research Director,1,4,Life Sciences,5,Travel_Rarely,5854,11,2,No,13,7,6,5,4,5,5,3,3,3,4,4,4,No,0,26-35,7-10 yrs,5K-8K,3.75
10550,35,Female,Married,Sales,Sales Executive,5,3,Life Sciences,12,Travel_Rarely,16040,15,0,Yes,12,1,1,1,0,7,4,3,2,4,1,4,3,Yes,1,26-35,0-1 yrs,12K+,3.0
10301,43,Female,Single,Sales,Manager,4,3,Medical,6,Travel_Rarely,12926,11,0,Yes,19,2,0,1,1,4,3,3,3,4,4,3,4,Yes,1,36-45,2-3 yrs,12K+,3.75
10460,52,Female,Divorced,Research & Development,Laboratory Technician,3,2,Life Sciences,7,Travel_Rarely,10635,14,2,No,30,2,2,0,2,8,1,4,2,3,1,3,4,Yes,1,46-55,2-3 yrs,8K-12K,2.75
10875,33,Male,Single,Research & Development,Manufacturing Director,2,4,Other,17,Travel_Rarely,8109,16,0,No,12,2,0,2,2,4,4,3,4,4,3,4,4,No,0,26-35,2-3 yrs,8K-12K,3.75
10786,39,Female,Divorced,Research & Development,Manufacturing Director,1,3,Medical,14,Travel_Rarely,3821,19,1,No,19,6,6,4,3,4,2,3,3,2,4,3,4,No,0,36-45,4-6 yrs,3K-5K,3.25
11440,33,Female,Married,Research & Development,Research Scientist,4,3,Technical Degree,18,Travel_Rarely,11667,16,1,No,13,7,5,4,7,4,0,4,2,2,2,2,3,Yes,1,26-35,7-10 yrs,8K-12K,2.25
11435,23,Female,Divorced,Sales,Sales Executive,1,5,Medical,15,Travel_Rarely,4646,12,1,Yes,1,0,0,0,0,1,0,3,2,3,4,4,4,Yes,1,18-25,0-1 yrs,3K-5K,3.75
10894,35,Male,Divorced,Research & Development,Manufacturing Director,2,3,Marketing,7,Travel_Rarely,8050,16,1,Yes,12,12,10,11,9,4,5,4,3,4,3,4,4,No,0,26-35,10+ yrs,8K-12K,3.75
11329,24,Female,Single,Human Resources,Human Resources,1,1,Life Sciences,1,Travel_Rarely,5075,14,1,No,2,2,0,1,0,8,5,3,4,4,3,4,3,No,0,18-25,2-3 yrs,5K-8K,3.5
10842,36,Female,Single,Research & Development,Laboratory Technician,1,2,Life Sciences,2,Travel_Rarely,5831,16,0,No,16,14,13,10,14,2,5,4,3,3,1,3,4,No,0,36-45,10+ yrs,5K-8K,2.75
10464,46,Male,Married,Sales,Sales Representative,1,2,Medical,13,Non-Travel,8216,14,2,Yes,25,6,3,6,3,7,6,3,3,1,2,2,4,No,0,46-55,4-6 yrs,8K-12K,2.25
11251,39,Male,Divorced,Research & Development,Laboratory Technician,2,3,Medical,4,Non-Travel,8211,14,2,No,16,15,15,11,12,3,2,3,2,3,4,4,3,No,0,36-45,10+ yrs,8K-12K,3.5
10327,27,Female,Married,Human Resources,HR Business Partner,2,2,Medical,5,Travel_Rarely,8707,14,0,No,5,3,1,3,2,1,5,3,4,4,4,4,3,No,0,26-35,2-3 yrs,8K-12K,3.75
10855,41,Female,Married,Sales,Sales Representative,1,2,Marketing,3,Travel_Rarely,6480,15,0,No,23,23,22,8,20,9,6,3,3,3,1,1,4,Yes,1,36-45,10+ yrs,5K-8K,2.25
10899,32,Female,Single,Sales,Manager,1,3,Medical,3,Travel_Rarely,6108,12,1,No,8,2,0,2,2,0,1,3,3,3,3,1,4,No,0,26-35,2-3 yrs,5K-8K,2.75
10828,30,Female,Divorced,Sales,Manager,1,2,Other,29,Travel_Rarely,7102,14,2,No,11,7,5,6,7,6,3,3,2,1,4,3,1,No,0,26-35,7-10 yrs,5K-8K,2.25
11226,29,Female,Divorced,Research & Development,Laboratory Technician,1,4,Medical,19,Travel_Rarely,4676,11,3,No,6,3,1,2,2,2,3,3,4,1,4,2,4,Yes,1,26-35,2-3 yrs,3K-5K,2.75
11385,42,Male,Single,Research & Development,Manager,2,2,Life Sciences,5,Travel_Rarely,9022,19,1,No,22,3,1,1,1,2,6,3,4,4,3,2,3,No,0,36-45,2-3 yrs,8K-12K,3.0
10060,34,Female,Single,Sales,Sales Representative,4,5,Technical Degree,1,Travel_Frequently,13321,18,0,No,10,1,0,1,1,9,6,4,2,1,2,4,1,No,0,26-35,0-1 yrs,12K+,2.0
10014,34,Male,Single,Research & Development,Manager,2,3,Life Sciences,3,Travel_Rarely,8375,13,0,No,12,3,2,1,1,3,5,4,4,3,2,3,4,No,0,26-35,2-3 yrs,8K-12K,3.0
10809,38,Female,Single,Research & Development,Manufacturing Director,3,5,Other,17,Travel_Rarely,12153,21,0,No,17,16,13,9,14,0,5,3,2,3,3,3,2,No,0,36-45,10+ yrs,12K+,2.75
10388,27,Male,Married,Research & Development,Manufacturing Director,2,2,Medical,2,Travel_Rarely,6245,17,1,No,8,8,7,2,5,5,1,3,3,4,3,4,2,No,0,26-35,7-10 yrs,5K-8K,3.25
10524,24,Male,Married,Sales,Sales Executive,1,5,Life Sciences,3,Travel_Frequently,4772,11,3,Yes,1,1,0,0,0,4,5,3,2,3,4,3,3,Yes,1,18-25,0-1 yrs,3K-5K,3.25
10984,39,Female,Single,Sales,Sales Representative,1,2,Life Sciences,1,Travel_Rarely,5619,11,3,No,21,0,0,0,0,3,3,3,4,2,1,3,4,Yes,1,36-45,0-1 yrs,5K-8K,2.5
10027,51,Female,Married,Research & Development,Manager,1,5,Life Sciences,7,Travel_Rarely,8356,11,3,No,33,4,3,0,2,7,6,3,3,1,3,3,4,Yes,1,46-55,4-6 yrs,8K-12K,2.75
11145,35,Male,Divorced,Sales,Sales Representative,3,4,Life Sciences,4,Travel_Rarely,8952,16,0,No,16,7,7,5,7,3,2,3,3,1,4,3,3,Yes,1,26-35,7-10 yrs,8K-12K,2.75
10604,36,Female,Divorced,Research & Development,Manager,2,3,Technical Degree,2,Travel_Frequently,7756,15,2,No,15,8,5,2,7,4,5,3,3,3,3,4,1,No,0,36-45,7-10 yrs,5K-8K,2.75
10323,33,Male,Single,Research & Development,Research Director,1,4,Other,2,Travel_Rarely,4176,15,0,No,9,9,6,5,6,6,0,3,3,3,2,2,4,No,0,26-35,7-10 yrs,3K-5K,2.75
11110,24,Male,Single,Research & Development,Research Director,3,3,Medical,2,Travel_Rarely,8034,13,1,Yes,3,3,3,1,0,2,6,3,3,2,2,3,1,No,0,18-25,2-3 yrs,8K-12K,2.0
10967,31,Female,Single,Research & Development,Research Director,5,3,Life Sciences,16,Travel_Rarely,12691,11,1,No,10,2,2,1,1,6,4,3,3,2,4,2,3,No,0,26-35,2-3 yrs,12K+,2.75
10442,33,Female,Single,Research & Development,Healthcare Representative,2,4,Life Sciences,29,Travel_Rarely,9004,11,0,Yes,14,0,0,0,0,9,4,3,3,3,2,3,1,No,0,26-35,0-1 yrs,8K-12K,2.25
11619,36,Female,Divorced,Sales,Sales Executive,2,4,Life Sciences,18,Travel_Rarely,6151,20,1,No,13,12,11,12,12,7,2,3,3,2,4,4,1,No,0,36-45,10+ yrs,5K-8K,2.75
10892,42,Female,Single,Research & Development,Manager,4,4,Life Sciences,6,Travel_Rarely,14806,19,2,Yes,21,15,12,2,15,9,1,3,4,3,2,3,1,No,0,36-45,10+ yrs,12K+,2.25
10555,30,Female,Single,Sales,Manager,2,3,Medical,29,Non-Travel,7604,11,0,No,8,7,5,4,7,5,0,3,2,1,2,2,1,No,0,26-35,7-10 yrs,5K-8K,1.5
10257,31,Male,Divorced,Sales,Manager,1,4,Other,29,Travel_Rarely,5314,14,0,No,9,8,8,7,8,8,5,3,3,1,1,4,4,Yes,1,26-35,7-10 yrs,5K-8K,2.5
10561,34,Male,Single,Research & Development,Laboratory Technician,4,4,Life Sciences,1,Travel_Rarely,11119,11,0,No,13,1,1,0,0,0,4,3,4,1,4,3,1,No,0,26-35,0-1 yrs,8K-12K,2.25
11246,32,Female,Divorced,Research & Development,Healthcare Representative,2,2,Technical Degree,29,Travel_Rarely,8438,12,2,No,12,9,6,2,6,9,1,3,4,2,2,3,2,No,0,26-35,7-10 yrs,8K-12K,2.25
11364,37,Male,Married,Research & Development,Laboratory Technician,2,1,Medical,3,Travel_Rarely,7803,13,1,No,17,11,10,11,10,5,1,3,3,4,4,3,1,No,0,36-45,10+ yrs,5K-8K,3.0
11101,51,Male,Married,Human Resources,Manager,2,4,Technical Degree,1,Travel_Rarely,11662,11,0,No,31,30,30,10,29,3,4,3,3,4,3,4,3,No,0,46-55,10+ yrs,8K-12K,3.5
10308,25,Female,Single,Sales,Manager,2,3,Life Sciences,3,Travel_Rarely,6563,17,0,No,2,0,0,0,0,7,0,4,2,2,2,3,3,Yes,1,18-25,0-1 yrs,5K-8K,2.5
10073,34,Female,Divorced,Research & Development,Laboratory Technician,4,2,Technical Degree,5,Travel_Rarely,13055,15,3,Yes,15,15,14,5,14,6,4,4,2,3,2,4,4,No,0,26-35,10+ yrs,12K+,3.25
10258,41,Female,Married,Research & Development,Research Scientist,2,4,Other,2,Travel_Rarely,9022,20,1,No,23,13,13,4,12,4,3,3,1,1,1,3,4,No,0,36-45,10+ yrs,8K-12K,2.25
11509,47,Male,Single,Sales,Manager,3,3,Medical,5,Travel_Rarely,11476,15,1,No,25,5,2,4,5,6,6,3,3,2,3,3,4,No,0,46-55,4-6 yrs,8K-12K,3.0
10003,39,Female,Divorced,Sales,Sales Executive,3,2,Life Sciences,10,Travel_Rarely,10586,18,0,No,20,16,14,7,14,5,0,3,3,3,3,3,2,No,0,36-45,10+ yrs,8K-12K,2.75
11519,46,Male,Divorced,Sales,Sales Executive,2,3,Life Sciences,7,Travel_Rarely,9367,12,0,Yes,25,0,0,0,0,7,2,3,3,3,1,3,1,No,0,46-55,0-1 yrs,8K-12K,2.0
11645,57,Male,Married,Sales,Sales Executive,3,3,Life Sciences,15,Travel_Frequently,11637,15,2,Yes,35,2,0,1,1,1,0,3,3,2,4,2,4,No,0,56-65,2-3 yrs,8K-12K,3.0
10681,41,Female,Married,Research & Development,Healthcare Representative,2,2,Marketing,1,Travel_Rarely,8266,20,1,No,22,21,21,11,18,3,0,4,2,4,3,3,2,No,0,36-45,10+ yrs,8K-12K,3.0
10827,40,Female,Single,Research & Development,Healthcare Representative,2,5,Medical,2,Travel_Rarely,8321,16,1,Yes,18,7,5,7,6,3,0,3,3,3,2,2,1,No,0,36-45,7-10 yrs,8K-12K,2.0
10368,35,Male,Single,Research & Development,Research Scientist,2,3,Life Sciences,29,Travel_Rarely,8654,19,1,Yes,12,11,11,6,10,5,2,3,3,3,1,2,4,Yes,1,26-35,10+ yrs,8K-12K,2.5
10695,26,Male,Married,Human Resources,Human Resources,3,4,Medical,3,Travel_Rarely,9663,12,0,No,2,0,0,0,0,2,6,3,2,1,2,3,4,No,0,26-35,0-1 yrs,8K-12K,2.5
11258,29,Male,Divorced,Sales,Sales Executive,5,4,Life Sciences,11,Travel_Rarely,13682,16,1,No,6,4,4,3,3,6,4,3,3,4,2,4,2,No,0,26-35,4-6 yrs,12K+,3.0
11235,25,Female,Divorced,Research & Development,Healthcare Representative,4,3,Life Sciences,23,Travel_Rarely,12897,18,0,No,7,7,6,4,6,5,3,3,3,3,4,2,2,No,0,18-25,7-10 yrs,12K+,2.75
10480,42,Male,Married,Research & Development,Healthcare Representative,1,2,Life Sciences,1,Non-Travel,6602,16,2,No,18,6,6,3,6,2,5,3,2,3,3,1,2,No,0,36-45,4-6 yrs,5K-8K,2.25
10558,45,Female,Divorced,Research & Development,Laboratory Technician,3,2,Technical Degree,4,Travel_Rarely,13713,16,0,Yes,21,10,9,8,8,3,3,3,1,1,3,3,2,No,0,36-45,7-10 yrs,12K+,2.25
10826,47,Male,Married,Sales,Sales Executive,2,4,Human Resources,7,Travel_Frequently,9902,11,1,No,27,6,3,5,3,8,1,3,3,3,2,3,3,No,0,46-55,4-6 yrs,8K-12K,2.75
11499,54,Male,Single,Research & Development,Manufacturing Director,1,4,Technical Degree,3,Non-Travel,8378,12,1,No,33,1,0,1,0,2,2,3,1,4,2,2,1,No,0,46-55,0-1 yrs,8K-12K,2.25
10586,25,Female,Married,Research & Development,Research Director,2,3,Life Sciences,1,Travel_Rarely,8606,18,2,No,4,4,1,0,2,2,1,3,3,3,2,3,3,No,0,18-25,4-6 yrs,8K-12K,2.75
10118,21,Male,Married,Sales,Manager,1,1,Life Sciences,16,Travel_Frequently,4889,15,1,No,0,0,0,0,0,7,6,3,4,1,2,2,4,No,0,18-25,0-1 yrs,3K-5K,2.25
11561,43,Female,Married,Research & Development,Research Director,2,1,Technical Degree,7,Travel_Rarely,10529,16,1,No,23,22,22,12,21,0,2,3,2,4,3,3,2,No,0,36-45,10+ yrs,8K-12K,3.0
11021,39,Male,Married,Research & Development,Manager,5,4,Life Sciences,1,Travel_Rarely,15422,11,1,No,18,14,11,5,11,8,1,3,3,3,4,2,2,No,0,36-45,10+ yrs,12K+,2.75
10683,32,Male,Single,Research & Development,Research Scientist,1,2,Life Sciences,23,Travel_Rarely,5313,18,3,No,9,2,1,2,0,0,0,3,3,3,3,3,4,No,0,26-35,2-3 yrs,5K-8K,3.25
10006,39,Male,Single,Research & Development,Research Director,1,3,Marketing,3,Travel_Rarely,5315,12,0,No,17,3,2,0,2,6,1,4,3,2,3,1,4,No,0,36-45,2-3 yrs,5K-8K,2.5
11553,34,Male,Single,Sales,Manager,1,5,Technical Degree,8,Travel_Rarely,7447,16,1,No,15,15,15,0,15,9,5,4,4,2,3,3,4,No,0,26-35,10+ yrs,5K-8K,3.0
10467,31,Female,Married,Research & Development,Manufacturing Director,2,5,Technical Degree,1,Travel_Rarely,8023,11,3,No,7,7,5,2,5,7,0,3,4,2,1,4,3,Yes,1,26-35,7-10 yrs,8K-12K,2.5
11287,47,Male,Divorced,Sales,Manager,3,3,Technical Degree,2,Travel_Rarely,10702,11,1,No,25,16,15,6,15,6,2,3,3,4,1,4,4,No,0,46-55,10+ yrs,8K-12K,3.25
11399,19,Female,Divorced,Research & Development,Research Scientist,4,2,Life Sciences,18,Non-Travel,11962,16,1,No,0,0,0,0,0,9,4,3,3,3,3,3,4,No,0,18-25,0-1 yrs,8K-12K,3.25
10938,45,Female,Single,Human Resources,HR Business Partner,2,2,Medical,7,Travel_Frequently,8539,21,1,No,23,9,6,7,8,1,6,3,4,3,3,3,2,Yes,1,36-45,7-10 yrs,8K-12K,2.75
10446,35,Male,Married,Sales,Sales Executive,5,3,Life Sciences,17,Travel_Rarely,14741,13,2,No,13,9,9,0,7,7,5,3,2,2,3,3,4,Yes,1,26-35,7-10 yrs,12K+,3.0
10137,29,Male,Married,Sales,Sales Representative,1,4,Marketing,8,Travel_Rarely,6379,17,2,No,8,1,0,1,0,7,2,3,1,1,1,2,2,No,0,26-35,0-1 yrs,5K-8K,1.5
10012,33,Male,Single,Sales,Manager,5,2,Technical Degree,1,Travel_Rarely,14490,15,0,Yes,11,1,1,0,0,1,3,3,3,3,2,3,3,No,0,26-35,0-1 yrs,12K+,2.75
11577,36,Male,Married,Research & Development,Manager,4,1,Life Sciences,4,Travel_Rarely,12067,11,0,No,8,1,0,0,0,6,2,3,1,1,3,2,3,Yes,1,36-45,0-1 yrs,12K+,2.25
10333,23,Female,Married,Sales,Sales Representative,1,3,Life Sciences,8,Travel_Rarely,4536,16,1,Yes,3,3,0,0,0,1,6,3,3,3,4,3,3,No,0,18-25,2-3 yrs,3K-5K,3.25
10777,35,Male,Divorced,Research & Development,Healthcare Representative,1,4,Medical,1,Travel_Rarely,5001,12,0,No,13,2,2,1,0,2,6,3,3,3,4,3,3,No,0,26-35,2-3 yrs,5K-8K,3.25
10605,26,Male,Divorced,Research & Development,Healthcare Representative,1,4,Human Resources,5,Travel_Rarely,4624,14,1,No,3,0,0,0,0,9,1,3,3,3,1,2,4,Yes,1,26-35,0-1 yrs,3K-5K,2.5
10569,33,Male,Divorced,Sales,Manager,3,4,Technical Degree,10,Travel_Rarely,8862,12,2,No,14,11,8,10,9,7,5,3,3,1,1,1,2,No,0,26-35,10+ yrs,8K-12K,1.25
10937,28,Male,Single,Research & Development,Manufacturing Director,2,3,Life Sciences,18,Travel_Rarely,9938,14,1,No,6,4,1,4,4,4,6,3,2,3,1,2,4,Yes,1,26-35,4-6 yrs,8K-12K,2.5
11069,37,Female,Single,Sales,Sales Representative,3,3,Life Sciences,7,Travel_Frequently,9701,15,1,No,16,14,13,14,11,4,5,3,2,2,2,3,2,Yes,1,36-45,10+ yrs,8K-12K,2.25
10893,36,Male,Married,Research & Development,Healthcare Representative,5,5,Medical,5,Travel_Rarely,14508,11,1,No,11,9,7,0,9,6,2,4,3,2,3,3,2,Yes,1,36-45,7-10 yrs,12K+,2.5
11604,35,Female,Single,Research & Development,Manufacturing Director,2,3,Technical Degree,3,Travel_Frequently,7136,13,1,No,13,6,6,4,6,9,5,3,2,3,1,4,1,No,0,26-35,4-6 yrs,5K-8K,2.25
10055,37,Female,Married,Human Resources,HR Business Partner,1,3,Life Sciences,2,Travel_Rarely,5512,15,0,No,17,14,11,0,12,5,2,4,4,2,2,3,3,No,0,36-45,10+ yrs,5K-8K,2.5
11045,28,Male,Married,Research & Development,Research Director,2,3,Medical,3,Travel_Rarely,6973,16,1,No,5,0,0,0,0,1,3,3,4,1,4,3,1,No,0,26-35,0-1 yrs,5K-8K,2.25
10234,26,Female,Single,Sales,Sales Executive,1,4,Life Sciences,17,Non-Travel,6963,12,2,No,7,3,2,3,2,0,6,3,3,2,3,2,2,Yes,1,26-35,2-3 yrs,5K-8K,2.25
10085,21,Female,Single,Sales,Sales Representative,2,5,Technical Degree,3,Travel_Frequently,6115,15,1,No,0,0,0,0,0,7,1,3,4,1,1,3,2,No,0,18-25,0-1 yrs,5K-8K,1.75
10642,34,Female,Single,Sales,Sales Representative,1,4,Technical Degree,5,Travel_Rarely,6377,20,1,No,10,9,6,1,6,6,1,3,2,2,3,3,4,No,0,26-35,7-10 yrs,5K-8K,3.0
10416,32,Male,Single,Research & Development,Healthcare Representative,2,4,Life Sciences,4,Travel_Frequently,8506,24,2,Yes,8,6,6,3,3,0,5,3,3,3,2,3,3,No,0,26-35,4-6 yrs,8K-12K,2.75
10065,25,Male,Single,Research & Development,Healthcare Representative,2,2,Technical Degree,1,Travel_Rarely,6531,13,0,No,4,0,0,0,0,8,5,3,2,3,4,3,4,No,0,18-25,0-1 yrs,5K-8K,3.5
11362,28,Female,Married,Research & Development,Laboratory Technician,1,4,Medical,3,Travel_Rarely,5512,16,0,No,5,1,1,1,0,6,4,3,3,4,4,2,3,No,0,26-35,0-1 yrs,5K-8K,3.25
10930,47,Female,Married,Research & Development,Healthcare Representative,2,3,Other,13,Travel_Rarely,8899,13,0,Yes,26,18,15,11,18,7,5,4,3,1,3,2,4,Yes,1,46-55,10+ yrs,8K-12K,2.5
10188,29,Male,Single,Research & Development,Research Scientist,3,2,Technical Degree,8,Travel_Rarely,9674,15,1,No,6,5,3,0,3,2,5,4,2,2,1,3,1,No,0,26-35,4-6 yrs,8K-12K,1.75
10756,39,Female,Divorced,Research & Development,Healthcare Representative,2,3,Medical,1,Non-Travel,8353,15,0,No,19,15,14,5,14,8,6,4,3,1,2,3,3,No,0,36-45,10+ yrs,8K-12K,2.25
10993,32,Male,Single,Research & Development,Laboratory Technician,2,3,Life Sciences,12,Travel_Rarely,7609,12,2,Yes,9,3,1,3,3,1,1,3,3,2,2,3,1,No,0,26-35,2-3 yrs,5K-8K,2.0
10152,19,Male,Married,Sales,Manager,3,3,Medical,1,Travel_Rarely,10073,19,1,No,0,0,0,0,0,5,6,3,4,1,4,3,4,No,0,18-25,0-1 yrs,8K-12K,3.0
10832,29,Male,Married,Sales,Sales Executive,1,1,Marketing,3,Travel_Rarely,4456,13,0,No,5,5,4,3,3,5,4,3,2,2,2,1,4,Yes,1,26-35,4-6 yrs,3K-5K,2.25
11284,23,Female,Married,Research & Development,Research Scientist,2,2,Life Sciences,3,Travel_Rarely,8296,11,2,No,4,0,0,0,0,2,3,3,3,1,2,1,1,No,0,18-25,0-1 yrs,8K-12K,1.25
11131,52,Female,Divorced,Human Resources,Human Resources,3,3,Medical,2,Travel_Rarely,12418,13,0,No,33,12,9,2,11,9,1,3,4,2,2,3,1,No,0,46-55,10+ yrs,12K+,2.0
10389,38,Male,Married,Research & Development,Manufacturing Director,4,3,Technical Degree,22,Travel_Rarely,11778,17,0,No,17,17,16,2,14,4,6,3,2,4,3,3,1,No,0,36-45,10+ yrs,8K-12K,2.75
10138,60,Female,Single,Sales,Manager,3,3,Life Sciences,20,Travel_Rarely,12653,14,1,Yes,40,11,9,2,11,7,5,3,3,1,3,2,1,No,0,56-65,10+ yrs,12K+,1.75
10732,38,Male,Single,Sales,Manager,3,3,Other,1,Travel_Frequently,10869,11,0,No,17,3,1,3,2,8,2,3,3,4,4,2,3,No,0,36-45,2-3 yrs,8K-12K,3.25
10173,36,Female,Single,Research & Development,Healthcare Representative,1,5,Medical,6,Travel_Rarely,5200,20,1,No,16,6,6,5,5,9,1,3,2,4,2,3,4,No,0,36-45,4-6 yrs,5K-8K,3.25
10531,31,Male,Married,Research & Development,Manufacturing Director,1,4,Marketing,20,Travel_Rarely,3590,11,0,Yes,7,3,2,3,1,1,0,3,3,2,1,2,2,Yes,1,26-35,2-3 yrs,3K-5K,1.75
11005,26,Male,Single,Research & Development,Laboratory Technician,1,4,Medical,17,Travel_Rarely,6585,14,2,Yes,7,3,3,1,1,6,6,3,4,4,2,4,3,Yes,1,26-35,2-3 yrs,5K-8K,3.25
10766,32,Male,Divorced,Research & Development,Healthcare Representative,1,3,Marketing,1,Non-Travel,4093,21,0,No,14,9,7,0,8,9,0,4,2,1,4,4,2,No,0,26-35,7-10 yrs,3K-5K,2.75
10456,42,Female,Divorced,Research & Development,Laboratory Technician,1,3,Other,5,Travel_Rarely,6544,14,1,No,18,13,13,1,10,6,0,3,3,3,1,3,2,No,0,36-45,10+ yrs,5K-8K,2.25
10736,29,Male,Single,Sales,Sales Executive,3,1,Human Resources,25,Travel_Rarely,9278,11,0,No,5,1,0,0,0,9,4,3,4,3,3,2,1,No,0,26-35,0-1 yrs,8K-12K,2.25
11188,28,Female,Married,Research & Development,Healthcare Representative,2,3,Life Sciences,3,Travel_Rarely,7135,16,0,No,8,7,7,2,6,0,0,3,3,4,4,3,4,Yes,1,26-35,7-10 yrs,5K-8K,3.75
11265,27,Female,Married,Research & Development,Research Director,4,3,Human Resources,9,Travel_Rarely,12724,17,1,No,5,4,2,2,1,2,5,3,3,2,3,3,4,No,0,26-35,4-6 yrs,12K+,3.0
10595,21,Female,Single,Human Resources,Manager,1,3,Technical Degree,5,Travel_Rarely,4372,19,3,No,0,0,0,0,0,4,4,3,3,4,2,1,3,No,0,18-25,0-1 yrs,3K-5K,2.5
11146,58,Female,Divorced,Sales,Sales Executive,5,2,Human Resources,5,Travel_Rarely,17381,17,1,Yes,35,24,21,3,24,6,6,3,4,3,3,3,4,No,0,56-65,10+ yrs,12K+,3.25
11147,18,Female,Divorced,Sales,Sales Representative,1,3,Marketing,1,Travel_Rarely,5400,17,1,No,0,0,0,0,0,5,0,3,2,3,4,3,3,No,0,18-25,0-1 yrs,5K-8K,3.25
10375,39,Male,Divorced,Research & Development,Research Director,3,4,Human Resources,2,Non-Travel,11171,14,1,Yes,19,11,9,4,9,4,3,3,2,1,2,3,3,No,0,36-45,10+ yrs,8K-12K,2.25
11516,35,Female,Single,Research & Development,Research Director,4,2,Marketing,9,Non-Travel,13837,11,0,No,14,5,2,1,5,0,5,3,4,2,4,2,1,No,0,26-35,4-6 yrs,12K+,2.25
10901,24,Female,Married,Human Resources,Manager,1,2,Medical,1,Travel_Rarely,5000,11,1,No,6,2,0,0,2,8,5,3,4,1,4,2,4,No,0,18-25,2-3 yrs,3K-5K,2.75
10710,32,Male,Divorced,Research & Development,Manufacturing Director,2,3,Other,1,Travel_Rarely,8663,14,0,No,11,11,9,3,8,1,5,3,3,2,3,3,4,No,0,26-35,10+ yrs,8K-12K,3.0
11643,47,Male,Married,Sales,Sales Executive,2,4,Medical,6,Travel_Frequently,10331,14,2,No,28,22,20,15,19,2,1,3,3,2,4,2,1,No,0,46-55,10+ yrs,8K-12K,2.25
10161,42,Male,Single,Human Resources,HR Business Partner,3,3,Life Sciences,1,Travel_Rarely,10642,11,1,No,18,15,13,3,14,2,4,3,3,4,3,3,1,No,0,36-45,10+ yrs,8K-12K,2.75
11403,37,Female,Divorced,Research & Development,Research Scientist,1,5,Technical Degree,7,Travel_Rarely,6681,12,0,No,13,5,5,3,4,8,1,3,4,1,1,3,4,Yes,1,36-45,4-6 yrs,5K-8K,2.25
10051,18,Female,Single,Research & Development,Research Scientist,1,4,Life Sciences,1,Travel_Rarely,3631,12,3,Yes,0,0,0,0,0,0,2,3,3,4,4,4,2,No,0,18-25,0-1 yrs,3K-5K,3.5
11285,18,Female,Divorced,Human Resources,Manager,1,3,Life Sciences,15,Travel_Frequently,6367,16,1,No,0,0,0,0,0,2,2,3,1,2,3,4,4,No,0,18-25,0-1 yrs,5K-8K,3.25
11185,45,Male,Single,Human Resources,Manager,4,3,Life Sciences,16,Travel_Frequently,14901,12,1,Yes,27,6,4,1,3,0,5,3,3,1,4,3,3,No,0,36-45,4-6 yrs,12K+,2.75
10671,33,Male,Married,Research & Development,Manager,2,1,Technical Degree,11,Travel_Frequently,9153,12,1,Yes,13,10,9,6,9,5,0,4,3,3,2,2,1,No,0,26-35,7-10 yrs,8K-12K,2.0
10033,50,Female,Single,Research & Development,Manager,3,3,Human Resources,16,Travel_Rarely,11979,18,0,Yes,31,4,2,0,3,1,0,3,3,2,3,3,4,No,0,46-55,4-6 yrs,8K-12K,3.0
10770,42,Female,Married,Sales,Manager,1,3,Other,21,Travel_Rarely,5898,14,0,No,18,5,5,2,2,4,2,3,3,3,1,2,3,No,0,36-45,4-6 yrs,5K-8K,2.25
10239,35,Female,Divorced,Research & Development,Laboratory Technician,2,3,Marketing,1,Travel_Rarely,8763,13,2,No,14,7,4,4,6,0,2,3,3,3,4,1,4,No,0,26-35,7-10 yrs,8K-12K,3.0
11231,31,Male,Single,Research & Development,Research Scientist,1,2,Life Sciences,1,Travel_Rarely,7292,14,0,No,8,1,0,0,0,1,0,3,3,3,1,3,2,No,0,26-35,0-1 yrs,5K-8K,2.25
10355,43,Male,Single,Research & Development,Research Director,4,1,Medical,5,Travel_Rarely,13508,14,1,Yes,20,4,1,3,4,5,4,3,3,2,3,3,1,No,0,36-45,4-6 yrs,12K+,2.25
10165,36,Male,Married,Research & Development,Laboratory Technician,1,2,Technical Degree,5,Non-Travel,7176,11,0,No,14,0,0,0,0,0,6,3,2,3,3,3,2,Yes,1,36-45,0-1 yrs,5K-8K,2.75
10487,22,Female,Divorced,Research & Development,Research Scientist,1,3,Technical Degree,3,Travel_Rarely,5528,11,2,Yes,1,1,0,0,0,0,2,4,2,1,4,3,3,Yes,1,18-25,0-1 yrs,5K-8K,2.75
10983,23,Male,Divorced,Research & Development,Research Scientist,3,2,Medical,18,Travel_Frequently,9444,15,0,No,5,0,0,0,0,7,4,4,3,2,3,3,1,No,0,18-25,0-1 yrs,8K-12K,2.25
11119,44,Male,Married,Research & Development,Manager,3,4,Human Resources,5,Travel_Rarely,11143,12,2,No,20,18,18,7,15,5,0,3,3,2,4,2,3,Yes,1,36-45,10+ yrs,8K-12K,2.75
10128,40,Female,Single,Research & Development,Laboratory Technician,1,2,Medical,7,Travel_Rarely,7090,18,2,No,16,9,6,1,9,6,4,3,3,3,2,4,1,No,0,36-45,7-10 yrs,5K-8K,2.5
10867,41,Female,Married,Sales,Sales Representative,1,4,Life Sciences,22,Travel_Rarely,7006,17,3,No,20,5,3,4,4,1,0,3,2,3,3,2,4,No,0,36-45,4-6 yrs,5K-8K,3.0
10296,33,Female,Married,Research & Development,Healthcare Representative,1,4,Human Resources,1,Travel_Frequently,6729,13,1,No,11,3,1,3,2,5,3,3,3,4,4,3,4,No,0,26-35,2-3 yrs,5K-8K,3.75
11345,36,Male,Single,Sales,Sales Representative,1,3,Life Sciences,18,Travel_Rarely,4594,15,0,No,15,6,6,2,6,8,1,4,3,4,1,4,2,No,0,36-45,4-6 yrs,3K-5K,2.75
10475,20,Male,Divorced,Sales,Sales Representative,2,4,Human Resources,8,Travel_Frequently,7206,14,1,Yes,2,0,0,0,0,1,2,3,2,1,1,3,1,Yes,1,18-25,0-1 yrs,5K-8K,1.5
10928,40,Female,Married,Research & Development,Manager,1,3,Medical,5,Travel_Rarely,5426,14,1,No,19,16,14,11,16,1,3,3,2,4,1,3,3,No,0,36-45,10+ yrs,5K-8K,2.75
10473,31,Female,Married,Sales,Manager,1,3,Technical Degree,17,Travel_Rarely,5606,13,0,No,7,5,2,2,4,0,6,3,3,1,3,3,4,No,0,26-35,4-6 yrs,5K-8K,2.75
11485,33,Male,Married,Research & Development,Manufacturing Director,2,3,Life Sciences,15,Travel_Rarely,7683,11,1,Yes,13,13,11,0,11,2,5,3,2,4,4,3,1,No,0,26-35,10+ yrs,5K-8K,3.0
10881,42,Female,Divorced,Sales,Sales Executive,1,3,Medical,1,Non-Travel,6795,18,0,No,20,18,17,10,18,5,5,4,4,3,3,3,4,No,0,36-45,10+ yrs,5K-8K,3.25
11375,34,Female,Single,Sales,Manager,1,2,Life Sciences,6,Travel_Rarely,6235,14,0,Yes,13,4,2,0,4,3,0,3,3,4,2,4,4,No,0,26-35,4-6 yrs,5K-8K,3.5
10907,33,Female,Divorced,Research & Development,Research Scientist,1,3,Medical,12,Travel_Frequently,5914,14,0,No,15,7,4,1,6,2,6,4,1,4,4,3,3,No,0,26-35,7-10 yrs,5K-8K,3.5
10002,33,Male,Married,Research & Development,Manager,5,1,Life Sciences,3,Travel_Rarely,13981,11,0,Yes,12,5,4,5,4,0,3,3,3,3,4,3,2,No,0,26-35,4-6 yrs,12K+,3.0
10098,56,Male,Single,Research & Development,Research Director,3,4,Medical,2,Travel_Frequently,11669,19,0,No,36,7,5,0,6,8,4,3,3,2,2,1,4,Yes,1,56-65,7-10 yrs,8K-12K,2.25
10816,26,Female,Divorced,Sales,Sales Representative,3,4,Medical,2,Travel_Rarely,7502,20,2,Yes,5,1,0,1,0,6,2,3,3,3,3,3,2,No,0,26-35,0-1 yrs,5K-8K,2.75
11195,43,Male,Divorced,Research & Development,Research Scientist,4,2,Human Resources,3,Travel_Frequently,12789,15,1,No,25,9,7,1,6,6,6,3,3,3,1,3,4,No,0,36-45,7-10 yrs,12K+,2.75
10577,51,Female,Divorced,Sales,Manager,4,3,Technical Degree,2,Travel_Rarely,14792,11,0,No,33,3,0,3,2,1,1,3,2,2,1,3,1,No,0,46-55,2-3 yrs,12K+,1.75
11224,26,Male,Divorced,Sales,Manager,4,4,Life Sciences,7,Travel_Frequently,10868,11,0,No,7,2,2,1,1,7,5,3,3,1,3,3,3,No,0,26-35,2-3 yrs,8K-12K,2.5
10090,28,Male,Married,Research & Development,Laboratory Technician,2,2,Human Resources,1,Travel_Rarely,7781,13,0,No,6,3,3,3,3,6,5,3,3,4,4,3,1,No,0,26-35,2-3 yrs,5K-8K,3.0
10821,53,Male,Single,Research & Development,Healthcare Representative,3,4,Life Sciences,23,Travel_Frequently,10887,15,2,No,33,16,13,4,15,1,1,3,2,2,3,3,4,No,0,46-55,10+ yrs,8K-12K,3.0
10721,42,Female,Single,Research & Development,Manager,1,3,Life Sciences,18,Travel_Rarely,7880,21,1,No,23,8,8,4,8,6,4,3,3,3,2,4,4,No,0,36-45,7-10 yrs,5K-8K,3.25
10450,33,Male,Single,Research & Development,Research Scientist,1,3,Human Resources,19,Non-Travel,7006,20,2,No,14,11,9,11,11,3,3,3,3,1,3,3,1,No,0,26-35,10+ yrs,5K-8K,2.0
10551,42,Female,Single,Research & Development,Research Director,1,2,Other,5,Travel_Rarely,6396,11,1,No,23,23,23,9,21,5,3,4,2,2,2,3,2,No,0,36-45,10+ yrs,5K-8K,2.25
10309,42,Female,Divorced,Research & Development,Manufacturing Director,5,3,Marketing,10,Travel_Frequently,16595,19,1,No,24,21,21,3,18,7,6,3,3,1,3,4,4,No,0,36-45,10+ yrs,12K+,3.0
11018,26,Female,Divorced,Human Resources,Human Resources,2,4,Medical,7,Travel_Frequently,7309,22,1,Yes,3,1,1,1,0,5,1,3,3,3,3,3,3,No,0,26-35,0-1 yrs,5K-8K,3.0
11006,34,Female,Single,Sales,Manager,1,4,Life Sciences,8,Travel_Rarely,6911,15,0,Yes,14,2,1,1,0,6,6,3,3,3,4,1,4,Yes,1,26-35,2-3 yrs,5K-8K,3.0
10673,44,Male,Divorced,Research & Development,Healthcare Representative,2,4,Life Sciences,6,Travel_Rarely,8722,16,2,No,26,6,5,3,3,8,5,3,2,3,3,3,4,No,0,36-45,4-6 yrs,8K-12K,3.25
10179,29,Male,Single,Sales,Sales Representative,1,5,Technical Degree,2,Travel_Rarely,6118,16,1,No,8,8,7,2,8,4,5,3,2,4,1,2,2,Yes,1,26-35,7-10 yrs,5K-8K,2.25
10434,23,Male,Married,Research & Development,Research Director,3,4,Life Sciences,2,Travel_Rarely,8755,19,0,Yes,4,2,0,0,0,8,1,3,2,2,2,4,1,No,0,18-25,2-3 yrs,8K-12K,2.25
10583,45,Male,Married,Sales,Sales Executive,1,5,Medical,29,Travel_Rarely,4900,15,1,No,24,2,2,0,2,1,0,3,2,2,2,1,3,Yes,1,36-45,2-3 yrs,3K-5K,2.0
11633,36,Female,Divorced,Research & Development,Manager,3,1,Technical Degree,27,Travel_Rarely,10011,11,0,No,15,0,0,0,0,4,0,3,3,1,3,4,4,No,0,36-45,0-1 yrs,8K-12K,3.0
11411,45,Female,Single,Sales,Manager,2,4,Marketing,13,Travel_Rarely,9265,18,1,No,27,14,12,5,12,5,2,3,3,2,1,2,3,Yes,1,36-45,10+ yrs,8K-12K,2.0
11326,40,Female,Divorced,Research & Development,Manager,2,3,Life Sciences,2,Travel_Rarely,8435,16,0,No,16,0,0,0,0,9,1,3,2,3,3,2,1,Yes,1,36-45,0-1 yrs,8K-12K,2.25
10656,24,Female,Single,Sales,Sales Executive,2,3,Life Sciences,7,Travel_Frequently,7560,11,0,Yes,6,1,0,1,0,5,5,3,4,4,4,3,2,No,0,18-25,0-1 yrs,5K-8K,3.25
10449,29,Female,Single,Research & Development,Laboratory Technician,3,5,Marketing,8,Travel_Frequently,9333,18,0,No,5,0,0,0,0,3,5,3,3,4,4,3,1,No,0,26-35,0-1 yrs,8K-12K,3.0
11029,32,Female,Single,Sales,Sales Executive,2,5,Marketing,7,Non-Travel,8368,16,0,Yes,13,5,2,3,4,1,2,4,3,4,3,2,4,Yes,1,26-35,4-6 yrs,8K-12K,3.25
10568,28,Female,Married,Sales,Manager,4,4,Other,11,Travel_Rarely,11314,17,0,No,10,4,3,4,4,7,3,3,3,2,1,4,4,Yes,1,26-35,4-6 yrs,8K-12K,2.75
10620,37,Female,Single,Research & Development,Healthcare Representative,2,2,Life Sciences,1,Travel_Rarely,8400,14,0,No,19,15,12,8,13,6,4,3,3,4,4,3,4,No,0,36-45,10+ yrs,8K-12K,3.75
11609,32,Female,Married,Research & Development,Manager,2,3,Life Sciences,1,Travel_Rarely,8204,13,1,No,11,11,10,11,8,3,2,3,3,2,3,2,1,Yes,1,26-35,10+ yrs,8K-12K,2.0
10493,22,Male,Divorced,Research & Development,Research Director,2,4,Medical,10,Travel_Rarely,6487,18,1,No,1,0,0,0,0,6,3,3,3,4,2,4,4,No,0,18-25,0-1 yrs,5K-8K,3.5
10386,38,Male,Married,Sales,Sales Executive,2,3,Other,1,Travel_Rarely,7424,16,1,No,20,19,17,12,18,8,2,3,3,3,3,3,2,No,0,36-45,10+ yrs,5K-8K,2.75
10742,46,Female,Married,Research & Development,Manager,2,4,Human Resources,1,Travel_Rarely,11154,17,0,No,28,20,19,7,20,7,1,3,3,3,1,4,1,No,0,46-55,10+ yrs,8K-12K,2.25
10282,45,Male,Single,Sales,Sales Executive,3,4,Life Sciences,1,Non-Travel,10932,13,3,Yes,27,11,10,5,9,1,0,4,2,2,4,2,1,Yes,1,36-45,10+ yrs,8K-12K,2.25
11582,48,Female,Married,Human Resources,HR Business Partner,2,3,Marketing,5,Travel_Frequently,9432,17,0,No,24,7,7,6,4,2,3,3,2,3,4,3,2,No,0,46-55,7-10 yrs,8K-12K,3.0
10746,36,Female,Divorced,Research & Development,Manager,2,1,Medical,4,Travel_Frequently,8373,14,0,No,15,12,10,7,11,6,6,3,3,3,4,2,2,No,0,36-45,10+ yrs,8K-12K,2.75
11368,42,Female,Married,Research & Development,Healthcare Representative,2,4,Other,6,Travel_Rarely,8456,12,0,Yes,18,14,13,0,14,6,2,3,3,3,4,3,3,Yes,1,36-45,10+ yrs,8K-12K,3.25
10484,39,Female,Married,Sales,Sales Executive,1,4,Life Sciences,14,Travel_Rarely,6246,15,0,No,17,7,4,0,6,1,0,3,2,4,3,4,2,No,0,36-45,7-10 yrs,5K-8K,3.25
10896,41,Female,Married,Research & Development,Healthcare Representative,2,2,Technical Degree,8,Travel_Rarely,8080,12,0,No,17,12,12,10,12,4,3,3,3,4,2,3,1,No,0,36-45,10+ yrs,8K-12K,2.5
11238,27,Male,Married,Human Resources,Human Resources,3,1,Technical Degree,1,Travel_Rarely,9592,15,1,Yes,3,1,1,2,0,0,4,3,3,3,1,3,4,Yes,1,26-35,0-1 yrs,8K-12K,2.75
11317,37,Female,Married,Human Resources,Manager,3,3,Technical Degree,4,Travel_Rarely,11622,11,1,No,15,4,3,2,3,5,4,3,2,3,1,3,2,No,0,36-45,4-6 yrs,8K-12K,2.25
10283,48,Female,Single,Research & Development,Healthcare Representative,2,4,Marketing,22,Travel_Rarely,9287,15,1,No,29,23,22,4,22,1,6,3,2,2,3,2,1,No,0,46-55,10+ yrs,8K-12K,2.0
10963,28,Male,Married,Research & Development,Laboratory Technician,2,4,Technical Degree,10,Travel_Rarely,7198,14,0,Yes,7,0,0,0,0,4,4,3,1,3,3,3,2,No,0,26-35,0-1 yrs,5K-8K,2.75
10438,42,Female,Divorced,Research & Development,Laboratory Technician,1,2,Marketing,20,Travel_Rarely,6317,23,1,Yes,19,8,8,2,8,1,5,3,3,3,4,2,2,No,0,36-45,7-10 yrs,5K-8K,2.75
11212,49,Male,Married,Human Resources,Human Resources,1,2,Life Sciences,12,Travel_Frequently,8382,11,0,No,27,11,10,9,10,3,5,3,2,3,4,2,4,No,0,46-55,10+ yrs,8K-12K,3.25
10781,27,Female,Single,Research & Development,Manager,3,3,Technical Degree,6,Travel_Rarely,11301,11,1,No,7,5,3,0,5,3,0,3,1,1,2,2,1,No,0,26-35,4-6 yrs,8K-12K,1.5
10549,51,Male,Married,Research & Development,Healthcare Representative,1,4,Life Sciences,1,Travel_Rarely,5562,18,2,No,31,14,12,4,13,4,6,3,4,3,4,3,2,No,0,46-55,10+ yrs,5K-8K,3.0
10854,49,Male,Married,Sales,Manager,4,4,Other,16,Non-Travel,13259,11,1,No,31,4,4,3,4,8,0,3,3,1,2,4,2,Yes,1,46-55,4-6 yrs,12K+,2.25
11030,29,Female,Married,Research & Development,Laboratory Technician,2,4,Life Sciences,4,Travel_Rarely,8137,18,0,Yes,11,7,5,3,4,2,6,3,3,1,1,4,3,Yes,1,26-35,7-10 yrs,8K-12K,2.25
11177,27,Female,Single,Research & Development,Research Director,5,5,Life Sciences,2,Travel_Rarely,13498,11,2,No,4,2,2,2,0,4,3,3,4,3,2,4,3,No,0,26-35,2-3 yrs,12K+,3.0
11490,34,Female,Married,Research & Development,Manufacturing Director,3,3,Life Sciences,16,Travel_Rarely,9913,11,0,Yes,15,13,10,6,10,2,1,3,3,4,4,2,4,Yes,1,26-35,10+ yrs,8K-12K,3.5
10783,52,Male,Single,Human Resources,Human Resources,4,4,Life Sciences,3,Travel_Rarely,13470,11,2,No,29,10,7,9,9,4,6,3,2,1,2,3,2,Yes,1,46-55,7-10 yrs,12K+,2.0
10994,45,Male,Single,Sales,Sales Executive,1,1,Human Resources,17,Non-Travel,6107,20,0,Yes,22,17,17,0,15,3,0,3,3,3,3,3,2,No,0,36-45,10+ yrs,5K-8K,2.75
11153,41,Male,Married,Research & Development,Manufacturing Director,1,5,Marketing,9,Travel_Rarely,5216,11,0,No,22,22,22,8,21,7,6,3,2,3,4,1,1,No,0,36-45,10+ yrs,5K-8K,2.25
11536,36,Male,Divorced,Research & Development,Healthcare Representative,1,2,Marketing,9,Non-Travel,6073,15,1,No,13,8,6,5,5,8,1,3,2,3,2,3,3,No,0,36-45,7-10 yrs,5K-8K,2.75
11059,52,Female,Single,Research & Development,Laboratory Technician,3,2,Life Sciences,6,Travel_Frequently,11460,16,0,No,29,22,20,7,21,9,5,3,3,4,4,3,4,No,0,46-55,10+ yrs,8K-12K,3.75
11200,22,Male,Single,Research & Development,Manager,2,4,Life Sciences,16,Travel_Rarely,6430,17,1,No,1,0,0,0,0,2,1,3,3,2,4,2,2,No,0,18-25,0-1 yrs,5K-8K,2.5
11094,50,Male,Divorced,Research & Development,Healthcare Representative,5,3,Other,4,Travel_Rarely,16757,11,0,Yes,27,12,10,4,11,3,0,3,3,4,3,2,4,No,0,46-55,10+ yrs,12K+,3.25
10841,41,Female,Married,Research & Development,Healthcare Representative,1,2,Human Resources,1,Travel_Rarely,6457,19,1,No,18,4,3,0,2,3,3,4,3,4,2,3,4,No,0,36-45,4-6 yrs,5K-8K,3.25
10674,43,Male,Married,Research & Development,Research Director,2,4,Life Sciences,1,Travel_Rarely,10041,20,0,No,22,14,12,6,11,8,2,4,3,1,4,2,4,No,0,36-45,10+ yrs,8K-12K,2.75
11594,44,Female,Married,Sales,Sales Representative,2,2,Life Sciences,1,Travel_Rarely,8788,22,1,No,23,10,8,7,10,3,0,3,4,4,2,4,3,No,0,36-45,7-10 yrs,8K-12K,3.25
10687,44,Female,Married,Research & Development,Healthcare Representative,4,3,Medical,1,Travel_Rarely,14473,22,1,No,20,17,16,10,17,6,2,3,4,3,2,2,4,No,0,36-45,10+ yrs,12K+,2.75
11114,42,Male,Single,Research & Development,Research Scientist,2,5,Life Sciences,1,Travel_Frequently,9625,14,2,No,21,16,16,10,13,2,4,4,3,3,3,4,4,No,0,36-45,10+ yrs,8K-12K,3.5
11408,31,Male,Married,Research & Development,Manufacturing Director,3,4,Life Sciences,1,Travel_Rarely,9919,11,1,No,10,8,8,7,8,2,1,3,3,4,3,2,3,No,0,26-35,7-10 yrs,8K-12K,3.0
10818,23,Male,Divorced,Research & Development,Healthcare Representative,3,3,Medical,12,Travel_Frequently,8564,19,0,Yes,0,0,0,0,0,3,2,3,2,3,1,3,4,No,0,18-25,0-1 yrs,8K-12K,2.75
11220,29,Male,Single,Research & Development,Research Scientist,3,4,Marketing,1,Travel_Rarely,9296,16,2,No,7,0,0,0,0,1,3,3,3,1,4,3,3,Yes,1,26-35,0-1 yrs,8K-12K,2.75
11583,20,Female,Single,Research & Development,Manager,2,2,Medical,1,Travel_Frequently,6170,11,0,No,0,0,0,0,0,3,4,3,3,4,4,4,1,No,0,18-25,0-1 yrs,5K-8K,3.25
10753,35,Female,Married,Research & Development,Laboratory Technician,4,3,Human Resources,7,Travel_Rarely,12805,14,2,Yes,13,8,8,4,7,2,3,3,4,3,3,4,2,No,0,26-35,7-10 yrs,12K+,3.0
10122,41,Female,Single,Sales,Sales Executive,1,3,Life Sciences,1,Travel_Rarely,6914,20,1,No,19,1,1,1,0,3,4,3,4,3,3,3,3,No,0,36-45,0-1 yrs,5K-8K,3.0
11324,31,Male,Married,Research & Development,Manufacturing Director,3,3,Medical,19,Travel_Rarely,9608,16,2,No,10,5,2,3,3,2,1,4,2,2,3,4,3,Yes,1,26-35,4-6 yrs,8K-12K,3.0
10700,44,Female,Married,Sales,Sales Representative,2,2,Marketing,11,Travel_Rarely,6833,11,0,No,20,12,11,10,11,7,6,3,3,1,1,2,4,Yes,1,36-45,10+ yrs,5K-8K,2.0
10877,60,Female,Divorced,Research & Development,Research Scientist,3,3,Medical,13,Travel_Rarely,12632,11,2,No,37,20,20,10,19,9,6,3,2,1,4,3,4,No,0,56-65,10+ yrs,12K+,3.0
11126,40,Male,Single,Human Resources,Manager,3,3,Human Resources,3,Travel_Rarely,11679,11,3,No,17,14,11,1,13,3,2,4,3,4,2,1,3,No,0,36-45,10+ yrs,8K-12K,2.5
10900,34,Female,Divorced,Research & Development,Laboratory Technician,5,5,Life Sciences,1,Travel_Rarely,14534,23,0,Yes,15,5,2,4,4,7,5,3,1,3,4,4,2,Yes,1,26-35,4-6 yrs,12K+,3.25
11074,18,Female,Married,Research & Development,Healthcare Representative,1,2,Medical,3,Travel_Rarely,4581,23,0,No,0,0,0,0,0,2,6,3,4,3,3,3,2,No,0,18-25,0-1 yrs,3K-5K,2.75
10017,45,Female,Married,Sales,Sales Executive,3,3,Marketing,29,Travel_Rarely,12438,17,1,No,24,15,14,2,14,6,6,4,3,1,3,3,1,No,0,36-45,10+ yrs,12K+,2.0
11573,34,Male,Married,Research & Development,Laboratory Technician,2,2,Life Sciences,13,Travel_Rarely,8137,18,0,No,16,0,0,0,0,0,6,3,3,3,1,3,1,No,0,26-35,0-1 yrs,8K-12K,2.0
10779,34,Male,Divorced,Research & Development,Research Scientist,1,3,Other,1,Travel_Rarely,6595,20,0,No,16,13,13,2,10,7,4,3,3,2,3,2,2,No,0,26-35,10+ yrs,5K-8K,2.25
10579,26,Male,Married,Research & Development,Manufacturing Director,5,3,Marketing,16,Travel_Rarely,11375,15,0,No,5,2,2,2,0,6,1,3,3,3,2,3,2,No,0,26-35,2-3 yrs,8K-12K,2.5
11495,25,Female,Married,Research & Development,Research Director,2,3,Medical,1,Travel_Rarely,7690,23,0,No,2,0,0,0,0,9,1,3,4,4,2,2,3,Yes,1,18-25,0-1 yrs,5K-8K,2.75
10925,45,Male,Single,Research & Development,Laboratory Technician,1,4,Medical,8,Non-Travel,8503,12,1,No,24,4,4,1,1,2,6,3,4,1,4,3,1,Yes,1,36-45,4-6 yrs,8K-12K,2.25
10856,45,Male,Married,Sales,Sales Executive,3,5,Marketing,1,Non-Travel,12512,15,0,No,25,16,14,14,16,8,6,3,3,2,1,3,1,No,0,36-45,10+ yrs,12K+,1.75
11598,29,Male,Married,Sales,Manager,2,1,Medical,7,Travel_Rarely,8594,19,1,No,10,10,10,5,10,5,2,3,3,4,4,4,3,No,0,26-35,7-10 yrs,8K-12K,3.75
10039,37,Male,Married,Research & Development,Healthcare Representative,1,2,Life Sciences,13,Travel_Rarely,5320,11,1,No,18,2,2,0,1,0,6,3,2,4,4,4,4,No,0,36-45,2-3 yrs,5K-8K,4.0
10294,39,Male,Married,Human Resources,HR Business Partner,1,3,Marketing,5,Non-Travel,7746,11,0,No,16,3,3,0,3,1,5,3,3,3,2,3,4,No,0,36-45,2-3 yrs,5K-8K,3.0
10032,34,Female,Married,Sales,Sales Executive,1,3,Life Sciences,3,Travel_Rarely,6053,14,0,No,16,8,7,2,7,1,0,3,3,2,3,3,4,No,0,26-35,7-10 yrs,5K-8K,3.0
10040,33,Male,Married,Sales,Manager,1,2,Technical Degree,10,Travel_Rarely,5847,11,1,No,15,4,3,0,4,8,2,3,3,4,2,4,1,Yes,1,26-35,4-6 yrs,5K-8K,2.75
10107,28,Male,Divorced,Research & Development,Manufacturing Director,2,1,Human Resources,14,Travel_Rarely,7700,18,0,No,8,5,5,4,2,6,3,3,2,1,4,4,3,No,0,26-35,4-6 yrs,5K-8K,3.0
10727,40,Male,Single,Research & Development,Manufacturing Director,1,3,Life Sciences,29,Travel_Rarely,8091,13,1,No,20,5,3,2,3,5,6,3,3,3,4,4,2,No,0,36-45,4-6 yrs,8K-12K,3.25
10024,28,Male,Married,Human Resources,HR Business Partner,1,5,Life Sciences,5,Travel_Frequently,4442,13,0,Yes,5,5,2,0,4,4,3,3,2,2,3,3,3,Yes,1,26-35,4-6 yrs,3K-5K,2.75
10711,43,Male,Divorced,Research & Development,Research Director,1,3,Life Sciences,5,Travel_Rarely,6203,13,0,Yes,21,4,1,3,4,9,5,3,3,2,3,3,3,No,0,36-45,4-6 yrs,5K-8K,2.75
10070,30,Male,Single,Research & Development,Manufacturing Director,2,4,Medical,7,Travel_Rarely,8938,16,1,No,10,4,3,3,1,5,4,3,4,2,4,3,1,No,0,26-35,4-6 yrs,8K-12K,2.5
11497,31,Female,Single,Research & Development,Research Scientist,5,4,Medical,12,Travel_Rarely,13762,18,1,No,8,1,0,1,0,6,1,3,1,1,2,3,4,No,0,26-35,0-1 yrs,12K+,2.5
10426,42,Female,Married,Research & Development,Research Director,1,4,Technical Degree,3,Travel_Rarely,5893,11,0,No,18,9,8,6,8,4,0,3,3,3,4,3,2,No,0,36-45,7-10 yrs,5K-8K,3.0
11144,30,Female,Married,Sales,Sales Representative,2,5,Technical Degree,14,Travel_Rarely,8546,12,1,No,8,1,0,2,0,5,4,3,3,3,3,3,4,No,0,26-35,0-1 yrs,8K-12K,3.25
11471,34,Male,Divorced,Sales,Sales Representative,5,4,Other,1,Travel_Frequently,15015,13,0,No,12,7,7,4,6,0,6,3,4,4,4,3,1,No,0,26-35,7-10 yrs,12K+,3.0
10104,29,Female,Single,Sales,Manager,1,5,Life Sciences,8,Travel_Frequently,6201,13,1,No,10,9,6,7,9,0,0,3,3,2,3,4,3,No,0,26-35,7-10 yrs,5K-8K,3.0
10556,21,Male,Single,Research & Development,Manager,5,5,Medical,7,Travel_Rarely,13491,11,0,Yes,2,2,1,2,2,6,4,3,3,2,2,1,3,No,0,18-25,2-3 yrs,12K+,2.0
11184,37,Male,Married,Research & Development,Research Scientist,3,3,Medical,9,Travel_Frequently,10586,11,0,No,15,7,5,5,6,4,4,3,1,3,1,3,2,No,0,36-45,7-10 yrs,8K-12K,2.25
11427,37,Female,Single,Research & Development,Manufacturing Director,2,2,Life Sciences,10,Travel_Frequently,8167,25,0,Yes,18,12,12,7,11,5,3,3,2,3,4,4,1,Yes,1,36-45,10+ yrs,8K-12K,3.0
10888,33,Male,Married,Research & Development,Healthcare Representative,1,4,Marketing,1,Travel_Rarely,4478,11,1,Yes,11,8,8,5,8,9,2,3,2,2,1,2,4,Yes,1,26-35,7-10 yrs,3K-5K,2.25
11504,43,Female,Married,Sales,Sales Executive,4,5,Life Sciences,19,Travel_Rarely,14188,11,1,Yes,22,5,4,4,5,0,2,3,2,3,1,4,3,No,0,36-45,4-6 yrs,12K+,2.75
11366,36,Female,Divorced,Research & Development,Research Scientist,4,1,Medical,4,Travel_Rarely,12684,14,0,Yes,13,11,11,5,8,8,5,3,2,4,4,4,2,No,0,36-45,10+ yrs,12K+,3.5
11566,47,Male,Married,Sales,Sales Executive,4,5,Marketing,1,Non-Travel,14277,11,2,No,27,5,5,1,2,8,4,3,3,3,4,3,4,No,0,46-55,4-6 yrs,12K+,3.5
10075,38,Male,Married,Sales,Manager,2,5,Marketing,15,Travel_Rarely,9245,11,2,No,20,9,9,4,9,6,2,3,2,4,4,4,2,No,0,36-45,7-10 yrs,8K-12K,3.5
10508,38,Male,Divorced,Research & Development,Manufacturing Director,3,5,Life Sciences,11,Travel_Rarely,10079,16,1,No,15,10,8,9,7,5,3,3,2,2,2,3,4,No,0,36-45,7-10 yrs,8K-12K,2.75
11511,36,Female,Married,Sales,Manager,2,3,Marketing,2,Non-Travel,8387,12,1,Yes,17,9,6,2,9,7,4,4,2,1,2,3,3,No,0,36-45,7-10 yrs,8K-12K,2.25
10219,28,Female,Married,Sales,Sales Representative,1,3,Medical,12,Travel_Rarely,4780,11,0,Yes,6,3,3,0,0,9,3,3,4,3,1,1,2,No,0,26-35,2-3 yrs,3K-5K,1.75
11477,25,Male,Married,Research & Development,Laboratory Technician,4,2,Life Sciences,14,Travel_Rarely,11213,14,1,No,2,0,0,0,0,0,3,4,1,4,4,1,2,No,0,18-25,0-1 yrs,8K-12K,2.75
11199,27,Male,Single,Research & Development,Laboratory Technician,1,5,Medical,4,Travel_Rarely,5561,19,0,No,8,8,5,5,5,0,3,3,1,2,2,3,2,Yes,1,26-35,7-10 yrs,5K-8K,2.25
10266,55,Male,Divorced,Sales,Sales Executive,1,4,Medical,4,Travel_Rarely,7001,15,2,No,34,3,3,2,2,8,4,3,1,4,1,2,4,No,0,46-55,2-3 yrs,5K-8K,2.75
11086,33,Male,Divorced,Sales,Sales Executive,4,4,Other,4,Travel_Rarely,12383,14,2,No,12,0,0,0,0,1,2,4,3,3,3,2,2,No,0,26-35,0-1 yrs,12K+,2.5
10503,48,Male,Single,Research & Development,Research Scientist,3,3,Marketing,8,Travel_Rarely,10872,12,1,No,28,14,14,5,12,1,3,3,3,3,3,3,2,No,0,46-55,10+ yrs,8K-12K,2.75
10435,46,Male,Married,Human Resources,Manager,2,3,Technical Degree,4,Travel_Rarely,8277,11,0,Yes,25,12,10,9,12,5,0,3,3,1,3,3,3,Yes,1,46-55,10+ yrs,8K-12K,2.5
10111,36,Male,Single,Sales,Manager,2,3,Life Sciences,4,Travel_Rarely,8028,11,0,No,13,10,8,9,7,6,6,3,4,4,3,3,3,Yes,1,36-45,7-10 yrs,8K-12K,3.25
10511,27,Male,Single,Sales,Sales Representative,5,2,Life Sciences,6,Travel_Rarely,13405,16,0,Yes,3,2,0,2,0,2,3,3,3,4,3,3,2,No,0,26-35,2-3 yrs,12K+,3.0
10889,38,Female,Married,Sales,Sales Executive,2,4,Human Resources,1,Travel_Rarely,9654,11,0,No,14,4,1,3,2,0,0,3,3,3,2,1,4,No,0,36-45,4-6 yrs,8K-12K,2.5
10041,30,Female,Married,Research & Development,Healthcare Representative,4,3,Life Sciences,2,Travel_Rarely,11990,11,0,Yes,10,8,7,4,6,7,1,4,3,3,3,3,3,Yes,1,26-35,7-10 yrs,8K-12K,3.0
10505,42,Female,Divorced,Research & Development,Manager,2,3,Life Sciences,1,Travel_Rarely,9455,15,0,Yes,22,10,8,5,7,7,2,3,3,4,2,3,2,No,0,36-45,7-10 yrs,8K-12K,2.75
10277,37,Female,Divorced,Human Resources,HR Business Partner,3,4,Life Sciences,3,Travel_Rarely,9870,11,1,No,17,15,13,2,14,8,0,3,4,2,3,4,4,No,0,36-45,10+ yrs,8K-12K,3.25
10810,35,Female,Single,Research & Development,Research Director,4,3,Life Sciences,1,Travel_Rarely,11262,15,2,No,12,4,2,1,1,9,5,3,2,3,4,3,2,No,0,26-35,4-6 yrs,8K-12K,3.0
10340,36,Female,Married,Research & Development,Manager,2,2,Life Sciences,2,Non-Travel,7703,14,2,No,13,9,9,2,6,6,6,3,3,4,4,4,4,No,0,36-45,7-10 yrs,5K-8K,4.0
11596,28,Male,Married,Sales,Sales Representative,4,3,Medical,3,Travel_Rarely,12151,12,1,No,7,5,2,5,3,7,4,3,4,2,2,2,4,No,0,26-35,4-6 yrs,12K+,2.5
11395,42,Male,Married,Research & Development,Laboratory Technician,1,4,Life Sciences,7,Non-Travel,6622,17,3,Yes,24,8,7,6,7,2,0,3,3,3,3,3,4,No,0,36-45,7-10 yrs,5K-8K,3.25
10946,23,Male,Married,Sales,Sales Executive,2,4,Life Sciences,12,Travel_Frequently,7384,11,1,Yes,4,0,0,0,0,3,4,3,2,1,4,1,4,Yes,1,18-25,0-1 yrs,5K-8K,2.5
11271,28,Female,Married,Research & Development,Research Director,1,3,Technical Degree,8,Travel_Frequently,2260,18,2,Yes,4,1,0,0,0,2,1,4,3,4,2,1,4,Yes,1,26-35,0-1 yrs,<3K,2.75
10186,38,Female,Single,Research & Development,Manufacturing Director,1,4,Life Sciences,7,Travel_Rarely,5625,21,1,No,17,16,16,11,13,9,3,3,3,4,4,2,3,No,0,36-45,10+ yrs,5K-8K,3.25
10799,43,Female,Divorced,Research & Development,Research Scientist,2,4,Marketing,8,Travel_Rarely,9563,14,0,Yes,24,5,2,3,3,5,1,3,3,4,3,1,2,No,0,36-45,4-6 yrs,8K-12K,2.5
10931,41,Male,Married,Human Resources,Human Resources,4,3,Life Sciences,1,Travel_Rarely,13723,11,1,No,17,8,5,6,7,3,3,3,2,4,3,2,4,No,0,36-45,7-10 yrs,12K+,3.25
10745,32,Female,Single,Research & Development,Manager,3,2,Medical,6,Travel_Rarely,9583,18,0,No,13,1,1,0,0,4,4,3,3,2,4,2,4,No,0,26-35,0-1 yrs,8K-12K,3.0
10979,23,Male,Divorced,Sales,Manager,3,3,Life Sciences,1,Travel_Rarely,8779,17,1,No,5,2,0,0,0,8,3,3,2,1,4,3,2,No,0,18-25,2-3 yrs,8K-12K,2.5
10062,42,Female,Divorced,Sales,Sales Executive,1,3,Human Resources,3,Travel_Rarely,5913,14,2,No,22,3,0,0,3,1,1,3,3,3,4,4,2,No,0,36-45,2-3 yrs,5K-8K,3.25
10798,46,Male,Married,Sales,Sales Representative,1,3,Human Resources,3,Travel_Rarely,6812,11,2,Yes,22,6,5,5,5,1,5,3,3,2,2,2,3,No,0,46-55,4-6 yrs,5K-8K,2.25
11128,32,Female,Married,Research & Development,Manager,1,2,Life Sciences,17,Travel_Rarely,6497,13,1,No,13,1,0,0,0,4,4,4,4,4,3,3,3,Yes,1,26-35,0-1 yrs,5K-8K,3.25
11505,22,Male,Divorced,Sales,Sales Representative,3,2,Marketing,2,Travel_Rarely,10357,14,1,Yes,3,3,3,3,1,1,3,4,3,2,1,4,2,No,0,18-25,2-3 yrs,8K-12K,2.25
11438,34,Male,Married,Sales,Sales Executive,1,5,Other,29,Travel_Rarely,8378,15,0,No,11,2,1,2,0,7,5,3,2,3,3,1,2,No,0,26-35,2-3 yrs,8K-12K,2.25
10194,22,Female,Single,Research & Development,Healthcare Representative,1,4,Technical Degree,9,Travel_Frequently,6230,11,0,Yes,3,0,0,0,0,6,3,3,3,2,1,3,1,Yes,1,18-25,0-1 yrs,5K-8K,1.75
10647,43,Female,Married,Research & Development,Healthcare Representative,3,3,Other,1,Travel_Rarely,9843,12,0,No,20,14,14,13,14,2,0,3,3,4,1,2,3,No,0,36-45,10+ yrs,8K-12K,2.5
10034,33,Female,Married,Sales,Manager,5,2,Human Resources,6,Travel_Rarely,13899,19,1,No,10,0,0,0,0,8,1,3,2,1,1,3,1,No,0,26-35,0-1 yrs,12K+,1.5
11249,34,Female,Married,Research & Development,Manufacturing Director,3,2,Medical,9,Travel_Rarely,9823,13,0,Yes,11,6,3,5,3,1,0,4,3,2,3,3,3,No,0,26-35,4-6 yrs,8K-12K,2.75
10801,46,Female,Married,Research & Development,Laboratory Technician,2,3,Human Resources,1,Travel_Rarely,8158,17,1,Yes,24,19,19,4,18,6,0,3,3,3,3,4,4,No,0,46-55,10+ yrs,8K-12K,3.5
10058,43,Female,Married,Sales,Sales Representative,2,3,Other,4,Travel_Rarely,9129,22,0,No,25,10,10,1,7,7,1,3,3,3,3,2,3,No,0,36-45,7-10 yrs,8K-12K,2.75
10939,36,Male,Divorced,Sales,Sales Representative,2,4,Human Resources,10,Travel_Rarely,8488,16,2,No,18,4,1,4,3,1,1,3,2,3,1,3,3,No,0,36-45,4-6 yrs,8K-12K,2.5
11118,37,Male,Single,Research & Development,Manager,3,3,Life Sciences,10,Travel_Rarely,10402,15,1,No,18,4,3,3,1,0,6,3,3,2,4,4,3,Yes,1,36-45,4-6 yrs,8K-12K,3.25
10359,35,Female,Divorced,Research & Development,Manager,1,2,Technical Degree,4,Travel_Rarely,6457,22,1,No,15,0,0,0,0,2,0,3,3,2,4,3,1,No,0,26-35,0-1 yrs,5K-8K,2.5
11402,27,Male,Married,Research & Development,Healthcare Representative,1,4,Human Resources,2,Travel_Rarely,4761,13,2,No,5,5,3,2,5,0,4,3,4,1,3,3,4,No,0,26-35,4-6 yrs,3K-5K,2.75
10069,33,Male,Divorced,Research & Development,Manager,1,2,Marketing,4,Travel_Rarely,6181,16,0,No,13,13,11,3,13,4,6,3,3,2,1,3,4,Yes,1,26-35,10+ yrs,5K-8K,2.5
10292,41,Female,Married,Human Resources,HR Business Partner,1,5,Marketing,17,Non-Travel,8048,11,3,No,19,4,4,2,2,2,2,3,2,2,2,3,2,Yes,1,36-45,4-6 yrs,8K-12K,2.25
10047,28,Female,Married,Human Resources,Manager,2,4,Technical Degree,2,Travel_Rarely,7669,14,0,No,4,3,3,2,1,6,2,3,3,4,1,1,2,No,0,26-35,2-3 yrs,5K-8K,2.0
10924,49,Male,Married,Research & Development,Laboratory Technician,1,2,Life Sciences,4,Travel_Rarely,7895,11,0,No,31,24,22,8,23,5,5,3,3,4,4,3,2,No,0,46-55,10+ yrs,5K-8K,3.25
10278,47,Female,Married,Research & Development,Research Scientist,2,2,Life Sciences,3,Travel_Rarely,9091,17,0,No,24,15,13,14,13,7,1,3,2,2,4,3,1,Yes,1,46-55,10+ yrs,8K-12K,2.5
11567,42,Male,Married,Sales,Sales Executive,1,1,Medical,11,Travel_Rarely,4805,13,3,No,18,7,5,3,5,9,2,4,2,2,2,4,4,No,0,36-45,7-10 yrs,3K-5K,3.0
10225,31,Female,Married,Sales,Manager,1,2,Human Resources,1,Non-Travel,5775,21,2,No,7,6,6,6,6,4,3,3,3,3,4,2,4,No,0,26-35,4-6 yrs,5K-8K,3.25
10865,18,Male,Married,Sales,Manager,2,3,Human Resources,11,Travel_Rarely,6653,18,2,No,0,0,0,0,0,1,6,4,3,1,3,3,4,Yes,1,18-25,0-1 yrs,5K-8K,2.75
10382,25,Male,Married,Research & Development,Manufacturing Director,1,3,Medical,2,Travel_Rarely,5952,13,1,No,3,2,1,0,0,3,1,3,2,4,3,4,2,Yes,1,18-25,2-3 yrs,5K-8K,3.25
11208,49,Female,Single,Research & Development,Manufacturing Director,3,4,Medical,3,Travel_Rarely,13046,11,1,Yes,29,12,12,8,9,4,2,3,3,4,3,3,2,Yes,1,46-55,10+ yrs,12K+,3.0
10365,29,Female,Married,Research & Development,Research Scientist,1,4,Life Sciences,8,Travel_Rarely,4818,15,2,Yes,7,7,4,2,6,4,1,3,4,3,3,3,3,No,0,26-35,7-10 yrs,3K-5K,3.0
11593,33,Female,Divorced,Research & Development,Healthcare Representative,2,4,Marketing,19,Travel_Rarely,7995,11,2,No,10,6,5,4,5,7,4,3,1,2,4,3,3,No,0,26-35,4-6 yrs,5K-8K,3.0
11025,23,Male,Married,Research & Development,Research Director,1,4,Life Sciences,8,Travel_Rarely,4388,12,2,No,0,0,0,0,0,5,3,3,3,2,4,2,1,No,0,18-25,0-1 yrs,3K-5K,2.25
10774,41,Male,Married,Human Resources,Manager,4,1,Life Sciences,7,Travel_Rarely,12211,13,2,No,21,4,3,4,3,9,3,3,3,3,4,4,1,No,0,36-45,4-6 yrs,12K+,3.0
11105,41,Male,Married,Sales,Manager,1,3,Life Sciences,1,Travel_Frequently,6543,16,0,No,22,10,8,9,8,7,4,3,1,1,2,3,4,No,0,36-45,7-10 yrs,5K-8K,2.5
10067,19,Male,Divorced,Research & Development,Research Director,3,2,Life Sciences,7,Travel_Rarely,10073,19,2,No,1,1,0,1,0,6,3,3,1,3,3,3,3,No,0,18-25,0-1 yrs,8K-12K,3.0
11056,37,Male,Single,Human Resources,Human Resources,2,3,Life Sciences,1,Travel_Rarely,8855,11,2,No,18,7,5,6,6,1,0,3,2,4,2,4,2,Yes,1,36-45,7-10 yrs,8K-12K,3.0
10868,45,Female,Divorced,Research & Development,Research Scientist,2,4,Medical,2,Travel_Rarely,8456,19,0,No,27,7,5,4,5,0,5,4,1,4,1,3,2,Yes,1,36-45,7-10 yrs,8K-12K,2.5
10029,34,Female,Single,Sales,Manager,1,3,Human Resources,1,Travel_Rarely,5713,17,0,Yes,13,10,9,8,8,9,4,4,3,3,2,4,3,No,0,26-35,7-10 yrs,5K-8K,3.0
10295,24,Male,Married,Research & Development,Manager,1,4,Technical Degree,29,Travel_Frequently,3791,17,1,No,2,0,0,0,0,2,4,3,2,1,2,4,2,Yes,1,18-25,0-1 yrs,3K-5K,2.25
10114,22,Male,Married,Research & Development,Laboratory Technician,1,5,Medical,1,Travel_Rarely,4436,11,0,No,1,0,0,0,0,3,6,4,1,3,3,3,3,No,0,18-25,0-1 yrs,3K-5K,3.0
10246,21,Male,Married,Research & Development,Research Director,2,2,Human Resources,14,Travel_Rarely,6799,18,0,No,3,2,1,2,1,8,4,4,2,3,2,1,4,No,0,18-25,2-3 yrs,5K-8K,2.5
11023,40,Male,Married,Research & Development,Research Scientist,2,3,Medical,1,Non-Travel,9881,17,0,Yes,19,7,5,6,6,5,3,4,2,2,2,3,2,Yes,1,36-45,7-10 yrs,8K-12K,2.25
10981,30,Female,Married,Research & Development,Manufacturing Director,2,3,Life Sciences,3,Travel_Rarely,7712,14,2,Yes,6,4,4,3,1,5,5,3,3,2,4,3,4,No,0,26-35,4-6 yrs,5K-8K,3.25
10412,43,Female,Married,Research & Development,Manufacturing Director,3,1,Human Resources,2,Travel_Rarely,12863,15,3,No,21,5,4,5,3,0,5,4,2,4,4,3,3,No,0,36-45,4-6 yrs,12K+,3.5
11478,36,Female,Married,Research & Development,Manager,1,4,Other,12,Travel_Rarely,5694,18,0,Yes,12,6,5,6,6,8,0,3,2,4,1,3,2,Yes,1,36-45,4-6 yrs,5K-8K,2.5
11293,42,Female,Married,Sales,Manager,2,1,Medical,13,Travel_Frequently,8002,15,1,Yes,22,13,13,10,10,8,6,4,2,2,3,4,1,Yes,1,36-45,10+ yrs,8K-12K,2.5
10117,33,Male,Married,Research & Development,Healthcare Representative,1,4,Life Sciences,17,Travel_Frequently,5400,14,0,No,10,7,6,1,5,0,2,3,3,3,1,3,1,No,0,26-35,7-10 yrs,5K-8K,2.0
11551,35,Male,Divorced,Human Resources,Human Resources,2,3,Life Sciences,2,Travel_Rarely,6248,12,3,Yes,16,10,7,7,8,7,4,3,2,2,3,2,3,No,0,26-35,7-10 yrs,5K-8K,2.5
11480,43,Male,Married,Human Resources,Manager,3,2,Life Sciences,14,Travel_Rarely,11558,11,1,No,25,0,0,0,0,1,2,3,3,3,3,3,4,No,0,36-45,0-1 yrs,8K-12K,3.25
10248,35,Male,Single,Research & Development,Research Director,1,4,Technical Degree,1,Travel_Rarely,7013,12,1,No,12,8,6,4,6,4,3,3,3,3,4,3,1,No,0,26-35,7-10 yrs,5K-8K,2.75
10666,39,Female,Married,Sales,Manager,3,2,Human Resources,7,Travel_Frequently,10342,11,0,No,18,1,1,0,0,1,2,3,3,1,3,3,3,No,0,36-45,0-1 yrs,8K-12K,2.5
11585,34,Male,Married,Sales,Sales Representative,3,4,Life Sciences,13,Travel_Rarely,9584,13,1,No,14,12,10,11,12,5,4,3,1,3,3,2,2,No,0,26-35,10+ yrs,8K-12K,2.5
11243,26,Male,Married,Sales,Sales Representative,4,3,Life Sciences,29,Travel_Rarely,12809,18,1,No,7,7,6,3,4,4,4,3,2,4,1,4,2,No,0,26-35,7-10 yrs,12K+,2.75
10093,38,Female,Single,Research & Development,Manager,2,3,Technical Degree,2,Travel_Frequently,8179,15,0,No,18,14,13,11,12,0,2,3,3,3,4,2,4,No,0,36-45,10+ yrs,8K-12K,3.25
10115,45,Female,Divorced,Research & Development,Manufacturing Director,1,4,Medical,3,Travel_Rarely,7298,14,0,No,22,1,0,1,0,7,5,3,4,2,4,4,4,No,0,36-45,0-1 yrs,5K-8K,3.5
10255,38,Female,Divorced,Research & Development,Healthcare Representative,1,1,Medical,13,Travel_Rarely,7105,20,1,No,16,12,11,4,9,1,0,3,3,2,1,3,4,Yes,1,36-45,10+ yrs,5K-8K,2.5
10430,43,Female,Single,Sales,Sales Representative,3,3,Life Sciences,7,Travel_Rarely,11563,16,0,No,21,11,8,6,9,8,5,3,2,3,4,3,1,No,0,36-45,10+ yrs,8K-12K,2.75
10589,36,Male,Divorced,Human Resources,Human Resources,1,3,Technical Degree,3,Travel_Rarely,5346,15,0,No,13,0,0,0,0,0,5,3,2,1,3,3,4,No,0,36-45,0-1 yrs,5K-8K,2.75
11341,31,Male,Divorced,Research & Development,Manufacturing Director,1,5,Marketing,9,Travel_Rarely,5185,14,0,No,12,7,4,4,5,2,6,3,3,3,1,3,3,No,0,26-35,7-10 yrs,5K-8K,2.5
10119,39,Male,Married,Human Resources,HR Business Partner,3,4,Life Sciences,11,Travel_Rarely,10387,15,0,Yes,16,9,7,1,8,5,0,3,2,3,3,3,4,No,0,36-45,7-10 yrs,8K-12K,3.25
10133,37,Female,Married,Research & Development,Research Director,3,2,Other,11,Travel_Rarely,10450,14,2,No,13,8,7,6,6,4,1,3,3,3,3,2,3,No,0,36-45,7-10 yrs,8K-12K,2.75
11196,36,Female,Married,Research & Development,Healthcare Representative,3,3,Medical,2,Travel_Rarely,10095,18,1,No,13,8,7,3,7,4,1,3,4,3,4,4,2,No,0,36-45,7-10 yrs,8K-12K,3.25
11564,34,Male,Single,Research & Development,Healthcare Representative,3,3,Technical Degree,22,Travel_Rarely,9941,15,3,No,11,6,3,0,4,2,3,3,3,3,2,2,1,No,0,26-35,4-6 yrs,8K-12K,2.0
10247,19,Female,Married,Human Resources,HR Business Partner,3,4,Life Sciences,2,Travel_Frequently,9357,11,1,Yes,0,0,0,0,0,4,5,3,3,3,4,3,2,No,0,18-25,0-1 yrs,8K-12K,3.0
11091,47,Female,Divorced,Research & Development,Manufacturing Director,1,5,Life Sciences,7,Travel_Frequently,7174,16,0,No,29,0,0,0,0,3,1,3,3,1,3,2,4,No,0,46-55,0-1 yrs,5K-8K,2.5
10776,38,Female,Divorced,Research & Development,Manager,2,4,Medical,1,Travel_Rarely,8951,22,0,No,14,0,0,0,0,7,0,3,3,3,3,3,1,Yes,1,36-45,0-1 yrs,8K-12K,2.5
10553,32,Female,Divorced,Sales,Manager,1,2,Medical,14,Travel_Rarely,6154,19,0,No,12,11,11,10,9,8,3,3,3,3,2,3,4,No,0,26-35,10+ yrs,5K-8K,3.0
11133,40,Female,Single,Human Resources,Manager,3,4,Other,1,Non-Travel,9888,15,0,No,20,4,4,3,2,5,3,3,3,1,3,4,4,No,0,36-45,4-6 yrs,8K-12K,3.0
11648,42,Female,Single,Research & Development,Research Scientist,2,4,Life Sciences,29,Travel_Rarely,8244,12,2,No,19,11,11,5,9,9,5,3,2,2,4,4,1,No,0,36-45,10+ yrs,8K-12K,2.75
11580,29,Male,Married,Research & Development,Research Scientist,5,2,Life Sciences,7,Non-Travel,15447,18,2,No,10,10,10,0,9,2,1,3,1,4,4,3,2,No,0,26-35,7-10 yrs,12K+,3.25
11134,42,Male,Single,Research & Development,Laboratory Technician,4,2,Life Sciences,1,Travel_Frequently,12693,15,3,Yes,23,17,17,4,17,6,6,3,4,3,3,3,4,No,0,36-45,10+ yrs,12K+,3.25
10652,32,Male,Married,Sales,Manager,4,2,Life Sciences,4,Travel_Rarely,11195,11,0,No,10,7,7,2,6,5,5,3,3,1,3,2,4,No,0,26-35,7-10 yrs,8K-12K,2.5
11605,21,Male,Single,Research & Development,Manufacturing Director,2,5,Medical,1,Travel_Rarely,6493,13,0,No,0,0,0,0,0,8,4,4,4,4,1,1,3,Yes,1,18-25,0-1 yrs,5K-8K,2.25
10534,45,Female,Single,Research & Development,Healthcare Representative,1,2,Marketing,1,Travel_Rarely,7183,11,1,No,21,16,14,11,16,8,1,3,4,2,3,4,3,No,0,36-45,10+ yrs,5K-8K,3.0
10863,56,Female,Single,Research & Development,Manager,3,2,Technical Degree,1,Travel_Frequently,12430,13,0,No,35,25,25,0,24,2,2,3,3,1,3,3,1,No,0,56-65,10+ yrs,12K+,2.0
11142,41,Female,Single,Research & Development,Research Scientist,1,1,Human Resources,10,Travel_Rarely,6797,16,1,No,23,20,20,4,19,9,1,3,2,3,4,2,3,No,0,36-45,10+ yrs,5K-8K,3.0
11302,44,Male,Married,Human Resources,Manager,1,3,Life Sciences,17,Travel_Rarely,6701,11,1,Yes,26,20,20,13,19,3,4,4,2,3,2,2,4,Yes,1,36-45,10+ yrs,5K-8K,2.75
10898,48,Female,Married,Sales,Sales Executive,2,4,Other,6,Travel_Rarely,10184,12,2,No,27,4,4,0,1,2,3,3,2,1,4,1,4,No,0,46-55,4-6 yrs,8K-12K,2.5
11150,42,Male,Married,Research & Development,Manager,1,3,Medical,1,Travel_Rarely,5890,20,1,No,18,13,13,10,12,7,3,3,3,3,4,3,4,No,0,36-45,10+ yrs,5K-8K,3.5
11614,32,Male,Divorced,Sales,Sales Executive,1,2,Life Sciences,4,Travel_Rarely,6263,21,3,Yes,11,7,4,7,6,4,5,3,2,3,4,2,1,No,0,26-35,7-10 yrs,5K-8K,2.5
10677,60,Female,Married,Human Resources,Manager,4,3,Life Sciences,28,Non-Travel,14895,11,1,Yes,40,5,5,2,5,0,0,3,4,4,1,3,1,No,0,56-65,4-6 yrs,12K+,2.25
10015,30,Male,Divorced,Research & Development,Laboratory Technician,2,2,Marketing,1,Travel_Rarely,6435,11,2,Yes,7,5,5,3,3,5,0,3,3,4,4,4,2,Yes,1,26-35,4-6 yrs,5K-8K,3.5
10501,34,Female,Single,Human Resources,Human Resources,3,4,Life Sciences,4,Non-Travel,10696,16,1,No,14,0,0,0,0,1,5,4,2,2,3,3,3,Yes,1,26-35,0-1 yrs,8K-12K,2.75
11365,38,Male,Single,Human Resources,HR Business Partner,1,5,Life Sciences,1,Travel_Rarely,5835,19,1,Yes,18,9,6,4,9,5,2,3,3,3,2,3,3,No,0,36-45,7-10 yrs,5K-8K,2.75
11107,36,Female,Married,Sales,Manager,3,3,Technical Degree,1,Travel_Frequently,10827,14,3,Yes,17,1,0,0,0,1,1,3,2,4,2,3,4,Yes,1,36-45,0-1 yrs,8K-12K,3.25
11405,37,Male,Married,Sales,Sales Executive,1,4,Medical,4,Travel_Rarely,6268,21,1,No,14,1,0,1,0,0,2,3,4,1,2,3,4,Yes,1,36-45,0-1 yrs,5K-8K,2.5
10601,39,Female,Single,Research & Development,Laboratory Technician,4,5,Medical,1,Travel_Rarely,14523,22,0,No,17,17,15,13,17,3,1,4,3,3,2,3,1,Yes,1,36-45,10+ yrs,12K+,2.25
10876,25,Female,Divorced,Research & Development,Laboratory Technician,1,2,Medical,7,Travel_Rarely,5537,12,0,Yes,2,0,0,0,0,7,0,3,2,3,1,2,3,Yes,1,18-25,0-1 yrs,5K-8K,2.25
10274,38,Male,Married,Research & Development,Laboratory Technician,2,2,Technical Degree,2,Travel_Rarely,11221,16,0,Yes,17,12,10,5,9,2,0,3,2,3,3,2,4,No,0,36-45,10+ yrs,8K-12K,3.0
10685,48,Male,Married,Sales,Sales Representative,4,2,Life Sciences,22,Non-Travel,14028,16,0,No,30,9,6,9,7,3,2,3,4,1,1,4,2,No,0,46-55,7-10 yrs,12K+,2.0
11247,21,Female,Divorced,Research & Development,Manager,1,3,Marketing,17,Travel_Rarely,4417,20,0,No,0,0,0,0,0,7,3,4,1,3,2,4,4,Yes,1,18-25,0-1 yrs,3K-5K,3.25
10372,33,Male,Divorced,Sales,Sales Representative,3,3,Life Sciences,20,Travel_Frequently,10851,13,0,Yes,13,10,8,5,9,9,6,3,3,2,3,3,2,Yes,1,26-35,7-10 yrs,8K-12K,2.5
10272,31,Male,Divorced,Sales,Sales Executive,1,4,Life Sciences,17,Travel_Rarely,5482,12,0,No,9,6,6,2,5,6,6,4,3,4,1,4,2,No,0,26-35,4-6 yrs,5K-8K,2.75
10606,41,Female,Single,Sales,Sales Representative,1,4,Technical Degree,3,Non-Travel,6795,19,3,Yes,17,4,1,1,1,0,2,3,3,4,2,3,2,No,0,36-45,4-6 yrs,5K-8K,2.75
10215,44,Male,Single,Research & Development,Research Director,1,3,Life Sciences,26,Travel_Rarely,7600,16,0,No,21,11,10,7,11,1,2,3,2,2,2,2,4,No,0,36-45,10+ yrs,5K-8K,2.5
11250,33,Female,Single,Research & Development,Manufacturing Director,2,4,Life Sciences,18,Travel_Rarely,7894,11,1,No,11,5,3,2,2,5,4,3,1,3,1,3,1,No,0,26-35,4-6 yrs,5K-8K,2.0
10345,36,Female,Single,Sales,Sales Representative,1,4,Human Resources,12,Travel_Rarely,3947,19,0,No,17,6,4,0,6,2,6,3,3,4,2,2,4,No,0,36-45,4-6 yrs,3K-5K,3.0
10839,46,Female,Divorced,Research & Development,Manufacturing Director,4,3,Marketing,14,Travel_Rarely,12855,15,0,Yes,26,4,3,2,4,1,4,3,4,4,2,3,4,No,0,46-55,4-6 yrs,12K+,3.25
10148,31,Male,Divorced,Sales,Sales Representative,3,4,Human Resources,1,Travel_Rarely,10255,12,0,No,7,2,1,1,0,3,0,3,2,2,4,3,3,No,0,26-35,2-3 yrs,8K-12K,3.0
11022,38,Female,Single,Research & Development,Laboratory Technician,4,2,Life Sciences,1,Travel_Rarely,12245,11,0,No,19,13,12,13,10,4,6,3,4,4,2,2,2,No,0,36-45,10+ yrs,12K+,2.5
11260,37,Male,Single,Research & Development,Manager,2,3,Medical,11,Travel_Rarely,8993,14,2,No,17,12,9,11,9,2,4,3,3,2,1,3,2,No,0,36-45,10+ yrs,8K-12K,2.0
10413,33,Female,Single,Research & Development,Research Director,1,1,Other,1,Travel_Rarely,5448,11,0,No,11,5,2,4,2,4,0,3,1,3,2,3,3,No,0,26-35,4-6 yrs,5K-8K,2.75
10784,39,Female,Married,Research & Development,Manufacturing Director,1,3,Life Sciences,26,Travel_Frequently,6894,19,0,No,21,3,0,1,3,3,4,4,4,3,3,3,3,No,0,36-45,2-3 yrs,5K-8K,3.0
10343,30,Male,Single,Research & Development,Research Director,4,2,Technical Degree,9,Travel_Rarely,10918,12,3,No,6,3,2,3,0,2,4,3,3,4,4,4,3,No,0,26-35,2-3 yrs,8K-12K,3.75
10948,41,Male,Divorced,Research & Development,Manufacturing Director,3,2,Medical,27,Non-Travel,9845,17,1,No,22,15,15,14,12,7,1,3,2,1,2,4,2,Yes,1,36-45,10+ yrs,8K-12K,2.25
10748,37,Female,Single,Research & Development,Healthcare Representative,1,3,Medical,12,Travel_Rarely,6614,24,1,No,15,15,13,14,14,1,1,3,3,1,3,3,2,No,0,36-45,10+ yrs,5K-8K,2.25
10174,38,Female,Single,Sales,Manager,3,4,Human Resources,6,Travel_Rarely,11065,11,0,No,19,12,11,12,12,0,0,3,3,2,2,3,2,No,0,36-45,10+ yrs,8K-12K,2.25
10378,37,Female,Married,Research & Development,Research Scientist,2,2,Life Sciences,15,Travel_Rarely,9285,17,0,No,19,1,0,0,0,0,5,4,1,3,1,3,4,Yes,1,36-45,0-1 yrs,8K-12K,2.75
10739,40,Female,Divorced,Sales,Sales Representative,2,2,Marketing,16,Travel_Rarely,8378,16,0,Yes,21,13,10,12,11,9,1,3,4,1,3,2,3,No,0,36-45,10+ yrs,8K-12K,2.25
11590,45,Male,Married,Research & Development,Research Scientist,2,5,Medical,22,Non-Travel,10159,20,0,No,21,20,17,4,18,3,1,3,3,3,2,3,1,Yes,1,36-45,10+ yrs,8K-12K,2.25
10053,42,Female,Divorced,Research & Development,Research Director,1,3,Medical,1,Travel_Rarely,5528,11,0,Yes,18,9,7,4,9,3,4,3,2,1,4,3,2,No,0,36-45,7-10 yrs,5K-8K,2.5
10019,25,Female,Divorced,Research & Development,Healthcare Representative,3,4,Life Sciences,15,Non-Travel,9317,14,0,Yes,6,5,3,4,2,4,0,3,3,4,1,3,2,No,0,18-25,4-6 yrs,8K-12K,2.5
10222,45,Male,Divorced,Research & Development,Laboratory Technician,2,2,Marketing,15,Travel_Rarely,8091,12,0,Yes,23,6,5,5,3,2,3,3,2,1,1,4,1,No,0,36-45,4-6 yrs,8K-12K,1.75
11463,28,Male,Divorced,Sales,Manager,4,4,Life Sciences,1,Travel_Rarely,10830,16,0,No,7,5,3,2,2,9,2,3,2,2,4,3,3,Yes,1,26-35,4-6 yrs,8K-12K,3.0
11264,42,Female,Single,Research & Development,Manufacturing Director,1,2,Medical,23,Travel_Rarely,4243,15,0,No,18,2,0,2,0,5,3,3,1,3,1,3,3,No,0,36-45,2-3 yrs,3K-5K,2.5
11600,18,Female,Married,Research & Development,Manager,1,1,Life Sciences,15,Travel_Rarely,3741,13,0,No,0,0,0,0,0,2,5,3,3,1,3,4,1,No,0,18-25,0-1 yrs,3K-5K,2.25
11141,28,Male,Divorced,Sales,Sales Executive,2,3,Marketing,8,Travel_Rarely,6860,13,0,No,8,2,0,2,0,1,6,3,1,4,2,1,3,No,0,26-35,2-3 yrs,5K-8K,2.5
10096,20,Female,Divorced,Sales,Sales Representative,1,5,Technical Degree,1,Travel_Rarely,4214,15,0,No,0,0,0,0,0,5,3,3,2,2,3,3,2,No,0,18-25,0-1 yrs,3K-5K,2.5
10262,32,Female,Single,Sales,Sales Executive,1,5,Life Sciences,5,Travel_Rarely,5700,14,1,No,13,10,10,8,10,4,4,3,4,3,4,3,2,No,0,26-35,7-10 yrs,5K-8K,3.0
11342,34,Female,Single,Sales,Manager,2,3,Life Sciences,4,Travel_Rarely,9748,13,0,No,13,1,0,1,0,0,4,3,3,2,4,2,4,Yes,1,26-35,0-1 yrs,8K-12K,3.0
10180,42,Female,Single,Research & Development,Manager,1,2,Medical,12,Travel_Rarely,5980,11,1,Yes,24,11,10,1,9,5,0,3,2,1,2,2,2,No,0,36-45,10+ yrs,5K-8K,1.75
11127,34,Female,Divorced,Sales,Sales Executive,4,3,Life Sciences,10,Travel_Rarely,12525,21,1,Yes,13,2,0,1,0,4,0,3,3,3,3,3,4,No,0,26-35,2-3 yrs,12K+,3.25
10717,37,Female,Married,Sales,Sales Executive,2,4,Technical Degree,16,Travel_Rarely,8846,16,0,No,15,5,4,5,4,3,0,3,2,1,1,3,4,Yes,1,36-45,4-6 yrs,8K-12K,2.25
10185,60,Female,Single,Research & Development,Manager,4,2,Medical,2,Non-Travel,14136,19,0,No,40,9,6,9,9,6,6,3,1,1,3,3,1,No,0,56-65,7-10 yrs,12K+,2.0
10468,46,Male,Divorced,Human Resources,HR Business Partner,2,3,Human Resources,1,Travel_Rarely,6432,11,1,No,26,11,10,8,10,9,1,3,2,3,4,2,1,No,0,46-55,10+ yrs,5K-8K,2.5
10904,51,Male,Married,Sales,Manager,2,2,Life Sciences,5,Travel_Rarely,9146,11,3,Yes,27,14,11,5,14,4,3,3,3,3,4,4,3,No,0,46-55,10+ yrs,8K-12K,3.5
10072,26,Male,Divorced,Research & Development,Laboratory Technician,3,4,Life Sciences,9,Travel_Rarely,8835,11,1,No,4,4,3,0,1,1,3,3,2,3,3,3,2,No,0,26-35,4-6 yrs,8K-12K,2.75
11207,42,Male,Single,Research & Development,Manager,1,2,Life Sciences,1,Travel_Rarely,6842,13,1,No,19,15,14,12,14,0,3,3,1,1,3,4,2,No,0,36-45,10+ yrs,5K-8K,2.5
10347,42,Female,Married,Research & Development,Manager,1,4,Life Sciences,14,Travel_Frequently,6891,11,0,No,21,16,15,5,16,2,2,3,2,2,4,2,3,No,0,36-45,10+ yrs,5K-8K,2.75
10030,39,Male,Married,Sales,Sales Executive,3,3,Medical,12,Travel_Frequently,11472,16,0,No,18,9,7,9,8,3,6,3,3,3,3,2,2,No,0,36-45,7-10 yrs,8K-12K,2.5
10797,41,Male,Divorced,Sales,Sales Executive,1,5,Technical Degree,14,Travel_Frequently,5821,12,1,No,21,15,13,11,12,2,3,4,4,4,1,2,3,Yes,1,36-45,10+ yrs,5K-8K,2.5
11064,36,Female,Married,Research & Development,Research Director,1,5,Medical,3,Travel_Rarely,5686,11,0,Yes,17,0,0,0,0,3,5,3,3,3,1,3,4,No,0,36-45,0-1 yrs,5K-8K,2.75
10158,37,Female,Single,Human Resources,Manager,3,1,Medical,14,Travel_Frequently,9705,11,1,No,13,5,4,1,3,0,3,3,3,1,1,3,3,No,0,36-45,4-6 yrs,8K-12K,2.0
10933,19,Male,Married,Research & Development,Manufacturing Director,2,4,Life Sciences,21,Travel_Rarely,6696,15,1,No,0,0,0,0,0,1,4,4,2,2,4,4,3,Yes,1,18-25,0-1 yrs,5K-8K,3.25
10659,37,Male,Single,Sales,Manager,3,2,Life Sciences,5,Travel_Rarely,11441,22,0,No,19,11,8,2,9,3,3,3,2,2,3,2,1,Yes,1,36-45,10+ yrs,8K-12K,2.0
11475,36,Female,Single,Sales,Sales Representative,5,3,Technical Degree,2,Travel_Rarely,16130,19,0,No,16,13,10,6,13,3,5,3,2,3,1,3,4,No,0,36-45,10+ yrs,12K+,2.75
10395,37,Male,Single,Research & Development,Laboratory Technician,4,3,Other,3,Travel_Rarely,13775,22,2,No,17,7,7,1,5,2,3,3,3,4,3,3,1,Yes,1,36-45,7-10 yrs,12K+,2.75
11077,32,Female,Married,Research & Development,Research Scientist,1,1,Technical Degree,16,Travel_Frequently,5028,20,0,Yes,9,6,3,5,3,5,5,3,3,4,1,2,4,No,0,26-35,4-6 yrs,5K-8K,2.75
10989,24,Female,Single,Sales,Sales Representative,3,3,Human Resources,1,Travel_Frequently,9657,16,0,No,5,5,2,1,4,7,5,4,3,4,2,3,4,No,0,18-25,4-6 yrs,8K-12K,3.25
11330,41,Female,Divorced,Sales,Sales Representative,5,4,Human Resources,20,Travel_Rarely,14477,16,0,No,23,16,15,12,15,8,3,4,2,1,2,2,4,Yes,1,36-45,10+ yrs,12K+,2.25
11182,24,Male,Married,Sales,Manager,1,3,Other,3,Travel_Frequently,4922,16,1,No,5,0,0,0,0,8,3,3,1,2,3,1,2,Yes,1,18-25,0-1 yrs,3K-5K,2.0
10403,33,Male,Married,Research & Development,Laboratory Technician,1,3,Life Sciences,7,Travel_Rarely,8378,17,0,Yes,12,7,4,3,5,0,3,3,4,4,1,2,1,Yes,1,26-35,7-10 yrs,8K-12K,2.0
10990,28,Male,Single,Research & Development,Laboratory Technician,1,3,Other,11,Travel_Rarely,8378,13,0,No,4,3,3,1,2,8,3,3,2,2,1,3,3,No,0,26-35,2-3 yrs,8K-12K,2.25
10678,35,Male,Divorced,Research & Development,Manager,1,5,Life Sciences,11,Travel_Rarely,4686,11,1,No,16,15,14,0,14,7,5,3,3,2,1,3,3,No,0,26-35,10+ yrs,3K-5K,2.25
10823,26,Male,Married,Human Resources,Human Resources,2,5,Marketing,22,Travel_Frequently,8345,15,2,No,7,6,4,1,5,7,6,3,3,4,3,3,4,No,0,26-35,4-6 yrs,8K-12K,3.5
10964,21,Female,Married,Sales,Sales Executive,4,3,Medical,5,Travel_Rarely,10654,14,3,No,3,1,0,0,0,9,5,3,2,4,2,3,3,No,0,18-25,0-1 yrs,8K-12K,3.0
10836,31,Male,Married,Human Resources,Human Resources,2,4,Technical Degree,7,Travel_Rarely,8854,12,0,Yes,8,6,5,1,5,4,0,4,2,3,1,3,2,No,0,26-35,4-6 yrs,8K-12K,2.25
11034,47,Male,Single,Sales,Sales Representative,1,4,Life Sciences,4,Travel_Rarely,6346,23,1,Yes,27,12,10,2,9,3,0,3,3,3,3,3,2,No,0,46-55,10+ yrs,5K-8K,2.75
11387,37,Male,Married,Research & Development,Manufacturing Director,1,5,Life Sciences,1,Travel_Frequently,6136,12,3,No,15,2,2,1,2,7,5,3,3,2,1,1,3,No,0,36-45,2-3 yrs,5K-8K,1.75
10940,39,Male,Married,Sales,Manager,4,4,Technical Degree,14,Travel_Frequently,13386,14,1,Yes,21,14,12,9,11,6,5,3,3,2,1,2,4,No,0,36-45,10+ yrs,12K+,2.25
11102,42,Female,Single,Sales,Sales Executive,3,3,Other,12,Non-Travel,11576,11,2,Yes,19,15,13,7,15,0,6,3,2,4,4,3,4,No,0,36-45,10+ yrs,8K-12K,3.75
10692,36,Female,Married,Research & Development,Healthcare Representative,2,3,Life Sciences,1,Non-Travel,7401,16,0,Yes,18,15,12,2,12,7,4,3,1,4,4,2,4,Yes,1,36-45,10+ yrs,5K-8K,3.5
11349,36,Female,Single,Research & Development,Research Scientist,5,1,Marketing,9,Travel_Rarely,16398,17,0,No,24,10,10,0,10,5,1,4,3,4,2,4,3,No,0,36-45,7-10 yrs,12K+,3.25
10335,45,Male,Married,Sales,Sales Representative,1,3,Technical Degree,6,Travel_Rarely,6317,12,1,No,22,18,17,3,17,2,5,3,3,4,3,1,2,No,0,36-45,10+ yrs,5K-8K,2.5
10874,36,Male,Divorced,Sales,Sales Representative,2,3,Technical Degree,1,Travel_Rarely,9729,18,0,No,31,31,31,9,30,2,1,3,3,3,1,1,2,No,0,36-45,10+ yrs,8K-12K,1.75
10806,28,Male,Married,Research & Development,Research Scientist,3,3,Medical,6,Travel_Frequently,9706,17,3,No,4,4,4,1,1,1,1,3,3,2,4,3,2,No,0,26-35,4-6 yrs,8K-12K,2.75
10008,56,Male,Divorced,Research & Development,Manager,2,4,Life Sciences,2,Travel_Rarely,10067,11,0,No,33,30,29,15,27,1,1,4,3,4,4,3,2,No,0,56-65,10+ yrs,8K-12K,3.25
10518,42,Male,Married,Research & Development,Healthcare Representative,4,4,Life Sciences,1,Non-Travel,15308,11,2,No,23,19,18,2,17,7,4,4,1,3,1,3,1,No,0,36-45,10+ yrs,12K+,2.0
10198,39,Male,Married,Research & Development,Manager,1,3,Life Sciences,4,Travel_Rarely,7182,11,0,Yes,17,11,8,0,8,3,0,3,3,1,2,4,4,Yes,1,36-45,10+ yrs,5K-8K,2.75
10297,27,Male,Married,Research & Development,Laboratory Technician,2,3,Human Resources,6,Travel_Frequently,7990,13,0,No,6,2,0,0,0,5,1,3,3,2,4,3,1,No,0,26-35,2-3 yrs,5K-8K,2.5
11225,35,Male,Married,Sales,Manager,4,2,Marketing,3,Travel_Rarely,11417,15,1,No,17,16,13,8,15,4,5,3,3,2,3,3,2,Yes,1,26-35,10+ yrs,8K-12K,2.5
11489,30,Female,Divorced,Research & Development,Manufacturing Director,2,2,Life Sciences,6,Travel_Rarely,6382,19,1,Yes,8,3,1,1,1,1,5,3,3,4,4,2,4,No,0,26-35,2-3 yrs,5K-8K,3.5
10123,34,Female,Divorced,Sales,Sales Representative,2,3,Medical,1,Travel_Rarely,9017,13,0,Yes,16,15,14,0,15,4,1,3,3,1,1,2,3,No,0,26-35,10+ yrs,8K-12K,1.75
10379,47,Female,Single,Research & Development,Manufacturing Director,2,1,Medical,1,Travel_Frequently,8881,24,1,No,25,21,18,8,21,2,5,3,2,2,2,3,1,No,0,46-55,10+ yrs,8K-12K,2.0
11063,30,Male,Married,Research & Development,Manager,3,3,Marketing,1,Travel_Rarely,9723,11,0,No,7,0,0,0,0,3,5,4,3,2,4,3,1,No,0,26-35,0-1 yrs,8K-12K,2.5
11464,45,Male,Married,Sales,Manager,1,2,Life Sciences,2,Travel_Rarely,8063,19,1,Yes,21,6,6,0,4,9,3,3,3,4,4,1,4,Yes,1,36-45,4-6 yrs,8K-12K,3.25
11230,26,Male,Single,Sales,Sales Executive,2,4,Medical,3,Travel_Rarely,6977,17,0,No,7,3,1,2,1,0,0,3,1,2,3,4,3,No,0,26-35,2-3 yrs,5K-8K,3.0
10163,39,Female,Married,Sales,Sales Executive,2,5,Technical Degree,4,Travel_Rarely,7824,17,1,Yes,17,3,3,2,2,3,2,3,3,3,3,1,4,Yes,1,36-45,2-3 yrs,5K-8K,2.75
11187,51,Female,Divorced,Research & Development,Laboratory Technician,1,4,Life Sciences,7,Travel_Rarely,7440,17,0,No,30,14,11,0,13,8,0,3,1,1,2,3,2,No,0,46-55,10+ yrs,5K-8K,2.0
11092,52,Female,Married,Research & Development,Research Scientist,1,1,Medical,20,Travel_Rarely,7828,15,0,No,34,18,18,7,16,5,1,3,3,2,2,3,4,No,0,46-55,10+ yrs,5K-8K,2.75
10125,31,Female,Single,Research & Development,Laboratory Technician,4,4,Medical,1,Travel_Rarely,11068,13,0,Yes,10,9,9,2,7,7,6,3,3,3,3,3,3,No,0,26-35,7-10 yrs,8K-12K,3.0
10552,31,Female,Single,Research & Development,Laboratory Technician,2,3,Medical,14,Travel_Rarely,9279,17,0,Yes,11,1,0,0,0,5,1,4,3,1,3,3,4,No,0,26-35,0-1 yrs,8K-12K,2.75
10005,21,Female,Divorced,Sales,Manager,3,2,Life Sciences,8,Travel_Frequently,8565,14,1,No,0,0,0,0,0,9,1,3,4,3,2,3,3,No,0,18-25,0-1 yrs,8K-12K,2.75
10916,29,Female,Single,Research & Development,Healthcare Representative,2,3,Human Resources,6,Travel_Rarely,6212,11,2,No,5,4,3,3,4,2,0,4,3,3,3,3,4,No,0,26-35,4-6 yrs,5K-8K,3.25
10959,36,Male,Divorced,Research & Development,Laboratory Technician,1,3,Life Sciences,28,Non-Travel,5579,14,0,Yes,13,10,7,6,8,7,5,3,3,1,4,3,3,No,0,36-45,7-10 yrs,5K-8K,2.75
11429,24,Female,Married,Research & Development,Manager,3,1,Marketing,7,Travel_Rarely,8723,18,1,No,1,0,0,0,0,7,1,3,3,3,4,2,3,Yes,1,18-25,0-1 yrs,8K-12K,3.0
10612,33,Female,Single,Research & Development,Manufacturing Director,5,2,Medical,3,Travel_Rarely,13295,16,2,No,9,3,1,1,2,5,5,4,3,2,4,2,1,No,0,26-35,2-3 yrs,12K+,2.25
10288,21,Male,Married,Sales,Sales Representative,1,3,Medical,1,Travel_Rarely,4228,12,1,Yes,0,0,0,0,0,5,6,4,3,2,1,3,4,Yes,1,18-25,0-1 yrs,3K-5K,2.5
10957,33,Male,Married,Research & Development,Research Director,2,3,Life Sciences,5,Travel_Frequently,9022,13,0,No,12,6,4,2,4,4,6,3,2,1,3,3,4,Yes,1,26-35,4-6 yrs,8K-12K,2.75
11245,42,Male,Married,Sales,Manager,4,4,Medical,4,Travel_Rarely,15405,11,0,No,23,0,0,0,0,3,5,3,1,2,3,3,4,No,0,36-45,0-1 yrs,12K+,3.0
11261,42,Female,Married,Research & Development,Healthcare Representative,3,2,Medical,3,Travel_Rarely,10274,15,0,Yes,23,20,20,14,20,1,5,3,3,2,1,3,1,No,0,36-45,10+ yrs,8K-12K,1.75
10909,32,Male,Single,Research & Development,Manager,2,3,Life Sciences,16,Travel_Rarely,6709,11,2,No,8,0,0,0,0,0,4,3,2,4,4,3,3,No,0,26-35,0-1 yrs,5K-8K,3.5
10507,28,Female,Married,Research & Development,Research Director,2,4,Life Sciences,1,Travel_Rarely,5849,11,0,No,7,6,3,0,4,1,2,3,3,3,2,2,4,No,0,26-35,4-6 yrs,5K-8K,2.75
10357,56,Female,Single,Research & Development,Manager,2,4,Life Sciences,13,Non-Travel,10811,12,1,No,38,10,10,9,9,2,4,3,3,3,3,2,2,No,0,56-65,7-10 yrs,8K-12K,2.5
10353,56,Male,Married,Research & Development,Manufacturing Director,3,4,Life Sciences,10,Travel_Rarely,12682,19,0,No,33,31,28,5,29,4,0,3,3,4,2,2,4,No,0,56-65,10+ yrs,12K+,3.0
10845,25,Female,Married,Research & Development,Healthcare Representative,2,4,Marketing,8,Travel_Rarely,8870,20,0,Yes,5,0,0,2,0,3,3,3,4,2,1,3,4,No,0,18-25,0-1 yrs,8K-12K,2.5
11155,47,Male,Single,Sales,Sales Executive,3,4,Technical Degree,9,Travel_Rarely,11025,15,0,No,26,8,7,2,8,4,1,3,2,4,3,3,4,No,0,46-55,7-10 yrs,8K-12K,3.5
10837,26,Female,Married,Research & Development,Laboratory Technician,2,3,Life Sciences,7,Travel_Rarely,7213,11,2,No,7,7,6,3,7,6,2,3,2,2,4,2,4,No,0,26-35,7-10 yrs,5K-8K,3.0
10668,34,Male,Married,Research & Development,Healthcare Representative,3,4,Marketing,1,Travel_Rarely,10334,12,0,Yes,11,2,2,1,1,9,6,3,2,3,4,4,4,Yes,1,26-35,2-3 yrs,8K-12K,3.75
10887,56,Female,Single,Research & Development,Manager,2,5,Medical,3,Travel_Rarely,11262,16,2,No,34,2,0,2,0,7,0,3,2,3,3,3,3,No,0,56-65,2-3 yrs,8K-12K,3.0
11397,40,Male,Single,Research & Development,Manager,1,5,Marketing,5,Travel_Rarely,6238,20,1,No,18,8,5,1,6,1,4,3,2,3,2,3,3,No,0,36-45,7-10 yrs,5K-8K,2.75
10334,42,Female,Single,Human Resources,Manager,3,2,Technical Degree,29,Travel_Rarely,9812,11,0,Yes,19,7,7,3,5,3,4,3,2,4,2,2,3,Yes,1,36-45,7-10 yrs,8K-12K,2.75
10154,46,Female,Married,Sales,Manager,1,4,Other,7,Travel_Rarely,8085,11,0,Yes,22,0,0,0,0,2,3,3,2,3,2,3,4,No,0,46-55,0-1 yrs,8K-12K,3.0
10788,41,Female,Married,Research & Development,Manager,1,5,Medical,14,Travel_Rarely,6722,16,3,No,21,12,11,10,9,3,4,3,1,4,1,3,3,No,0,36-45,10+ yrs,5K-8K,2.75
10502,46,Male,Married,Sales,Sales Representative,1,1,Life Sciences,12,Travel_Rarely,6680,18,0,No,23,21,19,7,21,5,0,4,1,3,3,3,3,No,0,46-55,10+ yrs,5K-8K,3.0
10722,42,Male,Divorced,Sales,Sales Representative,1,4,Other,4,Travel_Frequently,8378,18,0,No,18,1,1,1,0,2,5,3,4,3,4,3,2,No,0,36-45,0-1 yrs,8K-12K,3.0
10374,35,Female,Divorced,Sales,Sales Executive,1,3,Technical Degree,17,Travel_Rarely,5718,11,1,Yes,11,1,0,1,0,6,3,3,4,2,3,2,4,No,0,26-35,0-1 yrs,5K-8K,2.75
10591,30,Male,Married,Research & Development,Research Scientist,1,2,Life Sciences,20,Travel_Rarely,7162,13,2,No,7,7,7,2,6,4,3,3,2,4,2,3,2,No,0,26-35,7-10 yrs,5K-8K,2.75
10313,44,Female,Married,Research & Development,Laboratory Technician,4,4,Marketing,2,Travel_Rarely,14849,15,0,No,24,3,1,1,2,6,6,3,3,2,1,1,1,No,0,36-45,2-3 yrs,12K+,1.25
10043,32,Female,Single,Research & Development,Healthcare Representative,2,4,Technical Degree,12,Travel_Rarely,6862,18,0,Yes,10,3,1,3,3,5,6,3,2,3,2,4,2,No,0,26-35,2-3 yrs,5K-8K,2.75
11388,51,Male,Divorced,Human Resources,Manager,1,3,Life Sciences,16,Travel_Rarely,8439,11,0,No,31,25,23,7,24,4,6,3,2,3,3,2,2,No,0,46-55,10+ yrs,8K-12K,2.5
10646,36,Male,Single,Sales,Manager,2,2,Life Sciences,21,Travel_Rarely,8791,16,0,No,16,8,7,1,8,1,0,3,3,4,1,4,2,No,0,36-45,7-10 yrs,8K-12K,2.75
11424,40,Female,Married,Human Resources,HR Business Partner,1,5,Medical,24,Travel_Frequently,6472,13,1,No,19,8,6,2,6,9,0,3,2,1,3,1,3,No,0,36-45,7-10 yrs,5K-8K,2.0
10972,46,Male,Married,Human Resources,HR Business Partner,3,3,Life Sciences,1,Travel_Rarely,12098,17,3,No,23,23,21,0,23,8,3,3,1,3,2,4,3,No,0,46-55,10+ yrs,12K+,3.0
11462,28,Male,Single,Research & Development,Manufacturing Director,1,4,Human Resources,4,Non-Travel,6350,21,1,Yes,8,2,1,0,1,5,2,3,3,1,2,3,4,No,0,26-35,2-3 yrs,5K-8K,2.5
10523,45,Male,Married,Research & Development,Healthcare Representative,1,4,Life Sciences,5,Travel_Rarely,5872,18,0,No,27,4,2,4,3,1,6,4,3,3,3,1,4,No,0,36-45,4-6 yrs,5K-8K,2.75
11460,27,Female,Married,Human Resources,HR Business Partner,2,3,Technical Degree,1,Travel_Rarely,5725,12,0,No,7,2,2,0,0,4,1,3,2,4,4,3,4,No,0,26-35,2-3 yrs,5K-8K,3.75
10763,40,Male,Married,Human Resources,Human Resources,1,3,Medical,2,Travel_Rarely,8090,17,0,No,22,21,18,14,19,4,1,3,3,3,3,2,4,No,0,36-45,10+ yrs,8K-12K,3.0
11640,38,Female,Single,Research & Development,Laboratory Technician,4,3,Marketing,1,Travel_Rarely,13356,13,1,No,20,8,6,4,6,2,6,4,1,2,2,2,2,No,0,36-45,7-10 yrs,12K+,2.0
11543,49,Male,Married,Sales,Sales Executive,1,2,Medical,16,Travel_Rarely,6785,17,0,No,25,22,21,7,21,5,1,4,3,1,1,3,1,No,0,46-55,10+ yrs,5K-8K,1.5
11252,33,Female,Married,Research & Development,Manufacturing Director,5,2,Life Sciences,11,Travel_Frequently,15557,15,1,No,14,9,6,7,6,4,3,3,3,1,3,3,4,No,0,26-35,7-10 yrs,12K+,2.75
10705,51,Male,Divorced,Sales,Sales Representative,1,3,Technical Degree,16,Travel_Frequently,8112,17,1,No,29,6,6,3,3,2,4,3,4,3,1,3,4,No,0,46-55,4-6 yrs,8K-12K,2.75
11574,30,Female,Married,Research & Development,Manufacturing Director,2,2,Marketing,16,Travel_Rarely,8596,23,2,No,9,5,4,1,3,6,3,3,1,2,2,2,3,Yes,1,26-35,4-6 yrs,8K-12K,2.25
11498,51,Male,Divorced,Sales,Sales Executive,1,2,Life Sciences,19,Non-Travel,8378,12,0,No,33,32,29,0,29,1,4,3,3,2,2,3,4,No,0,46-55,10+ yrs,8K-12K,2.75
11311,44,Female,Single,Research & Development,Research Director,4,3,Human Resources,25,Travel_Rarely,14521,13,0,Yes,23,15,13,15,13,4,4,4,4,3,4,3,4,No,0,36-45,10+ yrs,12K+,3.5
10945,27,Female,Single,Research & Development,Research Scientist,1,4,Life Sciences,3,Travel_Frequently,4704,14,0,No,5,0,0,0,0,6,2,4,2,3,1,3,3,Yes,1,26-35,0-1 yrs,3K-5K,2.5
10169,26,Male,Married,Research & Development,Laboratory Technician,5,4,Life Sciences,11,Travel_Rarely,14131,16,3,Yes,3,2,2,0,2,5,1,3,2,3,2,3,1,No,0,26-35,2-3 yrs,12K+,2.25
11459,32,Female,Married,Human Resources,Human Resources,1,2,Marketing,5,Travel_Rarely,5555,12,2,No,10,10,10,4,8,7,4,3,3,3,3,4,2,No,0,26-35,7-10 yrs,5K-8K,3.0
10361,38,Female,Married,Human Resources,HR Business Partner,3,5,Marketing,10,Travel_Frequently,11647,11,1,No,17,10,8,0,9,0,3,3,3,1,2,2,4,No,0,36-45,7-10 yrs,8K-12K,2.25
11019,35,Female,Married,Research & Development,Manufacturing Director,3,3,Marketing,19,Travel_Rarely,9889,19,2,Yes,14,4,1,3,2,3,1,3,2,2,4,1,3,Yes,1,26-35,4-6 yrs,8K-12K,2.5
10638,28,Female,Single,Human Resources,Human Resources,2,3,Technical Degree,6,Travel_Rarely,7776,15,1,No,5,3,3,3,2,6,2,4,3,4,2,3,4,No,0,26-35,2-3 yrs,5K-8K,3.25
10744,38,Male,Married,Research & Development,Laboratory Technician,2,5,Life Sciences,17,Travel_Frequently,8600,17,1,No,19,13,11,11,11,0,4,3,2,3,4,1,3,No,0,36-45,10+ yrs,8K-12K,2.75
10273,44,Female,Married,Sales,Sales Representative,1,2,Medical,8,Non-Travel,6799,19,0,No,26,15,13,13,12,1,2,3,4,2,3,2,1,No,0,36-45,10+ yrs,5K-8K,2.0
10520,36,Male,Single,Sales,Sales Representative,2,2,Life Sciences,4,Travel_Rarely,7286,16,2,No,14,11,9,10,10,7,2,3,2,2,1,3,1,No,0,36-45,10+ yrs,5K-8K,1.75
10815,41,Female,Married,Research & Development,Laboratory Technician,3,3,Technical Degree,2,Travel_Rarely,11175,14,2,Yes,19,17,14,5,17,1,5,4,4,3,3,2,3,No,0,36-45,10+ yrs,8K-12K,2.75
10819,25,Female,Single,Research & Development,Research Director,2,1,Marketing,9,Travel_Rarely,7308,15,1,Yes,1,1,0,1,1,7,4,3,3,1,3,2,3,Yes,1,18-25,0-1 yrs,5K-8K,2.25
10735,49,Male,Married,Research & Development,Research Scientist,1,3,Marketing,2,Travel_Rarely,8575,14,0,No,30,17,16,11,14,5,0,3,3,3,1,3,4,No,0,46-55,10+ yrs,8K-12K,2.75
11570,45,Female,Married,Research & Development,Manufacturing Director,2,2,Marketing,8,Travel_Rarely,8999,14,0,No,26,13,12,2,13,3,0,3,4,4,4,2,3,No,0,36-45,10+ yrs,8K-12K,3.25
11466,46,Female,Married,Sales,Manager,4,2,Technical Degree,4,Travel_Rarely,13922,15,1,No,24,22,19,13,20,3,0,3,4,1,4,3,3,No,0,46-55,10+ yrs,12K+,2.75
11299,44,Female,Married,Research & Development,Research Scientist,1,4,Life Sciences,1,Travel_Rarely,6526,15,0,No,24,4,4,3,3,6,4,3,3,4,4,2,3,No,0,36-45,4-6 yrs,5K-8K,3.25
11122,30,Female,Married,Human Resources,HR Business Partner,1,3,Human Resources,4,Travel_Rarely,4671,11,0,No,8,0,0,0,0,1,0,3,3,2,4,3,2,No,0,26-35,0-1 yrs,3K-5K,2.75
10129,49,Male,Single,Research & Development,Research Director,1,3,Life Sciences,3,Travel_Rarely,6123,19,0,No,26,8,5,4,5,4,4,3,2,2,2,3,3,No,0,46-55,7-10 yrs,5K-8K,2.5
10999,34,Male,Married,Sales,Sales Representative,4,5,Life Sciences,5,Travel_Rarely,12713,14,1,Yes,14,13,12,3,10,3,5,4,4,1,2,2,2,No,0,26-35,10+ yrs,12K+,1.75
11488,29,Female,Married,Sales,Sales Representative,1,5,Marketing,5,Travel_Frequently,4426,11,0,Yes,9,6,6,4,5,8,4,3,2,1,3,3,4,Yes,1,26-35,4-6 yrs,3K-5K,2.75
10545,45,Male,Married,Research & Development,Research Scientist,3,3,Medical,3,Travel_Rarely,8378,11,1,Yes,22,19,16,10,16,0,1,3,2,3,4,1,3,No,0,36-45,10+ yrs,8K-12K,2.75
10380,47,Female,Married,Research & Development,Manufacturing Director,2,3,Technical Degree,4,Travel_Frequently,10532,13,0,No,28,14,13,9,12,4,5,4,3,3,4,1,2,No,0,46-55,10+ yrs,8K-12K,2.5
10204,45,Female,Single,Research & Development,Manager,1,4,Medical,2,Travel_Rarely,4465,12,0,No,23,18,18,7,17,4,0,4,4,3,4,4,2,No,0,36-45,10+ yrs,3K-5K,3.25
10344,35,Male,Divorced,Research & Development,Research Director,1,3,Technical Degree,1,Travel_Rarely,8378,11,1,No,16,7,6,6,7,2,6,3,4,3,1,2,4,No,0,26-35,7-10 yrs,8K-12K,2.5
11432,22,Male,Married,Research & Development,Laboratory Technician,3,2,Marketing,11,Travel_Rarely,8814,13,0,No,2,0,0,0,0,4,1,3,1,3,4,3,3,No,0,18-25,0-1 yrs,8K-12K,3.25
11552,29,Female,Married,Sales,Sales Executive,2,4,Medical,2,Non-Travel,6163,19,0,No,5,2,0,1,0,5,2,3,2,3,1,2,3,Yes,1,26-35,2-3 yrs,5K-8K,2.25
10519,29,Male,Married,Sales,Sales Executive,1,4,Life Sciences,8,Travel_Rarely,5116,11,0,No,8,3,2,0,0,7,2,4,3,3,2,1,1,Yes,1,26-35,2-3 yrs,5K-8K,1.75
11483,54,Male,Single,Sales,Sales Representative,1,3,Life Sciences,3,Travel_Frequently,5802,12,1,No,34,28,28,2,28,6,6,3,4,1,4,3,3,No,0,46-55,10+ yrs,5K-8K,2.75
10489,33,Female,Married,Research & Development,Manager,3,4,Technical Degree,6,Travel_Rarely,11861,16,0,Yes,13,10,9,4,8,3,5,3,3,4,4,3,3,No,0,26-35,7-10 yrs,8K-12K,3.5
11262,44,Female,Married,Research & Development,Manager,1,3,Medical,9,Non-Travel,5823,11,1,No,26,6,5,2,5,4,1,3,3,1,4,3,4,No,0,36-45,4-6 yrs,5K-8K,3.0
11646,25,Female,Single,Sales,Sales Representative,1,4,Marketing,1,Travel_Rarely,4080,13,2,No,7,5,3,4,3,1,2,3,2,4,4,4,4,No,0,18-25,4-6 yrs,3K-5K,4.0
10918,40,Female,Married,Sales,Sales Executive,4,2,Marketing,5,Travel_Frequently,13332,14,1,No,19,2,0,0,2,7,5,4,3,3,4,2,4,No,0,36-45,2-3 yrs,12K+,3.25
10233,29,Female,Married,Research & Development,Research Director,5,1,Medical,3,Travel_Rarely,14239,11,0,No,7,4,4,0,4,6,3,3,3,1,4,3,1,Yes,1,26-35,4-6 yrs,12K+,2.25
10795,39,Female,Single,Human Resources,Human Resources,1,4,Other,4,Travel_Rarely,5245,16,0,No,18,15,12,10,12,9,5,3,1,4,3,1,2,No,0,36-45,10+ yrs,5K-8K,2.5
11565,49,Female,Single,Research & Development,Manager,2,3,Life Sciences,20,Travel_Rarely,10051,14,0,No,27,2,1,0,1,1,0,3,2,4,2,3,3,No,0,46-55,2-3 yrs,8K-12K,3.0
11123,27,Female,Single,Research & Development,Laboratory Technician,1,3,Life Sciences,9,Travel_Frequently,5293,15,0,No,6,3,1,1,0,1,5,3,4,3,2,3,4,No,0,26-35,2-3 yrs,5K-8K,3.0
10515,43,Female,Married,Research & Development,Manager,4,5,Life Sciences,23,Travel_Rarely,13634,11,1,Yes,24,8,8,6,5,8,1,3,3,2,2,3,3,Yes,1,36-45,7-10 yrs,12K+,2.5
10512,18,Male,Divorced,Sales,Manager,4,4,Medical,1,Non-Travel,11615,17,0,No,0,0,0,0,0,5,2,3,2,2,3,3,1,No,0,18-25,0-1 yrs,8K-12K,2.25
10113,42,Male,Married,Sales,Manager,2,3,Human Resources,2,Travel_Rarely,8220,16,1,No,23,11,9,2,11,8,2,4,2,4,4,3,3,No,0,36-45,10+ yrs,8K-12K,3.5
11599,55,Female,Married,Research & Development,Research Director,1,3,Life Sciences,3,Non-Travel,7359,11,1,No,32,3,2,3,0,3,0,4,2,2,1,3,1,No,0,46-55,2-3 yrs,5K-8K,1.75
10218,31,Female,Married,Research & Development,Manufacturing Director,1,4,Technical Degree,7,Travel_Frequently,5895,16,0,No,9,8,6,6,5,2,3,3,2,3,4,4,1,No,0,26-35,7-10 yrs,5K-8K,3.0
10500,29,Female,Single,Research & Development,Healthcare Representative,1,3,Medical,1,Travel_Rarely,4340,11,2,No,7,3,0,2,2,7,0,3,3,4,4,3,2,No,0,26-35,2-3 yrs,3K-5K,3.25
11638,18,Male,Married,Research & Development,Laboratory Technician,2,4,Technical Degree,1,Travel_Frequently,6246,17,1,Yes,0,0,0,0,0,7,2,3,4,4,4,3,1,Yes,1,18-25,0-1 yrs,5K-8K,3.0
10935,28,Female,Married,Sales,Manager,1,2,Medical,7,Travel_Frequently,4626,12,0,No,8,6,3,1,4,9,4,3,2,3,1,3,1,No,0,26-35,4-6 yrs,3K-5K,2.0
10226,23,Female,Single,Research & Development,Manager,1,4,Medical,26,Travel_Rarely,4547,11,1,No,5,3,2,2,0,3,4,3,2,1,3,3,4,Yes,1,18-25,2-3 yrs,3K-5K,2.75
11043,21,Male,Married,Research & Development,Healthcare Representative,1,3,Marketing,10,Travel_Frequently,4172,15,2,No,3,1,0,0,0,6,6,4,3,1,4,3,4,No,0,18-25,0-1 yrs,3K-5K,3.0
11193,36,Male,Single,Research & Development,Research Director,3,3,Life Sciences,28,Travel_Rarely,9546,20,0,No,9,1,0,0,1,4,1,3,3,4,3,2,3,Yes,1,36-45,0-1 yrs,8K-12K,3.0
11431,35,Male,Married,Research & Development,Research Scientist,3,5,Life Sciences,1,Travel_Frequently,10403,18,0,Yes,14,14,11,2,12,8,5,3,2,4,3,2,1,No,0,26-35,10+ yrs,8K-12K,2.5
11547,18,Male,Divorced,Sales,Manager,1,3,Life Sciences,3,Travel_Rarely,4508,21,1,Yes,0,0,0,0,0,5,1,3,3,3,2,1,4,No,0,18-25,0-1 yrs,3K-5K,2.5
10398,29,Male,Single,Research & Development,Manager,2,3,Marketing,7,Travel_Rarely,8283,12,1,No,9,6,6,5,5,4,5,3,3,2,3,3,2,No,0,26-35,4-6 yrs,8K-12K,2.5
10541,23,Male,Married,Sales,Sales Executive,2,3,Life Sciences,1,Travel_Rarely,6242,15,1,No,4,4,4,1,2,5,0,3,3,4,3,3,2,No,0,18-25,4-6 yrs,5K-8K,3.0
10329,40,Male,Married,Research & Development,Healthcare Representative,1,3,Technical Degree,2,Travel_Rarely,8378,11,1,No,17,0,0,0,0,2,5,4,1,2,4,3,1,No,0,36-45,0-1 yrs,8K-12K,2.5
10796,41,Female,Married,Research & Development,Research Director,3,4,Medical,6,Travel_Rarely,12273,19,1,No,22,20,17,7,19,4,0,4,3,3,3,1,3,No,0,36-45,10+ yrs,12K+,2.5
10849,44,Male,Married,Research & Development,Healthcare Representative,1,3,Other,2,Travel_Rarely,6086,15,0,No,24,2,2,1,0,5,4,3,3,3,4,3,4,No,0,36-45,2-3 yrs,5K-8K,3.5
11611,27,Female,Single,Sales,Sales Representative,1,3,Technical Degree,4,Travel_Rarely,5686,18,2,No,4,3,3,0,2,2,0,3,3,3,3,3,2,No,0,26-35,2-3 yrs,5K-8K,2.75
11486,42,Female,Married,Sales,Manager,2,3,Medical,22,Travel_Rarely,8816,18,1,No,20,2,2,1,1,0,2,3,2,2,3,3,1,Yes,1,36-45,2-3 yrs,8K-12K,2.25
10094,44,Female,Single,Sales,Manager,1,4,Medical,4,Travel_Frequently,7159,15,2,Yes,24,14,13,10,13,0,2,3,3,1,4,4,2,No,0,36-45,10+ yrs,5K-8K,2.75
10214,31,Female,Married,Research & Development,Research Scientist,2,3,Technical Degree,19,Travel_Rarely,8133,11,1,Yes,13,2,2,1,0,0,1,3,3,3,3,4,4,No,0,26-35,2-3 yrs,8K-12K,3.5
10771,37,Male,Single,Research & Development,Healthcare Representative,2,2,Marketing,7,Travel_Rarely,8380,11,0,Yes,15,13,11,10,12,9,2,3,2,2,4,3,2,Yes,1,36-45,10+ yrs,8K-12K,2.75
10338,27,Female,Married,Human Resources,Human Resources,1,3,Technical Degree,8,Travel_Rarely,3981,17,1,No,5,1,1,1,0,2,0,3,2,3,2,2,2,No,0,26-35,0-1 yrs,3K-5K,2.25
10804,26,Male,Married,Research & Development,Laboratory Technician,3,3,Marketing,2,Travel_Rarely,9225,13,0,No,5,4,2,0,2,6,2,3,4,4,3,3,2,No,0,26-35,4-6 yrs,8K-12K,3.0
10213,34,Female,Single,Research & Development,Laboratory Technician,1,2,Life Sciences,7,Travel_Rarely,6250,15,0,No,12,8,6,1,8,9,1,3,3,2,1,3,2,Yes,1,26-35,7-10 yrs,5K-8K,2.0
10619,41,Male,Divorced,Sales,Sales Representative,1,5,Marketing,10,Travel_Rarely,7296,21,0,No,19,3,3,0,2,0,5,3,4,3,4,3,4,No,0,36-45,2-3 yrs,5K-8K,3.5
11140,43,Female,Single,Research & Development,Research Director,2,4,Medical,24,Travel_Rarely,9953,16,1,Yes,21,20,19,12,19,2,1,3,2,1,2,3,3,No,0,36-45,10+ yrs,8K-12K,2.25
11183,43,Female,Married,Human Resources,HR Business Partner,3,4,Life Sciences,1,Travel_Rarely,10614,14,0,No,24,23,22,0,21,7,3,4,3,1,3,2,4,Yes,1,36-45,10+ yrs,8K-12K,2.5
11169,48,Female,Married,Sales,Sales Executive,3,2,Life Sciences,16,Travel_Rarely,11394,16,0,No,26,11,9,2,11,7,3,3,3,3,1,3,4,Yes,1,46-55,10+ yrs,8K-12K,2.75
11137,57,Female,Married,Research & Development,Research Scientist,3,5,Life Sciences,1,Travel_Rarely,13387,16,1,No,38,2,0,0,1,7,1,3,4,4,2,3,3,No,0,56-65,2-3 yrs,12K+,3.0
10037,39,Male,Divorced,Research & Development,Research Director,1,2,Life Sciences,7,Travel_Rarely,5245,19,0,No,15,5,4,5,3,6,6,3,3,3,1,4,4,Yes,1,36-45,4-6 yrs,5K-8K,3.0
10106,24,Male,Married,Research & Development,Laboratory Technician,2,4,Medical,1,Travel_Frequently,6073,19,0,Yes,1,1,1,1,0,5,1,3,4,3,2,2,2,Yes,1,18-25,0-1 yrs,5K-8K,2.25
10363,42,Male,Divorced,Research & Development,Manager,2,2,Other,4,Travel_Frequently,8660,12,1,No,21,17,15,4,14,5,2,3,2,3,2,4,3,No,0,36-45,10+ yrs,8K-12K,3.0
10851,38,Female,Married,Research & Development,Healthcare Representative,2,3,Technical Degree,3,Travel_Rarely,7036,13,2,No,19,10,9,0,7,6,0,3,3,3,4,4,1,No,0,36-45,7-10 yrs,5K-8K,3.0
10757,33,Female,Married,Research & Development,Laboratory Technician,1,4,Life Sciences,1,Travel_Rarely,5089,11,0,No,14,6,5,3,6,2,6,3,3,1,4,2,4,No,0,26-35,4-6 yrs,5K-8K,2.75
10759,24,Female,Divorced,Research & Development,Manager,4,2,Medical,11,Travel_Rarely,10589,13,0,No,2,0,0,0,0,4,0,3,2,3,4,1,3,No,0,18-25,0-1 yrs,8K-12K,2.75
10366,32,Female,Single,Human Resources,Human Resources,2,3,Marketing,8,Travel_Rarely,7655,11,0,No,12,6,5,0,4,8,4,3,3,1,4,3,1,No,0,26-35,4-6 yrs,5K-8K,2.25
10857,51,Female,Single,Research & Development,Manager,2,2,Medical,1,Travel_Rarely,8708,11,0,Yes,27,19,17,13,19,2,5,3,3,2,1,3,4,No,0,46-55,10+ yrs,8K-12K,2.5
11409,18,Female,Married,Sales,Sales Representative,1,5,Other,3,Travel_Rarely,5205,18,0,No,0,0,0,0,0,8,2,3,1,2,4,2,2,No,0,18-25,0-1 yrs,5K-8K,2.5
10566,30,Male,Divorced,Human Resources,HR Business Partner,2,5,Medical,5,Travel_Rarely,7310,16,0,No,8,2,1,0,2,4,6,4,4,3,4,3,3,No,0,26-35,2-3 yrs,5K-8K,3.25
10250,34,Female,Married,Research & Development,Manufacturing Director,2,1,Technical Degree,12,Travel_Rarely,7947,12,1,No,15,14,13,7,12,5,0,3,3,4,1,2,3,Yes,1,26-35,10+ yrs,5K-8K,2.5
10477,43,Male,Divorced,Human Resources,Manager,2,1,Marketing,1,Travel_Frequently,9502,17,0,No,24,5,2,2,3,5,1,3,3,3,3,1,1,Yes,1,36-45,4-6 yrs,8K-12K,2.0
11621,46,Female,Divorced,Sales,Sales Representative,1,4,Medical,12,Travel_Rarely,8603,11,1,No,25,14,12,4,11,8,1,4,3,3,2,3,4,Yes,1,46-55,10+ yrs,8K-12K,3.0
11189,43,Male,Married,Sales,Manager,1,4,Human Resources,1,Travel_Rarely,7836,11,1,Yes,20,5,5,1,4,3,3,3,3,3,1,3,2,No,0,36-45,4-6 yrs,5K-8K,2.25
10782,34,Male,Single,Research & Development,Manufacturing Director,3,5,Medical,8,Travel_Rarely,9406,11,0,No,14,3,3,2,0,6,2,3,4,4,1,2,2,No,0,26-35,2-3 yrs,8K-12K,2.25
10455,18,Female,Single,Human Resources,Human Resources,1,3,Life Sciences,9,Travel_Rarely,3974,19,1,No,0,0,0,0,0,7,6,3,3,1,3,3,4,No,0,18-25,0-1 yrs,3K-5K,2.75
11512,47,Female,Married,Sales,Sales Representative,2,2,Life Sciences,16,Travel_Rarely,9869,18,2,No,25,15,14,0,13,0,4,3,4,1,2,3,4,No,0,46-55,10+ yrs,8K-12K,2.5
11201,33,Male,Married,Research & Development,Research Scientist,5,1,Life Sciences,23,Travel_Rarely,14776,16,1,No,14,14,11,11,14,2,4,3,4,2,2,3,3,No,0,26-35,10+ yrs,12K+,2.5
11108,49,Female,Married,Human Resources,Human Resources,3,3,Medical,1,Travel_Rarely,11577,13,0,No,27,6,6,4,6,1,3,3,2,1,3,2,4,No,0,46-55,4-6 yrs,8K-12K,2.5
10231,38,Male,Married,Research & Development,Laboratory Technician,1,2,Medical,7,Travel_Rarely,7365,18,0,Yes,15,3,1,3,0,2,0,3,1,4,1,3,2,No,0,36-45,2-3 yrs,5K-8K,2.5
11320,34,Male,Married,Research & Development,Laboratory Technician,3,3,Life Sciences,7,Travel_Rarely,10779,11,1,No,14,12,9,8,12,8,5,3,4,3,4,3,1,No,0,26-35,10+ yrs,8K-12K,2.75
10653,28,Female,Single,Human Resources,HR Business Partner,3,2,Medical,20,Travel_Rarely,9706,11,0,No,9,4,4,1,2,0,1,4,3,2,4,3,1,No,0,26-35,4-6 yrs,8K-12K,2.5
10071,38,Male,Single,Research & Development,Laboratory Technician,1,4,Technical Degree,9,Travel_Rarely,4300,11,2,No,19,2,2,2,0,4,6,3,3,4,2,4,4,No,0,36-45,2-3 yrs,3K-5K,3.5
10611,34,Male,Married,Research & Development,Manager,1,2,Life Sciences,11,Non-Travel,5830,14,0,No,10,4,4,3,2,3,4,3,4,4,4,1,4,Yes,1,26-35,4-6 yrs,5K-8K,3.25
11175,44,Male,Married,Research & Development,Healthcare Representative,1,3,Life Sciences,4,Travel_Rarely,5801,23,2,No,26,26,25,15,25,2,0,3,3,3,2,3,1,No,0,36-45,10+ yrs,5K-8K,2.25
11606,40,Male,Married,Research & Development,Manager,2,2,Technical Degree,6,Travel_Rarely,8504,15,1,No,17,10,7,1,10,5,5,3,3,2,3,3,4,No,0,36-45,7-10 yrs,8K-12K,3.0
11557,38,Male,Married,Sales,Sales Representative,4,3,Medical,20,Travel_Rarely,14861,11,1,No,17,10,9,2,7,0,0,3,2,2,2,3,3,No,0,36-45,7-10 yrs,12K+,2.5
11625,19,Female,Single,Sales,Sales Representative,1,3,Medical,1,Travel_Rarely,4626,13,2,No,0,0,0,0,0,2,3,3,2,4,1,2,4,Yes,1,18-25,0-1 yrs,3K-5K,2.75
10411,55,Female,Married,Human Resources,Manager,2,4,Life Sciences,13,Travel_Rarely,9176,11,2,Yes,35,28,27,13,26,1,1,3,3,3,2,3,4,Yes,1,46-55,10+ yrs,8K-12K,3.0
11541,25,Female,Married,Research & Development,Research Director,1,3,Life Sciences,1,Non-Travel,3352,11,3,Yes,5,5,4,5,3,4,1,3,3,1,4,2,3,Yes,1,18-25,4-6 yrs,3K-5K,2.5
11152,36,Male,Married,Research & Development,Manufacturing Director,1,5,Life Sciences,3,Travel_Frequently,6966,12,0,Yes,14,6,3,6,5,0,0,3,3,4,2,4,4,No,0,36-45,4-6 yrs,5K-8K,3.5
10339,38,Female,Divorced,Research & Development,Research Scientist,1,3,Life Sciences,2,Travel_Rarely,7336,16,0,No,17,16,13,10,14,6,1,3,2,1,4,2,2,No,0,36-45,10+ yrs,5K-8K,2.25
11026,41,Female,Married,Research & Development,Healthcare Representative,1,4,Medical,14,Travel_Frequently,7794,20,1,No,17,8,7,2,6,9,2,3,3,1,2,1,4,Yes,1,36-45,7-10 yrs,5K-8K,2.0
10044,41,Male,Married,Research & Development,Research Scientist,1,3,Life Sciences,18,Travel_Rarely,6339,18,1,No,17,8,7,8,6,7,1,4,3,4,3,3,4,No,0,36-45,7-10 yrs,5K-8K,3.5
10540,41,Male,Single,Sales,Sales Executive,2,2,Medical,16,Travel_Rarely,9253,13,0,No,19,6,3,5,5,5,6,3,2,3,2,3,4,Yes,1,36-45,4-6 yrs,8K-12K,3.0
10602,30,Male,Married,Sales,Manager,1,3,Medical,7,Travel_Rarely,6143,21,2,No,11,0,0,0,0,9,2,3,3,3,3,4,2,No,0,26-35,0-1 yrs,5K-8K,3.0
11333,47,Female,Single,Sales,Sales Executive,1,2,Life Sciences,4,Travel_Rarely,8052,15,0,No,28,27,24,10,25,6,6,3,3,3,3,2,4,No,0,46-55,10+ yrs,8K-12K,3.0
10966,59,Male,Divorced,Research & Development,Manager,5,2,Medical,2,Travel_Rarely,16832,11,1,Yes,40,6,6,5,6,7,6,3,3,1,1,4,2,Yes,1,56-65,4-6 yrs,12K+,2.0
11502,33,Female,Married,Sales,Sales Representative,1,3,Life Sciences,9,Travel_Frequently,6367,14,0,Yes,10,1,0,1,0,1,4,3,3,1,1,4,2,No,0,26-35,0-1 yrs,5K-8K,2.0
10172,44,Male,Single,Research & Development,Healthcare Representative,3,2,Life Sciences,9,Travel_Frequently,12103,15,1,No,21,5,2,2,3,6,4,3,3,3,1,3,2,No,0,36-45,4-6 yrs,12K+,2.25
10418,32,Male,Single,Research & Development,Research Director,3,1,Medical,15,Travel_Rarely,10786,15,0,No,14,10,9,2,10,8,3,3,3,3,1,4,1,Yes,1,26-35,7-10 yrs,8K-12K,2.25
10838,42,Male,Single,Research & Development,Research Scientist,1,4,Medical,8,Travel_Rarely,8185,20,1,No,24,11,8,5,8,1,5,3,3,2,3,1,1,Yes,1,36-45,10+ yrs,8K-12K,1.75
11572,42,Male,Single,Research & Development,Manager,2,4,Technical Degree,21,Travel_Rarely,7845,16,1,No,20,19,18,8,17,4,4,4,3,4,4,4,2,No,0,36-45,10+ yrs,5K-8K,3.5
10807,33,Female,Married,Research & Development,Manufacturing Director,3,4,Technical Degree,1,Travel_Rarely,11659,12,0,No,12,4,2,0,4,1,0,3,3,3,1,3,1,Yes,1,26-35,4-6 yrs,8K-12K,2.0
10883,38,Female,Married,Research & Development,Manager,1,4,Marketing,5,Travel_Rarely,8115,13,0,No,18,9,7,9,8,1,6,3,3,4,3,4,1,No,0,36-45,7-10 yrs,8K-12K,3.0
11636,44,Female,Divorced,Research & Development,Laboratory Technician,1,3,Life Sciences,10,Travel_Rarely,5537,11,1,No,22,0,0,0,0,6,5,4,3,2,4,3,1,No,0,36-45,0-1 yrs,5K-8K,2.5
10424,40,Female,Single,Sales,Sales Executive,2,4,Human Resources,8,Travel_Rarely,6847,16,0,No,17,7,6,1,7,7,5,3,4,4,3,3,3,No,0,36-45,7-10 yrs,5K-8K,3.25
10728,44,Male,Divorced,Research & Development,Research Scientist,1,4,Life Sciences,3,Travel_Frequently,7523,11,0,No,20,6,4,3,3,5,6,4,1,3,4,1,3,No,0,36-45,4-6 yrs,5K-8K,2.75
10968,36,Male,Single,Human Resources,Manager,5,2,Technical Degree,1,Travel_Rarely,13730,15,0,No,12,7,7,2,7,0,2,4,3,3,3,3,2,No,0,36-45,7-10 yrs,12K+,2.75
11340,48,Female,Married,Sales,Sales Representative,1,3,Other,15,Travel_Frequently,6305,18,0,Yes,25,5,2,4,5,9,5,3,4,3,4,2,4,No,0,46-55,4-6 yrs,5K-8K,3.25
10377,35,Male,Single,Research & Development,Manufacturing Director,1,4,Technical Degree,18,Travel_Rarely,6730,18,1,No,17,7,7,2,7,8,4,3,3,4,2,2,1,No,0,26-35,7-10 yrs,5K-8K,2.25
10525,33,Male,Married,Research & Development,Healthcare Representative,2,3,Life Sciences,12,Travel_Rarely,7206,19,1,No,14,12,9,6,12,4,4,3,3,1,3,2,2,No,0,26-35,10+ yrs,5K-8K,2.0
11560,33,Male,Divorced,Sales,Sales Representative,2,4,Human Resources,25,Travel_Rarely,7900,14,1,Yes,13,10,10,3,10,7,0,4,3,3,4,3,2,No,0,26-35,7-10 yrs,5K-8K,3.0
10439,37,Male,Single,Sales,Sales Executive,3,4,Medical,5,Travel_Rarely,10592,17,1,No,13,5,4,3,2,9,5,4,3,3,1,3,1,No,0,36-45,4-6 yrs,8K-12K,2.0
11444,34,Male,Married,Research & Development,Research Director,2,3,Human Resources,7,Travel_Rarely,7667,21,2,No,11,8,8,7,6,5,4,3,2,3,3,3,1,No,0,26-35,7-10 yrs,5K-8K,2.5
10151,46,Male,Married,Research & Development,Manager,1,2,Technical Degree,1,Non-Travel,5976,15,0,No,28,13,13,2,11,7,2,3,4,3,4,2,2,No,0,46-55,10+ yrs,5K-8K,2.75
10718,35,Male,Divorced,Research & Development,Manufacturing Director,4,4,Life Sciences,14,Travel_Rarely,8378,11,1,No,16,10,10,7,10,2,6,3,3,4,3,3,4,Yes,1,26-35,7-10 yrs,8K-12K,3.5
11534,30,Male,Married,Research & Development,Manufacturing Director,2,3,Medical,2,Travel_Rarely,7050,17,1,Yes,10,6,6,0,3,0,3,3,3,4,2,4,1,No,0,26-35,4-6 yrs,5K-8K,2.75
10982,47,Male,Divorced,Research & Development,Healthcare Representative,1,3,Medical,8,Travel_Rarely,8688,18,1,No,26,16,16,7,16,2,2,3,3,1,4,3,4,No,0,46-55,10+ yrs,8K-12K,3.0
10955,32,Female,Married,Research & Development,Manufacturing Director,2,4,Human Resources,16,Travel_Rarely,6970,22,1,No,9,3,0,1,0,4,4,3,1,3,1,4,3,No,0,26-35,2-3 yrs,5K-8K,2.75
11508,30,Female,Single,Research & Development,Manager,1,4,Marketing,8,Travel_Rarely,5158,15,1,No,12,0,0,0,0,9,5,3,2,4,3,3,1,No,0,26-35,0-1 yrs,5K-8K,2.75
10144,52,Female,Married,Research & Development,Research Scientist,2,4,Life Sciences,5,Travel_Rarely,9736,13,1,Yes,30,3,2,2,2,5,4,4,1,4,1,3,3,No,0,46-55,2-3 yrs,8K-12K,2.75
10527,56,Female,Single,Research & Development,Manufacturing Director,1,5,Other,1,Travel_Frequently,6529,12,0,No,33,21,19,15,21,8,2,4,2,1,1,2,2,No,0,56-65,10+ yrs,5K-8K,1.5
10584,48,Male,Divorced,Sales,Sales Executive,1,2,Life Sciences,1,Travel_Rarely,6739,12,1,No,26,14,11,1,14,7,2,3,3,4,2,3,1,No,0,46-55,10+ yrs,5K-8K,2.5
10976,47,Female,Divorced,Sales,Sales Representative,2,5,Life Sciences,17,Travel_Rarely,9028,19,0,No,28,7,6,4,7,4,4,3,3,3,3,3,2,No,0,46-55,7-10 yrs,8K-12K,2.75
10567,33,Male,Married,Sales,Manager,5,3,Marketing,8,Travel_Frequently,15764,14,0,Yes,15,14,14,9,12,2,0,3,3,1,4,2,2,Yes,1,26-35,10+ yrs,12K+,2.25
11233,37,Male,Married,Research & Development,Healthcare Representative,2,1,Technical Degree,1,Travel_Rarely,8919,12,1,No,17,4,2,2,3,6,2,3,4,2,4,4,3,No,0,36-45,4-6 yrs,8K-12K,3.25
10441,28,Female,Divorced,Research & Development,Research Director,5,4,Technical Degree,1,Travel_Rarely,14774,14,0,No,10,4,1,4,3,5,0,3,3,4,3,3,3,No,0,26-35,4-6 yrs,12K+,3.25
11156,33,Male,Divorced,Research & Development,Research Director,5,4,Life Sciences,8,Travel_Rarely,14149,12,0,No,15,5,3,3,2,9,4,3,3,3,4,2,4,Yes,1,26-35,4-6 yrs,12K+,3.25
10175,30,Male,Divorced,Research & Development,Research Scientist,1,2,Technical Degree,2,Travel_Rarely,5843,16,2,No,11,3,3,2,3,6,2,3,2,4,1,3,4,No,0,26-35,2-3 yrs,5K-8K,3.0
11295,47,Male,Married,Sales,Sales Executive,1,4,Life Sciences,4,Travel_Frequently,7867,11,0,Yes,25,5,2,4,5,3,5,3,3,4,1,2,2,No,0,46-55,4-6 yrs,5K-8K,2.25
11417,38,Male,Married,Research & Development,Manufacturing Director,3,3,Life Sciences,6,Travel_Rarely,10407,13,0,No,19,10,7,0,8,3,5,3,3,3,2,3,3,No,0,36-45,7-10 yrs,8K-12K,2.75
10124,27,Female,Divorced,Sales,Sales Representative,2,2,Life Sciences,5,Travel_Rarely,7962,14,1,No,6,6,4,0,5,9,2,4,2,4,2,3,4,No,0,26-35,4-6 yrs,5K-8K,3.25
10139,40,Male,Single,Research & Development,Research Director,2,3,Human Resources,2,Travel_Rarely,9321,15,3,No,20,7,6,6,5,8,2,3,1,4,1,3,3,Yes,1,36-45,7-10 yrs,8K-12K,2.75
10880,51,Male,Divorced,Research & Development,Research Scientist,2,4,Other,2,Travel_Rarely,9188,13,0,No,27,14,12,3,14,6,6,4,3,3,2,3,4,No,0,46-55,10+ yrs,8K-12K,3.0
11076,45,Male,Married,Research & Development,Manager,2,4,Other,5,Travel_Rarely,10113,24,0,Yes,25,17,14,11,16,0,5,3,4,4,4,3,4,Yes,1,36-45,10+ yrs,8K-12K,3.75
10733,40,Male,Divorced,Human Resources,Manager,2,4,Medical,2,Travel_Frequently,8277,19,1,No,18,6,6,5,3,0,2,3,3,2,3,3,4,No,0,36-45,4-6 yrs,8K-12K,3.0
10625,34,Female,Divorced,Research & Development,Laboratory Technician,1,3,Life Sciences,1,Non-Travel,6772,12,3,Yes,16,7,5,1,6,5,2,3,2,3,4,3,4,No,0,26-35,7-10 yrs,5K-8K,3.5
11300,37,Female,Divorced,Human Resources,Manager,5,4,Technical Degree,6,Travel_Rarely,14238,14,2,Yes,16,1,0,0,0,0,4,3,3,4,3,3,4,No,0,36-45,0-1 yrs,12K+,3.5
10785,32,Male,Divorced,Research & Development,Laboratory Technician,1,2,Life Sciences,1,Travel_Frequently,6931,11,0,No,9,5,3,4,5,0,1,3,4,3,4,4,4,No,0,26-35,4-6 yrs,5K-8K,3.75
11367,25,Male,Married,Sales,Sales Executive,3,2,Life Sciences,5,Travel_Rarely,10182,11,0,Yes,7,4,4,2,2,5,3,3,2,2,4,3,4,No,0,18-25,4-6 yrs,8K-12K,3.25
11281,45,Male,Married,Research & Development,Research Scientist,1,2,Technical Degree,1,Travel_Rarely,8014,17,1,No,25,15,15,6,13,9,0,3,3,3,4,3,3,No,0,36-45,10+ yrs,8K-12K,3.25
10183,40,Female,Single,Sales,Sales Executive,2,3,Marketing,13,Travel_Rarely,8684,23,2,Yes,17,14,14,0,11,9,1,3,1,1,1,3,4,No,0,36-45,10+ yrs,8K-12K,2.25
10618,39,Male,Divorced,Research & Development,Research Director,3,5,Medical,9,Travel_Rarely,12098,16,2,No,21,14,11,6,14,6,4,3,3,3,3,3,1,No,0,36-45,10+ yrs,12K+,2.5
11325,53,Female,Divorced,Sales,Sales Executive,2,5,Marketing,9,Travel_Rarely,8255,15,0,No,29,0,0,0,0,9,4,3,3,3,2,4,2,Yes,1,46-55,0-1 yrs,8K-12K,2.75
10691,42,Female,Divorced,Research & Development,Healthcare Representative,2,3,Medical,5,Travel_Rarely,6393,11,2,Yes,23,3,0,1,0,5,1,3,3,4,1,3,3,No,0,36-45,2-3 yrs,5K-8K,2.75
11469,28,Male,Divorced,Sales,Manager,1,2,Marketing,1,Travel_Rarely,4527,11,0,Yes,4,4,1,2,1,4,0,3,2,4,2,2,4,No,0,26-35,4-6 yrs,3K-5K,3.0
10241,38,Female,Married,Sales,Sales Executive,1,4,Technical Degree,29,Travel_Rarely,4781,18,2,No,15,9,6,0,6,4,1,3,2,2,4,3,1,No,0,36-45,7-10 yrs,3K-5K,2.5
11255,27,Female,Single,Research & Development,Laboratory Technician,2,5,Life Sciences,5,Travel_Rarely,8034,22,1,Yes,8,4,2,1,3,0,3,3,3,4,4,3,4,Yes,1,26-35,4-6 yrs,8K-12K,3.75
11351,35,Male,Married,Sales,Sales Representative,3,3,Medical,5,Travel_Rarely,9369,16,2,Yes,11,0,0,0,0,2,0,3,3,3,3,4,3,No,0,26-35,0-1 yrs,8K-12K,3.25
10459,44,Female,Single,Research & Development,Healthcare Representative,1,5,Human Resources,8,Travel_Frequently,6590,20,1,No,20,17,17,10,17,2,3,3,2,3,3,2,2,No,0,36-45,10+ yrs,5K-8K,2.5
10682,49,Female,Married,Human Resources,HR Business Partner,3,3,Marketing,10,Travel_Rarely,11384,20,1,No,30,7,7,4,5,2,4,3,3,3,3,4,4,No,0,46-55,7-10 yrs,8K-12K,3.5
10466,32,Male,Single,Research & Development,Research Scientist,4,3,Life Sciences,29,Travel_Rarely,11624,14,1,No,9,2,0,2,1,1,1,3,2,4,3,3,4,No,0,26-35,2-3 yrs,8K-12K,3.5
11192,35,Female,Divorced,Research & Development,Research Scientist,1,1,Human Resources,11,Travel_Rarely,6588,15,2,No,16,5,3,1,4,2,0,4,4,3,2,3,3,No,0,26-35,4-6 yrs,5K-8K,2.75
10146,37,Female,Married,Human Resources,Human Resources,3,3,Life Sciences,4,Travel_Rarely,10590,11,0,Yes,14,14,14,8,12,5,0,3,1,4,4,3,3,Yes,1,36-45,10+ yrs,8K-12K,3.5
10207,36,Male,Married,Sales,Manager,1,3,Life Sciences,2,Travel_Frequently,5859,13,0,No,14,2,2,1,1,1,5,3,1,4,3,3,1,No,0,36-45,2-3 yrs,5K-8K,2.75
11213,31,Female,Married,Research & Development,Research Scientist,3,3,Life Sciences,8,Travel_Rarely,9041,11,1,Yes,11,0,0,0,0,3,5,3,3,1,3,2,4,No,0,26-35,0-1 yrs,8K-12K,2.5
11452,30,Male,Divorced,Human Resources,Manager,2,2,Life Sciences,5,Travel_Rarely,7554,17,0,Yes,9,8,8,0,6,1,4,3,3,4,2,2,1,No,0,26-35,7-10 yrs,5K-8K,2.25
10325,30,Female,Single,Research & Development,Healthcare Representative,1,4,Technical Degree,29,Non-Travel,5426,17,3,No,8,6,6,6,5,3,0,3,3,4,4,3,1,No,0,26-35,4-6 yrs,5K-8K,3.0
10658,34,Female,Married,Human Resources,Human Resources,5,4,Medical,9,Travel_Frequently,15110,11,0,Yes,14,3,2,1,1,6,0,3,2,2,3,3,3,Yes,1,26-35,2-3 yrs,12K+,2.75
11644,58,Male,Divorced,Sales,Sales Executive,5,4,Marketing,2,Travel_Rarely,16597,22,0,No,37,23,20,12,20,5,1,3,2,3,2,3,1,No,0,56-65,10+ yrs,12K+,2.25
10715,42,Male,Single,Research & Development,Manager,2,1,Technical Degree,9,Travel_Rarely,8993,19,1,No,22,0,0,0,0,5,5,3,3,3,3,2,4,No,0,36-45,0-1 yrs,8K-12K,3.0
11544,36,Male,Married,Sales,Manager,3,3,Life Sciences,1,Travel_Frequently,10894,12,2,No,17,7,6,1,6,5,6,3,3,4,3,3,4,No,0,36-45,7-10 yrs,8K-12K,3.5
11584,33,Female,Married,Sales,Sales Executive,2,4,Life Sciences,12,Travel_Rarely,8604,15,1,No,10,9,9,3,9,8,6,4,4,3,2,2,3,No,0,26-35,7-10 yrs,8K-12K,2.5
10080,38,Male,Divorced,Sales,Sales Representative,2,3,Other,14,Travel_Rarely,8623,18,2,No,15,13,12,13,12,2,2,4,4,4,4,2,2,No,0,36-45,10+ yrs,8K-12K,3.0
11524,28,Male,Married,Research & Development,Manager,1,2,Marketing,2,Travel_Rarely,5503,20,2,Yes,7,3,1,2,3,1,5,3,3,3,1,2,4,No,0,26-35,2-3 yrs,5K-8K,2.5
11510,52,Male,Married,Research & Development,Manager,1,3,Technical Degree,1,Travel_Rarely,8022,12,0,Yes,34,24,24,3,22,2,1,3,3,1,3,3,3,Yes,1,46-55,10+ yrs,8K-12K,2.5
10688,48,Male,Married,Sales,Sales Representative,2,2,Life Sciences,2,Travel_Frequently,9443,11,3,Yes,30,25,23,4,25,8,2,3,2,1,1,3,4,No,0,46-55,10+ yrs,8K-12K,2.25
10167,39,Male,Married,Sales,Sales Representative,3,4,Marketing,5,Travel_Frequently,11201,19,1,No,21,17,16,14,15,5,4,3,3,2,3,3,3,No,0,36-45,10+ yrs,8K-12K,2.75
10230,52,Female,Divorced,Research & Development,Manager,1,2,Marketing,3,Travel_Rarely,8307,11,1,No,29,1,0,1,1,1,1,3,4,3,3,3,2,No,0,46-55,0-1 yrs,8K-12K,2.75
11617,28,Female,Single,Research & Development,Laboratory Technician,2,3,Medical,9,Travel_Rarely,6919,12,1,No,7,5,4,1,3,1,2,3,4,2,3,3,3,Yes,1,26-35,4-6 yrs,5K-8K,2.75
11482,25,Male,Divorced,Sales,Sales Executive,2,4,Human Resources,1,Travel_Rarely,6827,16,0,No,1,0,0,0,0,0,4,3,2,3,1,3,1,No,0,18-25,0-1 yrs,5K-8K,2.0
10741,55,Female,Married,Research & Development,Manager,1,4,Technical Degree,2,Travel_Rarely,7340,18,1,No,37,23,23,3,21,3,4,3,2,3,3,2,4,No,0,46-55,10+ yrs,5K-8K,3.0
10101,30,Male,Divorced,Research & Development,Research Scientist,2,1,Life Sciences,1,Travel_Rarely,7720,16,1,No,12,9,8,2,6,8,3,3,1,3,4,3,3,No,0,26-35,7-10 yrs,5K-8K,3.25
10291,29,Female,Single,Sales,Manager,2,3,Life Sciences,18,Travel_Rarely,7243,11,0,No,8,0,0,0,0,3,3,3,3,3,2,4,3,Yes,1,26-35,0-1 yrs,5K-8K,3.0
10445,36,Female,Divorced,Sales,Sales Executive,4,3,Life Sciences,2,Travel_Frequently,14306,11,0,No,17,9,6,9,8,0,2,3,1,4,1,1,2,No,0,36-45,7-10 yrs,12K+,2.0
10879,30,Female,Married,Sales,Manager,1,5,Marketing,11,Travel_Rarely,6293,11,0,No,11,9,7,7,8,5,0,3,3,3,4,3,1,No,0,26-35,7-10 yrs,5K-8K,2.75
11078,27,Male,Married,Human Resources,Human Resources,1,3,Life Sciences,1,Travel_Rarely,4782,20,1,No,5,5,5,3,2,3,0,3,3,3,2,3,1,No,0,26-35,4-6 yrs,3K-5K,2.25
10740,43,Female,Married,Research & Development,Research Scientist,2,4,Technical Degree,9,Travel_Rarely,7891,17,0,No,19,17,14,5,14,8,1,3,4,3,2,3,1,No,0,36-45,10+ yrs,5K-8K,2.25
10392,51,Female,Married,Human Resources,Manager,2,4,Marketing,5,Travel_Rarely,9516,11,0,No,29,7,5,2,7,1,2,3,4,3,2,1,4,No,0,46-55,7-10 yrs,8K-12K,2.5
10087,19,Male,Married,Research & Development,Research Scientist,2,2,Medical,9,Travel_Rarely,7342,11,1,No,1,1,0,0,0,1,0,3,3,4,1,3,4,No,0,18-25,0-1 yrs,5K-8K,3.0
10667,42,Male,Divorced,Research & Development,Research Director,3,3,Life Sciences,5,Travel_Rarely,11358,19,0,No,23,23,23,9,22,9,1,4,2,2,4,2,3,Yes,1,36-45,10+ yrs,8K-12K,2.75
11276,37,Male,Married,Human Resources,HR Business Partner,2,3,Life Sciences,15,Travel_Rarely,8415,12,1,No,18,1,0,1,1,1,2,3,2,1,2,3,1,No,0,36-45,0-1 yrs,8K-12K,1.75
11506,49,Male,Married,Research & Development,Laboratory Technician,5,2,Medical,3,Non-Travel,17136,14,1,Yes,28,24,24,4,23,6,4,4,3,1,1,3,2,No,0,46-55,10+ yrs,12K+,1.75
10476,34,Male,Single,Sales,Sales Executive,3,4,Life Sciences,1,Travel_Rarely,10245,11,0,No,14,3,0,3,1,8,5,3,1,4,4,4,3,No,0,26-35,2-3 yrs,8K-12K,3.75
11296,39,Male,Single,Research & Development,Healthcare Representative,5,3,Medical,6,Travel_Rarely,12974,11,1,No,17,7,6,6,5,1,6,3,4,4,2,4,2,No,0,36-45,7-10 yrs,12K+,3.0
10045,30,Female,Single,Research & Development,Manager,3,3,Life Sciences,6,Travel_Rarely,10305,11,0,No,10,8,6,2,8,8,2,3,3,1,2,2,2,No,0,26-35,7-10 yrs,8K-12K,1.75
10789,43,Female,Married,Sales,Sales Executive,1,2,Technical Degree,1,Travel_Rarely,8378,17,1,No,20,16,14,10,16,2,6,3,3,1,4,3,4,No,0,36-45,10+ yrs,8K-12K,3.0
11003,43,Male,Married,Research & Development,Healthcare Representative,1,3,Other,1,Travel_Rarely,6787,14,0,No,22,7,4,2,7,8,5,3,3,1,1,4,4,No,0,36-45,7-10 yrs,5K-8K,2.5
11138,36,Male,Single,Research & Development,Manufacturing Director,1,4,Other,5,Non-Travel,4762,17,1,No,12,4,3,3,3,2,4,3,3,2,4,3,4,No,0,36-45,4-6 yrs,3K-5K,3.25
10025,34,Female,Married,Research & Development,Healthcare Representative,1,4,Life Sciences,5,Travel_Rarely,5900,11,1,No,10,9,8,4,7,7,4,4,2,3,3,2,2,No,0,26-35,7-10 yrs,5K-8K,2.5
11236,50,Female,Married,Research & Development,Research Director,2,4,Medical,9,Non-Travel,9637,25,1,No,29,23,22,4,20,0,3,3,2,3,4,3,3,No,0,46-55,10+ yrs,8K-12K,3.25
10833,36,Male,Divorced,Research & Development,Healthcare Representative,5,2,Medical,2,Travel_Rarely,14465,12,2,No,15,9,6,7,6,8,5,3,3,3,1,2,2,No,0,36-45,7-10 yrs,12K+,2.0
11194,40,Male,Divorced,Research & Development,Research Director,2,4,Life Sciences,21,Travel_Rarely,8217,15,0,No,21,5,2,3,2,8,5,3,2,3,4,2,2,No,0,36-45,4-6 yrs,8K-12K,2.75
10592,19,Female,Divorced,Research & Development,Manager,4,4,Life Sciences,15,Travel_Rarely,10799,22,1,No,0,0,0,0,0,2,1,3,3,2,3,3,3,No,0,18-25,0-1 yrs,8K-12K,2.75
11649,31,Male,Married,Research & Development,Healthcare Representative,2,3,Life Sciences,4,Travel_Rarely,6646,11,0,No,12,4,1,4,4,9,6,3,1,3,4,2,4,No,0,26-35,4-6 yrs,5K-8K,3.25
10974,30,Male,Divorced,Human Resources,HR Business Partner,1,4,Life Sciences,4,Travel_Rarely,6732,11,3,No,6,3,0,1,2,0,3,3,3,1,1,3,2,Yes,1,26-35,2-3 yrs,5K-8K,1.75
11057,51,Male,Married,Research & Development,Laboratory Technician,5,4,Life Sciences,4,Travel_Rarely,17049,14,2,No,31,13,12,2,13,2,2,3,2,1,3,1,4,No,0,46-55,10+ yrs,12K+,2.25
10110,47,Female,Married,Sales,Manager,1,4,Medical,2,Travel_Frequently,7439,15,0,No,25,18,18,7,16,0,6,3,3,3,3,4,1,Yes,1,46-55,10+ yrs,5K-8K,2.75
11161,36,Male,Married,Research & Development,Healthcare Representative,2,4,Other,1,Travel_Rarely,7320,18,0,No,12,2,1,1,0,4,1,3,2,3,2,3,2,No,0,36-45,2-3 yrs,5K-8K,2.5
11355,31,Female,Divorced,Research & Development,Healthcare Representative,2,2,Life Sciences,9,Travel_Rarely,6294,23,1,No,13,0,0,0,0,7,2,3,4,3,3,4,3,No,0,26-35,0-1 yrs,5K-8K,3.25
10223,41,Female,Single,Human Resources,HR Business Partner,1,3,Medical,3,Travel_Rarely,6330,14,1,No,20,2,1,1,0,0,3,3,2,2,4,4,3,No,0,36-45,2-3 yrs,5K-8K,3.25
11053,50,Male,Married,Research & Development,Manufacturing Director,4,2,Technical Degree,1,Travel_Rarely,14835,14,1,No,30,25,22,1,22,5,4,3,2,3,1,3,3,No,0,46-55,10+ yrs,12K+,2.5
11312,32,Female,Divorced,Research & Development,Research Director,2,5,Life Sciences,3,Travel_Frequently,7732,11,1,No,9,0,0,0,0,9,6,4,4,4,4,3,1,No,0,26-35,0-1 yrs,5K-8K,3.0
10723,32,Female,Single,Human Resources,Human Resources,4,5,Life Sciences,3,Travel_Rarely,11558,21,0,No,10,10,7,9,10,2,1,3,3,3,4,3,2,No,0,26-35,7-10 yrs,8K-12K,3.0
10056,36,Male,Married,Sales,Manager,1,2,Life Sciences,3,Travel_Rarely,5330,17,2,No,13,7,4,6,5,2,3,3,4,2,4,3,1,No,0,36-45,7-10 yrs,5K-8K,2.5
10254,31,Female,Married,Sales,Sales Executive,2,3,Marketing,6,Travel_Rarely,9985,13,1,Yes,9,8,8,4,7,2,4,3,1,1,3,3,3,No,0,26-35,7-10 yrs,8K-12K,2.5
11588,37,Male,Married,Research & Development,Laboratory Technician,1,4,Medical,10,Travel_Rarely,6442,14,0,No,14,10,8,6,8,0,5,3,3,3,3,3,3,No,0,36-45,7-10 yrs,5K-8K,3.0
11073,41,Female,Divorced,Sales,Sales Executive,1,3,Life Sciences,2,Travel_Rarely,8378,15,1,Yes,20,1,0,1,0,7,4,3,4,3,1,4,2,Yes,1,36-45,0-1 yrs,8K-12K,2.5
10643,33,Male,Single,Research & Development,Healthcare Representative,2,3,Marketing,17,Travel_Frequently,9597,14,2,Yes,12,2,0,2,0,9,4,3,3,1,3,3,3,No,0,26-35,2-3 yrs,8K-12K,2.5
10546,38,Male,Divorced,Sales,Sales Representative,1,2,Human Resources,29,Travel_Frequently,6460,21,0,No,17,12,12,8,11,0,6,3,2,3,2,2,1,No,0,36-45,10+ yrs,5K-8K,2.0
10478,40,Female,Married,Sales,Manager,3,2,Life Sciences,6,Travel_Rarely,9312,21,0,Yes,16,2,1,1,0,7,5,4,3,3,4,3,3,No,0,36-45,2-3 yrs,8K-12K,3.25
10950,32,Female,Divorced,Research & Development,Healthcare Representative,3,2,Other,1,Travel_Rarely,7844,19,0,No,11,11,10,7,9,7,0,3,3,4,2,3,1,No,0,26-35,10+ yrs,5K-8K,2.5
10844,29,Female,Single,Human Resources,Human Resources,5,2,Technical Degree,10,Non-Travel,14117,12,2,No,9,1,1,0,0,8,5,3,3,4,3,3,2,No,0,26-35,0-1 yrs,12K+,3.0
10064,49,Female,Divorced,Sales,Manager,4,3,Life Sciences,4,Travel_Frequently,13231,14,1,No,30,14,12,0,11,8,5,4,3,2,3,3,4,No,0,46-55,10+ yrs,12K+,3.0
10414,34,Female,Married,Sales,Sales Executive,3,3,Life Sciences,10,Travel_Rarely,9315,11,1,Yes,13,8,6,7,6,4,0,3,1,3,1,3,4,No,0,26-35,7-10 yrs,8K-12K,2.75
10385,40,Male,Married,Human Resources,HR Business Partner,1,4,Medical,16,Travel_Rarely,6304,18,0,No,19,12,12,4,11,5,6,3,4,3,2,1,1,No,0,36-45,10+ yrs,5K-8K,1.75
11579,33,Female,Married,Sales,Sales Representative,3,5,Medical,4,Travel_Rarely,9928,18,1,No,13,3,2,2,2,8,5,3,2,2,3,3,3,No,0,26-35,2-3 yrs,8K-12K,2.75
10975,28,Male,Single,Research & Development,Healthcare Representative,1,3,Life Sciences,9,Non-Travel,4057,16,1,No,7,1,0,0,0,8,0,3,3,3,2,2,4,Yes,1,26-35,0-1 yrs,3K-5K,2.75
11347,28,Female,Single,Research & Development,Laboratory Technician,1,4,Life Sciences,1,Travel_Frequently,5980,15,1,No,4,3,1,0,3,9,6,3,4,1,3,2,3,No,0,26-35,2-3 yrs,5K-8K,2.25
10885,39,Female,Married,Research & Development,Research Scientist,1,5,Medical,10,Non-Travel,5632,14,1,No,18,6,6,6,4,3,2,3,3,4,1,3,2,No,0,36-45,4-6 yrs,5K-8K,2.5
10452,29,Male,Single,Research & Development,Research Director,3,2,Medical,5,Travel_Rarely,9709,11,1,Yes,8,3,0,1,0,3,5,4,4,4,2,2,4,No,0,26-35,2-3 yrs,8K-12K,3.0
11259,48,Male,Married,Research & Development,Research Scientist,4,2,Other,28,Travel_Frequently,14422,11,0,No,29,23,21,5,22,5,3,4,4,4,1,3,2,No,0,46-55,10+ yrs,12K+,2.5
10657,37,Female,Single,Sales,Manager,2,2,Medical,2,Travel_Rarely,7433,17,1,No,15,1,0,0,0,0,0,4,3,3,2,3,3,No,0,36-45,0-1 yrs,5K-8K,2.75
11449,49,Female,Married,Research & Development,Laboratory Technician,2,3,Life Sciences,1,Travel_Rarely,10121,14,0,No,29,1,0,0,0,3,1,4,3,3,3,2,1,Yes,1,46-55,0-1 yrs,8K-12K,2.25
11328,33,Female,Married,Sales,Sales Executive,1,4,Human Resources,5,Travel_Rarely,6320,12,1,No,11,2,0,2,0,5,4,4,2,4,3,3,3,No,0,26-35,2-3 yrs,5K-8K,3.25
10370,43,Female,Single,Research & Development,Laboratory Technician,3,3,Other,2,Travel_Rarely,12375,15,0,No,25,20,20,10,17,7,4,4,2,1,4,2,1,No,0,36-45,10+ yrs,12K+,2.0
10690,46,Female,Single,Research & Development,Research Director,2,2,Life Sciences,4,Travel_Rarely,9476,15,3,No,24,7,5,5,5,5,2,3,3,3,2,1,4,No,0,46-55,7-10 yrs,8K-12K,2.5
10220,46,Male,Married,Sales,Manager,1,4,Human Resources,4,Travel_Rarely,7044,14,0,Yes,26,1,0,0,1,9,3,3,3,3,2,4,4,No,0,46-55,0-1 yrs,5K-8K,3.25
11563,33,Female,Divorced,Sales,Manager,1,2,Human Resources,1,Travel_Rarely,5693,17,1,No,14,12,11,0,9,5,4,3,2,3,4,3,4,No,0,26-35,10+ yrs,5K-8K,3.5
11321,59,Male,Married,Sales,Sales Representative,3,2,Medical,14,Travel_Rarely,11785,13,0,Yes,37,34,33,12,31,3,6,4,3,4,4,3,1,Yes,1,56-65,10+ yrs,8K-12K,3.0
10022,46,Male,Married,Research & Development,Laboratory Technician,4,3,Medical,18,Travel_Rarely,13958,11,1,No,25,3,0,3,1,7,3,3,2,1,4,1,2,Yes,1,46-55,2-3 yrs,12K+,2.0
10761,42,Female,Married,Human Resources,HR Business Partner,4,2,Marketing,9,Travel_Rarely,12092,13,0,No,20,7,5,4,7,1,4,3,3,2,3,1,2,No,0,36-45,7-10 yrs,12K+,2.0
10870,36,Female,Divorced,Research & Development,Research Director,2,4,Marketing,9,Travel_Frequently,6557,13,0,No,16,15,12,1,12,0,2,3,3,2,3,2,2,No,0,36-45,10+ yrs,5K-8K,2.25
10421,33,Male,Single,Research & Development,Healthcare Representative,3,2,Human Resources,6,Travel_Rarely,8259,21,2,Yes,14,3,1,0,2,3,1,3,2,3,2,2,4,No,0,26-35,2-3 yrs,8K-12K,2.75
11350,32,Female,Married,Sales,Sales Executive,1,2,Life Sciences,6,Travel_Rarely,6720,16,0,Yes,9,3,0,0,2,5,1,3,3,2,1,1,3,No,0,26-35,2-3 yrs,5K-8K,1.75
10200,38,Female,Single,Sales,Sales Executive,5,2,Life Sciences,4,Travel_Rarely,15444,16,3,No,14,0,0,0,0,3,5,3,3,4,3,2,4,No,0,36-45,0-1 yrs,12K+,3.25
10451,33,Female,Married,Research & Development,Research Scientist,2,3,Technical Degree,14,Travel_Rarely,7192,11,0,No,13,0,0,0,0,0,1,3,3,3,4,2,3,No,0,26-35,0-1 yrs,5K-8K,3.0
11162,29,Female,Single,Research & Development,Laboratory Technician,2,3,Life Sciences,5,Travel_Rarely,7590,14,0,No,7,2,0,2,0,7,0,3,3,3,3,2,3,No,0,26-35,2-3 yrs,5K-8K,2.75
11020,33,Female,Married,Human Resources,Manager,1,3,Medical,5,Travel_Rarely,6708,11,1,No,13,3,2,2,1,1,5,3,3,2,4,3,3,No,0,26-35,2-3 yrs,5K-8K,3.0
10912,33,Male,Divorced,Research & Development,Healthcare Representative,1,3,Other,8,Travel_Rarely,4623,11,0,No,10,0,0,0,0,3,5,3,3,4,1,2,2,No,0,26-35,0-1 yrs,3K-5K,2.25
10697,27,Male,Single,Human Resources,Manager,2,4,Medical,1,Travel_Frequently,6065,16,1,No,5,3,2,1,3,2,2,3,3,1,2,1,2,No,0,26-35,2-3 yrs,5K-8K,1.5
10812,29,Female,Single,Research & Development,Healthcare Representative,2,5,Other,1,Travel_Rarely,8476,18,1,Yes,5,2,0,2,2,9,2,3,3,2,3,3,2,No,0,26-35,2-3 yrs,8K-12K,2.5
11237,31,Female,Single,Research & Development,Research Scientist,5,4,Life Sciences,1,Travel_Rarely,15036,15,0,Yes,7,6,5,2,6,8,5,3,1,1,3,3,2,No,0,26-35,4-6 yrs,12K+,2.25
11641,54,Female,Married,Research & Development,Research Scientist,3,4,Marketing,8,Travel_Frequently,11594,14,1,No,30,24,23,11,24,3,5,3,3,3,3,3,4,No,0,46-55,10+ yrs,8K-12K,3.25
10911,41,Male,Single,Research & Development,Manufacturing Director,4,3,Life Sciences,5,Travel_Frequently,12621,13,1,Yes,19,1,0,1,0,5,6,3,4,3,3,4,4,No,0,36-45,0-1 yrs,12K+,3.5
11050,38,Male,Single,Research & Development,Manager,3,4,Life Sciences,2,Travel_Rarely,10506,19,0,No,14,11,10,7,11,2,5,3,2,4,4,3,4,No,0,36-45,10+ yrs,8K-12K,3.75
10506,60,Female,Divorced,Human Resources,Manager,1,3,Medical,4,Travel_Rarely,8819,14,0,No,40,38,38,3,36,5,4,3,1,1,3,3,4,No,0,56-65,10+ yrs,8K-12K,2.75
11514,39,Female,Divorced,Research & Development,Manager,2,5,Life Sciences,13,Travel_Frequently,7843,16,0,Yes,17,17,14,8,14,3,4,3,3,4,4,4,3,No,0,36-45,10+ yrs,5K-8K,3.75
11256,42,Female,Single,Sales,Sales Executive,1,4,Life Sciences,2,Travel_Frequently,6979,17,1,No,18,0,0,0,0,7,0,3,3,2,3,3,1,Yes,1,36-45,0-1 yrs,5K-8K,2.25
10406,35,Female,Single,Sales,Sales Representative,2,3,Life Sciences,6,Travel_Frequently,8552,11,1,No,12,0,0,0,0,9,0,3,2,3,3,4,3,No,0,26-35,0-1 yrs,8K-12K,3.25
10318,41,Male,Divorced,Research & Development,Healthcare Representative,3,3,Medical,13,Travel_Rarely,10264,13,1,Yes,19,16,13,1,15,6,3,4,1,2,1,3,3,No,0,36-45,10+ yrs,8K-12K,2.25
10184,19,Female,Married,Research & Development,Laboratory Technician,1,4,Other,1,Travel_Frequently,6247,17,1,No,0,0,0,0,0,3,5,3,3,1,3,4,4,No,0,18-25,0-1 yrs,5K-8K,3.0
11121,31,Male,Married,Sales,Sales Representative,3,5,Life Sciences,1,Travel_Frequently,10653,20,1,No,13,6,3,0,3,4,2,3,4,4,2,3,3,No,0,26-35,4-6 yrs,8K-12K,3.0
11550,37,Male,Married,Sales,Sales Executive,3,1,Medical,1,Travel_Rarely,11475,15,2,No,13,1,1,1,0,6,1,3,3,4,3,4,4,No,0,36-45,0-1 yrs,8K-12K,3.75
10610,53,Female,Married,Research & Development,Manager,1,2,Technical Degree,16,Travel_Rarely,9001,16,1,No,35,10,8,3,8,9,4,4,2,3,3,3,1,No,0,46-55,7-10 yrs,8K-12K,2.5
10627,56,Male,Married,Research & Development,Manager,2,5,Life Sciences,1,Travel_Rarely,8378,23,0,No,32,24,21,0,21,3,3,3,3,3,1,4,3,No,0,56-65,10+ yrs,8K-12K,2.75
10486,23,Male,Married,Sales,Sales Representative,3,3,Technical Degree,3,Travel_Frequently,8862,16,1,Yes,2,0,0,0,0,9,5,3,3,3,2,3,2,Yes,1,18-25,0-1 yrs,8K-12K,2.5
10279,28,Female,Single,Human Resources,Human Resources,2,3,Life Sciences,17,Travel_Rarely,5905,13,1,Yes,4,3,2,3,3,2,1,3,3,4,2,4,2,Yes,1,26-35,2-3 yrs,5K-8K,3.0
10631,35,Male,Divorced,Research & Development,Manager,4,3,Life Sciences,7,Travel_Rarely,12984,15,1,No,17,10,10,2,10,4,3,3,1,3,3,4,3,No,0,26-35,7-10 yrs,12K+,3.25
10021,55,Male,Single,Research & Development,Manager,2,2,Life Sciences,2,Travel_Rarely,9794,13,1,No,35,22,19,6,22,4,5,3,3,2,3,3,4,No,0,46-55,10+ yrs,8K-12K,3.0
10171,34,Male,Married,Sales,Sales Executive,3,2,Medical,3,Travel_Rarely,9458,14,0,No,15,5,2,5,4,2,2,3,3,2,3,4,1,No,0,26-35,4-6 yrs,8K-12K,2.5
11426,32,Male,Single,Sales,Sales Representative,1,2,Marketing,1,Travel_Rarely,7483,19,0,No,13,8,6,1,7,4,1,3,3,2,3,3,4,No,0,26-35,7-10 yrs,5K-8K,3.0
10902,36,Female,Married,Sales,Manager,2,3,Life Sciences,16,Travel_Rarely,8491,11,0,No,18,10,7,5,7,8,4,3,2,4,3,3,1,No,0,36-45,7-10 yrs,8K-12K,2.75
11040,42,Male,Married,Human Resources,Human Resources,2,4,Life Sciences,3,Travel_Rarely,9125,13,0,No,22,14,11,4,11,6,3,3,4,3,1,3,1,No,0,36-45,10+ yrs,8K-12K,2.0
10177,36,Male,Divorced,Research & Development,Manufacturing Director,2,4,Marketing,7,Non-Travel,8599,12,0,Yes,13,0,0,0,0,5,3,3,3,2,3,3,3,Yes,1,36-45,0-1 yrs,8K-12K,2.75
10328,20,Male,Single,Research & Development,Manager,2,3,Medical,15,Travel_Rarely,7612,11,1,No,0,0,0,0,0,3,1,3,3,1,3,3,3,No,0,18-25,0-1 yrs,5K-8K,2.5
10707,46,Male,Married,Research & Development,Healthcare Representative,1,4,Marketing,2,Travel_Rarely,6793,11,0,Yes,24,2,0,1,2,1,1,3,2,1,3,3,4,No,0,46-55,2-3 yrs,5K-8K,2.75
11223,40,Female,Married,Research & Development,Manufacturing Director,1,3,Life Sciences,15,Travel_Rarely,8146,11,1,Yes,21,12,11,0,10,3,5,3,3,4,2,3,3,Yes,1,36-45,10+ yrs,8K-12K,3.0
10471,22,Female,Single,Research & Development,Manufacturing Director,3,3,Technical Degree,9,Travel_Rarely,8599,22,0,Yes,0,0,0,0,0,4,0,4,3,2,4,2,2,Yes,1,18-25,0-1 yrs,8K-12K,2.5
11540,37,Female,Single,Sales,Sales Representative,4,1,Life Sciences,27,Travel_Rarely,14704,14,0,No,17,15,15,2,12,0,5,3,3,4,1,3,3,No,0,36-45,10+ yrs,12K+,2.75
10267,31,Male,Divorced,Research & Development,Laboratory Technician,1,3,Human Resources,21,Travel_Rarely,6231,16,0,No,7,3,1,0,3,8,3,3,1,4,1,1,3,No,0,26-35,2-3 yrs,5K-8K,2.25
10616,39,Female,Single,Human Resources,Manager,2,4,Life Sciences,5,Travel_Rarely,8709,16,1,Yes,17,5,4,5,3,7,4,3,2,2,2,4,2,Yes,1,36-45,4-6 yrs,8K-12K,2.5
11517,34,Female,Single,Research & Development,Research Director,4,4,Medical,26,Travel_Rarely,13152,11,2,No,16,13,10,10,10,6,0,3,3,1,1,4,4,Yes,1,26-35,10+ yrs,12K+,2.5
10131,50,Female,Married,Research & Development,Research Scientist,1,4,Marketing,5,Travel_Frequently,6919,14,1,Yes,28,24,24,8,23,2,4,3,3,3,1,3,3,No,0,46-55,10+ yrs,5K-8K,2.5
10866,49,Male,Married,Sales,Sales Executive,2,3,Life Sciences,1,Travel_Rarely,10650,21,2,No,27,25,22,13,22,7,1,4,2,1,4,3,2,Yes,1,46-55,10+ yrs,8K-12K,2.5
11610,26,Male,Single,Research & Development,Research Director,2,5,Medical,3,Travel_Rarely,5552,18,1,No,4,2,1,1,0,9,3,3,3,2,3,2,3,No,0,26-35,2-3 yrs,5K-8K,2.5
11363,38,Female,Single,Human Resources,Manager,2,5,Marketing,28,Travel_Rarely,7731,11,2,Yes,18,7,4,1,7,2,1,4,4,3,4,4,4,Yes,1,36-45,7-10 yrs,5K-8K,3.75
11546,33,Female,Married,Sales,Manager,4,2,Medical,4,Travel_Rarely,13485,12,0,No,10,7,7,1,4,7,1,3,4,1,4,2,2,Yes,1,26-35,7-10 yrs,12K+,2.25
10490,48,Female,Single,Research & Development,Research Scientist,1,2,Technical Degree,1,Travel_Rarely,6589,13,0,No,24,24,24,6,22,8,2,3,3,3,3,3,4,No,0,46-55,10+ yrs,5K-8K,3.25
10607,35,Female,Divorced,Research & Development,Manufacturing Director,1,1,Life Sciences,1,Travel_Rarely,5203,20,1,No,15,9,7,5,9,4,1,3,1,4,4,1,3,No,0,26-35,7-10 yrs,5K-8K,3.0
11218,47,Female,Married,Sales,Sales Representative,3,2,Life Sciences,2,Travel_Rarely,11899,20,0,No,27,13,11,11,11,0,1,4,2,1,4,2,4,No,0,46-55,10+ yrs,8K-12K,2.75
11165,33,Female,Married,Human Resources,HR Business Partner,3,2,Medical,4,Travel_Frequently,10991,11,0,No,9,7,7,1,7,1,6,3,3,4,3,4,3,No,0,26-35,7-10 yrs,8K-12K,3.5
10417,32,Male,Married,Research & Development,Laboratory Technician,3,2,Life Sciences,7,Travel_Rarely,10481,14,0,No,9,4,4,3,2,3,4,3,3,2,4,2,1,Yes,1,26-35,4-6 yrs,8K-12K,2.25
11501,19,Female,Married,Sales,Manager,1,4,Life Sciences,1,Travel_Rarely,3308,17,0,No,0,0,0,0,0,5,6,3,4,1,3,3,4,No,0,18-25,0-1 yrs,3K-5K,2.75
10153,26,Male,Married,Research & Development,Manager,1,3,Life Sciences,22,Travel_Rarely,4037,17,0,No,3,2,2,0,2,7,4,3,3,3,4,2,4,No,0,26-35,2-3 yrs,3K-5K,3.25
10890,36,Male,Single,Research & Development,Healthcare Representative,1,3,Medical,7,Travel_Rarely,6105,14,0,No,18,7,7,1,4,6,6,3,3,4,2,3,4,No,0,36-45,7-10 yrs,5K-8K,3.25
10850,45,Female,Single,Research & Development,Healthcare Representative,3,5,Other,6,Travel_Rarely,12095,15,2,No,24,0,0,0,0,8,1,3,2,3,4,3,4,Yes,1,36-45,0-1 yrs,12K+,3.5
10280,24,Female,Married,Research & Development,Manager,1,4,Life Sciences,8,Non-Travel,6732,11,1,No,5,3,0,2,2,9,4,4,3,3,3,3,3,No,0,18-25,2-3 yrs,5K-8K,3.0
11035,30,Male,Divorced,Research & Development,Healthcare Representative,2,3,Life Sciences,5,Travel_Frequently,7268,16,1,No,8,6,3,6,6,4,3,3,3,2,2,3,3,No,0,26-35,4-6 yrs,5K-8K,2.5
10270,36,Female,Single,Sales,Manager,2,2,Medical,16,Travel_Frequently,6673,11,3,No,12,3,2,0,3,4,3,3,3,3,2,2,4,No,0,36-45,2-3 yrs,5K-8K,2.75
10097,46,Male,Single,Research & Development,Laboratory Technician,3,4,Technical Degree,7,Travel_Rarely,10635,15,1,Yes,25,14,11,12,13,0,0,3,3,4,3,3,4,No,0,46-55,10+ yrs,8K-12K,3.5
10211,36,Female,Married,Research & Development,Healthcare Representative,2,3,Life Sciences,19,Travel_Rarely,6497,18,3,No,15,3,2,3,2,0,1,3,3,3,3,2,4,No,0,36-45,2-3 yrs,5K-8K,3.0
11533,29,Male,Divorced,Research & Development,Laboratory Technician,2,2,Medical,10,Travel_Rarely,9620,16,1,No,5,1,0,1,0,6,4,3,1,3,3,3,2,No,0,26-35,0-1 yrs,8K-12K,2.75
10570,31,Male,Married,Research & Development,Research Director,3,3,Life Sciences,1,Travel_Rarely,11062,22,1,No,9,3,0,2,0,8,1,3,3,2,1,3,3,No,0,26-35,2-3 yrs,8K-12K,2.25
11618,55,Male,Divorced,Research & Development,Healthcare Representative,3,5,Life Sciences,12,Travel_Rarely,12443,12,0,No,34,15,13,1,12,5,0,3,3,4,4,2,3,No,0,46-55,10+ yrs,12K+,3.25
10872,43,Male,Married,Research & Development,Research Director,1,3,Marketing,1,Travel_Frequently,6050,11,3,Yes,21,19,18,8,16,0,6,3,2,3,2,4,2,No,0,36-45,10+ yrs,5K-8K,2.75
10533,29,Male,Single,Research & Development,Manufacturing Director,4,2,Technical Degree,1,Travel_Rarely,11929,15,2,No,11,6,5,0,4,7,6,3,2,4,3,3,3,No,0,26-35,4-6 yrs,8K-12K,3.25
11615,40,Female,Single,Sales,Sales Representative,2,5,Life Sciences,9,Travel_Rarely,9162,14,0,No,20,13,13,1,11,8,4,3,4,3,1,2,2,No,0,36-45,10+ yrs,8K-12K,2.0
11357,36,Male,Single,Sales,Manager,3,3,Life Sciences,4,Travel_Rarely,10106,15,0,Yes,16,10,8,7,8,5,3,3,2,4,4,3,3,No,0,36-45,7-10 yrs,8K-12K,3.5
11100,27,Male,Divorced,Sales,Sales Representative,1,4,Marketing,18,Non-Travel,4247,11,1,No,6,1,1,1,0,6,3,3,3,4,2,4,2,No,0,26-35,0-1 yrs,3K-5K,3.0
10713,25,Female,Married,Research & Development,Laboratory Technician,2,4,Marketing,28,Travel_Rarely,7119,12,3,No,2,0,0,0,0,9,0,3,3,2,3,3,3,No,0,18-25,0-1 yrs,5K-8K,2.75
10078,60,Male,Married,Sales,Sales Executive,2,2,Technical Degree,6,Travel_Rarely,11408,20,1,No,39,19,19,9,17,9,6,3,3,3,4,3,3,No,0,56-65,10+ yrs,8K-12K,3.25
10264,31,Male,Married,Sales,Sales Representative,1,4,Life Sciences,3,Travel_Rarely,5333,12,0,Yes,8,6,4,5,4,0,5,3,3,4,1,3,4,No,0,26-35,4-6 yrs,5K-8K,3.0
10150,37,Female,Married,Research & Development,Research Director,3,4,Medical,17,Travel_Rarely,12182,13,3,No,15,7,6,4,4,6,4,3,3,1,3,3,3,Yes,1,36-45,7-10 yrs,12K+,2.5
11539,35,Female,Married,Research & Development,Laboratory Technician,3,2,Medical,2,Non-Travel,10248,14,0,No,12,3,2,0,3,8,3,3,4,3,2,4,4,No,0,26-35,2-3 yrs,8K-12K,3.25
11622,48,Female,Divorced,Research & Development,Research Director,2,2,Life Sciences,1,Travel_Rarely,8707,18,1,No,24,21,19,12,20,4,2,3,3,3,2,2,3,No,0,46-55,10+ yrs,8K-12K,2.5
10470,37,Female,Married,Research & Development,Manager,5,2,Marketing,21,Travel_Rarely,15473,17,0,No,17,14,11,8,14,6,5,4,3,2,4,3,4,No,0,36-45,10+ yrs,12K+,3.25
10565,36,Male,Single,Research & Development,Healthcare Representative,1,1,Medical,6,Travel_Rarely,5718,11,0,Yes,16,7,6,5,7,0,4,3,2,3,3,3,3,No,0,36-45,7-10 yrs,5K-8K,3.0
10462,32,Female,Single,Research & Development,Research Director,3,3,Technical Degree,4,Travel_Frequently,9391,11,1,Yes,10,6,5,0,6,9,2,3,3,2,4,2,4,Yes,1,26-35,4-6 yrs,8K-12K,3.0
11278,46,Female,Single,Research & Development,Manager,2,3,Technical Degree,9,Non-Travel,10384,19,1,No,23,0,0,0,0,0,4,3,4,1,4,3,3,No,0,46-55,0-1 yrs,8K-12K,2.75
10897,41,Male,Single,Research & Development,Manager,4,1,Life Sciences,2,Travel_Rarely,12901,13,0,No,21,1,1,1,0,8,0,3,3,3,4,2,4,No,0,36-45,0-1 yrs,12K+,3.25
11394,20,Male,Divorced,Research & Development,Laboratory Technician,4,3,Human Resources,1,Travel_Frequently,11863,18,1,No,0,0,0,0,0,1,6,3,3,4,3,3,3,No,0,18-25,0-1 yrs,8K-12K,3.25
11346,21,Male,Married,Research & Development,Laboratory Technician,3,2,Medical,9,Non-Travel,10048,11,0,Yes,3,0,0,0,0,4,5,3,3,1,1,2,3,No,0,18-25,0-1 yrs,8K-12K,1.75
10696,34,Male,Married,Sales,Sales Representative,1,2,Medical,1,Travel_Rarely,5958,17,2,No,13,5,3,2,5,2,3,3,3,2,4,3,3,No,0,26-35,4-6 yrs,5K-8K,3.0
11176,42,Male,Divorced,Sales,Sales Representative,3,2,Life Sciences,1,Travel_Rarely,11769,15,0,No,23,4,4,3,4,6,3,3,2,4,1,3,3,No,0,36-45,4-6 yrs,8K-12K,2.75
10929,39,Male,Divorced,Research & Development,Laboratory Technician,5,4,Life Sciences,7,Travel_Rarely,15829,18,0,Yes,18,2,2,1,0,2,1,3,1,4,3,1,4,No,0,36-45,2-3 yrs,12K+,3.0
11327,45,Male,Married,Sales,Sales Executive,5,3,Life Sciences,5,Non-Travel,16822,12,0,No,23,1,0,0,0,8,3,3,1,3,2,3,2,No,0,36-45,0-1 yrs,12K+,2.5
11215,49,Female,Married,Research & Development,Manager,5,4,Technical Degree,2,Travel_Rarely,15853,14,3,No,27,10,9,2,8,1,1,3,3,3,3,4,1,No,0,46-55,7-10 yrs,12K+,2.75
10587,57,Female,Married,Sales,Manager,2,3,Medical,8,Travel_Rarely,10083,12,1,No,33,8,7,5,5,3,1,3,1,4,4,3,2,No,0,56-65,7-10 yrs,8K-12K,3.25
11373,30,Male,Single,Research & Development,Manufacturing Director,3,5,Life Sciences,17,Travel_Rarely,10799,20,1,No,7,0,0,0,0,1,1,3,3,3,4,3,4,No,0,26-35,0-1 yrs,8K-12K,3.5
10244,40,Male,Single,Research & Development,Manager,5,4,Life Sciences,18,Travel_Rarely,15228,14,0,Yes,16,2,2,2,2,7,5,3,4,3,2,4,2,No,0,36-45,2-3 yrs,12K+,2.75
11112,48,Male,Divorced,Sales,Manager,1,3,Marketing,12,Travel_Rarely,7910,15,1,No,29,26,25,6,23,5,1,3,4,3,4,2,3,Yes,1,46-55,10+ yrs,5K-8K,3.0
10752,19,Female,Single,Sales,Manager,1,3,Life Sciences,3,Travel_Rarely,4493,20,0,Yes,0,0,0,0,0,6,5,3,3,3,3,3,2,No,0,18-25,0-1 yrs,3K-5K,2.75
11597,48,Female,Single,Research & Development,Healthcare Representative,4,3,Medical,14,Travel_Rarely,13960,13,1,No,27,5,5,5,4,0,2,3,1,2,4,2,4,No,0,46-55,4-6 yrs,12K+,3.0
11443,37,Female,Single,Research & Development,Research Scientist,5,1,Life Sciences,3,Travel_Rarely,14161,11,2,Yes,15,9,7,6,7,5,0,3,1,3,1,1,3,Yes,1,36-45,7-10 yrs,12K+,2.0
11313,40,Female,Married,Sales,Manager,3,2,Medical,9,Travel_Frequently,10777,15,3,No,19,14,12,9,14,2,6,3,2,4,1,2,2,No,0,36-45,10+ yrs,8K-12K,2.25
10649,37,Male,Single,Research & Development,Laboratory Technician,1,4,Human Resources,5,Travel_Rarely,5523,11,1,No,14,3,0,2,1,2,4,3,2,4,4,4,4,No,0,36-45,2-3 yrs,5K-8K,4.0
11191,35,Female,Married,Sales,Manager,1,2,Life Sciences,3,Travel_Frequently,5831,11,1,No,15,11,9,8,9,6,4,3,3,3,4,3,4,No,0,26-35,10+ yrs,5K-8K,3.5
10596,23,Male,Divorced,Human Resources,HR Business Partner,5,3,Life Sciences,2,Travel_Rarely,13859,13,3,No,0,0,0,0,0,4,0,3,1,3,3,3,2,No,0,18-25,0-1 yrs,12K+,2.75
10314,37,Female,Married,Research & Development,Research Director,4,3,Marketing,18,Travel_Rarely,11919,11,1,No,17,14,13,2,14,0,6,3,3,3,4,3,1,No,0,36-45,10+ yrs,8K-12K,2.75
10934,45,Female,Single,Research & Development,Research Scientist,3,3,Technical Degree,4,Travel_Rarely,9963,16,1,No,25,14,14,13,14,6,0,3,3,1,4,4,3,No,0,36-45,10+ yrs,8K-12K,3.0
10156,42,Male,Married,Sales,Manager,2,2,Life Sciences,4,Travel_Rarely,9275,17,0,Yes,23,5,4,5,2,2,6,3,2,3,4,1,2,No,0,36-45,4-6 yrs,8K-12K,2.5
11381,18,Male,Divorced,Research & Development,Research Director,5,3,Technical Degree,1,Travel_Rarely,13289,19,1,Yes,0,0,0,0,0,7,0,3,2,1,1,3,1,No,0,18-25,0-1 yrs,12K+,1.5
11406,31,Female,Married,Sales,Sales Representative,1,4,Medical,7,Travel_Frequently,3579,14,0,No,7,3,2,2,1,7,5,4,4,1,3,3,4,No,0,26-35,2-3 yrs,3K-5K,2.75
11304,42,Female,Married,Sales,Manager,4,1,Life Sciences,7,Non-Travel,13500,16,0,No,23,19,17,14,19,7,4,4,3,2,3,3,3,No,0,36-45,10+ yrs,12K+,2.75
11151,39,Female,Divorced,Research & Development,Healthcare Representative,1,4,Human Resources,6,Travel_Rarely,5395,11,1,No,20,11,10,7,8,7,0,3,3,2,2,3,4,No,0,36-45,10+ yrs,5K-8K,2.75
11000,39,Female,Single,Research & Development,Manufacturing Director,2,3,Medical,29,Non-Travel,8862,16,3,Yes,21,2,0,2,0,3,4,3,2,3,3,3,3,No,0,36-45,2-3 yrs,8K-12K,3.0
11047,18,Female,Married,Research & Development,Laboratory Technician,1,1,Life Sciences,10,Travel_Frequently,5619,11,1,No,0,0,0,0,0,9,4,3,3,2,1,3,3,Yes,1,18-25,0-1 yrs,5K-8K,2.25
11307,25,Male,Single,Research & Development,Research Scientist,1,3,Technical Degree,2,Travel_Rarely,4501,13,1,No,7,1,0,1,0,8,6,3,2,1,4,3,4,Yes,1,18-25,0-1 yrs,3K-5K,3.0
11496,59,Female,Married,Research & Development,Research Scientist,2,2,Medical,22,Travel_Rarely,10327,16,0,No,36,20,20,6,17,5,5,3,3,4,1,3,2,No,0,56-65,10+ yrs,8K-12K,2.5
11392,28,Male,Married,Research & Development,Laboratory Technician,2,4,Life Sciences,16,Travel_Rarely,7284,14,0,No,10,10,7,2,8,0,5,3,3,3,4,2,2,No,0,26-35,7-10 yrs,5K-8K,2.75
10026,43,Male,Single,Sales,Manager,1,5,Medical,3,Travel_Rarely,7592,19,3,No,25,10,9,1,8,5,4,3,4,4,4,3,4,No,0,36-45,7-10 yrs,5K-8K,3.75
10197,23,Female,Single,Research & Development,Manufacturing Director,4,4,Life Sciences,5,Travel_Rarely,11219,14,0,No,2,0,0,0,0,7,3,3,3,3,2,4,3,Yes,1,18-25,0-1 yrs,8K-12K,3.0
11089,31,Male,Divorced,Research & Development,Research Scientist,1,3,Life Sciences,4,Travel_Rarely,5752,14,1,No,12,11,10,4,11,1,3,3,2,3,1,3,4,No,0,26-35,10+ yrs,5K-8K,2.75
10016,42,Female,Married,Sales,Sales Executive,2,3,Medical,18,Travel_Rarely,8192,18,0,No,23,14,14,13,11,1,5,3,3,2,3,3,2,No,0,36-45,10+ yrs,8K-12K,2.5
11491,41,Male,Divorced,Sales,Sales Executive,4,3,Medical,6,Non-Travel,12976,18,1,Yes,18,6,4,5,5,9,3,4,4,2,1,2,4,No,0,36-45,4-6 yrs,12K+,2.25
11322,40,Male,Divorced,Sales,Sales Representative,1,1,Technical Degree,4,Travel_Frequently,5779,13,1,No,21,10,10,9,9,7,6,3,3,2,4,2,4,Yes,1,36-45,7-10 yrs,5K-8K,3.0
10884,33,Male,Divorced,Human Resources,Human Resources,4,2,Life Sciences,2,Travel_Rarely,11569,17,0,Yes,14,14,14,3,11,5,5,3,2,4,4,3,4,No,0,26-35,10+ yrs,8K-12K,3.75
10622,33,Male,Single,Research & Development,Laboratory Technician,3,4,Life Sciences,1,Travel_Frequently,10159,11,2,No,15,14,12,13,11,3,3,3,3,4,4,1,2,No,0,26-35,10+ yrs,8K-12K,2.75
11361,45,Male,Married,Human Resources,HR Business Partner,2,3,Life Sciences,7,Non-Travel,11635,19,1,No,26,0,0,0,0,8,5,3,3,4,3,2,1,No,0,36-45,0-1 yrs,8K-12K,2.5
11051,27,Male,Married,Research & Development,Manufacturing Director,2,3,Technical Degree,17,Travel_Rarely,7445,21,1,No,4,2,2,2,1,2,5,3,1,3,1,4,4,No,0,26-35,2-3 yrs,5K-8K,3.0
11613,41,Female,Married,Research & Development,Manager,5,4,Medical,1,Travel_Rarely,16328,17,1,No,17,12,12,1,9,3,3,4,3,2,1,2,4,No,0,36-45,10+ yrs,12K+,2.25
11068,18,Male,Single,Research & Development,Laboratory Technician,3,3,Life Sciences,8,Travel_Rarely,9036,11,0,No,0,0,0,0,0,6,5,3,3,3,3,2,4,No,0,18-25,0-1 yrs,8K-12K,3.0
10498,41,Male,Single,Research & Development,Research Scientist,2,1,Life Sciences,8,Travel_Rarely,7300,11,3,No,18,6,3,2,3,4,0,3,2,3,3,2,4,No,0,36-45,4-6 yrs,5K-8K,3.0
10793,50,Male,Single,Research & Development,Research Director,1,3,Life Sciences,6,Travel_Rarely,4950,11,1,No,29,22,22,11,22,0,0,3,4,1,1,3,2,No,0,46-55,10+ yrs,3K-5K,1.75
10965,35,Female,Divorced,Sales,Sales Representative,1,4,Medical,12,Travel_Rarely,5245,11,0,No,12,5,2,4,3,2,5,3,2,4,3,3,2,No,0,26-35,4-6 yrs,5K-8K,3.0
10516,26,Female,Married,Research & Development,Research Director,3,3,Medical,1,Travel_Rarely,9902,16,0,No,7,0,0,0,0,1,1,3,2,3,2,3,4,No,0,26-35,0-1 yrs,8K-12K,3.0
11635,32,Male,Single,Sales,Sales Representative,1,3,Technical Degree,2,Travel_Rarely,6351,13,2,No,10,5,5,4,4,1,4,4,3,3,3,3,4,No,0,26-35,4-6 yrs,5K-8K,3.25
11586,31,Male,Single,Research & Development,Laboratory Technician,1,3,Life Sciences,2,Travel_Rarely,5601,14,1,Yes,13,13,11,11,10,4,1,3,2,3,3,2,2,Yes,1,26-35,10+ yrs,5K-8K,2.5
11479,29,Female,Married,Research & Development,Healthcare Representative,2,4,Medical,3,Travel_Rarely,9726,22,1,No,8,7,6,4,4,2,3,3,3,3,4,3,4,No,0,26-35,7-10 yrs,8K-12K,3.5
11412,39,Female,Single,Sales,Manager,2,3,Life Sciences,14,Travel_Rarely,9558,12,0,Yes,19,14,13,1,13,9,2,3,4,4,1,2,4,No,0,36-45,10+ yrs,8K-12K,2.75
11096,54,Female,Divorced,Research & Development,Research Scientist,2,2,Life Sciences,6,Travel_Rarely,12323,13,0,No,34,26,24,0,23,1,5,3,3,4,2,3,1,No,0,46-55,10+ yrs,12K+,2.5
10543,50,Female,Single,Sales,Sales Representative,1,4,Other,29,Travel_Rarely,7002,11,0,No,26,19,17,12,16,8,1,3,3,2,3,3,4,No,0,46-55,10+ yrs,5K-8K,3.0
10457,46,Female,Single,Research & Development,Manufacturing Director,1,3,Medical,1,Travel_Rarely,7493,13,0,Yes,28,14,12,11,14,0,2,3,4,4,4,3,4,No,0,46-55,10+ yrs,5K-8K,3.75
10634,56,Female,Single,Research & Development,Laboratory Technician,1,2,Technical Degree,13,Travel_Rarely,8378,20,2,No,38,4,1,3,3,6,0,4,3,3,4,3,4,Yes,1,56-65,4-6 yrs,8K-12K,3.5
10432,31,Male,Married,Sales,Sales Executive,1,5,Life Sciences,9,Travel_Rarely,5242,14,0,No,13,6,5,4,3,3,3,3,1,4,2,2,3,Yes,1,26-35,4-6 yrs,5K-8K,2.75
10628,30,Male,Married,Research & Development,Manager,2,4,Medical,29,Travel_Frequently,8378,17,2,No,11,1,0,1,0,3,3,3,4,4,2,2,2,No,0,26-35,0-1 yrs,8K-12K,2.5
10729,34,Female,Single,Sales,Sales Representative,3,4,Medical,20,Non-Travel,11518,20,0,No,12,4,2,1,4,5,4,3,3,1,4,2,4,Yes,1,26-35,4-6 yrs,8K-12K,2.75
11289,41,Male,Married,Research & Development,Healthcare Representative,4,4,Marketing,4,Travel_Rarely,12778,14,1,No,22,6,4,3,6,2,5,3,3,3,4,1,1,Yes,1,36-45,4-6 yrs,12K+,2.25
10210,18,Male,Married,Sales,Sales Executive,3,3,Other,11,Travel_Frequently,8555,16,0,No,0,0,0,0,0,5,6,3,4,3,2,2,3,Yes,1,18-25,0-1 yrs,8K-12K,2.5
10317,40,Male,Married,Human Resources,Manager,1,5,Technical Degree,8,Travel_Rarely,5834,11,0,Yes,18,16,16,6,15,9,0,4,3,4,1,1,3,No,0,36-45,10+ yrs,5K-8K,2.25
10514,46,Male,Married,Sales,Manager,2,5,Medical,14,Travel_Rarely,8623,15,1,No,25,12,10,0,12,0,5,3,2,4,1,3,4,No,0,46-55,10+ yrs,8K-12K,3.0
11338,32,Female,Divorced,Human Resources,Human Resources,3,3,Life Sciences,18,Travel_Frequently,11487,11,1,No,10,1,0,1,1,1,6,3,3,4,1,3,3,No,0,26-35,0-1 yrs,8K-12K,2.75
11559,30,Female,Divorced,Research & Development,Manager,1,3,Other,9,Non-Travel,4805,11,1,Yes,11,8,5,2,5,6,6,3,1,1,3,3,4,No,0,26-35,7-10 yrs,3K-5K,2.75
10830,40,Female,Single,Research & Development,Laboratory Technician,1,5,Medical,5,Travel_Frequently,5612,11,1,No,20,11,8,7,8,1,0,3,3,3,2,3,2,No,0,36-45,10+ yrs,5K-8K,2.5
10320,38,Female,Married,Sales,Manager,2,1,Medical,3,Travel_Rarely,7831,20,1,No,14,7,5,5,6,9,4,3,1,3,4,3,4,No,0,36-45,7-10 yrs,5K-8K,3.5
11032,30,Male,Married,Research & Development,Healthcare Representative,4,3,Human Resources,4,Travel_Rarely,11614,13,1,No,9,0,0,0,0,3,0,3,3,2,3,3,3,No,0,26-35,0-1 yrs,8K-12K,2.75
11418,33,Male,Divorced,Research & Development,Manufacturing Director,3,4,Life Sciences,4,Travel_Frequently,9706,11,0,No,14,4,1,2,3,9,4,4,3,4,4,3,4,No,0,26-35,4-6 yrs,8K-12K,3.75
10142,44,Female,Single,Sales,Manager,3,3,Marketing,1,Travel_Rarely,8378,16,0,No,20,18,18,1,18,7,2,3,3,4,3,3,3,No,0,36-45,10+ yrs,8K-12K,3.25
11111,40,Female,Single,Sales,Sales Executive,1,2,Life Sciences,25,Travel_Rarely,5440,16,1,No,21,18,16,14,16,3,2,3,1,1,4,2,3,No,0,36-45,10+ yrs,5K-8K,2.5
11503,20,Male,Single,Human Resources,Manager,4,2,Technical Degree,19,Travel_Rarely,9404,19,1,Yes,0,0,0,0,0,6,3,3,2,2,4,3,3,Yes,1,18-25,0-1 yrs,8K-12K,3.0
11528,46,Female,Single,Research & Development,Manager,1,5,Marketing,21,Travel_Rarely,8183,14,1,No,26,11,10,6,11,3,6,4,2,1,4,4,2,No,0,46-55,10+ yrs,8K-12K,2.75
10754,47,Male,Married,Research & Development,Laboratory Technician,1,1,Technical Degree,22,Travel_Rarely,8409,14,1,No,28,8,5,3,6,1,6,3,3,3,3,2,2,Yes,1,46-55,7-10 yrs,8K-12K,2.5
11002,39,Male,Married,Research & Development,Research Director,3,4,Medical,16,Travel_Rarely,9773,17,1,No,21,0,0,0,0,8,6,3,3,4,3,2,3,No,0,36-45,0-1 yrs,8K-12K,3.0
11240,37,Female,Divorced,Sales,Manager,2,2,Other,1,Travel_Rarely,8009,18,2,Yes,13,11,10,2,10,4,6,3,3,4,3,2,2,No,0,36-45,10+ yrs,8K-12K,2.75
10581,27,Female,Single,Research & Development,Manager,5,4,Medical,11,Travel_Frequently,13968,11,0,Yes,3,0,0,0,0,4,1,3,2,4,3,2,2,No,0,26-35,0-1 yrs,12K+,2.75
10563,36,Female,Married,Sales,Sales Representative,2,3,Medical,29,Travel_Rarely,8707,17,0,No,14,13,13,10,10,3,5,4,3,3,3,3,3,No,0,36-45,10+ yrs,8K-12K,3.0
10399,36,Female,Single,Research & Development,Healthcare Representative,3,4,Marketing,6,Travel_Rarely,10639,15,1,No,16,9,7,7,9,7,1,3,2,4,4,3,4,No,0,36-45,7-10 yrs,8K-12K,3.75
10669,42,Female,Married,Sales,Sales Representative,2,3,Technical Degree,2,Travel_Frequently,11362,11,0,No,24,24,22,4,24,0,4,3,2,1,4,3,3,Yes,1,36-45,10+ yrs,8K-12K,2.75
11515,37,Female,Married,Sales,Manager,2,2,Other,19,Non-Travel,8458,11,0,No,18,2,0,0,1,6,6,3,3,2,3,2,2,No,0,36-45,2-3 yrs,8K-12K,2.25
10253,41,Female,Divorced,Sales,Sales Executive,4,3,Life Sciences,7,Travel_Rarely,13000,15,0,Yes,22,1,1,1,0,2,5,3,3,3,4,3,3,No,0,36-45,0-1 yrs,12K+,3.25
10908,29,Female,Married,Research & Development,Laboratory Technician,2,3,Technical Degree,10,Travel_Frequently,7843,14,3,No,11,4,1,3,4,0,4,3,3,4,2,3,2,No,0,26-35,4-6 yrs,5K-8K,2.75
10469,38,Female,Married,Research & Development,Healthcare Representative,2,4,Technical Degree,9,Non-Travel,8089,11,3,No,19,18,18,12,16,0,5,3,3,2,4,3,4,No,0,36-45,10+ yrs,8K-12K,3.25
10915,43,Male,Single,Research & Development,Manager,5,2,Human Resources,12,Travel_Rarely,13822,19,1,No,21,11,8,1,11,9,1,3,2,3,3,3,2,No,0,36-45,10+ yrs,12K+,2.75
10358,42,Male,Married,Research & Development,Healthcare Representative,1,4,Medical,1,Travel_Rarely,6928,16,1,No,24,13,11,7,11,7,6,3,3,4,4,2,4,No,0,36-45,10+ yrs,5K-8K,3.5
11279,24,Female,Single,Research & Development,Healthcare Representative,2,2,Other,7,Travel_Frequently,7596,20,0,Yes,3,3,0,2,1,8,4,4,2,4,1,4,3,No,0,18-25,2-3 yrs,5K-8K,3.0
11301,43,Female,Married,Research & Development,Research Scientist,2,3,Medical,7,Travel_Rarely,9767,11,0,Yes,22,19,18,9,19,0,0,3,3,3,3,3,4,No,0,36-45,10+ yrs,8K-12K,3.25
11203,34,Female,Single,Sales,Sales Representative,5,3,Technical Degree,3,Travel_Rarely,14949,11,0,Yes,12,11,9,9,8,1,4,3,3,1,3,2,1,No,0,26-35,10+ yrs,12K+,1.75
11306,51,Male,Married,Research & Development,Research Director,1,2,Life Sciences,7,Travel_Rarely,6915,11,1,No,32,7,4,2,7,7,2,3,3,1,2,4,3,No,0,46-55,7-10 yrs,5K-8K,2.5
11415,42,Male,Single,Research & Development,Research Scientist,4,4,Technical Degree,1,Non-Travel,13157,12,0,No,23,23,22,4,22,2,6,3,3,3,2,3,3,No,0,36-45,10+ yrs,12K+,2.75
10509,38,Female,Divorced,Sales,Sales Representative,3,4,Human Resources,6,Travel_Rarely,10687,13,0,No,19,10,8,5,9,2,2,3,3,3,4,3,1,No,0,36-45,7-10 yrs,8K-12K,2.75
10750,28,Male,Married,Research & Development,Manufacturing Director,3,3,Life Sciences,1,Travel_Rarely,9137,13,0,Yes,10,0,0,0,0,2,5,3,3,4,4,3,4,No,0,26-35,0-1 yrs,8K-12K,3.75
11608,41,Female,Married,Sales,Manager,2,4,Life Sciences,9,Travel_Frequently,8214,11,0,No,18,11,9,2,10,9,6,4,3,2,1,4,1,No,0,36-45,10+ yrs,8K-12K,2.0
10130,25,Female,Single,Sales,Manager,1,3,Technical Degree,5,Travel_Rarely,5127,14,0,No,6,6,6,4,4,6,6,4,3,3,4,4,3,No,0,18-25,4-6 yrs,5K-8K,3.5
10145,60,Male,Single,Human Resources,Human Resources,2,5,Medical,8,Travel_Rarely,10840,14,1,No,36,34,32,7,34,2,6,3,4,1,1,3,3,No,0,56-65,10+ yrs,8K-12K,2.0
10961,32,Female,Divorced,Sales,Sales Representative,2,3,Life Sciences,11,Travel_Frequently,7764,19,1,No,8,3,1,0,1,3,6,3,3,1,4,4,4,No,0,26-35,2-3 yrs,5K-8K,3.25
10848,52,Female,Divorced,Sales,Sales Executive,5,4,Life Sciences,1,Non-Travel,16143,11,0,No,30,2,2,2,0,8,3,3,3,4,4,3,1,No,0,46-55,2-3 yrs,12K+,3.0
10716,34,Male,Divorced,Sales,Manager,4,5,Human Resources,13,Travel_Rarely,12816,12,2,No,14,11,9,0,8,4,1,4,3,4,1,3,4,No,0,26-35,10+ yrs,12K+,3.0
10906,46,Female,Divorced,Research & Development,Laboratory Technician,2,3,Medical,2,Travel_Rarely,10186,14,1,No,27,26,23,1,24,7,3,3,4,3,1,1,3,No,0,46-55,10+ yrs,8K-12K,2.0
11097,27,Female,Divorced,Research & Development,Research Scientist,1,5,Life Sciences,16,Travel_Frequently,4772,18,0,No,9,8,7,2,7,5,5,4,2,3,4,2,1,No,0,26-35,7-10 yrs,3K-5K,2.5
10236,31,Male,Single,Sales,Manager,5,3,Human Resources,2,Travel_Rarely,14764,11,1,No,9,8,5,6,7,4,5,3,2,3,2,1,4,No,0,26-35,7-10 yrs,12K+,2.5
11062,46,Female,Divorced,Research & Development,Healthcare Representative,1,4,Medical,12,Travel_Rarely,5827,11,0,No,23,6,6,2,5,9,0,3,2,4,3,3,3,No,0,46-55,4-6 yrs,5K-8K,3.25
