Order ID,Customer_ID,Order_Date,Region,Segment,Order_Total,Order_Profit,Line_Items
ORD-2023001,CUST-00744,2024-04-21,West,Corporate,1284.4,339.96,1
ORD-2023002,CUST-00621,2024-01-21,West,Home Office,4244.46,1467.38,2
ORD-2023003,CUST-00371,2024-01-30,West,Consumer,1780.01,496.26,2
ORD-2023004,CUST-00611,2024-07-27,South,Corporate,1117.62,223.32,2
ORD-2023005,CUST-00786,2024-07-18,Central,Corporate,8301.83,1234.71,1
ORD-2023006,CUST-00386,2025-07-13,East,Consumer,574.38,223.22,1
ORD-2023007,CUST-00527,2025-03-15,South,Consumer,3643.86,1121.96,1
ORD-2023008,CUST-00739,2024-06-14,Central,Consumer,948.69,227.93,1
ORD-2023009,CUST-00203,2024-12-24,West,Home Office,3225.43,537.6,1
ORD-2023010,CUST-00711,2024-07-07,Central,Consumer,1065.87,283.39,1
ORD-2023011,CUST-00077,2024-12-06,West,Consumer,5922.24,2554.96,1
ORD-2023012,CUST-00530,2025-07-16,South,Corporate,4445.0,926.08,1
ORD-2023013,CUST-00634,2025-05-24,West,Home Office,1044.88,273.44,1
ORD-2023014,CUST-00504,2024-10-19,South,Consumer,1756.08,315.22,1
ORD-2023015,CUST-00412,2025-06-14,East,Consumer,1783.98,397.29,1
ORD-2023016,CUST-00507,2024-05-30,Central,Consumer,123.18,47.89,1
ORD-2023017,CUST-00130,2025-02-25,Central,Consumer,697.26,262.61,1
ORD-2023018,CUST-00180,2024-08-21,Central,Consumer,501.2,-26.11,1
ORD-2023019,CUST-00219,2025-10-25,West,Consumer,2696.33,357.63,1
ORD-2023020,CUST-00494,2023-09-30,Central,Consumer,6606.530000000001,2381.04,2
ORD-2023021,CUST-00365,2025-10-08,East,Home Office,7576.2,1987.91,1
ORD-2023022,CUST-00202,2025-01-20,South,Corporate,72.8,7.12,1
ORD-2023023,CUST-00707,2024-10-22,East,Consumer,3079.59,1264.93,1
ORD-2023024,CUST-00307,2024-12-09,West,Corporate,232.42,50.08,1
ORD-2023025,CUST-00369,2024-02-18,East,Consumer,3485.54,1495.85,2
ORD-2023026,CUST-00337,2025-07-11,South,Consumer,19411.4,5266.37,2
ORD-2023027,CUST-00149,2023-12-22,South,Corporate,5645.13,845.02,2
ORD-2023028,CUST-00599,2025-05-24,Central,Home Office,2961.12,1111.92,1
ORD-2023029,CUST-00373,2024-10-12,West,Corporate,1467.6299999999999,748.4399999999999,2
ORD-2023030,CUST-00014,2025-11-24,South,Home Office,6304.14,1729.56,2
ORD-2023031,CUST-00773,2025-02-18,East,Consumer,4010.72,1016.14,1
ORD-2023032,CUST-00656,2024-08-24,Central,Corporate,7708.98,2522.56,1
ORD-2023033,CUST-00593,2025-07-01,East,Corporate,106.74,11.88,1
ORD-2023034,CUST-00697,2024-08-21,Central,Consumer,1097.12,-37.82,1
ORD-2023035,CUST-00726,2025-03-28,East,Corporate,5746.84,2276.3,1
ORD-2023036,CUST-00275,2024-04-04,West,Corporate,6932.5,2187.1000000000004,2
ORD-2023037,CUST-00503,2023-04-26,South,Consumer,40.28,9.71,1
ORD-2023038,CUST-00502,2024-08-29,Central,Consumer,160.96,41.87,1
ORD-2023039,CUST-00218,2025-06-11,East,Consumer,2067.77,150.74,1
ORD-2023040,CUST-00182,2024-07-16,East,Consumer,3075.65,486.17,1
ORD-2023041,CUST-00092,2025-10-15,South,Corporate,4596.19,1337.8200000000002,3
ORD-2023042,CUST-00536,2025-09-21,East,Consumer,10510.16,4040.72,1
ORD-2023043,CUST-00633,2024-07-03,West,Consumer,10484.04,4647.62,1
ORD-2023044,CUST-00620,2025-03-30,East,Consumer,6085.02,2174.55,2
ORD-2023045,CUST-00261,2025-04-25,South,Consumer,758.8,305.69,1
ORD-2023046,CUST-00171,2025-06-12,East,Consumer,1796.02,578.26,2
ORD-2023047,CUST-00378,2023-06-05,Central,Consumer,14129.839999999998,3859.41,3
ORD-2023048,CUST-00451,2024-05-29,South,Consumer,5139.32,1930.15,1
ORD-2023049,CUST-00740,2025-11-30,South,Corporate,3254.12,1017.25,2
ORD-2023050,CUST-00701,2025-04-10,Central,Consumer,391.08,152.8,1
ORD-2023051,CUST-00736,2025-05-16,Central,Consumer,2969.46,1119.11,1
ORD-2023052,CUST-00687,2025-01-02,West,Corporate,187.12,29.8,1
ORD-2023053,CUST-00773,2025-07-08,East,Consumer,267.44,57.88,1
ORD-2023054,CUST-00387,2025-07-11,East,Corporate,3911.6,1131.32,1
ORD-2023055,CUST-00044,2024-09-06,West,Consumer,135.15,19.85,1
ORD-2023056,CUST-00068,2024-12-14,West,Home Office,4441.68,1015.97,1
ORD-2023057,CUST-00320,2023-08-18,South,Home Office,381.35,52.21,1
ORD-2023058,CUST-00211,2024-02-12,West,Corporate,829.01,336.04,1
ORD-2023059,CUST-00142,2025-05-07,East,Corporate,2537.72,1069.43,1
ORD-2023060,CUST-00767,2024-07-13,Central,Corporate,161.38,34.76,1
ORD-2023061,CUST-00163,2024-09-04,West,Corporate,12845.74,1441.3799999999999,2
ORD-2023062,CUST-00770,2024-05-31,West,Consumer,877.78,265.61,2
ORD-2023063,CUST-00620,2023-11-29,East,Consumer,1952.89,10.87,1
ORD-2023064,CUST-00525,2024-06-17,West,Consumer,3818.76,1444.21,2
ORD-2023065,CUST-00553,2025-05-17,South,Consumer,3080.88,1328.49,1
ORD-2023066,CUST-00271,2025-07-23,West,Consumer,967.92,207.83,1
ORD-2023067,CUST-00529,2024-12-27,South,Corporate,241.73999999999998,44.75,2
ORD-2023068,CUST-00154,2024-04-21,West,Home Office,13643.470000000001,4190.54,2
ORD-2023069,CUST-00757,2025-11-27,Central,Consumer,7850.04,65.97,2
ORD-2023070,CUST-00251,2023-11-15,East,Consumer,2055.73,533.58,1
ORD-2023071,CUST-00211,2024-10-05,West,Corporate,191.96,61.13,1
ORD-2023072,CUST-00580,2024-06-04,East,Consumer,342.17,-54.14,1
ORD-2023073,CUST-00535,2025-02-27,Central,Corporate,2910.0099999999998,777.88,2
ORD-2023074,CUST-00377,2024-12-07,Central,Corporate,2053.06,906.68,1
ORD-2023075,CUST-00516,2024-02-19,East,Home Office,133.72,32.56,1
ORD-2023076,CUST-00134,2024-03-16,Central,Corporate,10644.6,2010.03,1
ORD-2023077,CUST-00551,2024-12-30,South,Consumer,4864.19,1190.01,2
ORD-2023078,CUST-00219,2024-05-22,West,Consumer,25.36,3.54,1
ORD-2023079,CUST-00221,2024-11-15,East,Corporate,770.85,246.45,1
ORD-2023080,CUST-00137,2025-06-26,Central,Consumer,116.21,31.44,1
ORD-2023081,CUST-00272,2025-07-25,East,Corporate,1054.1,192.72,1
ORD-2023082,CUST-00271,2024-10-20,West,Consumer,3288.84,1171.52,1
ORD-2023083,CUST-00378,2025-04-01,Central,Consumer,21.2,5.68,1
ORD-2023084,CUST-00156,2024-09-05,Central,Consumer,2264.3599999999997,403.79999999999995,2
ORD-2023085,CUST-00159,2025-03-11,Central,Corporate,8147.54,2202.15,2
ORD-2023086,CUST-00446,2025-01-22,Central,Home Office,1779.3,121.01,1
ORD-2023087,CUST-00105,2024-12-26,South,Consumer,685.86,0.83,1
ORD-2023088,CUST-00564,2025-07-17,East,Consumer,11643.880000000001,509.06000000000006,2
ORD-2023089,CUST-00761,2024-09-07,East,Consumer,4026.2,552.82,1
ORD-2023090,CUST-00355,2025-05-30,South,Corporate,5555.969999999999,1955.6699999999998,2
ORD-2023091,CUST-00721,2024-11-10,East,Corporate,63.0,16.79,1
ORD-2023092,CUST-00077,2025-08-25,West,Consumer,322.24,118.25,1
ORD-2023093,CUST-00040,2025-06-10,Central,Corporate,2596.16,867.84,2
ORD-2023094,CUST-00592,2025-08-10,South,Corporate,7785.3,2590.68,1
ORD-2023095,CUST-00620,2024-12-21,East,Consumer,924.88,307.25,2
ORD-2023096,CUST-00681,2025-01-27,Central,Consumer,4009.49,806.57,3
ORD-2023097,CUST-00051,2025-07-20,South,Consumer,3521.37,912.86,2
ORD-2023098,CUST-00628,2024-04-26,West,Consumer,4672.81,1103.54,2
ORD-2023099,CUST-00310,2025-07-03,East,Consumer,174.5,45.5,1
ORD-2023100,CUST-00252,2025-08-24,West,Home Office,224.54,-23.65,1
ORD-2023101,CUST-00144,2025-07-13,West,Home Office,4452.2300000000005,1401.8300000000002,2
ORD-2023102,CUST-00797,2025-04-10,South,Consumer,861.57,-341.63,1
ORD-2023103,CUST-00054,2024-11-06,West,Consumer,29286.989999999998,6833.620000000001,3
ORD-2023104,CUST-00667,2024-05-08,Central,Consumer,5075.44,996.89,1
ORD-2023105,CUST-00525,2025-09-15,West,Consumer,1205.55,-400.85,1
ORD-2023106,CUST-00600,2024-12-27,Central,Consumer,3075.65,688.53,1
ORD-2023107,CUST-00580,2025-04-18,East,Consumer,847.44,291.04,1
ORD-2023108,CUST-00693,2024-12-14,South,Consumer,205.3,91.9,1
ORD-2023109,CUST-00151,2024-03-14,South,Consumer,14133.13,4745.63,1
ORD-2023110,CUST-00001,2025-09-05,East,Consumer,60.36,-37.29,1
ORD-2023111,CUST-00494,2024-04-20,Central,Consumer,4125.57,1551.6299999999999,2
ORD-2023112,CUST-00291,2024-06-19,South,Consumer,10644.6,2922.4,1
ORD-2023113,CUST-00103,2025-07-18,South,Home Office,4905.63,-204.93,2
ORD-2023114,CUST-00153,2024-06-11,South,Consumer,2844.91,333.57,2
ORD-2023115,CUST-00272,2023-11-19,East,Corporate,37.69,2.16,1
ORD-2023116,CUST-00058,2025-01-23,East,Consumer,164.24,69.92,1
ORD-2023117,CUST-00051,2025-02-02,South,Consumer,1574.9,276.44,2
ORD-2023118,CUST-00736,2024-03-16,Central,Consumer,1362.85,-51.67999999999999,2
ORD-2023119,CUST-00257,2025-06-18,Central,Home Office,7673.96,1432.71,1
ORD-2023120,CUST-00789,2023-04-28,Central,Consumer,280.68,44.37,1
ORD-2023121,CUST-00773,2025-06-07,East,Consumer,3894.07,1502.42,2
ORD-2023122,CUST-00116,2025-07-02,Central,Consumer,3556.0,1595.61,1
ORD-2023123,CUST-00583,2025-09-27,East,Corporate,1152.72,307.3,1
ORD-2023124,CUST-00495,2025-04-20,West,Corporate,632.72,114.55999999999999,2
ORD-2023125,CUST-00565,2025-03-16,South,Home Office,703.94,148.85,1
ORD-2023126,CUST-00076,2023-11-16,West,Consumer,513.9,96.39,1
ORD-2023127,CUST-00155,2024-01-08,West,Consumer,4512.13,813.07,1
ORD-2023128,CUST-00063,2024-11-24,West,Home Office,19725.93,6730.13,3
ORD-2023129,CUST-00498,2024-11-15,West,Consumer,726.21,276.09,1
ORD-2023130,CUST-00793,2023-06-07,Central,Home Office,710.52,228.6,1
ORD-2023131,CUST-00548,2024-10-25,Central,Home Office,614.77,-33.2,1
ORD-2023132,CUST-00580,2025-05-24,East,Consumer,797.58,128.24,1
ORD-2023133,CUST-00791,2024-02-07,East,Consumer,3644.16,910.39,3
ORD-2023134,CUST-00554,2024-08-12,West,Consumer,717.9,184.93,1
ORD-2023135,CUST-00037,2024-08-06,South,Consumer,416.45,48.54,2
ORD-2023136,CUST-00695,2024-08-18,East,Corporate,1584.99,305.37,1
ORD-2023137,CUST-00300,2025-01-29,East,Consumer,962.46,190.04,2
ORD-2023138,CUST-00003,2025-06-07,Central,Corporate,8940.45,2221.83,2
ORD-2023139,CUST-00420,2025-08-26,Central,Consumer,4455.06,1647.97,1
ORD-2023140,CUST-00756,2025-04-03,West,Consumer,1627.53,719.95,2
ORD-2023141,CUST-00211,2024-11-08,West,Corporate,170.1,17.79,1
ORD-2023142,CUST-00410,2025-10-04,East,Home Office,2663.67,207.82999999999998,2
ORD-2023143,CUST-00144,2025-08-25,West,Home Office,4147.3099999999995,454.55999999999995,2
ORD-2023144,CUST-00051,2025-03-14,South,Consumer,3510.5,927.39,1
ORD-2023145,CUST-00066,2024-04-16,West,Corporate,197.1,34.71,1
ORD-2023146,CUST-00596,2025-11-08,South,Consumer,1250.37,237.92000000000002,2
ORD-2023147,CUST-00694,2023-08-22,South,Consumer,6266.450000000001,628.81,2
ORD-2023148,CUST-00116,2024-01-19,Central,Consumer,18335.47,7262.97,3
ORD-2023149,CUST-00234,2025-05-13,South,Consumer,5435.92,-3068.43,1
ORD-2023150,CUST-00162,2025-03-27,Central,Consumer,480.11,22.12,1
ORD-2023151,CUST-00027,2024-04-28,West,Consumer,1249.3899999999999,388.78,2
ORD-2023152,CUST-00457,2025-02-28,East,Corporate,13108.8,4705.389999999999,3
ORD-2023153,CUST-00573,2025-05-07,West,Consumer,16886.35,4716.46,2
ORD-2023154,CUST-00529,2024-08-04,South,Corporate,976.45,168.01,1
ORD-2023155,CUST-00319,2023-07-12,South,Corporate,172.0,28.25,1
ORD-2023156,CUST-00458,2025-05-06,Central,Home Office,1229.26,-116.21,1
ORD-2023157,CUST-00074,2024-04-24,East,Consumer,12816.59,2786.09,2
ORD-2023158,CUST-00133,2025-02-13,East,Consumer,2311.92,672.54,1
ORD-2023159,CUST-00753,2023-08-04,East,Consumer,6099.280000000001,1385.08,2
ORD-2023160,CUST-00620,2024-12-09,East,Consumer,4231.76,1259.03,1
ORD-2023161,CUST-00743,2025-03-03,Central,Corporate,774.62,212.88,2
ORD-2023162,CUST-00738,2023-07-03,West,Consumer,1671.16,649.47,1
ORD-2023163,CUST-00530,2024-12-10,South,Corporate,1207.58,434.93,1
ORD-2023164,CUST-00749,2025-06-02,West,Consumer,656.33,78.86,2
ORD-2023165,CUST-00346,2024-12-02,West,Consumer,9280.74,3563.71,2
ORD-2023166,CUST-00003,2025-09-06,Central,Corporate,4147.8,1124.79,2
ORD-2023167,CUST-00054,2024-11-30,West,Consumer,3423.87,549.63,2
ORD-2023168,CUST-00089,2025-01-02,South,Corporate,5374.89,2022.31,1
ORD-2023169,CUST-00075,2024-11-01,Central,Consumer,25.36,7.53,1
ORD-2023170,CUST-00288,2025-03-02,Central,Home Office,129.34,37.0,1
ORD-2023171,CUST-00574,2023-12-27,East,Home Office,2506.74,424.57,1
ORD-2023172,CUST-00642,2025-09-04,South,Corporate,78.57,25.38,1
ORD-2023173,CUST-00489,2025-04-18,South,Consumer,1941.3600000000001,-287.52,2
ORD-2023174,CUST-00121,2024-10-02,West,Home Office,98.25,34.83,1
ORD-2023175,CUST-00611,2024-05-28,South,Corporate,9082.85,1972.57,1
ORD-2023176,CUST-00291,2024-11-20,South,Consumer,1344.81,364.37,2
ORD-2023177,CUST-00009,2023-11-08,East,Consumer,6311.34,1756.42,1
ORD-2023178,CUST-00229,2025-03-24,Central,Corporate,4406.639999999999,1359.9099999999999,2
ORD-2023179,CUST-00271,2024-02-21,West,Consumer,219.07999999999998,74.34,2
ORD-2023180,CUST-00223,2024-08-30,Central,Home Office,1247.8600000000001,151.33,2
ORD-2023181,CUST-00654,2025-08-26,South,Consumer,195.53,18.56,1
ORD-2023182,CUST-00619,2025-07-23,East,Consumer,4180.47,1666.04,1
ORD-2023183,CUST-00570,2024-10-25,Central,Consumer,477.16,95.07,1
ORD-2023184,CUST-00112,2025-07-27,South,Corporate,145.61,16.97,1
ORD-2023185,CUST-00651,2024-05-24,West,Corporate,605.46,224.42,2
ORD-2023186,CUST-00554,2023-11-16,West,Consumer,598.25,150.88,1
ORD-2023187,CUST-00161,2025-07-17,South,Consumer,160.65,10.29,1
ORD-2023188,CUST-00529,2025-01-15,South,Corporate,10921.05,3664.68,1
ORD-2023189,CUST-00404,2025-08-11,South,Corporate,1680.48,395.46,1
ORD-2023190,CUST-00364,2024-09-03,South,Consumer,7195.05,1852.55,1
ORD-2023191,CUST-00092,2025-03-01,South,Corporate,4777.68,777.89,1
ORD-2023192,CUST-00430,2025-07-08,Central,Consumer,1961.34,630.94,1
ORD-2023193,CUST-00077,2024-05-07,West,Consumer,1075.72,-687.26,2
ORD-2023194,CUST-00139,2025-01-31,West,Consumer,13914.7,3169.76,2
ORD-2023195,CUST-00107,2025-01-28,South,Consumer,592.15,98.62,1
ORD-2023196,CUST-00768,2024-08-29,West,Consumer,5333.68,1117.31,3
ORD-2023197,CUST-00234,2024-09-03,South,Consumer,20.53,5.13,1
ORD-2023198,CUST-00291,2024-06-07,South,Consumer,1610.48,118.49,1
ORD-2023199,CUST-00263,2024-11-18,West,Consumer,18735.58,5339.61,2
ORD-2023200,CUST-00718,2025-02-14,West,Corporate,11030.96,2753.38,1
ORD-2023201,CUST-00466,2025-05-25,South,Home Office,1778.0,567.66,1
ORD-2023202,CUST-00740,2024-12-15,South,Corporate,7414.77,2635.82,1
ORD-2023203,CUST-00248,2024-05-29,West,Consumer,216.72,31.35,1
ORD-2023204,CUST-00093,2025-06-22,South,Corporate,3000.4500000000003,969.2,3
ORD-2023205,CUST-00460,2024-12-05,East,Consumer,4209.0,1859.94,1
ORD-2023206,CUST-00282,2025-05-24,West,Consumer,5607.1,983.29,2
ORD-2023207,CUST-00649,2023-11-02,South,Home Office,3035.2,1187.17,1
ORD-2023208,CUST-00705,2023-12-20,East,Consumer,809.22,203.64,2
ORD-2023209,CUST-00395,2024-10-13,Central,Consumer,2087.7799999999997,322.65,2
ORD-2023210,CUST-00781,2025-02-06,South,Corporate,5784.04,1132.3899999999999,2
ORD-2023211,CUST-00456,2025-01-16,Central,Consumer,803.7,250.48,1
ORD-2023212,CUST-00219,2025-05-15,West,Consumer,4512.13,1318.19,1
ORD-2023213,CUST-00408,2025-06-26,East,Consumer,294.88,49.41,1
ORD-2023214,CUST-00037,2023-07-12,South,Consumer,223.19,30.95,2
ORD-2023215,CUST-00650,2025-01-21,South,Consumer,3236.35,-160.78,2
ORD-2023216,CUST-00079,2024-02-21,Central,Corporate,2021.84,179.79,1
ORD-2023217,CUST-00255,2024-08-03,Central,Home Office,959.2900000000001,274.26,2
ORD-2023218,CUST-00467,2024-04-17,East,Home Office,3425.92,974.93,1
ORD-2023219,CUST-00040,2024-08-15,Central,Corporate,4177.9,1052.63,1
ORD-2023220,CUST-00066,2025-06-09,West,Corporate,8153.88,1770.73,1
ORD-2023221,CUST-00570,2023-07-29,Central,Consumer,539.6,49.3,1
ORD-2023222,CUST-00061,2023-12-02,South,Corporate,85.65,35.96,1
ORD-2023223,CUST-00397,2025-02-26,East,Consumer,5045.99,820.65,2
ORD-2023224,CUST-00275,2025-10-03,West,Corporate,978.9100000000001,152.79,3
ORD-2023225,CUST-00187,2023-10-27,East,Consumer,1365.84,330.83,1
ORD-2023226,CUST-00155,2025-09-21,West,Consumer,3044.86,1293.8600000000001,2
ORD-2023227,CUST-00621,2024-04-13,West,Home Office,1618.34,425.55,1
ORD-2023228,CUST-00766,2025-04-12,South,Home Office,9759.24,1635.89,2
ORD-2023229,CUST-00113,2024-08-31,Central,Consumer,2527.3,438.41,1
ORD-2023230,CUST-00770,2023-07-08,West,Consumer,81.16,28.63,1
ORD-2023231,CUST-00491,2023-11-17,South,Consumer,401.85,115.38,1
ORD-2023232,CUST-00527,2023-07-08,South,Consumer,564.83,217.56,1
ORD-2023233,CUST-00580,2025-01-23,East,Consumer,1316.15,533.45,1
ORD-2023234,CUST-00575,2023-06-29,East,Consumer,2808.1099999999997,978.11,2
ORD-2023235,CUST-00661,2025-01-01,East,Home Office,3873.26,1070.02,2
ORD-2023236,CUST-00404,2024-01-18,South,Corporate,5742.41,1405.12,2
ORD-2023237,CUST-00440,2025-03-19,West,Consumer,2106.26,752.51,2
ORD-2023238,CUST-00266,2024-10-08,Central,Corporate,4837.12,1526.76,2
ORD-2023239,CUST-00084,2023-05-12,South,Consumer,267.44,53.94,1
ORD-2023240,CUST-00542,2024-07-14,East,Corporate,1226.74,209.75,3
ORD-2023241,CUST-00034,2025-11-24,Central,Corporate,1821.12,23.69,1
ORD-2023242,CUST-00225,2023-12-17,Central,Home Office,9250.78,3359.69,1
ORD-2023243,CUST-00074,2025-04-21,East,Consumer,1333.89,384.64,1
ORD-2023244,CUST-00156,2024-06-14,Central,Consumer,16505.719999999998,3178.26,2
ORD-2023245,CUST-00525,2025-10-05,West,Consumer,4454.280000000001,1242.9,2
ORD-2023246,CUST-00512,2024-12-08,Central,Home Office,10984.710000000001,1000.02,3
ORD-2023247,CUST-00348,2025-11-14,South,Consumer,545.5,34.31,2
ORD-2023248,CUST-00071,2024-10-15,South,Consumer,1989.8400000000001,404.18,2
ORD-2023249,CUST-00359,2025-02-23,East,Consumer,774.4200000000001,108.82,2
ORD-2023250,CUST-00290,2025-09-20,West,Consumer,461.37,-169.45,1
ORD-2023251,CUST-00591,2025-03-27,South,Corporate,112.67,12.93,1
ORD-2023252,CUST-00480,2025-11-20,East,Corporate,10223.849999999999,1877.82,2
ORD-2023253,CUST-00410,2025-03-12,East,Home Office,1996.0700000000002,663.89,2
ORD-2023254,CUST-00405,2023-01-26,West,Consumer,2152.96,-123.4,1
ORD-2023255,CUST-00775,2025-09-28,South,Consumer,1203.16,125.45,2
ORD-2023256,CUST-00618,2024-09-14,West,Corporate,1276.09,-94.28,1
ORD-2023257,CUST-00412,2024-01-30,East,Consumer,109.17,42.28,1
ORD-2023258,CUST-00401,2025-01-31,South,Corporate,790.8,33.83,1
ORD-2023259,CUST-00026,2023-12-23,Central,Corporate,1008.63,211.59,1
ORD-2023260,CUST-00760,2023-08-21,Central,Corporate,423.72,122.49,1
ORD-2023261,CUST-00262,2025-08-04,East,Home Office,3528.1800000000003,1038.58,3
ORD-2023262,CUST-00211,2025-10-03,West,Corporate,5444.98,2011.57,2
ORD-2023263,CUST-00800,2024-08-22,West,Corporate,118.26,51.23,2
ORD-2023264,CUST-00589,2025-03-09,South,Consumer,1299.6999999999998,490.86,2
ORD-2023265,CUST-00044,2024-03-16,West,Consumer,7035.089999999999,1225.09,2
ORD-2023266,CUST-00053,2025-06-03,West,Corporate,109.17,37.75,1
ORD-2023267,CUST-00025,2025-07-08,South,Corporate,2973.3,1052.32,1
ORD-2023268,CUST-00494,2023-10-02,Central,Consumer,7520.22,1179.83,1
ORD-2023269,CUST-00061,2025-01-08,South,Corporate,607.31,95.68,1
ORD-2023270,CUST-00754,2025-09-26,South,Consumer,1070.39,-282.23,1
ORD-2023271,CUST-00756,2024-09-02,West,Consumer,607.04,-15.53,1
ORD-2023272,CUST-00451,2023-06-04,South,Consumer,728.02,180.92,1
ORD-2023273,CUST-00506,2024-03-13,West,Corporate,2582.1000000000004,825.75,2
ORD-2023274,CUST-00236,2024-04-13,Central,Consumer,3658.7,619.39,2
ORD-2023275,CUST-00054,2023-12-11,West,Consumer,45.09,8.29,1
ORD-2023276,CUST-00600,2024-03-05,Central,Consumer,103.46,27.74,1
ORD-2023277,CUST-00079,2023-10-08,Central,Corporate,9668.43,1559.73,1
ORD-2023278,CUST-00068,2024-11-22,West,Home Office,104.7,1.9,1
ORD-2023279,CUST-00257,2025-06-11,Central,Home Office,2961.12,1068.69,1
ORD-2023280,CUST-00008,2025-01-30,Central,Corporate,22184.97,6618.389999999999,3
ORD-2023281,CUST-00359,2025-07-05,East,Consumer,2612.2,462.13,1
ORD-2023282,CUST-00578,2024-03-08,Central,Consumer,12452.14,3982.3999999999996,3
ORD-2023283,CUST-00649,2025-04-25,South,Home Office,639.47,230.07,1
ORD-2023284,CUST-00498,2025-10-06,West,Consumer,1698.71,353.54999999999995,3
ORD-2023285,CUST-00683,2025-06-26,South,Home Office,4777.68,1415.55,1
ORD-2023286,CUST-00336,2024-08-11,South,Corporate,2081.31,837.19,1
ORD-2023287,CUST-00686,2024-10-05,South,Corporate,2730.43,-711.4100000000001,2
ORD-2023288,CUST-00420,2025-10-11,Central,Consumer,1290.29,492.0,3
ORD-2023289,CUST-00183,2025-05-21,West,Consumer,41.06,11.89,1
ORD-2023290,CUST-00761,2023-04-08,East,Consumer,594.66,-191.59,1
ORD-2023291,CUST-00223,2025-05-01,Central,Home Office,1159.27,409.7,2
ORD-2023292,CUST-00026,2024-10-05,Central,Corporate,5536.17,960.53,1
ORD-2023293,CUST-00202,2024-07-07,South,Corporate,3114.12,872.99,1
ORD-2023294,CUST-00301,2024-03-29,West,Consumer,1877.48,433.72,2
ORD-2023295,CUST-00288,2025-08-16,Central,Home Office,1591.3200000000002,545.35,2
ORD-2023296,CUST-00435,2024-11-29,West,Corporate,1506.5,208.1,1
ORD-2023297,CUST-00707,2023-12-26,East,Consumer,138.5,37.77,1
ORD-2023298,CUST-00237,2024-11-15,Central,Corporate,508.35,59.66,1
ORD-2023299,CUST-00431,2025-03-20,East,Corporate,93.08,8.91,1
ORD-2023300,CUST-00277,2023-11-11,West,Home Office,1349.02,472.05999999999995,2
ORD-2023301,CUST-00662,2024-08-28,Central,Corporate,3108.71,-16.72,1
ORD-2023302,CUST-00133,2024-11-29,East,Consumer,1497.72,575.96,1
ORD-2023303,CUST-00082,2024-12-16,West,Consumer,6938.08,2444.85,1
ORD-2023304,CUST-00418,2024-02-23,East,Consumer,5539.93,2002.8200000000002,2
ORD-2023305,CUST-00548,2025-02-28,Central,Home Office,33.6,8.46,1
ORD-2023306,CUST-00646,2024-12-01,West,Consumer,748.48,208.02,1
ORD-2023307,CUST-00488,2025-08-18,Central,Consumer,14192.8,5925.48,1
ORD-2023308,CUST-00624,2025-09-07,West,Consumer,1097.8,418.45,1
ORD-2023309,CUST-00323,2023-10-24,Central,Consumer,8809.33,1996.8,1
ORD-2023310,CUST-00032,2024-02-07,East,Corporate,9532.67,3055.2200000000003,2
ORD-2023311,CUST-00095,2025-11-02,South,Corporate,7481.46,2520.85,2
ORD-2023312,CUST-00037,2024-08-04,South,Consumer,205.3,33.25,1
ORD-2023313,CUST-00270,2025-07-22,Central,Consumer,4765.74,967.93,1
ORD-2023314,CUST-00412,2025-04-22,East,Consumer,9642.66,3343.04,2
ORD-2023315,CUST-00291,2025-01-24,South,Consumer,3533.98,1027.44,3
ORD-2023316,CUST-00463,2024-08-12,Central,Corporate,827.98,203.51999999999998,2
ORD-2023317,CUST-00402,2025-03-23,South,Consumer,473.67,160.75,1
ORD-2023318,CUST-00554,2025-07-01,West,Consumer,4993.85,195.53000000000003,2
ORD-2023319,CUST-00546,2025-02-09,East,Consumer,7316.06,1573.3,2
ORD-2023320,CUST-00262,2024-08-09,East,Home Office,6749.2,2104.51,1
ORD-2023321,CUST-00284,2024-01-31,West,Consumer,2148.54,543.76,1
ORD-2023322,CUST-00485,2025-06-26,West,Consumer,3599.1400000000003,1114.18,2
ORD-2023323,CUST-00492,2025-08-10,South,Home Office,200.74,-12.62,1
ORD-2023324,CUST-00259,2024-12-26,East,Corporate,2027.21,546.15,2
ORD-2023325,CUST-00271,2025-11-23,West,Consumer,84.8,-238.44,2
ORD-2023326,CUST-00569,2023-07-18,Central,Corporate,498.89000000000004,138.10999999999999,2
ORD-2023327,CUST-00529,2025-02-02,South,Corporate,236.86,75.39,1
ORD-2023328,CUST-00108,2025-03-09,Central,Corporate,2166.36,507.46000000000004,2
ORD-2023329,CUST-00364,2023-03-17,South,Consumer,878.38,198.7,2
ORD-2023330,CUST-00715,2024-07-11,South,Home Office,221.32,82.68,1
ORD-2023331,CUST-00037,2025-01-12,South,Consumer,277.29,61.23,1
ORD-2023332,CUST-00691,2023-10-29,South,Consumer,6087.68,2456.04,2
ORD-2023333,CUST-00138,2025-04-06,East,Consumer,615.13,162.77,1
ORD-2023334,CUST-00420,2025-08-16,Central,Consumer,236.3,86.15,2
ORD-2023335,CUST-00352,2023-04-15,East,Consumer,544.53,147.32,2
ORD-2023336,CUST-00006,2024-10-25,South,Home Office,464.84,112.96,1
ORD-2023337,CUST-00736,2025-10-09,Central,Consumer,197.1,68.58,1
ORD-2023338,CUST-00380,2025-02-14,West,Home Office,2366.35,306.81,3
ORD-2023339,CUST-00768,2024-09-18,West,Consumer,695.71,-252.38,1
ORD-2023340,CUST-00234,2024-01-26,South,Consumer,8145.83,2683.81,2
ORD-2023341,CUST-00695,2025-05-08,East,Corporate,116.21,51.6,1
ORD-2023342,CUST-00742,2024-03-28,South,Corporate,24.14,-4.12,1
ORD-2023343,CUST-00461,2024-11-23,Central,Corporate,3583.26,-818.63,1
ORD-2023344,CUST-00168,2025-06-02,East,Consumer,7692.41,800.5600000000001,2
ORD-2023345,CUST-00561,2025-05-21,Central,Consumer,697.17,8.86,1
ORD-2023346,CUST-00453,2025-05-15,West,Home Office,8824.88,538.91,2
ORD-2023347,CUST-00762,2024-06-25,Central,Corporate,3036.55,957.53,1
ORD-2023348,CUST-00364,2025-06-26,South,Consumer,4571.37,1719.8799999999999,2
ORD-2023349,CUST-00219,2025-07-06,West,Consumer,1328.3,301.43,2
ORD-2023350,CUST-00111,2025-05-05,West,Consumer,1860.31,261.09999999999997,2
ORD-2023351,CUST-00571,2025-08-02,South,Consumer,204.76,67.53,1
ORD-2023352,CUST-00784,2025-07-05,East,Consumer,797.58,294.3,1
ORD-2023353,CUST-00027,2024-09-15,West,Consumer,10689.019999999999,3965.04,2
ORD-2023354,CUST-00603,2025-01-04,Central,Consumer,7829.36,2096.9,2
ORD-2023355,CUST-00747,2025-10-18,Central,Corporate,812.8199999999999,231.14,2
ORD-2023356,CUST-00061,2024-08-23,South,Corporate,205.43,10.03,1
ORD-2023357,CUST-00090,2023-10-05,South,Corporate,911.52,372.89,1
ORD-2023358,CUST-00567,2024-06-03,East,Home Office,7547.12,2505.45,1
ORD-2023359,CUST-00529,2024-01-30,South,Corporate,278.95000000000005,19.75,2
ORD-2023360,CUST-00057,2025-07-04,Central,Home Office,104.28,38.71,1
ORD-2023361,CUST-00673,2024-02-10,Central,Consumer,3259.2,574.36,2
ORD-2023362,CUST-00433,2024-04-30,South,Consumer,1295.69,551.19,1
ORD-2023363,CUST-00726,2024-11-20,East,Corporate,219.97,62.19,1
ORD-2023364,CUST-00704,2025-05-18,East,Corporate,135.98,47.49,1
ORD-2023365,CUST-00654,2025-03-26,South,Consumer,1541.28,680.5,1
ORD-2023366,CUST-00428,2025-10-25,South,Consumer,1727.1000000000001,333.49,2
ORD-2023367,CUST-00207,2024-10-23,South,Home Office,889.0,261.28,1
ORD-2023368,CUST-00420,2025-08-26,Central,Consumer,2821.43,720.8,3
ORD-2023369,CUST-00077,2024-10-06,West,Consumer,3315.89,1031.13,2
ORD-2023370,CUST-00536,2025-03-09,East,Consumer,1474.4,662.95,1
ORD-2023371,CUST-00108,2024-11-12,Central,Corporate,4179.52,1716.44,1
ORD-2023372,CUST-00424,2025-02-11,Central,Corporate,169.08,65.69,1
ORD-2023373,CUST-00047,2023-05-25,West,Home Office,2749.31,488.43,1
ORD-2023374,CUST-00248,2025-05-16,West,Consumer,2759.6800000000003,805.8100000000001,2
ORD-2023375,CUST-00190,2025-01-28,West,Consumer,5387.52,63.45,1
ORD-2023376,CUST-00507,2025-06-01,Central,Consumer,444.5,156.64,1
ORD-2023377,CUST-00639,2023-03-18,South,Consumer,1452.72,518.51,2
ORD-2023378,CUST-00051,2024-12-01,South,Consumer,156.42,61.98,1
ORD-2023379,CUST-00687,2025-07-12,West,Corporate,1417.88,536.16,1
ORD-2023380,CUST-00694,2025-06-22,South,Consumer,286.4,100.69,1
ORD-2023381,CUST-00279,2023-09-06,East,Consumer,3092.33,812.47,2
ORD-2023382,CUST-00536,2025-03-05,East,Consumer,6328.13,564.23,2
ORD-2023383,CUST-00333,2024-05-21,West,Consumer,1376.09,444.23,2
ORD-2023384,CUST-00133,2025-10-10,East,Consumer,4001.67,1235.28,1
ORD-2023385,CUST-00436,2025-07-02,East,Corporate,52.14,14.56,1
ORD-2023386,CUST-00068,2025-07-06,West,Home Office,2652.55,427.73,1
ORD-2023387,CUST-00704,2024-10-17,East,Corporate,5824.83,1365.85,2
ORD-2023388,CUST-00744,2024-07-10,West,Corporate,241.28,39.0,1
ORD-2023389,CUST-00662,2024-01-06,Central,Corporate,4314.05,-87.87,1
ORD-2023390,CUST-00466,2023-11-05,South,Home Office,9217.449999999999,3656.1800000000003,2
ORD-2023391,CUST-00461,2025-02-13,Central,Corporate,1422.85,354.56,2
ORD-2023392,CUST-00791,2025-01-29,East,Consumer,239.73000000000002,58.239999999999995,2
ORD-2023393,CUST-00203,2024-03-01,West,Home Office,164.04,39.34,1
ORD-2023394,CUST-00062,2025-01-09,Central,Consumer,447.94,49.04,1
ORD-2023395,CUST-00465,2023-09-26,East,Consumer,366.5,75.94,2
ORD-2023396,CUST-00270,2025-12-22,Central,Consumer,1120.32,35.57,1
ORD-2023397,CUST-00264,2025-08-10,South,Consumer,5210.37,1097.0,1
ORD-2023398,CUST-00003,2025-02-15,Central,Corporate,4701.96,1924.17,1
ORD-2023399,CUST-00492,2024-04-21,South,Home Office,639.92,195.49,1
ORD-2023400,CUST-00215,2025-04-30,Central,Consumer,5820.78,1017.1500000000001,2
ORD-2023401,CUST-00154,2025-06-22,West,Home Office,4.24,1.29,1
ORD-2023402,CUST-00038,2024-11-28,South,Consumer,9142.310000000001,1304.87,3
ORD-2023403,CUST-00300,2024-04-22,East,Consumer,1119.79,280.53,2
ORD-2023404,CUST-00705,2025-06-09,East,Consumer,156.23000000000002,30.67,2
ORD-2023405,CUST-00275,2025-01-12,West,Corporate,1415.52,463.15,1
ORD-2023406,CUST-00554,2025-08-10,West,Consumer,10.35,0.34,1
ORD-2023407,CUST-00618,2024-09-25,West,Corporate,1184.3,301.44,1
ORD-2023408,CUST-00270,2024-06-08,Central,Consumer,959.88,174.89,1
ORD-2023409,CUST-00662,2024-12-09,Central,Corporate,884.64,166.26,1
ORD-2023410,CUST-00566,2024-12-23,East,Consumer,41.06,8.28,1
ORD-2023411,CUST-00462,2024-11-27,East,Corporate,4428.43,941.85,2
ORD-2023412,CUST-00001,2024-05-01,East,Consumer,501.2,147.44,1
ORD-2023413,CUST-00036,2025-07-08,East,Consumer,684.39,224.61,1
ORD-2023414,CUST-00794,2025-05-24,South,Home Office,9845.46,2502.57,2
ORD-2023415,CUST-00634,2023-04-06,West,Home Office,740.03,185.21,2
ORD-2023416,CUST-00757,2024-01-30,Central,Consumer,3544.7,1190.86,1
ORD-2023417,CUST-00722,2024-09-11,South,Consumer,3548.2,591.48,1
ORD-2023418,CUST-00019,2025-06-04,South,Consumer,132.5,28.9,1
ORD-2023419,CUST-00643,2025-05-13,South,Corporate,4686.7699999999995,647.2099999999999,3
ORD-2023420,CUST-00377,2024-10-10,Central,Corporate,10.6,4.41,1
ORD-2023421,CUST-00641,2025-06-03,Central,Consumer,5008.71,303.15,1
ORD-2023422,CUST-00003,2023-10-28,Central,Corporate,6247.46,849.2999999999998,3
ORD-2023423,CUST-00234,2025-03-07,South,Consumer,10378.779999999999,1219.1,2
ORD-2023424,CUST-00612,2024-07-31,West,Corporate,6734.4,2610.31,1
ORD-2023425,CUST-00644,2024-01-16,West,Corporate,2460.52,1006.31,1
ORD-2023426,CUST-00507,2024-10-19,Central,Consumer,293.31,126.75,1
ORD-2023427,CUST-00250,2025-09-01,East,Consumer,1247.67,471.46000000000004,2
ORD-2023428,CUST-00256,2024-10-20,East,Consumer,3172.15,1337.89,1
ORD-2023429,CUST-00775,2023-12-18,South,Consumer,4528.27,460.29,1
ORD-2023430,CUST-00364,2023-12-14,South,Consumer,2489.93,82.71,1
ORD-2023431,CUST-00371,2025-05-10,West,Consumer,569.21,39.58,1
ORD-2023432,CUST-00455,2024-11-10,Central,Consumer,581.05,-369.21,1
ORD-2023433,CUST-00337,2024-02-10,South,Consumer,4925.44,697.71,2
ORD-2023434,CUST-00456,2024-10-15,Central,Consumer,4494.26,1101.67,2
ORD-2023435,CUST-00359,2024-08-19,East,Consumer,2569.66,614.73,1
ORD-2023436,CUST-00667,2024-12-20,Central,Consumer,984.24,153.67,1
ORD-2023437,CUST-00728,2023-03-31,East,Corporate,878.8,134.42,1
ORD-2023438,CUST-00753,2025-03-15,East,Consumer,4731.29,1045.29,3
ORD-2023439,CUST-00467,2025-06-06,East,Home Office,5751.47,419.7,1
ORD-2023440,CUST-00365,2024-09-13,East,Home Office,616.68,99.2,1
ORD-2023441,CUST-00576,2024-01-13,West,Corporate,205.32,35.16,1
ORD-2023442,CUST-00678,2024-07-03,East,Consumer,1295.69,262.74,1
ORD-2023443,CUST-00466,2023-11-17,South,Home Office,225.83,99.53,1
ORD-2023444,CUST-00573,2024-04-01,West,Consumer,521.95,134.11,2
ORD-2023445,CUST-00612,2023-08-18,West,Corporate,879.93,189.6,1
ORD-2023446,CUST-00554,2025-03-19,West,Consumer,1098.5,341.39,1
ORD-2023447,CUST-00609,2025-04-27,South,Corporate,4113.36,1183.99,2
ORD-2023448,CUST-00176,2025-02-24,West,Consumer,1060.11,425.0,1
ORD-2023449,CUST-00412,2025-11-19,East,Consumer,5132.65,1203.6,1
ORD-2023450,CUST-00488,2023-11-18,Central,Consumer,2541.9199999999996,801.64,2
ORD-2023451,CUST-00002,2024-06-06,South,Home Office,8443.12,3192.62,2
ORD-2023452,CUST-00691,2024-06-15,South,Consumer,3410.42,1301.48,1
ORD-2023453,CUST-00503,2024-10-27,South,Consumer,1658.98,228.54,2
ORD-2023454,CUST-00105,2024-12-05,South,Consumer,19286.8,4637.46,2
ORD-2023455,CUST-00657,2024-11-07,South,Home Office,14948.78,6190.65,1
ORD-2023456,CUST-00586,2023-08-02,South,Home Office,878.8,386.45,1
ORD-2023457,CUST-00618,2024-10-20,West,Corporate,806.9,-139.0,1
ORD-2023458,CUST-00323,2024-07-18,Central,Consumer,215.67,45.02,1
ORD-2023459,CUST-00691,2024-05-01,South,Consumer,16264.98,6520.9400000000005,2
ORD-2023460,CUST-00343,2025-05-07,Central,Home Office,175.95,23.31,1
ORD-2023461,CUST-00472,2023-05-07,South,Consumer,1486.65,334.635,1
ORD-2023462,CUST-00001,2023-11-12,East,Consumer,2065.55,427.54,2
ORD-2023463,CUST-00528,2024-04-11,East,Home Office,12.13,5.21,1
ORD-2023464,CUST-00589,2025-05-23,South,Consumer,1540.29,586.89,2
ORD-2023465,CUST-00469,2024-11-02,East,Consumer,395.40000000000003,104.53,2
ORD-2023466,CUST-00412,2025-06-19,East,Consumer,1712.9299999999998,547.16,2
ORD-2023467,CUST-00653,2025-08-25,East,Consumer,2510.4,628.33,1
ORD-2023468,CUST-00556,2024-07-21,Central,Home Office,6011.15,-815.4100000000001,3
ORD-2023469,CUST-00226,2024-01-05,West,Consumer,425.12,75.69,1
ORD-2023470,CUST-00770,2023-09-20,West,Consumer,953.6700000000001,253.35,2
ORD-2023471,CUST-00578,2024-08-08,Central,Consumer,262.38,74.89,2
ORD-2023472,CUST-00794,2024-12-05,South,Home Office,12230.82,3629.94,1
ORD-2023473,CUST-00781,2025-08-25,South,Corporate,113.94,-40.14,1
ORD-2023474,CUST-00740,2023-07-26,South,Corporate,473.68,180.06,1
ORD-2023475,CUST-00616,2024-03-06,Central,Consumer,194.1,77.54,1
ORD-2023476,CUST-00503,2025-09-16,South,Consumer,3035.2,1385.43,2
ORD-2023477,CUST-00144,2025-02-12,West,Home Office,450.9,94.0,1
ORD-2023478,CUST-00448,2025-05-01,South,Corporate,6770.360000000001,1304.88,2
ORD-2023479,CUST-00622,2024-01-16,West,Corporate,2100.99,494.55999999999995,2
ORD-2023480,CUST-00431,2024-08-30,East,Corporate,439.4,73.24,1
ORD-2023481,CUST-00697,2025-04-06,Central,Consumer,942.32,220.53,1
ORD-2023482,CUST-00089,2024-06-18,South,Corporate,13696.9,3306.5800000000004,2
ORD-2023483,CUST-00311,2023-11-22,Central,Home Office,1091.74,195.1,1
ORD-2023484,CUST-00420,2025-01-09,Central,Consumer,4109.719999999999,1347.6399999999999,2
ORD-2023485,CUST-00359,2024-04-23,East,Consumer,1845.52,359.87,2
ORD-2023486,CUST-00088,2023-06-20,West,Consumer,3527.46,1214.06,2
ORD-2023487,CUST-00132,2025-03-20,Central,Corporate,3079.59,1369.67,1
ORD-2023488,CUST-00677,2024-10-21,Central,Consumer,247.68,33.24,1
ORD-2023489,CUST-00404,2025-01-15,South,Corporate,5210.37,1845.82,1
ORD-2023490,CUST-00044,2024-03-01,West,Consumer,5132.65,799.36,1
ORD-2023491,CUST-00014,2025-11-27,South,Home Office,7085.87,1548.1100000000001,3
ORD-2023492,CUST-00396,2025-08-21,South,Consumer,3268.9,868.91,1
ORD-2023493,CUST-00139,2024-12-31,West,Consumer,5374.89,1313.86,1
ORD-2023494,CUST-00576,2025-06-24,West,Corporate,473.67,205.62,1
ORD-2023495,CUST-00645,2024-10-15,South,Consumer,7096.4,-172.03,1
ORD-2023496,CUST-00187,2024-07-03,East,Consumer,12095.37,3423.29,1
ORD-2023497,CUST-00491,2023-12-26,South,Consumer,9304.59,4154.4400000000005,2
ORD-2023498,CUST-00133,2024-12-14,East,Consumer,260.7,61.4,1
ORD-2023499,CUST-00252,2023-09-17,West,Home Office,834.4,196.56,2
ORD-2023500,CUST-00711,2023-08-16,Central,Consumer,14.78,2.28,1
ORD-2023501,CUST-00449,2024-01-07,Central,Consumer,23410.28,4090.9,2
ORD-2023502,CUST-00711,2025-02-09,Central,Consumer,1032.12,271.37,2
ORD-2023503,CUST-00185,2024-04-11,West,Home Office,621.39,124.84,2
ORD-2023504,CUST-00270,2024-03-13,Central,Consumer,6384.32,2415.81,3
ORD-2023505,CUST-00393,2023-06-04,West,Consumer,1699.3799999999999,280.6,2
ORD-2023506,CUST-00402,2024-11-26,South,Consumer,3343.41,-127.74,2
ORD-2023507,CUST-00799,2023-11-04,West,Consumer,2835.76,706.15,1
ORD-2023508,CUST-00093,2024-11-19,South,Corporate,2288.23,893.79,1
ORD-2023509,CUST-00689,2025-11-12,West,Consumer,243.44,37.67,1
ORD-2023510,CUST-00694,2024-06-11,South,Consumer,723.27,232.18,2
ORD-2023511,CUST-00456,2024-08-04,Central,Consumer,105.41,16.01,1
ORD-2023512,CUST-00280,2025-08-11,East,Consumer,417.79,-81.0,1
ORD-2023513,CUST-00430,2025-05-14,Central,Consumer,1220.56,331.91,1
ORD-2023514,CUST-00237,2025-02-20,Central,Corporate,291.5,126.31,1
ORD-2023515,CUST-00647,2024-12-04,West,Consumer,12409.83,4039.56,1
ORD-2023516,CUST-00412,2023-09-14,East,Consumer,5901.599999999999,2453.97,2
ORD-2023517,CUST-00746,2025-04-06,West,Consumer,988.5,407.09,1
ORD-2023518,CUST-00508,2024-06-18,East,Consumer,4324.58,907.9100000000001,2
ORD-2023519,CUST-00426,2025-09-20,East,Consumer,5457.51,1611.9,2
ORD-2023520,CUST-00580,2025-06-17,East,Consumer,639.92,267.52,1
ORD-2023521,CUST-00419,2025-07-15,West,Corporate,1753.51,584.6,2
ORD-2023522,CUST-00723,2025-02-17,South,Corporate,575.93,33.41,1
ORD-2023523,CUST-00151,2025-01-02,South,Consumer,701.78,233.88,2
ORD-2023524,CUST-00783,2025-06-14,East,Consumer,2456.13,-379.99,2
ORD-2023525,CUST-00654,2024-01-08,South,Consumer,1497.72,413.54,1
ORD-2023526,CUST-00694,2025-05-23,South,Consumer,5575.26,-7.389999999999986,2
ORD-2023527,CUST-00404,2025-02-20,South,Corporate,1474.4,473.59,1
ORD-2023528,CUST-00676,2024-09-22,Central,Consumer,2359.24,275.55,1
ORD-2023529,CUST-00255,2025-03-24,Central,Home Office,280.08,77.25,1
ORD-2023530,CUST-00620,2024-04-26,East,Consumer,768.95,212.45,1
ORD-2023531,CUST-00114,2025-05-26,West,Consumer,683.64,251.15,1
ORD-2023532,CUST-00255,2025-07-21,Central,Home Office,281.8,80.45,1
ORD-2023533,CUST-00369,2025-11-01,East,Consumer,186.3,67.0,1
ORD-2023534,CUST-00263,2025-03-11,West,Consumer,405.81,115.89,1
ORD-2023535,CUST-00318,2025-08-02,Central,Consumer,12126.220000000001,2560.53,3
ORD-2023536,CUST-00661,2024-12-29,East,Home Office,164.0,47.51,2
ORD-2023537,CUST-00211,2023-04-07,West,Corporate,1067.11,-51.74,1
ORD-2023538,CUST-00609,2023-11-04,South,Corporate,1065.78,199.89,1
ORD-2023539,CUST-00061,2025-04-14,South,Corporate,926.24,119.27,1
ORD-2023540,CUST-00622,2025-03-31,West,Corporate,1694.88,526.87,1
ORD-2023541,CUST-00643,2025-04-26,South,Corporate,518.72,40.94,1
ORD-2023542,CUST-00332,2025-07-05,West,Consumer,2835.76,905.44,1
ORD-2023543,CUST-00592,2025-04-12,South,Corporate,1617.77,12.72,1
ORD-2023544,CUST-00735,2024-12-08,East,Home Office,3729.22,-298.91999999999996,2
ORD-2023545,CUST-00649,2024-04-17,South,Home Office,806.9,331.44,1
ORD-2023546,CUST-00320,2025-11-23,South,Home Office,6740.7,1226.04,1
ORD-2023547,CUST-00404,2025-04-29,South,Corporate,94.62,39.65,1
ORD-2023548,CUST-00632,2024-07-07,West,Corporate,1744.3,337.09,2
ORD-2023549,CUST-00238,2025-07-25,West,Corporate,6866.42,1160.3899999999999,2
ORD-2023550,CUST-00650,2025-07-11,South,Consumer,1327.8899999999999,327.97,2
ORD-2023551,CUST-00270,2024-08-09,Central,Consumer,9401.880000000001,1598.51,2
ORD-2023552,CUST-00651,2025-06-06,West,Corporate,1045.72,36.93,2
ORD-2023553,CUST-00068,2025-02-04,West,Home Office,7346.67,1382.45,2
ORD-2023554,CUST-00042,2024-02-20,South,Consumer,3080.82,1053.33,1
ORD-2023555,CUST-00799,2023-03-25,West,Consumer,20.12,3.28,1
ORD-2023556,CUST-00697,2023-12-04,Central,Consumer,3414.6,1121.52,1
ORD-2023557,CUST-00707,2024-07-03,East,Consumer,4018.5,1762.41,1
ORD-2023558,CUST-00766,2024-06-25,South,Home Office,11810.990000000002,1315.27,2
ORD-2023559,CUST-00363,2025-09-06,East,Consumer,1961.34,683.7,1
ORD-2023560,CUST-00234,2025-08-07,South,Consumer,6089.79,699.74,1
ORD-2023561,CUST-00105,2025-09-13,South,Consumer,812.19,273.84000000000003,2
ORD-2023562,CUST-00415,2024-11-05,East,Consumer,674.62,131.27,1
ORD-2023563,CUST-00182,2024-10-10,East,Consumer,128.88,19.81,1
ORD-2023564,CUST-00755,2023-12-06,Central,Consumer,9707.3,3658.92,2
ORD-2023565,CUST-00003,2024-02-18,Central,Corporate,0.0,14.83,1
ORD-2023566,CUST-00116,2024-10-11,Central,Consumer,1184.2,305.69,1
ORD-2023567,CUST-00202,2024-12-16,South,Corporate,1474.4,387.35,1
ORD-2023568,CUST-00165,2025-03-16,West,Corporate,7812.67,1846.24,1
ORD-2023569,CUST-00185,2023-03-26,West,Home Office,13.57,-0.41,1
ORD-2023570,CUST-00535,2024-11-12,Central,Corporate,1435.95,362.18,1
ORD-2023571,CUST-00269,2025-05-16,Central,Consumer,118.26,22.52,1
ORD-2023572,CUST-00504,2024-08-11,South,Consumer,1152.72,439.79,1
ORD-2023573,CUST-00712,2024-09-07,Central,Consumer,17193.600000000002,3132.7799999999997,2
ORD-2023574,CUST-00496,2025-01-27,West,Home Office,1554.55,473.74,2
ORD-2023575,CUST-00570,2024-02-10,Central,Consumer,6178.48,307.58,1
ORD-2023576,CUST-00301,2023-10-13,West,Consumer,1474.4,603.83,1
ORD-2023577,CUST-00134,2024-03-08,Central,Corporate,5838.98,941.77,1
ORD-2023578,CUST-00262,2023-12-22,East,Home Office,856.5,205.33,1
ORD-2023579,CUST-00773,2024-02-22,East,Consumer,2824.99,-158.32000000000002,2
ORD-2023580,CUST-00508,2024-11-27,East,Consumer,185.76,-33.71,1
ORD-2023581,CUST-00225,2024-03-08,Central,Home Office,283.6,85.50999999999999,2
ORD-2023582,CUST-00377,2025-09-02,Central,Corporate,235.58,98.81,1
ORD-2023583,CUST-00675,2025-03-16,Central,Home Office,6127.38,1861.19,1
ORD-2023584,CUST-00547,2024-06-26,West,Corporate,225.83,53.45,1
ORD-2023585,CUST-00463,2025-01-03,Central,Corporate,0.0,-68.83,1
ORD-2023586,CUST-00710,2025-03-05,West,Consumer,11708.51,573.13,3
ORD-2023587,CUST-00549,2025-03-06,Central,Home Office,5908.48,-2436.06,1
ORD-2023588,CUST-00527,2024-10-28,South,Consumer,6115.41,2137.95,1
ORD-2023589,CUST-00156,2023-08-31,Central,Consumer,1260.24,475.71000000000004,2
ORD-2023590,CUST-00085,2025-10-02,Central,Consumer,2732.9,861.16,1
ORD-2023591,CUST-00773,2024-02-14,East,Consumer,14494.17,5694.030000000001,2
ORD-2023592,CUST-00494,2025-02-04,Central,Consumer,14783.23,2837.72,1
ORD-2023593,CUST-00345,2025-12-03,South,Consumer,2169.99,419.72,1
ORD-2023594,CUST-00488,2024-11-01,Central,Consumer,4454.19,1384.82,1
ORD-2023595,CUST-00053,2025-07-22,West,Corporate,2965.5,1193.56,1
ORD-2023596,CUST-00663,2024-02-29,East,Consumer,337.65999999999997,103.98,2
ORD-2023597,CUST-00180,2024-08-30,Central,Consumer,8118.82,2396.0,2
ORD-2023598,CUST-00651,2025-07-04,West,Corporate,673.63,153.85,1
ORD-2023599,CUST-00440,2023-07-28,West,Consumer,1174.63,15.230000000000004,3
ORD-2023600,CUST-00225,2024-10-04,Central,Home Office,2863.7,1102.25,2
ORD-2023601,CUST-00029,2025-04-14,Central,Consumer,2196.6,390.26,1
ORD-2023602,CUST-00656,2024-09-11,Central,Corporate,1422.82,266.15,1
ORD-2023603,CUST-00146,2024-05-08,South,Consumer,9.54,1.07,1
ORD-2023604,CUST-00045,2024-04-23,East,Consumer,13479.48,6039.29,1
ORD-2023605,CUST-00617,2025-03-15,East,Corporate,988.5,189.35,1
ORD-2023606,CUST-00287,2025-07-08,East,Consumer,9953.53,3889.79,2
ORD-2023607,CUST-00320,2024-10-14,South,Home Office,4238.96,957.28,2
ORD-2023608,CUST-00203,2024-11-29,West,Home Office,228.26,44.42,1
ORD-2023609,CUST-00693,2024-10-02,South,Consumer,484.14,85.43,1
ORD-2023610,CUST-00245,2025-01-31,Central,Corporate,1569.0,274.36,1
ORD-2023611,CUST-00178,2025-11-13,East,Corporate,2593.7200000000003,214.70999999999998,2
ORD-2023612,CUST-00255,2023-12-09,Central,Home Office,32.75,7.77,1
ORD-2023613,CUST-00169,2024-02-14,West,Consumer,782.16,225.9,1
ORD-2023614,CUST-00262,2024-01-12,East,Home Office,572.8,128.73,1
ORD-2023615,CUST-00067,2023-12-08,South,Corporate,733.62,243.9,2
ORD-2023616,CUST-00134,2023-12-25,Central,Corporate,1683.6,486.87,1
ORD-2023617,CUST-00347,2025-03-14,South,Consumer,1336.5,365.68,2
ORD-2023618,CUST-00705,2025-12-27,East,Consumer,1794.8600000000001,-453.96,2
ORD-2023619,CUST-00051,2024-11-30,South,Consumer,4206.23,1174.57,2
ORD-2023620,CUST-00179,2023-12-04,South,Home Office,4551.76,1654.01,2
ORD-2023621,CUST-00727,2025-08-12,Central,Consumer,12855.880000000001,1452.8300000000002,2
ORD-2023622,CUST-00712,2023-05-21,Central,Consumer,1176.43,345.02,2
ORD-2023623,CUST-00554,2025-04-09,West,Consumer,2991.4300000000003,634.06,2
ORD-2023624,CUST-00199,2024-09-17,West,Home Office,4892.33,365.41,1
ORD-2023625,CUST-00348,2025-10-21,South,Consumer,4076.94,1543.12,1
ORD-2023626,CUST-00178,2025-04-10,East,Corporate,217.39,23.41,1
ORD-2023627,CUST-00104,2025-08-23,East,Consumer,1113.31,279.09,2
ORD-2023628,CUST-00311,2025-12-08,Central,Home Office,878.04,389.16,1
ORD-2023629,CUST-00478,2024-11-07,East,Consumer,6740.7,1321.78,1
ORD-2023630,CUST-00294,2024-11-25,West,Consumer,63.13,-7.11,1
ORD-2023631,CUST-00503,2025-06-08,South,Consumer,9340.31,943.01,2
ORD-2023632,CUST-00243,2024-12-11,East,Consumer,3813.48,797.18,1
ORD-2023633,CUST-00283,2024-04-03,Central,Consumer,4385.12,733.53,1
ORD-2023634,CUST-00642,2024-04-12,South,Corporate,1470.31,173.98000000000002,3
ORD-2023635,CUST-00704,2024-02-11,East,Corporate,2761.44,858.64,1
ORD-2023636,CUST-00263,2025-02-13,West,Consumer,5392.56,1606.66,1
ORD-2023637,CUST-00473,2023-06-18,West,Home Office,2965.5,894.25,1
ORD-2023638,CUST-00226,2023-11-10,West,Consumer,10635.27,3978.74,1
ORD-2023639,CUST-00046,2025-07-08,South,Corporate,15283.08,4237.0,3
ORD-2023640,CUST-00601,2024-01-04,Central,Consumer,1882.8,759.83,1
ORD-2023641,CUST-00143,2023-07-03,West,Corporate,1189.32,329.66,1
ORD-2023642,CUST-00354,2025-06-11,West,Consumer,197.26,0.2,1
ORD-2023643,CUST-00405,2024-05-30,West,Consumer,2012.1699999999998,611.09,2
ORD-2023644,CUST-00151,2025-02-28,South,Consumer,13757.01,4253.31,2
ORD-2023645,CUST-00074,2025-04-20,East,Consumer,7391.02,-459.94,1
ORD-2023646,CUST-00286,2025-06-14,South,Consumer,2657.4900000000002,812.73,2
ORD-2023647,CUST-00766,2023-11-07,South,Home Office,1774.1,307.79,1
ORD-2023648,CUST-00504,2025-10-12,South,Consumer,176.68,-18.82,1
ORD-2023649,CUST-00311,2025-02-19,Central,Home Office,2146.59,704.88,1
ORD-2023650,CUST-00037,2024-07-28,South,Consumer,344.0,65.8,1
ORD-2023651,CUST-00495,2024-09-26,West,Corporate,5431.06,-974.01,2
ORD-2023652,CUST-00073,2025-07-31,West,Consumer,2675.97,877.18,1
ORD-2023653,CUST-00447,2023-04-19,West,Consumer,80.48,20.54,1
ORD-2023654,CUST-00613,2025-11-10,South,Consumer,1342.8400000000001,311.36,2
ORD-2023655,CUST-00352,2024-03-02,East,Consumer,227.88,55.05,1
ORD-2023656,CUST-00248,2025-11-05,West,Consumer,1607.4,169.05,1
ORD-2023657,CUST-00044,2023-11-27,West,Consumer,514.58,-308.75,1
ORD-2023658,CUST-00025,2025-06-23,South,Corporate,436.82,16.98,1
ORD-2023659,CUST-00358,2025-04-12,South,Home Office,3838.6499999999996,997.69,3
ORD-2023660,CUST-00707,2024-07-23,East,Consumer,4656.15,726.85,3
ORD-2023661,CUST-00202,2024-12-19,South,Corporate,14138.58,5772.33,2
ORD-2023662,CUST-00475,2025-06-19,Central,Corporate,6233.59,1329.21,2
ORD-2023663,CUST-00560,2025-04-07,South,Consumer,10871.84,3850.34,1
ORD-2023664,CUST-00052,2023-12-03,East,Home Office,2297.52,347.18,1
ORD-2023665,CUST-00132,2024-12-11,Central,Corporate,2652.55,-242.21,1
ORD-2023666,CUST-00271,2024-07-27,West,Consumer,6.36,2.4,1
ORD-2023667,CUST-00547,2024-12-09,West,Corporate,1640.4,475.75,1
ORD-2023668,CUST-00364,2025-05-21,South,Consumer,2081.31,507.29,1
ORD-2023669,CUST-00600,2024-11-19,Central,Consumer,1887.36,743.34,1
ORD-2023670,CUST-00697,2023-03-14,Central,Consumer,1894.68,537.38,1
ORD-2023671,CUST-00619,2024-11-21,East,Consumer,621.0,129.41,1
ORD-2023672,CUST-00795,2025-01-16,West,Home Office,370.35,-101.41000000000001,2
ORD-2023673,CUST-00615,2025-08-05,Central,Consumer,2240.6,301.82,1
ORD-2023674,CUST-00689,2024-01-07,West,Consumer,1778.8600000000001,308.0,2
ORD-2023675,CUST-00671,2025-07-28,South,Home Office,313.8,93.82,1
ORD-2023676,CUST-00599,2025-08-07,Central,Home Office,6767.75,441.03,2
ORD-2023677,CUST-00649,2024-04-30,South,Home Office,5699.19,1054.8700000000001,2
ORD-2023678,CUST-00755,2025-12-23,Central,Consumer,3426.1,1059.0900000000001,2
ORD-2023679,CUST-00396,2023-10-30,South,Consumer,1425.3899999999999,350.13,2
ORD-2023680,CUST-00524,2024-03-21,South,Consumer,5375.72,1841.92,1
ORD-2023681,CUST-00427,2025-05-06,South,Corporate,8410.09,2429.15,2
ORD-2023682,CUST-00688,2023-10-07,Central,Corporate,5322.3,1739.17,1
ORD-2023683,CUST-00359,2024-08-17,East,Consumer,1036.55,-56.24,1
ORD-2023684,CUST-00661,2025-02-02,East,Home Office,987.83,372.05,3
ORD-2023685,CUST-00648,2025-03-08,Central,Corporate,592.1,129.72,1
ORD-2023686,CUST-00772,2025-01-05,South,Corporate,3397.32,1021.94,2
ORD-2023687,CUST-00203,2023-12-06,West,Home Office,132.5,27.82,1
ORD-2023688,CUST-00579,2024-08-25,South,Consumer,351.22,79.14,1
ORD-2023689,CUST-00618,2025-11-12,West,Corporate,10380.4,4211.2,1
ORD-2023690,CUST-00756,2025-01-09,West,Consumer,6770.389999999999,1003.8000000000001,2
ORD-2023691,CUST-00726,2023-11-18,East,Corporate,12418.7,2764.63,1
ORD-2023692,CUST-00474,2024-07-26,West,Consumer,243.75,33.55,1
ORD-2023693,CUST-00480,2025-01-09,East,Corporate,5443.6,1636.9,2
ORD-2023694,CUST-00140,2024-10-08,West,Corporate,3465.4,1127.22,1
ORD-2023695,CUST-00786,2023-06-30,Central,Corporate,9238.77,2859.1,1
ORD-2023696,CUST-00211,2024-12-13,West,Corporate,1409.33,270.99,3
ORD-2023697,CUST-00593,2024-03-02,East,Corporate,488.85,147.62,1
ORD-2023698,CUST-00646,2024-06-20,West,Consumer,1759.2600000000002,340.92,2
ORD-2023699,CUST-00365,2023-12-11,East,Home Office,159.0,45.63,1
ORD-2023700,CUST-00178,2023-03-23,East,Corporate,943.68,221.96,1
ORD-2023701,CUST-00155,2024-10-08,West,Consumer,19149.760000000002,1336.61,3
ORD-2023702,CUST-00691,2025-06-10,South,Consumer,23.95,3.32,1
ORD-2023703,CUST-00423,2023-06-11,South,Consumer,3857.05,1058.0,2
ORD-2023704,CUST-00071,2024-12-09,South,Consumer,3403.73,899.18,2
ORD-2023705,CUST-00586,2023-10-03,South,Home Office,3493.3,345.41,2
ORD-2023706,CUST-00206,2024-03-02,West,Corporate,12.13,2.16,1
ORD-2023707,CUST-00703,2024-05-26,East,Corporate,4523.95,263.13,1
ORD-2023708,CUST-00255,2025-06-04,Central,Home Office,126.0,44.88,1
ORD-2023709,CUST-00167,2025-01-29,West,Corporate,1302.73,386.44,1
ORD-2023710,CUST-00068,2024-11-24,West,Home Office,695.93,-21.560000000000002,2
ORD-2023711,CUST-00425,2025-06-07,West,Corporate,209.18,7.58,1
ORD-2023712,CUST-00377,2023-12-01,Central,Corporate,232.42,86.71,1
ORD-2023713,CUST-00612,2025-03-12,West,Corporate,3646.18,978.11,2
ORD-2023714,CUST-00387,2025-11-04,East,Corporate,586.62,101.32,1
ORD-2023715,CUST-00280,2025-07-29,East,Consumer,1027.52,277.32,1
ORD-2023716,CUST-00214,2023-12-27,West,Home Office,126.0,47.07,1
ORD-2023717,CUST-00226,2025-05-06,West,Consumer,147.8,25.72,1
ORD-2023718,CUST-00749,2024-05-08,West,Consumer,1887.36,616.58,1
ORD-2023719,CUST-00140,2024-05-09,West,Corporate,65.7,-3.16,1
ORD-2023720,CUST-00794,2024-05-31,South,Home Office,7402.8,1363.9,1
ORD-2023721,CUST-00269,2024-11-13,Central,Consumer,5725.97,176.52,2
ORD-2023722,CUST-00070,2024-08-06,West,Consumer,1671.16,741.39,1
ORD-2023723,CUST-00203,2025-01-31,West,Home Office,256.21,4.61,1
ORD-2023724,CUST-00051,2024-01-29,South,Consumer,2972.0899999999997,492.62,2
ORD-2023725,CUST-00641,2025-01-31,Central,Consumer,672.84,205.4,2
ORD-2023726,CUST-00425,2023-10-23,West,Corporate,123.24,40.07,1
ORD-2023727,CUST-00275,2024-12-28,West,Corporate,483.0,89.11,1
ORD-2023728,CUST-00539,2025-07-28,Central,Home Office,2079.03,26.14,1
ORD-2023729,CUST-00516,2024-03-24,East,Home Office,2.12,0.65,1
ORD-2023730,CUST-00758,2025-06-08,West,Consumer,10484.04,3397.04,1
ORD-2023731,CUST-00771,2023-12-12,Central,Consumer,2970.04,1192.11,1
ORD-2023732,CUST-00555,2025-08-09,South,Home Office,754.42,209.35,2
ORD-2023733,CUST-00658,2024-01-31,Central,Consumer,258.21,45.66,1
ORD-2023734,CUST-00643,2025-02-23,South,Corporate,1961.34,597.81,1
ORD-2023735,CUST-00410,2024-04-20,East,Home Office,286.77,121.49,1
ORD-2023736,CUST-00576,2025-07-05,West,Corporate,3442.18,654.3800000000001,2
ORD-2023737,CUST-00065,2025-05-13,West,Corporate,473.1,104.83,1
ORD-2023738,CUST-00618,2024-03-15,West,Corporate,1497.03,264.63,2
ORD-2023739,CUST-00772,2024-11-14,South,Corporate,903.45,42.720000000000006,2
ORD-2023740,CUST-00068,2025-08-09,West,Home Office,420.21000000000004,118.94,2
ORD-2023741,CUST-00675,2024-12-29,Central,Home Office,3190.23,581.53,1
ORD-2023742,CUST-00753,2024-12-04,East,Consumer,620.8,115.46000000000001,2
ORD-2023743,CUST-00186,2024-08-14,West,Corporate,1208.35,379.52,1
ORD-2023744,CUST-00435,2024-12-27,West,Corporate,1015.09,236.35,1
ORD-2023745,CUST-00749,2025-09-19,West,Consumer,9652.09,3865.37,1
ORD-2023746,CUST-00770,2024-01-20,West,Consumer,560.16,215.65,1
ORD-2023747,CUST-00104,2024-12-13,East,Consumer,2527.3,315.73,1
ORD-2023748,CUST-00287,2023-07-02,East,Consumer,1159.51,500.57,1
ORD-2023749,CUST-00570,2024-11-10,Central,Consumer,722.05,-153.22,2
ORD-2023750,CUST-00182,2025-05-27,East,Consumer,33.96,-3.24,1
ORD-2023751,CUST-00267,2025-08-31,West,Corporate,11844.48,2112.64,1
ORD-2023752,CUST-00021,2025-05-27,Central,Corporate,328.08,69.88,1
ORD-2023753,CUST-00132,2025-04-16,Central,Corporate,2495.46,462.78000000000003,2
ORD-2023754,CUST-00466,2024-12-08,South,Home Office,11019.55,2183.4700000000003,3
ORD-2023755,CUST-00533,2025-03-18,East,Consumer,11913.54,3359.09,2
ORD-2023756,CUST-00530,2023-05-20,South,Corporate,702.1,202.76,1
ORD-2023757,CUST-00631,2023-07-14,Central,Corporate,1054.1,343.34,1
ORD-2023758,CUST-00345,2025-01-12,South,Consumer,1761.54,274.94,2
ORD-2023759,CUST-00222,2025-09-25,West,Consumer,553.62,173.0,1
ORD-2023760,CUST-00012,2024-10-23,South,Corporate,1804.79,530.72,1
ORD-2023761,CUST-00173,2024-04-25,South,Consumer,10644.6,4282.54,1
ORD-2023762,CUST-00257,2025-01-04,Central,Home Office,118.43,18.84,1
ORD-2023763,CUST-00148,2024-11-26,East,Consumer,401.85,177.54,1
ORD-2023764,CUST-00019,2024-11-25,South,Consumer,8883.36,3418.26,1
ORD-2023765,CUST-00133,2024-11-18,East,Consumer,146.65,47.99,1
ORD-2023766,CUST-00545,2025-06-13,South,Consumer,1008.5600000000001,302.78000000000003,2
ORD-2023767,CUST-00514,2024-07-02,South,Home Office,5893.790000000001,1413.9,2
ORD-2023768,CUST-00755,2024-11-08,Central,Consumer,520.41,95.89,1
ORD-2023769,CUST-00647,2024-04-17,West,Consumer,1610.48,301.14,1
ORD-2023770,CUST-00470,2025-11-27,South,Consumer,3073.7400000000002,654.32,2
ORD-2023771,CUST-00110,2025-07-03,Central,Consumer,1091.06,-388.46999999999997,2
ORD-2023772,CUST-00467,2024-12-26,East,Home Office,5286.099999999999,1669.49,2
ORD-2023773,CUST-00053,2025-07-27,West,Corporate,147.44,39.34,1
ORD-2023774,CUST-00359,2024-10-18,East,Consumer,671.92,13.13,1
ORD-2023775,CUST-00320,2025-09-14,South,Home Office,3420.96,664.46,2
ORD-2023776,CUST-00356,2023-08-02,South,Consumer,758.8,312.67,1
ORD-2023777,CUST-00228,2023-06-18,Central,Consumer,29.56,8.11,1
ORD-2023778,CUST-00561,2025-05-14,Central,Consumer,3072.69,1309.53,2
ORD-2023779,CUST-00679,2025-03-06,Central,Corporate,138.08,20.16,1
ORD-2023780,CUST-00622,2025-06-19,West,Corporate,1606.49,277.28,2
ORD-2023781,CUST-00511,2024-08-15,South,Corporate,5938.92,2179.04,1
ORD-2023782,CUST-00441,2025-05-28,South,Consumer,674.5699999999999,177.37,2
ORD-2023783,CUST-00030,2025-06-29,West,Corporate,8314.89,1638.67,1
ORD-2023784,CUST-00592,2025-07-27,South,Corporate,143.2,22.69,1
ORD-2023785,CUST-00450,2025-05-15,West,Home Office,1196.5,436.07,1
ORD-2023786,CUST-00219,2025-08-30,West,Consumer,671.9200000000001,70.78,2
ORD-2023787,CUST-00270,2025-08-03,Central,Consumer,999.6,220.88,2
ORD-2023788,CUST-00755,2024-11-30,Central,Consumer,159.52,-10.38,1
ORD-2023789,CUST-00508,2024-11-18,East,Consumer,4119.03,293.9,2
ORD-2023790,CUST-00396,2025-04-12,South,Consumer,3190.65,926.34,2
ORD-2023791,CUST-00508,2024-01-29,East,Consumer,2288.23,568.6,1
ORD-2023792,CUST-00343,2025-03-01,Central,Home Office,1072.39,296.17,2
ORD-2023793,CUST-00392,2024-06-19,East,Consumer,47.31,12.56,1
ORD-2023794,CUST-00236,2024-11-24,Central,Consumer,7249.68,2086.28,3
ORD-2023795,CUST-00364,2025-03-14,South,Consumer,409.37,104.27000000000001,2
ORD-2023796,CUST-00561,2024-02-16,Central,Consumer,113.94,33.21,1
ORD-2023797,CUST-00037,2024-10-24,South,Consumer,355.29,155.33,1
ORD-2023798,CUST-00644,2025-07-16,West,Corporate,7021.0,1688.69,1
ORD-2023799,CUST-00232,2023-02-25,South,Corporate,615.13,274.08,1
ORD-2023800,CUST-00557,2025-03-20,Central,Corporate,2779.7,918.76,2
ORD-2023801,CUST-00527,2024-12-11,South,Consumer,922.18,151.23,1
ORD-2023802,CUST-00533,2025-03-06,East,Consumer,3613.49,390.51,1
ORD-2023803,CUST-00502,2025-06-01,Central,Consumer,2989.07,1129.91,2
ORD-2023804,CUST-00770,2025-06-01,West,Consumer,2862.6,960.3599999999999,3
ORD-2023805,CUST-00420,2023-09-06,Central,Consumer,7846.34,1125.24,2
ORD-2023806,CUST-00599,2025-02-24,Central,Home Office,1139.4,213.99,1
ORD-2023807,CUST-00576,2025-02-23,West,Corporate,1157.1499999999999,109.86,2
ORD-2023808,CUST-00195,2023-08-19,South,Consumer,187.12,63.13,1
ORD-2023809,CUST-00232,2025-10-06,South,Corporate,4152.16,1204.85,1
ORD-2023810,CUST-00352,2025-02-07,East,Consumer,11816.97,3648.98,1
ORD-2023811,CUST-00225,2024-09-22,Central,Home Office,646.11,83.41,1
ORD-2023812,CUST-00301,2025-10-03,West,Consumer,275.2,104.53,1
ORD-2023813,CUST-00320,2024-11-23,South,Home Office,334.3,136.69,1
ORD-2023814,CUST-00498,2023-03-04,West,Consumer,598.25,123.1,1
ORD-2023815,CUST-00182,2025-01-13,East,Consumer,488.22,26.02,1
ORD-2023816,CUST-00651,2025-10-03,West,Corporate,719.9100000000001,185.82,3
ORD-2023817,CUST-00362,2025-06-26,South,Consumer,9376.32,2011.78,1
ORD-2023818,CUST-00577,2024-10-08,South,Consumer,2385.6,761.44,2
ORD-2023819,CUST-00066,2025-08-04,West,Corporate,355.65000000000003,98.94,2
ORD-2023820,CUST-00392,2025-08-26,East,Consumer,1145.92,31.85,1
ORD-2023821,CUST-00027,2023-09-26,West,Consumer,207.0,51.71,1
ORD-2023822,CUST-00553,2024-11-18,South,Consumer,7673.96,2311.06,1
ORD-2023823,CUST-00280,2023-01-12,East,Consumer,131.4,48.72,1
ORD-2023824,CUST-00766,2024-06-13,South,Home Office,58.8,-0.3,1
ORD-2023825,CUST-00266,2024-09-07,Central,Corporate,13655.880000000001,5009.77,2
ORD-2023826,CUST-00467,2025-07-01,East,Home Office,2157.47,-313.47,1
ORD-2023827,CUST-00211,2023-10-26,West,Corporate,1128.01,207.31,1
ORD-2023828,CUST-00507,2024-03-13,Central,Consumer,3923.26,663.28,3
ORD-2023829,CUST-00389,2024-10-02,South,Corporate,16114.91,5408.75,2
ORD-2023830,CUST-00303,2024-12-27,East,Consumer,1774.1,443.7,1
ORD-2023831,CUST-00170,2025-01-22,East,Consumer,2739.39,918.01,1
ORD-2023832,CUST-00091,2024-01-28,West,Corporate,10690.06,1709.62,1
ORD-2023833,CUST-00099,2025-07-11,Central,Consumer,288.18,93.76,1
ORD-2023834,CUST-00800,2023-06-23,West,Corporate,527.96,70.3,1
ORD-2023835,CUST-00341,2023-12-12,Central,Consumer,3960.44,1545.53,3
ORD-2023836,CUST-00001,2024-08-09,East,Consumer,720.45,275.91,1
ORD-2023837,CUST-00767,2024-11-08,Central,Corporate,599.55,45.66,1
ORD-2023838,CUST-00019,2024-02-21,South,Consumer,51.31,6.47,1
ORD-2023839,CUST-00347,2023-11-04,South,Consumer,2400.57,260.73,1
ORD-2023840,CUST-00587,2024-08-09,Central,Consumer,92.43,40.73,1
ORD-2023841,CUST-00734,2025-04-13,South,Corporate,9250.78,49.42,1
ORD-2023842,CUST-00582,2025-08-05,South,Corporate,256.88,45.26,1
ORD-2023843,CUST-00387,2024-10-04,East,Corporate,8993.81,3997.73,1
ORD-2023844,CUST-00785,2023-12-25,West,Consumer,856.5,379.76,1
ORD-2023845,CUST-00037,2025-06-10,South,Consumer,194.54,66.6,2
ORD-2023846,CUST-00793,2024-11-05,Central,Home Office,4312.71,554.85,2
ORD-2023847,CUST-00686,2024-02-09,South,Corporate,1378.87,297.49,1
ORD-2023848,CUST-00750,2025-03-18,East,Home Office,6012.37,1775.1,1
ORD-2023849,CUST-00211,2023-12-26,West,Corporate,244.57,89.72,1
ORD-2023850,CUST-00116,2024-12-08,Central,Consumer,537.71,-90.04,2
ORD-2023851,CUST-00541,2025-02-11,Central,Consumer,3035.2,836.05,1
ORD-2023852,CUST-00428,2024-03-25,South,Consumer,430.74,55.54,1
ORD-2023853,CUST-00433,2024-09-29,South,Consumer,1215.06,197.45999999999998,3
ORD-2023854,CUST-00745,2023-09-04,South,Consumer,735.46,195.94,1
ORD-2023855,CUST-00507,2025-06-07,Central,Consumer,1897.0,821.1,1
ORD-2023856,CUST-00257,2025-04-23,Central,Home Office,4455.06,1519.92,1
ORD-2023857,CUST-00330,2024-08-25,Central,Consumer,134.64,30.400000000000002,2
ORD-2023858,CUST-00108,2023-12-11,Central,Corporate,768.46,236.02,1
ORD-2023859,CUST-00158,2025-03-29,Central,Consumer,10380.4,216.05,1
ORD-2023860,CUST-00116,2024-11-28,Central,Consumer,159.0,41.31,1
ORD-2023861,CUST-00653,2024-08-10,East,Consumer,5611.320000000001,1722.0700000000002,2
ORD-2023862,CUST-00576,2025-04-23,West,Corporate,461.37,-55.32,1
ORD-2023863,CUST-00437,2024-12-01,Central,Corporate,755.65,203.87,1
ORD-2023864,CUST-00307,2024-01-25,West,Corporate,1708.3400000000001,200.51999999999998,2
ORD-2023865,CUST-00547,2025-11-21,West,Corporate,2091.44,709.28,1
ORD-2023866,CUST-00654,2024-02-27,South,Consumer,9807.56,1135.01,2
ORD-2023867,CUST-00706,2025-05-09,Central,Corporate,2318.9,810.3000000000001,2
ORD-2023868,CUST-00452,2025-04-13,South,Consumer,690.0,198.71,1
ORD-2023869,CUST-00661,2025-01-01,East,Home Office,2632.68,802.1,2
ORD-2023870,CUST-00425,2024-05-09,West,Corporate,3270.63,1389.54,1
ORD-2023871,CUST-00396,2024-05-21,South,Consumer,3421.17,1218.24,3
ORD-2023872,CUST-00695,2024-07-19,East,Corporate,287.19,125.85,1
ORD-2023873,CUST-00317,2023-12-04,Central,Corporate,17176.05,3680.83,2
ORD-2023874,CUST-00326,2025-05-08,East,Consumer,972.62,293.43,2
ORD-2023875,CUST-00254,2025-02-09,West,Consumer,239.53,6.53,1
ORD-2023876,CUST-00430,2025-10-11,Central,Consumer,216.07,39.77,2
ORD-2023877,CUST-00450,2024-07-15,West,Home Office,5927.87,2008.79,2
ORD-2023878,CUST-00537,2024-10-29,West,Home Office,703.04,215.14,1
ORD-2023879,CUST-00358,2024-09-21,South,Home Office,12812.18,3536.2799999999997,2
ORD-2023880,CUST-00181,2024-12-15,South,Consumer,141.93,59.58,1
ORD-2023881,CUST-00695,2025-09-02,East,Corporate,482.84000000000003,108.94,2
ORD-2023882,CUST-00283,2024-07-10,Central,Consumer,240.9,105.08,1
ORD-2023883,CUST-00743,2024-07-21,Central,Corporate,13628.15,2089.83,2
ORD-2023884,CUST-00175,2025-02-11,Central,Home Office,329.5,128.1,1
ORD-2023885,CUST-00462,2023-11-08,East,Corporate,1735.49,581.3199999999999,3
ORD-2023886,CUST-00441,2025-04-15,South,Consumer,9353.8,-1101.8,1
ORD-2023887,CUST-00667,2024-12-06,Central,Consumer,982.78,283.03,2
ORD-2023888,CUST-00111,2024-04-25,West,Consumer,14971.94,3586.3,3
ORD-2023889,CUST-00729,2025-04-19,West,Corporate,15427.789999999999,2564.5299999999997,2
ORD-2023890,CUST-00438,2024-07-23,South,Home Office,6737.73,1195.93,2
ORD-2023891,CUST-00486,2025-04-06,East,Consumer,4509.2,1634.6399999999999,2
ORD-2023892,CUST-00423,2025-02-19,South,Consumer,61.62,17.84,1
ORD-2023893,CUST-00036,2025-01-06,East,Consumer,5618.85,2000.72,2
ORD-2023894,CUST-00412,2025-09-08,East,Consumer,6975.89,1809.44,2
ORD-2023895,CUST-00215,2023-04-26,Central,Consumer,1504.04,86.85,1
ORD-2023896,CUST-00279,2025-06-04,East,Consumer,1324.4699999999998,471.11,2
ORD-2023897,CUST-00530,2024-06-02,South,Corporate,129.34,47.44,1
ORD-2023898,CUST-00412,2024-11-25,East,Consumer,2273.62,-161.74999999999997,3
ORD-2023899,CUST-00074,2024-02-10,East,Consumer,240.8,81.11,1
ORD-2023900,CUST-00061,2025-10-08,South,Corporate,11761.19,2538.75,2
ORD-2023901,CUST-00153,2024-07-23,South,Consumer,401.06,111.94,1
ORD-2023902,CUST-00156,2024-08-20,Central,Consumer,6662.860000000001,551.4399999999999,2
ORD-2023903,CUST-00502,2024-03-28,Central,Consumer,1599.8,620.83,1
ORD-2023904,CUST-00148,2025-09-24,East,Consumer,11418.44,1532.79,1
ORD-2023905,CUST-00707,2025-04-05,East,Consumer,65.91,-0.77,1
ORD-2023906,CUST-00177,2025-01-23,Central,Home Office,60.65,16.68,1
ORD-2023907,CUST-00071,2025-07-07,South,Consumer,864.54,341.0,1
ORD-2023908,CUST-00703,2023-10-04,East,Corporate,5892.6,1404.35,1
ORD-2023909,CUST-00242,2025-12-03,Central,Corporate,134.48,47.18,2
ORD-2023910,CUST-00353,2025-01-25,West,Consumer,1378.87,406.6,1
ORD-2023911,CUST-00770,2025-06-21,West,Consumer,522.86,181.97,1
ORD-2023912,CUST-00761,2024-05-30,East,Consumer,504.15999999999997,197.20999999999998,2
ORD-2023913,CUST-00583,2024-10-20,East,Corporate,674.07,144.74,1
ORD-2023914,CUST-00057,2025-05-31,Central,Home Office,112.72,41.18,1
ORD-2023915,CUST-00491,2024-06-21,South,Consumer,488.85,161.06,1
ORD-2023916,CUST-00794,2023-06-18,South,Home Office,706.8,119.72,2
ORD-2023917,CUST-00763,2024-08-26,South,Corporate,1119.86,298.54,1
ORD-2023918,CUST-00085,2024-01-31,Central,Consumer,2871.21,628.91,1
ORD-2023919,CUST-00326,2024-07-01,East,Consumer,156.43,-5.37,1
ORD-2023920,CUST-00260,2025-07-11,Central,Consumer,12707.86,3961.5699999999997,2
ORD-2023921,CUST-00105,2025-06-27,South,Consumer,903.9,31.09,1
ORD-2023922,CUST-00570,2025-07-10,Central,Consumer,1074.27,260.21,1
ORD-2023923,CUST-00222,2024-08-23,West,Consumer,12540.24,5066.12,2
ORD-2023924,CUST-00281,2025-10-12,West,Consumer,738.18,221.15,1
ORD-2023925,CUST-00071,2024-12-03,South,Consumer,1977.0,531.01,1
ORD-2023926,CUST-00412,2023-12-07,East,Consumer,720.45,191.97,1
ORD-2023927,CUST-00134,2025-06-11,Central,Corporate,915.8800000000001,120.38,2
ORD-2023928,CUST-00359,2024-07-14,East,Consumer,7437.820000000001,2672.95,2
ORD-2023929,CUST-00116,2025-10-18,Central,Consumer,1208.35,450.47,1
ORD-2023930,CUST-00768,2024-05-15,West,Consumer,14805.6,3997.83,1
ORD-2023931,CUST-00118,2024-12-19,East,Corporate,1468.1,543.6,2
ORD-2023932,CUST-00432,2025-10-30,Central,Corporate,4799.6900000000005,804.12,3
ORD-2023933,CUST-00164,2025-05-23,West,Corporate,5210.37,1684.18,1
ORD-2023934,CUST-00063,2025-04-17,West,Home Office,497.41,-9.89,1
ORD-2023935,CUST-00168,2025-03-11,East,Consumer,1798.16,298.13,2
ORD-2023936,CUST-00048,2025-08-28,South,Corporate,6564.64,1072.91,1
ORD-2023937,CUST-00112,2025-04-07,South,Corporate,2965.5,1265.79,1
ORD-2023938,CUST-00410,2025-04-15,East,Home Office,5538.3,1666.46,2
ORD-2023939,CUST-00532,2024-10-20,East,Consumer,15105.27,2689.13,2
ORD-2023940,CUST-00068,2025-04-01,West,Home Office,473.68,194.74,1
ORD-2023941,CUST-00364,2024-06-10,South,Consumer,34.4,5.64,1
ORD-2023942,CUST-00481,2025-01-05,West,Consumer,225.45,91.33,1
ORD-2023943,CUST-00193,2025-12-04,Central,Consumer,4765.9800000000005,1318.46,3
ORD-2023944,CUST-00304,2025-07-31,South,Home Office,840.24,361.66,1
ORD-2023945,CUST-00061,2024-11-25,South,Corporate,5175.17,1057.2,1
ORD-2023946,CUST-00182,2023-07-21,East,Consumer,6766.43,1583.43,1
ORD-2023947,CUST-00389,2025-04-08,South,Corporate,109.17,41.56,1
ORD-2023948,CUST-00794,2025-03-24,South,Home Office,2312.69,703.23,1
ORD-2023949,CUST-00797,2024-06-10,South,Consumer,714.2,109.02,1
ORD-2023950,CUST-00789,2025-05-15,Central,Consumer,5197.57,1006.94,1
ORD-2023951,CUST-00352,2025-03-20,East,Consumer,4181.4,1173.53,3
ORD-2023952,CUST-00066,2024-03-11,West,Corporate,439.4,114.46,1
ORD-2023953,CUST-00265,2024-04-20,South,Consumer,1157.39,332.01,1
ORD-2023954,CUST-00196,2023-10-13,East,Consumer,1120.32,201.6,1
ORD-2023955,CUST-00010,2024-10-08,East,Home Office,2606.99,776.9000000000001,2
ORD-2023956,CUST-00075,2024-11-12,Central,Consumer,2717.96,682.4,1
ORD-2023957,CUST-00378,2024-12-19,Central,Consumer,0.0,15.17,1
ORD-2023958,CUST-00277,2024-02-08,West,Home Office,3681.33,594.33,2
ORD-2023959,CUST-00148,2025-06-14,East,Consumer,2335.61,163.56,1
ORD-2023960,CUST-00585,2024-05-13,West,Consumer,4736.7,1100.31,1
ORD-2023961,CUST-00291,2024-12-25,South,Consumer,1138.2,390.42,1
ORD-2023962,CUST-00688,2023-12-10,Central,Corporate,225.83,65.47,1
ORD-2023963,CUST-00200,2025-10-21,South,Corporate,246.48,88.66,1
ORD-2023964,CUST-00441,2024-12-22,South,Consumer,9676.3,-411.53,1
ORD-2023965,CUST-00151,2024-03-09,South,Consumer,7303.54,2634.88,2
ORD-2023966,CUST-00412,2024-09-27,East,Consumer,1138.2,231.92,1
ORD-2023967,CUST-00132,2025-07-10,Central,Corporate,862.53,61.36,1
ORD-2023968,CUST-00136,2025-04-03,West,Consumer,20.12,8.77,1
ORD-2023969,CUST-00503,2025-04-24,South,Consumer,2116.01,412.16,2
ORD-2023970,CUST-00215,2024-07-17,Central,Consumer,3806.58,157.42,1
ORD-2023971,CUST-00144,2024-11-14,West,Home Office,305.85,92.06,2
ORD-2023972,CUST-00752,2025-06-08,East,Home Office,11320.02,-1118.9,2
ORD-2023973,CUST-00040,2023-12-22,Central,Corporate,405.65,149.42,2
ORD-2023974,CUST-00467,2025-03-01,East,Home Office,121.72,31.43,1
ORD-2023975,CUST-00452,2024-11-20,South,Consumer,6325.74,739.24,2
ORD-2023976,CUST-00206,2023-11-20,West,Corporate,3997.51,435.24,1
ORD-2023977,CUST-00377,2025-03-10,Central,Corporate,5217.35,875.9000000000001,3
ORD-2023978,CUST-00069,2024-07-25,East,Consumer,177.28,20.5,1
ORD-2023979,CUST-00592,2024-12-10,South,Corporate,3268.9,1354.4,1
ORD-2023980,CUST-00182,2024-05-25,East,Consumer,444.63,162.06,1
ORD-2023981,CUST-00159,2024-03-23,Central,Corporate,923.88,325.88,1
ORD-2023982,CUST-00259,2024-11-07,East,Corporate,4390.2,868.15,1
ORD-2023983,CUST-00722,2024-09-12,South,Consumer,19585.370000000003,4419.59,2
ORD-2023984,CUST-00646,2025-11-28,West,Consumer,593.19,56.89,1
ORD-2023985,CUST-00763,2024-03-21,South,Corporate,10293.26,3440.18,2
ORD-2023986,CUST-00532,2025-09-28,East,Consumer,319.96,53.93,1
ORD-2023987,CUST-00540,2024-11-03,East,Consumer,1552.63,483.48,2
ORD-2023988,CUST-00401,2024-05-30,South,Corporate,1599.8,590.31,1
ORD-2023989,CUST-00724,2025-09-13,East,Consumer,4320.33,971.33,2
ORD-2023990,CUST-00424,2024-05-09,Central,Corporate,1457.72,182.4,2
ORD-2023991,CUST-00291,2024-06-29,South,Consumer,1845.39,404.31,1
ORD-2023992,CUST-00525,2024-12-16,West,Consumer,189.74,68.14,1
ORD-2023993,CUST-00451,2024-03-28,South,Consumer,1646.3799999999999,303.93,2
ORD-2023994,CUST-00103,2024-01-18,South,Home Office,5210.37,868.91,1
ORD-2023995,CUST-00323,2025-02-12,Central,Consumer,1612.45,370.76,1
ORD-2023996,CUST-00258,2025-03-10,East,Consumer,133.43,45.52,1
ORD-2023997,CUST-00682,2025-02-14,East,Home Office,2800.8,469.99,1
ORD-2023998,CUST-00311,2023-04-14,Central,Home Office,13882.23,3646.4,1
ORD-2023999,CUST-00662,2025-09-06,Central,Corporate,559.93,46.58,1
ORD-2024000,CUST-00365,2024-04-11,East,Home Office,660.94,210.81,2
ORD-2024001,CUST-00614,2024-12-11,West,Home Office,800.83,175.29,1
ORD-2024002,CUST-00108,2025-03-23,Central,Corporate,3783.04,952.66,2
ORD-2024003,CUST-00745,2025-11-14,South,Consumer,4312.64,1451.12,1
ORD-2024004,CUST-00402,2025-06-23,South,Consumer,104.59,9.59,1
ORD-2024005,CUST-00213,2024-06-21,South,Home Office,20.86,4.45,1
ORD-2024006,CUST-00200,2023-08-14,South,Corporate,1821.93,511.7,1
ORD-2024007,CUST-00217,2024-08-20,East,Corporate,6740.7,1277.02,1
ORD-2024008,CUST-00301,2025-02-03,West,Consumer,159.98,31.18,1
ORD-2024009,CUST-00587,2025-05-15,Central,Consumer,6794.68,1887.77,2
ORD-2024010,CUST-00766,2025-01-13,South,Home Office,1759.78,692.48,1
ORD-2024011,CUST-00547,2024-12-21,West,Corporate,1626.44,481.64,2
ORD-2024012,CUST-00452,2025-06-18,South,Consumer,214.8,-86.8,1
ORD-2024013,CUST-00373,2024-01-09,West,Corporate,2025.2500000000002,675.04,3
ORD-2024014,CUST-00667,2025-03-17,Central,Consumer,3190.23,836.86,1
ORD-2024015,CUST-00686,2025-09-09,South,Corporate,1592.92,506.15,2
ORD-2024016,CUST-00239,2024-12-02,West,Corporate,473.68,120.47,1
ORD-2024017,CUST-00768,2025-11-03,West,Consumer,100.6,15.98,1
ORD-2024018,CUST-00326,2023-07-30,East,Consumer,5223.839999999999,1204.06,2
ORD-2024019,CUST-00648,2024-01-11,Central,Corporate,68.8,12.95,1
ORD-2024020,CUST-00775,2023-05-10,South,Consumer,8718.99,2017.0500000000002,2
ORD-2024021,CUST-00575,2025-05-28,East,Consumer,3035.2,913.78,1
ORD-2024022,CUST-00136,2024-10-22,West,Consumer,3472.03,1098.62,2
ORD-2024023,CUST-00486,2025-04-07,East,Consumer,8736.84,2396.31,1
ORD-2024024,CUST-00098,2024-12-31,Central,Corporate,4811.05,1491.76,2
ORD-2024025,CUST-00641,2024-06-28,Central,Consumer,71.55,24.6,1
ORD-2024026,CUST-00230,2025-07-28,East,Corporate,4659.95,836.1899999999999,2
ORD-2024027,CUST-00570,2025-01-01,Central,Consumer,80.69,35.49,1
ORD-2024028,CUST-00729,2025-06-26,West,Corporate,615.13,272.72,1
ORD-2024029,CUST-00148,2025-06-29,East,Consumer,1196.5,506.4,1
ORD-2024030,CUST-00323,2024-01-18,Central,Consumer,6904.07,1092.3899999999999,2
ORD-2024031,CUST-00529,2024-02-11,South,Corporate,1089.31,-61.48,1
ORD-2024032,CUST-00348,2025-07-28,South,Consumer,6186.84,1193.0,2
ORD-2024033,CUST-00146,2024-03-26,South,Consumer,523.94,98.04,1
ORD-2024034,CUST-00028,2024-10-30,South,Corporate,2821.18,780.62,1
ORD-2024035,CUST-00336,2025-05-08,South,Corporate,5448.59,-73.95999999999998,3
ORD-2024036,CUST-00530,2025-06-30,South,Corporate,7144.68,2566.86,2
ORD-2024037,CUST-00475,2023-07-19,Central,Corporate,332.57,83.52,2
ORD-2024038,CUST-00133,2025-03-26,East,Consumer,18.55,-0.17,1
ORD-2024039,CUST-00376,2025-08-26,East,Home Office,3625.58,1023.72,2
ORD-2024040,CUST-00302,2025-10-06,South,Consumer,1060.11,275.16,1
ORD-2024041,CUST-00223,2024-11-09,Central,Home Office,4094.34,-465.12,1
ORD-2024042,CUST-00598,2025-06-16,South,Consumer,29.56,10.28,1
ORD-2024043,CUST-00255,2024-12-24,Central,Home Office,1007.87,106.5,1
ORD-2024044,CUST-00444,2024-01-06,West,Consumer,113.4,29.27,1
ORD-2024045,CUST-00744,2025-08-20,West,Corporate,4997.95,18.239999999999995,2
ORD-2024046,CUST-00443,2025-05-12,East,Consumer,47.31,10.79,1
ORD-2024047,CUST-00507,2024-01-23,Central,Consumer,1063.41,361.66,1
ORD-2024048,CUST-00061,2025-10-06,South,Corporate,2481.29,963.72,1
ORD-2024049,CUST-00148,2025-07-13,East,Consumer,4251.17,1336.27,1
ORD-2024050,CUST-00078,2024-01-24,East,Corporate,1473.81,463.09000000000003,3
ORD-2024051,CUST-00621,2024-07-17,West,Home Office,68.8,27.96,1
ORD-2024052,CUST-00675,2023-05-03,Central,Home Office,216.14,-57.35,1
ORD-2024053,CUST-00153,2023-12-11,South,Consumer,5387.52,860.09,1
ORD-2024054,CUST-00182,2023-12-07,East,Consumer,2207.0,349.09,2
ORD-2024055,CUST-00265,2024-02-15,South,Consumer,16803.190000000002,6369.64,2
ORD-2024056,CUST-00490,2025-05-06,Central,Corporate,2106.3,401.24,1
ORD-2024057,CUST-00508,2024-06-02,East,Consumer,112.62,34.47,1
ORD-2024058,CUST-00562,2024-05-03,East,Consumer,2983.92,309.98,1
ORD-2024059,CUST-00724,2024-09-11,East,Consumer,34.4,15.38,1
ORD-2024060,CUST-00241,2024-05-21,East,Corporate,10043.15,2454.65,2
ORD-2024061,CUST-00536,2025-08-30,East,Consumer,5281.3099999999995,1318.46,2
ORD-2024062,CUST-00462,2025-06-06,East,Corporate,6029.54,-2317.19,1
ORD-2024063,CUST-00255,2025-04-20,Central,Home Office,2106.3,598.93,1
ORD-2024064,CUST-00727,2025-06-21,Central,Consumer,1440.9,297.35,1
ORD-2024065,CUST-00075,2024-12-26,Central,Consumer,185.76,64.13,1
ORD-2024066,CUST-00580,2024-08-29,East,Consumer,1065.87,396.65,1
ORD-2024067,CUST-00596,2023-04-16,South,Consumer,1863.68,222.72,1
ORD-2024068,CUST-00736,2024-11-27,Central,Consumer,2955.0,483.28999999999996,2
ORD-2024069,CUST-00430,2024-07-30,Central,Consumer,172.0,57.57,1
ORD-2024070,CUST-00263,2024-11-17,West,Consumer,256.95,41.58,1
ORD-2024071,CUST-00667,2023-11-01,Central,Consumer,887.59,390.99,1
ORD-2024072,CUST-00624,2025-10-29,West,Consumer,16.96,5.96,1
ORD-2024073,CUST-00414,2025-05-29,East,Corporate,9463.66,3075.4300000000003,2
ORD-2024074,CUST-00622,2023-10-17,West,Corporate,5502.86,1922.6499999999999,2
ORD-2024075,CUST-00219,2025-09-05,West,Consumer,1278.91,317.29,1
ORD-2024076,CUST-00488,2025-03-17,Central,Consumer,133.02,26.89,1
ORD-2024077,CUST-00695,2025-06-22,East,Corporate,4182.88,1073.62,1
ORD-2024078,CUST-00262,2025-06-10,East,Home Office,1194.26,105.61,1
ORD-2024079,CUST-00404,2025-06-09,South,Corporate,181.08,28.04,1
ORD-2024080,CUST-00766,2025-01-09,South,Home Office,7652.910000000001,3414.5800000000004,2
ORD-2024081,CUST-00647,2023-11-29,West,Consumer,682.7,137.52,2
ORD-2024082,CUST-00711,2024-06-26,Central,Consumer,4695.59,1454.3500000000001,2
ORD-2024083,CUST-00315,2023-12-03,East,Corporate,1995.96,539.345,2
ORD-2024084,CUST-00798,2024-10-10,West,Corporate,988.83,49.03,3
ORD-2024085,CUST-00132,2024-12-23,Central,Corporate,512.6,31.869999999999997,2
ORD-2024086,CUST-00430,2023-12-20,Central,Consumer,768.95,299.88,1
ORD-2024087,CUST-00401,2025-06-06,South,Corporate,1610.37,468.43,2
ORD-2024088,CUST-00647,2024-10-09,West,Consumer,2728.29,426.82000000000005,2
ORD-2024089,CUST-00727,2025-07-07,Central,Consumer,84.0,20.6,1
ORD-2024090,CUST-00599,2025-02-02,Central,Home Office,5729.6,1379.97,1
ORD-2024091,CUST-00510,2023-08-26,East,Consumer,3899.17,919.19,1
ORD-2024092,CUST-00356,2024-11-14,South,Consumer,7133.77,827.22,3
ORD-2024093,CUST-00423,2024-12-16,South,Consumer,941.3,228.09,1
ORD-2024094,CUST-00422,2023-09-11,Central,Corporate,1278.31,284.66,1
ORD-2024095,CUST-00019,2025-09-14,South,Consumer,197.1,39.07,1
ORD-2024096,CUST-00418,2025-03-26,East,Consumer,1639.74,547.18,1
ORD-2024097,CUST-00691,2023-10-07,South,Consumer,3079.59,837.08,1
ORD-2024098,CUST-00578,2025-03-12,Central,Consumer,5375.72,881.44,1
ORD-2024099,CUST-00646,2024-11-21,West,Consumer,829.01,297.8,1
ORD-2024100,CUST-00320,2023-10-14,South,Home Office,2834.66,29.04,1
ORD-2024101,CUST-00436,2024-12-26,East,Corporate,291.21,77.53,1
ORD-2024102,CUST-00034,2025-04-04,Central,Corporate,592.15,209.38,1
ORD-2024103,CUST-00312,2024-11-24,Central,Corporate,449.14,135.12,2
ORD-2024104,CUST-00396,2025-07-17,South,Consumer,1419.28,286.76,1
ORD-2024105,CUST-00211,2025-08-04,West,Corporate,2525.4,626.71,1
ORD-2024106,CUST-00030,2023-12-22,West,Corporate,5647.839999999999,1506.02,2
ORD-2024107,CUST-00565,2023-04-24,South,Home Office,5208.27,1004.89,1
ORD-2024108,CUST-00360,2024-04-01,Central,Consumer,806.1099999999999,193.99,2
ORD-2024109,CUST-00345,2024-04-28,South,Consumer,2409.15,431.99,2
ORD-2024110,CUST-00206,2024-12-23,West,Corporate,999.73,-125.61,2
ORD-2024111,CUST-00441,2024-05-16,South,Consumer,161.38,29.56,1
ORD-2024112,CUST-00363,2024-12-09,East,Consumer,379.65,90.94,2
ORD-2024113,CUST-00396,2024-11-29,South,Consumer,8464.380000000001,565.3000000000001,2
ORD-2024114,CUST-00480,2024-11-02,East,Corporate,5292.780000000001,2187.56,2
ORD-2024115,CUST-00003,2024-05-06,Central,Corporate,2194.25,-159.88,1
ORD-2024116,CUST-00727,2024-07-09,Central,Consumer,513.76,211.08,1
ORD-2024117,CUST-00060,2025-06-16,Central,Corporate,18243.22,5141.79,2
ORD-2024118,CUST-00377,2025-07-12,Central,Corporate,3007.96,-428.62,1
ORD-2024119,CUST-00175,2023-11-29,Central,Home Office,212.0,86.05,1
ORD-2024120,CUST-00433,2025-07-29,South,Consumer,1214.62,233.21,1
ORD-2024121,CUST-00229,2024-10-04,Central,Corporate,117.79,31.64,1
ORD-2024122,CUST-00693,2024-09-02,South,Consumer,61.86,4.7,1
ORD-2024123,CUST-00326,2024-07-17,East,Consumer,403.45,124.31,1
ORD-2024124,CUST-00525,2024-12-25,West,Consumer,9300.55,2397.5499999999997,2
ORD-2024125,CUST-00203,2024-11-06,West,Home Office,52.14,21.86,1
ORD-2024126,CUST-00018,2025-07-04,East,Corporate,3404.1,1174.78,1
ORD-2024127,CUST-00333,2023-06-08,West,Consumer,1985.03,-216.57,1
ORD-2024128,CUST-00441,2025-10-28,South,Consumer,13363.42,1347.1,1
ORD-2024129,CUST-00384,2024-12-15,East,Corporate,5671.200000000001,1227.1799999999998,2
ORD-2024130,CUST-00772,2025-03-16,South,Corporate,5167.39,-79.26999999999998,2
ORD-2024131,CUST-00577,2024-11-23,South,Consumer,5467.86,795.35,2
ORD-2024132,CUST-00797,2025-11-26,South,Consumer,2871.9,1122.5,1
ORD-2024133,CUST-00241,2023-10-25,East,Corporate,1152.72,220.51,1
ORD-2024134,CUST-00640,2024-05-08,South,Consumer,2973.3,1080.5,1
ORD-2024135,CUST-00459,2024-12-16,South,Consumer,9350.49,1605.21,3
ORD-2024136,CUST-00503,2024-11-23,South,Consumer,4129.08,947.23,2
ORD-2024137,CUST-00792,2025-05-18,West,Consumer,586.63,79.45,2
ORD-2024138,CUST-00534,2024-08-30,West,Corporate,899.6899999999999,132.54999999999998,2
ORD-2024139,CUST-00718,2025-04-14,West,Corporate,5334.52,1750.06,2
ORD-2024140,CUST-00595,2024-12-15,West,Home Office,2673.04,734.64,1
ORD-2024141,CUST-00104,2024-11-05,East,Consumer,481.39,21.79,1
ORD-2024142,CUST-00572,2024-05-08,West,Consumer,236.37,-0.08999999999999986,2
ORD-2024143,CUST-00404,2025-08-31,South,Corporate,1053.65,102.33,1
ORD-2024144,CUST-00739,2025-08-13,Central,Consumer,843.28,261.82,1
ORD-2024145,CUST-00651,2025-12-26,West,Corporate,4890.93,2167.43,1
ORD-2024146,CUST-00083,2025-04-15,East,Corporate,2123.28,854.37,1
ORD-2024147,CUST-00108,2025-05-23,Central,Corporate,911.52,206.23,1
ORD-2024148,CUST-00057,2024-05-28,Central,Home Office,3301.9300000000003,-500.97999999999996,2
ORD-2024149,CUST-00410,2025-06-10,East,Home Office,3512.16,784.74,1
ORD-2024150,CUST-00066,2024-08-15,West,Corporate,27868.7,7906.349999999999,3
ORD-2024151,CUST-00593,2024-08-09,East,Corporate,4629.58,1138.15,1
ORD-2024152,CUST-00455,2025-09-20,Central,Consumer,3567.96,1195.43,2
ORD-2024153,CUST-00675,2023-11-27,Central,Home Office,256.88,56.1,1
ORD-2024154,CUST-00228,2025-12-14,Central,Consumer,9866.52,2059.24,1
ORD-2024155,CUST-00430,2025-02-20,Central,Consumer,3582.26,304.20000000000005,2
ORD-2024156,CUST-00095,2025-10-13,South,Corporate,1511.74,155.42,1
ORD-2024157,CUST-00710,2023-08-26,West,Consumer,631.09,142.19,2
ORD-2024158,CUST-00146,2024-10-13,South,Consumer,13952.41,4526.61,2
ORD-2024159,CUST-00081,2025-02-13,South,Consumer,9282.619999999999,3421.51,2
ORD-2024160,CUST-00171,2024-10-05,East,Consumer,8849.800000000001,1508.3400000000001,2
ORD-2024161,CUST-00651,2025-10-04,West,Corporate,237.24,18.28,1
ORD-2024162,CUST-00085,2024-07-07,Central,Consumer,4671.18,686.12,1
ORD-2024163,CUST-00504,2024-03-11,South,Consumer,513.9,129.64,1
ORD-2024164,CUST-00609,2025-02-22,South,Corporate,495.29999999999995,169.31,2
ORD-2024165,CUST-00612,2024-08-24,West,Corporate,157.68,24.38,1
ORD-2024166,CUST-00156,2025-10-25,Central,Consumer,116.21,19.85,1
ORD-2024167,CUST-00053,2024-04-16,West,Corporate,13879.21,1581.7800000000002,3
ORD-2024168,CUST-00373,2024-08-02,West,Corporate,800.19,57.08,1
ORD-2024169,CUST-00168,2024-11-20,East,Consumer,775.41,64.28,1
ORD-2024170,CUST-00572,2025-07-11,West,Consumer,708.94,163.47,1
ORD-2024171,CUST-00291,2025-08-07,South,Consumer,10057.32,2005.44,3
ORD-2024172,CUST-00375,2023-12-11,South,Consumer,9546.13,2202.2200000000003,2
ORD-2024173,CUST-00092,2025-02-22,South,Corporate,833.57,281.79,1
ORD-2024174,CUST-00469,2025-06-08,East,Consumer,6441.160000000001,2228.91,2
ORD-2024175,CUST-00153,2025-11-27,South,Consumer,842.04,192.25,1
ORD-2024176,CUST-00554,2024-06-03,West,Consumer,941.4,204.21,1
ORD-2024177,CUST-00060,2024-09-11,Central,Corporate,3669.5699999999997,907.6800000000001,2
ORD-2024178,CUST-00786,2024-02-12,Central,Corporate,1904.54,271.83,1
ORD-2024179,CUST-00560,2025-04-04,South,Consumer,3666.86,-96.52,2
ORD-2024180,CUST-00149,2025-12-02,South,Corporate,80.48,21.04,1
ORD-2024181,CUST-00010,2024-09-07,East,Home Office,938.75,115.24,2
ORD-2024182,CUST-00274,2023-06-09,South,Corporate,8457.94,1836.82,2
ORD-2024183,CUST-00132,2025-08-27,Central,Corporate,1545.63,494.71,3
ORD-2024184,CUST-00182,2024-04-27,East,Consumer,635.3,58.97,2
ORD-2024185,CUST-00700,2025-05-30,East,Consumer,5519.24,604.64,2
ORD-2024186,CUST-00497,2025-10-23,East,Consumer,5235.3,1746.45,1
ORD-2024187,CUST-00146,2025-09-19,South,Consumer,7337.68,1960.6499999999999,3
ORD-2024188,CUST-00461,2025-04-10,Central,Corporate,1296.81,294.13,1
ORD-2024189,CUST-00211,2025-08-07,West,Corporate,80.69,18.42,1
ORD-2024190,CUST-00787,2025-08-20,East,Consumer,9800.83,3225.21,2
ORD-2024191,CUST-00032,2025-06-07,East,Corporate,947.34,309.51,1
ORD-2024192,CUST-00599,2024-06-09,Central,Home Office,935.6,222.15,1
ORD-2024193,CUST-00624,2025-02-04,West,Consumer,1408.04,594.79,2
ORD-2024194,CUST-00057,2024-12-22,Central,Home Office,2356.47,848.4200000000001,2
ORD-2024195,CUST-00143,2024-10-14,West,Corporate,3321.91,562.14,2
ORD-2024196,CUST-00314,2024-08-03,West,Home Office,1284.4,569.85,1
ORD-2024197,CUST-00697,2024-08-02,Central,Consumer,1065.87,420.34,1
ORD-2024198,CUST-00441,2025-03-19,South,Consumer,2080.02,616.36,2
ORD-2024199,CUST-00535,2024-11-02,Central,Corporate,30.81,6.86,1
ORD-2024200,CUST-00634,2025-02-14,West,Home Office,8986.32,3486.18,1
ORD-2024201,CUST-00667,2024-04-25,Central,Consumer,252.44,31.689999999999998,2
ORD-2024202,CUST-00396,2025-02-02,South,Consumer,233.2,38.45,1
ORD-2024203,CUST-00421,2024-12-22,South,Consumer,3902.39,-735.8,2
ORD-2024204,CUST-00588,2024-01-29,East,Consumer,13833.83,3773.4,2
ORD-2024205,CUST-00215,2024-12-29,Central,Consumer,19515.1,6202.66,1
ORD-2024206,CUST-00691,2025-05-04,South,Consumer,2393.95,614.44,2
ORD-2024207,CUST-00019,2025-11-28,South,Consumer,6424.15,992.83,1
ORD-2024208,CUST-00163,2024-03-20,West,Corporate,273.76,23.44,1
ORD-2024209,CUST-00648,2025-08-06,Central,Corporate,1271.16,334.635,1
ORD-2024210,CUST-00278,2024-07-03,South,Consumer,3601.5,917.72,1
ORD-2024211,CUST-00126,2025-08-15,Central,Consumer,3031.1400000000003,1242.97,2
ORD-2024212,CUST-00154,2024-04-21,West,Home Office,4658.120000000001,1699.89,2
ORD-2024213,CUST-00437,2023-11-28,Central,Corporate,844.3000000000001,336.16,2
ORD-2024214,CUST-00682,2025-05-14,East,Home Office,804.13,-64.15,1
ORD-2024215,CUST-00059,2025-05-22,Central,Corporate,842.04,276.78,1
ORD-2024216,CUST-00029,2024-09-10,Central,Consumer,7066.35,-440.78,2
ORD-2024217,CUST-00387,2025-03-04,East,Corporate,138.08,-19.49,1
ORD-2024218,CUST-00769,2023-07-04,East,Corporate,4149.4400000000005,1253.8400000000001,3
ORD-2024219,CUST-00227,2024-06-04,South,Corporate,896.17,348.07,1
ORD-2024220,CUST-00770,2023-02-25,West,Consumer,1417.88,543.94,1
ORD-2024221,CUST-00711,2024-08-09,Central,Consumer,7185.71,1870.48,1
ORD-2024222,CUST-00232,2024-08-10,South,Corporate,3275.53,516.0,2
ORD-2024223,CUST-00657,2024-12-08,South,Home Office,5004.719999999999,772.01,3
ORD-2024224,CUST-00561,2025-05-09,Central,Consumer,439.02,163.14,1
ORD-2024225,CUST-00425,2024-08-22,West,Corporate,668.6,155.48,1
ORD-2024226,CUST-00352,2024-11-02,East,Consumer,1778.0,361.58,1
ORD-2024227,CUST-00656,2025-02-12,Central,Corporate,1248.79,-94.66,1
ORD-2024228,CUST-00644,2023-12-06,West,Corporate,10949.880000000001,2204.04,3
ORD-2024229,CUST-00618,2024-10-16,West,Corporate,4239.02,348.73999999999995,2
ORD-2024230,CUST-00799,2024-12-07,West,Consumer,153.3,11.54,1
ORD-2024231,CUST-00400,2023-12-27,West,Corporate,7852.95,1767.85,1
ORD-2024232,CUST-00651,2024-03-02,West,Corporate,9770.119999999999,2365.07,2
ORD-2024233,CUST-00694,2025-10-28,South,Consumer,588.02,60.48,2
ORD-2024234,CUST-00178,2025-06-22,East,Corporate,4173.12,809.41,3
ORD-2024235,CUST-00039,2024-08-25,West,Corporate,4157.29,831.35,1
ORD-2024236,CUST-00333,2025-04-30,West,Consumer,230.98,73.05,1
ORD-2024237,CUST-00691,2025-02-12,South,Consumer,214.8,96.53,1
ORD-2024238,CUST-00235,2025-09-24,West,Consumer,76.65,24.74,1
ORD-2024239,CUST-00573,2025-05-24,West,Consumer,329.55,-127.94,1
ORD-2024240,CUST-00004,2025-07-10,West,Consumer,3628.61,851.49,1
ORD-2024241,CUST-00291,2024-11-10,South,Consumer,1333.5,412.85,1
ORD-2024242,CUST-00504,2024-12-22,South,Consumer,4703.76,-2891.87,1
ORD-2024243,CUST-00105,2023-10-02,South,Consumer,11877.84,1017.16,1
ORD-2024244,CUST-00718,2024-11-01,West,Corporate,8266.75,1387.84,3
ORD-2024245,CUST-00133,2024-12-14,East,Consumer,755.65,204.23,1
ORD-2024246,CUST-00729,2024-04-20,West,Corporate,1075.47,469.07,1
ORD-2024247,CUST-00180,2024-12-09,Central,Consumer,507.85,163.1,2
ORD-2024248,CUST-00796,2023-10-17,West,Consumer,0.0,136.16,1
ORD-2024249,CUST-00499,2025-01-23,South,Consumer,5392.56,1485.98,1
ORD-2024250,CUST-00068,2023-11-15,West,Home Office,106.0,31.13,1
ORD-2024251,CUST-00056,2024-12-24,East,Consumer,5241.51,1937.04,2
ORD-2024252,CUST-00061,2024-09-07,South,Corporate,280.68,62.74,1
ORD-2024253,CUST-00488,2024-10-25,Central,Consumer,1894.68,720.48,1
ORD-2024254,CUST-00653,2025-04-22,East,Consumer,1179.6,239.03,1
ORD-2024255,CUST-00333,2025-05-31,West,Consumer,256.95,46.21,1
ORD-2024256,CUST-00368,2023-11-15,West,Consumer,1120.32,444.26,1
ORD-2024257,CUST-00488,2025-03-30,Central,Consumer,4233.38,-878.24,2
ORD-2024258,CUST-00439,2025-05-14,East,Consumer,4634.849999999999,1119.53,2
ORD-2024259,CUST-00563,2024-10-06,West,Consumer,1062.32,-161.29,1
ORD-2024260,CUST-00394,2025-06-29,Central,Consumer,2272.86,515.64,1
ORD-2024261,CUST-00582,2025-07-30,South,Corporate,8167.61,3292.18,1
ORD-2024262,CUST-00799,2025-03-20,West,Consumer,8418.0,2840.7,1
ORD-2024263,CUST-00287,2023-07-11,East,Consumer,2838.3,1208.49,2
ORD-2024264,CUST-00007,2025-08-06,East,Consumer,4393.639999999999,-889.7900000000001,2
ORD-2024265,CUST-00104,2025-10-15,East,Consumer,1456.92,-7.41,1
ORD-2024266,CUST-00457,2024-12-06,East,Corporate,5378.56,1818.3300000000002,2
ORD-2024267,CUST-00280,2025-09-10,East,Consumer,549.25,154.8,1
ORD-2024268,CUST-00758,2024-09-23,West,Consumer,594.66,140.14,1
ORD-2024269,CUST-00511,2025-06-30,South,Corporate,96.85,8.15,1
ORD-2024270,CUST-00431,2025-04-30,East,Corporate,1943.39,706.15,1
ORD-2024271,CUST-00647,2023-12-31,West,Consumer,9010.27,2932.4,2
ORD-2024272,CUST-00212,2024-10-20,Central,Corporate,811.66,-22.0,1
ORD-2024273,CUST-00661,2024-10-14,East,Home Office,2854.94,735.09,1
ORD-2024274,CUST-00002,2025-04-01,South,Home Office,3075.65,900.43,1
ORD-2024275,CUST-00507,2024-01-19,Central,Consumer,10596.560000000001,4603.15,3
ORD-2024276,CUST-00755,2025-03-28,Central,Consumer,230.96,57.14,2
ORD-2024277,CUST-00639,2024-10-12,South,Consumer,1422.82,-2.64,1
ORD-2024278,CUST-00691,2025-11-14,South,Consumer,758.8,204.58,1
ORD-2024279,CUST-00326,2025-06-15,East,Consumer,5627.7300000000005,1635.71,2
ORD-2024280,CUST-00665,2023-08-17,Central,Consumer,248.7,-14.8,1
ORD-2024281,CUST-00454,2024-11-16,East,Home Office,7023.01,3025.98,2
ORD-2024282,CUST-00507,2025-10-20,Central,Consumer,9082.85,1762.09,1
ORD-2024283,CUST-00051,2025-09-11,South,Consumer,1756.08,488.69,1
ORD-2024284,CUST-00167,2025-03-17,West,Corporate,14545.62,3607.34,2
ORD-2024285,CUST-00454,2024-06-30,East,Home Office,3303.97,503.49000000000007,2
ORD-2024286,CUST-00051,2024-12-22,South,Consumer,823.0699999999999,165.88,2
ORD-2024287,CUST-00604,2024-09-09,East,Consumer,1296.81,447.12,1
ORD-2024288,CUST-00678,2024-07-12,East,Consumer,10265.3,2448.66,1
ORD-2024289,CUST-00742,2025-05-23,South,Corporate,1129.68,346.14,1
ORD-2024290,CUST-00079,2024-06-30,Central,Corporate,310.56,55.71,1
ORD-2024291,CUST-00758,2024-11-23,West,Consumer,12845.74,2974.19,1
ORD-2024292,CUST-00057,2025-06-04,Central,Home Office,4785.93,-517.6899999999999,2
ORD-2024293,CUST-00396,2025-04-18,South,Consumer,10781.6,4297.95,1
ORD-2024294,CUST-00678,2024-10-02,East,Consumer,3117.91,724.91,2
ORD-2024295,CUST-00058,2024-11-17,East,Consumer,308.1,69.58,1
ORD-2024296,CUST-00016,2025-01-20,South,Consumer,2717.96,1116.9,1
ORD-2024297,CUST-00025,2024-05-14,South,Corporate,1008.63,349.47,1
ORD-2024298,CUST-00425,2024-09-30,West,Corporate,4660.92,1645.14,1
ORD-2024299,CUST-00654,2023-11-29,South,Consumer,2910.44,594.1800000000001,2
ORD-2024300,CUST-00104,2024-08-20,East,Consumer,900.88,91.53,2
ORD-2024301,CUST-00103,2025-01-25,South,Home Office,1096.28,439.06,1
ORD-2024302,CUST-00471,2024-11-12,Central,Corporate,6219.61,1155.24,3
ORD-2024303,CUST-00193,2024-11-02,Central,Consumer,3620.87,767.42,3
ORD-2024304,CUST-00599,2024-03-11,Central,Home Office,1658.7,469.08,2
ORD-2024305,CUST-00766,2025-02-28,South,Home Office,53.21,10.66,1
ORD-2024306,CUST-00622,2024-12-02,West,Corporate,626.62,116.06,1
ORD-2024307,CUST-00704,2024-10-13,East,Corporate,301.3,44.2,1
ORD-2024308,CUST-00431,2025-02-28,East,Corporate,7766.72,2058.62,2
ORD-2024309,CUST-00671,2024-06-15,South,Home Office,1845.39,321.43,1
ORD-2024310,CUST-00149,2024-03-29,South,Corporate,852.62,-27.27,1
ORD-2024311,CUST-00057,2025-10-12,Central,Home Office,3370.35,1297.14,1
ORD-2024312,CUST-00535,2024-02-01,Central,Corporate,2262.2799999999997,628.8399999999999,2
ORD-2024313,CUST-00045,2024-11-11,East,Consumer,1194.42,370.17,1
ORD-2024314,CUST-00715,2023-08-12,South,Home Office,586.62,226.14,1
ORD-2024315,CUST-00566,2025-04-09,East,Consumer,2943.57,775.81,1
ORD-2024316,CUST-00766,2023-12-26,South,Home Office,1264.8400000000001,300.9,2
ORD-2024317,CUST-00258,2024-12-24,East,Consumer,2731.68,685.93,1
ORD-2024318,CUST-00405,2024-11-22,West,Consumer,326.89,72.46,1
ORD-2024319,CUST-00604,2024-11-09,East,Consumer,316.23,94.84,1
ORD-2024320,CUST-00202,2025-01-18,South,Corporate,11844.48,1971.86,1
ORD-2024321,CUST-00446,2024-04-20,Central,Home Office,933.3299999999999,142.49,2
ORD-2024322,CUST-00537,2025-07-16,West,Home Office,2695.9,674.13,1
ORD-2024323,CUST-00789,2025-08-19,Central,Consumer,169.08,75.73,1
ORD-2024324,CUST-00608,2024-11-06,Central,Consumer,697.26,305.33,1
ORD-2024325,CUST-00096,2024-12-07,West,Consumer,2842.02,893.22,1
ORD-2024326,CUST-00396,2024-04-14,South,Consumer,8628.82,1978.01,2
ORD-2024327,CUST-00488,2025-01-31,Central,Consumer,25223.18,6449.35,2
ORD-2024328,CUST-00121,2025-07-15,West,Home Office,3867.37,1352.09,1
ORD-2024329,CUST-00359,2025-10-30,East,Consumer,55.65,1.93,1
ORD-2024330,CUST-00233,2024-11-08,East,Consumer,19250.32,5017.74,3
ORD-2024331,CUST-00098,2023-10-27,Central,Corporate,1674.8600000000001,531.56,2
ORD-2024332,CUST-00425,2024-10-12,West,Corporate,837.55,366.45,1
ORD-2024333,CUST-00140,2024-11-21,West,Corporate,4752.06,462.12,1
ORD-2024334,CUST-00489,2024-05-13,South,Consumer,1417.88,601.8,1
ORD-2024335,CUST-00142,2025-01-21,East,Corporate,195.54,68.24,1
ORD-2024336,CUST-00593,2024-11-29,East,Corporate,1037.45,87.65,1
ORD-2024337,CUST-00162,2025-05-03,Central,Consumer,845.25,254.76999999999998,2
ORD-2024338,CUST-00718,2024-10-20,West,Corporate,224.06,28.32,1
ORD-2024339,CUST-00026,2024-05-28,Central,Corporate,4324.23,891.88,2
ORD-2024340,CUST-00432,2025-07-28,Central,Corporate,364.01,63.87,1
ORD-2024341,CUST-00262,2024-12-25,East,Home Office,5224.4,1883.18,1
ORD-2024342,CUST-00184,2023-12-19,Central,Consumer,480.11,47.28,1
ORD-2024343,CUST-00394,2025-11-17,Central,Consumer,1157.39,76.7,1
ORD-2024344,CUST-00680,2024-02-06,South,Consumer,2477.88,1036.61,2
ORD-2024345,CUST-00736,2025-06-06,Central,Consumer,281.8,116.42,1
ORD-2024346,CUST-00252,2025-04-24,West,Home Office,1159.51,274.43,1
ORD-2024347,CUST-00133,2024-05-01,East,Consumer,13788.7,2513.32,1
ORD-2024348,CUST-00591,2024-02-09,South,Corporate,710.58,148.0,1
ORD-2024349,CUST-00482,2025-09-08,South,Corporate,9480.140000000001,1786.23,2
ORD-2024350,CUST-00167,2025-04-17,West,Corporate,162.58,64.71,1
ORD-2024351,CUST-00619,2024-02-09,East,Consumer,1205.2,364.13,1
ORD-2024352,CUST-00430,2023-12-17,Central,Consumer,240.9,45.71,1
ORD-2024353,CUST-00533,2023-12-11,East,Consumer,517.13,96.57000000000001,2
ORD-2024354,CUST-00293,2025-01-07,South,Consumer,1374.12,227.54,2
ORD-2024355,CUST-00364,2025-03-19,South,Consumer,575.93,-161.5,1
ORD-2024356,CUST-00148,2024-12-30,East,Consumer,813.47,24.91,1
ORD-2024357,CUST-00618,2024-12-23,West,Corporate,5374.89,329.01,1
ORD-2024358,CUST-00133,2024-11-28,East,Consumer,8078.610000000001,1922.68,2
ORD-2024359,CUST-00631,2024-05-11,Central,Corporate,589.76,146.1,1
ORD-2024360,CUST-00647,2025-08-03,West,Consumer,5709.87,864.76,1
ORD-2024361,CUST-00610,2025-06-18,South,Consumer,1861.4699999999998,544.47,2
ORD-2024362,CUST-00018,2023-11-11,East,Corporate,1248.79,-107.04,1
ORD-2024363,CUST-00221,2025-05-01,East,Corporate,45.09,17.84,1
ORD-2024364,CUST-00391,2024-09-26,Central,Consumer,116.21,23.98,1
ORD-2024365,CUST-00491,2023-08-15,South,Consumer,6073.1,1532.45,1
ORD-2024366,CUST-00740,2025-09-12,South,Corporate,770.85,181.27,1
ORD-2024367,CUST-00309,2025-11-22,West,Consumer,5924.48,1824.28,2
ORD-2024368,CUST-00702,2024-08-28,Central,Consumer,8522.6,1496.0,2
ORD-2024369,CUST-00138,2025-07-05,East,Consumer,1044.88,166.84,1
ORD-2024370,CUST-00303,2024-12-08,East,Consumer,1129.99,246.63,2
ORD-2024371,CUST-00045,2024-04-11,East,Consumer,12040.6,2659.23,3
ORD-2024372,CUST-00605,2025-08-19,South,Corporate,10278.64,3735.71,1
ORD-2024373,CUST-00128,2024-08-30,South,Home Office,355.26,64.14,1
ORD-2024374,CUST-00211,2025-05-19,West,Corporate,2520.11,721.25,2
ORD-2024375,CUST-00626,2024-07-24,East,Consumer,4297.08,744.41,1
ORD-2024376,CUST-00441,2024-10-29,South,Consumer,98.63,-67.22,1
ORD-2024377,CUST-00010,2024-04-28,East,Home Office,603.79,-369.16,1
ORD-2024378,CUST-00001,2024-11-09,East,Consumer,552.0,143.13,1
ORD-2024379,CUST-00423,2025-07-12,South,Consumer,3305.4,-123.29,2
ORD-2024380,CUST-00254,2024-12-14,West,Consumer,942.15,246.4,1
ORD-2024381,CUST-00148,2024-06-11,East,Consumer,2053.06,590.71,1
ORD-2024382,CUST-00504,2023-04-02,South,Consumer,4660.92,1872.6,1
ORD-2024383,CUST-00187,2025-06-10,East,Consumer,6906.56,827.81,1
ORD-2024384,CUST-00491,2024-04-12,South,Consumer,1780.77,675.48,2
ORD-2024385,CUST-00311,2025-05-05,Central,Home Office,3292.44,1346.18,2
ORD-2024386,CUST-00154,2025-03-29,West,Home Office,5616.8,2012.85,1
ORD-2024387,CUST-00111,2024-02-19,West,Consumer,492.1,68.64,1
ORD-2024388,CUST-00196,2025-09-22,East,Consumer,4437.79,731.16,2
ORD-2024389,CUST-00029,2023-09-11,Central,Consumer,52.35,3.9,1
ORD-2024390,CUST-00255,2025-03-17,Central,Home Office,6808.2,2805.0,1
ORD-2024391,CUST-00722,2024-08-09,South,Consumer,5866.42,642.0999999999999,3
ORD-2024392,CUST-00671,2023-05-20,South,Home Office,1297.47,-16.18,1
ORD-2024393,CUST-00304,2024-06-20,South,Home Office,108.65,10.65,1
ORD-2024394,CUST-00478,2024-10-28,East,Consumer,395.46,116.75,1
ORD-2024395,CUST-00469,2024-10-02,East,Consumer,7550.86,932.17,1
ORD-2024396,CUST-00667,2025-07-18,Central,Consumer,3074.15,707.83,1
ORD-2024397,CUST-00195,2023-11-15,South,Consumer,2969.4,758.3,2
ORD-2024398,CUST-00243,2024-11-28,East,Consumer,1426.49,205.43,1
ORD-2024399,CUST-00251,2024-12-21,East,Consumer,3403.41,490.21,3
ORD-2024400,CUST-00039,2025-09-22,West,Corporate,2401.29,909.89,2
ORD-2024401,CUST-00259,2024-04-01,East,Corporate,1599.8,345.35,1
ORD-2024402,CUST-00704,2023-05-15,East,Corporate,402.62,68.75,1
ORD-2024403,CUST-00730,2024-12-21,Central,Home Office,1456.92,91.18,1
ORD-2024404,CUST-00089,2025-06-17,South,Corporate,52.14,19.06,1
ORD-2024405,CUST-00381,2025-09-15,East,Consumer,5050.8,1528.23,1
ORD-2024406,CUST-00311,2025-03-25,Central,Home Office,423.72,71.73,1
ORD-2024407,CUST-00409,2024-11-11,South,Consumer,9191.38,2785.5,1
ORD-2024408,CUST-00457,2025-09-30,East,Corporate,2723.28,1015.96,1
ORD-2024409,CUST-00019,2025-11-02,South,Consumer,1336.26,199.19,1
ORD-2024410,CUST-00680,2023-12-07,South,Consumer,1180.82,468.26,2
ORD-2024411,CUST-00784,2025-07-25,East,Consumer,10271.27,2750.62,2
ORD-2024412,CUST-00533,2025-04-29,East,Consumer,1634.45,480.02,1
ORD-2024413,CUST-00537,2024-06-21,West,Home Office,2326.24,682.16,1
ORD-2024414,CUST-00436,2025-05-26,East,Corporate,236.86,48.51,1
ORD-2024415,CUST-00274,2023-03-30,South,Corporate,15703.41,3972.13,2
ORD-2024416,CUST-00125,2024-03-02,South,Consumer,495.99,113.85,1
ORD-2024417,CUST-00485,2023-06-07,West,Consumer,312.86,73.91,1
ORD-2024418,CUST-00042,2024-11-18,South,Consumer,340.63,80.08,1
ORD-2024419,CUST-00666,2024-10-20,Central,Home Office,677.62,130.07,2
ORD-2024420,CUST-00348,2025-03-31,South,Consumer,331.6,59.73,1
ORD-2024421,CUST-00344,2025-05-21,Central,Consumer,2871.21,377.82,1
ORD-2024422,CUST-00269,2024-02-03,Central,Consumer,5746.84,2433.5,1
ORD-2024423,CUST-00778,2025-01-26,East,Consumer,225.45,86.83,1
ORD-2024424,CUST-00146,2025-06-26,South,Consumer,4714.08,451.82,1
ORD-2024425,CUST-00130,2025-06-21,Central,Consumer,2276.5299999999997,506.73,2
ORD-2024426,CUST-00140,2023-04-14,West,Corporate,500.0,173.47,3
ORD-2024427,CUST-00536,2024-12-13,East,Consumer,4455.06,1755.65,1
ORD-2024428,CUST-00795,2023-11-13,West,Home Office,4410.1,1618.31,2
ORD-2024429,CUST-00194,2025-06-04,West,Corporate,1966.04,603.12,3
ORD-2024430,CUST-00725,2025-05-23,South,Consumer,1479.8400000000001,463.65999999999997,2
ORD-2024431,CUST-00227,2023-12-07,South,Corporate,676.8,85.57,2
ORD-2024432,CUST-00529,2023-10-03,South,Corporate,1293.79,34.9,1
ORD-2024433,CUST-00038,2025-03-20,South,Consumer,692.5,170.59,1
ORD-2024434,CUST-00412,2024-01-28,East,Consumer,947.34,287.12,1
ORD-2024435,CUST-00535,2024-02-19,Central,Corporate,645.52,279.96,1
ORD-2024436,CUST-00441,2023-10-31,South,Consumer,594.66,184.93,1
ORD-2024437,CUST-00196,2024-05-10,East,Consumer,10591.36,520.3,2
ORD-2024438,CUST-00667,2025-10-09,Central,Consumer,85.65,34.6,1
ORD-2024439,CUST-00778,2025-11-16,East,Consumer,488.23,74.47,2
ORD-2024440,CUST-00383,2025-03-04,South,Consumer,1867.45,11.85,1
ORD-2024441,CUST-00522,2025-02-23,East,Corporate,355.26,80.41,1
ORD-2024442,CUST-00641,2024-10-01,Central,Consumer,228.12,47.88,1
ORD-2024443,CUST-00200,2024-07-21,South,Corporate,782.16,140.52,1
ORD-2024444,CUST-00694,2024-10-06,South,Consumer,7308.01,2574.6,2
ORD-2024445,CUST-00229,2025-05-18,Central,Corporate,4030.26,580.86,2
ORD-2024446,CUST-00627,2025-02-02,West,Home Office,1124.03,183.67,2
ORD-2024447,CUST-00092,2025-10-07,South,Corporate,1122.49,309.11,2
ORD-2024448,CUST-00234,2025-01-25,South,Consumer,9.01,0.18,1
ORD-2024449,CUST-00440,2024-12-16,West,Consumer,1435.95,359.51,1
ORD-2024450,CUST-00435,2025-09-18,West,Corporate,4212.6,669.55,1
ORD-2024451,CUST-00687,2023-12-09,West,Corporate,5958.3,1166.31,2
ORD-2024452,CUST-00797,2023-08-13,South,Consumer,232.92,103.69,1
ORD-2024453,CUST-00086,2025-05-03,Central,Consumer,13776.15,3981.09,3
ORD-2024454,CUST-00219,2025-05-31,West,Consumer,7474.14,2602.4500000000003,2
ORD-2024455,CUST-00292,2025-01-06,West,Home Office,9603.380000000001,830.26,2
ORD-2024456,CUST-00400,2025-02-14,West,Corporate,85.51,0.51,1
ORD-2024457,CUST-00411,2024-02-21,East,Consumer,8718.09,3537.61,2
ORD-2024458,CUST-00691,2025-05-25,South,Consumer,4263.03,676.12,1
ORD-2024459,CUST-00624,2025-08-11,West,Consumer,450.9,85.15,1
ORD-2024460,CUST-00017,2025-09-06,Central,Consumer,3469.04,1201.82,1
ORD-2024461,CUST-00380,2023-10-27,West,Home Office,140.84,29.53,1
ORD-2024462,CUST-00507,2025-04-29,Central,Consumer,1279.84,314.84,1
ORD-2024463,CUST-00386,2024-09-23,East,Consumer,4049.52,793.31,1
ORD-2024464,CUST-00106,2023-09-27,South,Corporate,16053.69,4557.57,2
ORD-2024465,CUST-00326,2025-01-29,East,Consumer,260.21,-57.5,1
ORD-2024466,CUST-00339,2025-03-05,East,Consumer,1070.39,-52.34,1
ORD-2024467,CUST-00154,2024-01-06,West,Home Office,13961.74,5754.0599999999995,2
ORD-2024468,CUST-00618,2025-01-16,West,Corporate,7223.6900000000005,1565.38,2
ORD-2024469,CUST-00262,2024-11-15,East,Home Office,2222.5,-870.42,1
ORD-2024470,CUST-00488,2024-08-31,Central,Consumer,242.07,103.98,1
ORD-2024471,CUST-00428,2025-01-10,South,Consumer,8681.050000000001,1120.44,2
ORD-2024472,CUST-00704,2024-01-08,East,Corporate,404.44,78.59,2
ORD-2024473,CUST-00102,2024-12-18,East,Home Office,6318.9,1975.96,1
ORD-2024474,CUST-00093,2024-11-17,South,Corporate,1318.0,106.84,1
ORD-2024475,CUST-00248,2024-04-08,West,Consumer,4180.47,1260.07,1
ORD-2024476,CUST-00359,2025-07-02,East,Consumer,197.1,72.91,1
ORD-2024477,CUST-00247,2025-04-03,South,Consumer,495.99,144.57,1
ORD-2024478,CUST-00621,2024-08-20,West,Home Office,109.85,44.4,1
ORD-2024479,CUST-00202,2025-07-09,South,Corporate,1185.16,185.14,2
ORD-2024480,CUST-00068,2025-09-14,West,Home Office,1433.55,395.0,2
ORD-2024481,CUST-00343,2025-02-05,Central,Home Office,2223.15,835.46,1
ORD-2024482,CUST-00624,2025-06-17,West,Consumer,2130.5,505.55,2
ORD-2024483,CUST-00688,2024-01-03,Central,Corporate,248.7,-12.61,1
ORD-2024484,CUST-00599,2024-04-04,Central,Home Office,3544.7,786.87,1
ORD-2024485,CUST-00461,2024-11-17,Central,Corporate,10484.04,3935.24,1
ORD-2024486,CUST-00593,2024-11-11,East,Corporate,478.6,75.13,1
ORD-2024487,CUST-00556,2024-12-28,Central,Home Office,180.36,31.43,1
ORD-2024488,CUST-00193,2025-09-02,Central,Consumer,645.52,275.97,1
ORD-2024489,CUST-00454,2025-05-16,East,Home Office,5190.2,1989.4,2
ORD-2024490,CUST-00624,2024-11-12,West,Consumer,2966.04,736.83,1
ORD-2024491,CUST-00261,2024-03-04,South,Consumer,780.52,247.57999999999998,2
ORD-2024492,CUST-00534,2023-05-24,West,Corporate,252.5,57.75,1
ORD-2024493,CUST-00403,2025-09-12,West,Home Office,427.02,95.93,1
ORD-2024494,CUST-00418,2025-04-06,East,Consumer,2866.61,479.84,1
ORD-2024495,CUST-00071,2023-04-12,South,Consumer,11859.76,2291.77,1
ORD-2024496,CUST-00545,2023-12-04,South,Consumer,480.11,7.38,1
ORD-2024497,CUST-00695,2024-11-27,East,Corporate,10576.23,3031.9300000000003,2
ORD-2024498,CUST-00114,2025-07-27,West,Consumer,1677.1399999999999,492.225,2
ORD-2024499,CUST-00301,2023-12-09,West,Consumer,805.26,183.64,1
ORD-2024500,CUST-00044,2025-01-04,West,Consumer,1297.55,417.62,1
ORD-2024501,CUST-00028,2024-05-03,South,Corporate,5940.08,1921.86,1
ORD-2024502,CUST-00794,2025-05-28,South,Home Office,5375.72,1435.94,1
ORD-2024503,CUST-00410,2024-09-13,East,Home Office,3548.2,1302.3,1
ORD-2024504,CUST-00291,2025-01-08,South,Consumer,3075.65,909.4,1
ORD-2024505,CUST-00223,2025-07-15,Central,Home Office,16286.16,7037.5,1
ORD-2024506,CUST-00789,2025-04-20,Central,Consumer,2071.51,295.07,2
ORD-2024507,CUST-00208,2025-01-07,South,Consumer,104.28,31.43,1
ORD-2024508,CUST-00595,2025-07-31,West,Home Office,65.5,10.67,1
ORD-2024509,CUST-00232,2024-04-05,South,Corporate,959.28,94.16,1
ORD-2024510,CUST-00058,2024-12-17,East,Consumer,130.35,30.45,1
ORD-2024511,CUST-00559,2025-04-30,South,Consumer,2415.72,523.87,1
ORD-2024512,CUST-00001,2024-08-13,East,Consumer,131.4,28.3,1
ORD-2024513,CUST-00553,2025-08-14,South,Consumer,9598.52,3532.1600000000003,2
ORD-2024514,CUST-00206,2024-02-05,West,Corporate,8686.88,1166.96,1
ORD-2024515,CUST-00609,2025-12-09,South,Corporate,707.71,3.02,1
ORD-2024516,CUST-00623,2025-05-02,East,Home Office,44.34,13.92,1
ORD-2024517,CUST-00593,2024-01-29,East,Corporate,726.21,180.12,1
ORD-2024518,CUST-00024,2025-03-27,South,Consumer,282.7,13.96,1
ORD-2024519,CUST-00575,2023-06-12,East,Consumer,15167.57,4665.58,1
ORD-2024520,CUST-00794,2023-09-24,South,Home Office,436.82,47.57,1
ORD-2024521,CUST-00202,2023-12-07,South,Corporate,878.8,293.72,1
ORD-2024522,CUST-00223,2025-11-20,Central,Home Office,7723.1,1659.23,1
ORD-2024523,CUST-00655,2023-11-26,Central,Consumer,1691.82,-67.98,2
ORD-2024524,CUST-00135,2024-12-13,South,Consumer,17462.35,7476.389999999999,3
ORD-2024525,CUST-00537,2025-01-05,West,Home Office,687.49,268.01,2
ORD-2024526,CUST-00616,2024-11-04,Central,Consumer,1302.62,565.12,1
ORD-2024527,CUST-00037,2025-01-06,South,Consumer,367.43,79.68,1
ORD-2024528,CUST-00457,2025-11-08,East,Corporate,9435.64,-923.36,1
ORD-2024529,CUST-00478,2025-01-15,East,Consumer,412.8,105.92,2
ORD-2024530,CUST-00252,2023-12-19,West,Home Office,6675.41,770.57,2
ORD-2024531,CUST-00703,2025-08-06,East,Corporate,1834.1399999999999,514.21,2
ORD-2024532,CUST-00138,2025-01-08,East,Consumer,9297.57,3869.75,2
ORD-2024533,CUST-00300,2025-11-22,East,Consumer,592.15,196.38,1
ORD-2024534,CUST-00685,2025-07-01,East,Home Office,1634.45,559.56,1
ORD-2024535,CUST-00156,2024-07-02,Central,Consumer,17805.92,5871.53,2
ORD-2024536,CUST-00662,2025-05-05,Central,Corporate,12230.82,4383.94,1
ORD-2024537,CUST-00066,2024-12-08,West,Corporate,1312.32,535.85,1
ORD-2024538,CUST-00409,2024-02-27,South,Consumer,1326.28,-82.2,1
ORD-2024539,CUST-00061,2024-08-26,South,Corporate,2568.8,796.16,1
ORD-2024540,CUST-00554,2025-06-16,West,Consumer,12674.09,592.78,3
ORD-2024541,CUST-00642,2025-04-03,South,Corporate,326.89,85.49,1
ORD-2024542,CUST-00686,2025-02-19,South,Corporate,441.42,133.15,2
ORD-2024543,CUST-00789,2025-07-17,Central,Consumer,1230.26,343.68,1
ORD-2024544,CUST-00548,2023-12-29,Central,Home Office,76.09,10.48,1
ORD-2024545,CUST-00622,2025-02-25,West,Corporate,7541.650000000001,2433.4199999999996,2
ORD-2024546,CUST-00420,2023-12-24,Central,Consumer,5990.88,2390.1,1
ORD-2024547,CUST-00731,2025-01-19,Central,Home Office,14621.11,3770.6499999999996,3
ORD-2024548,CUST-00528,2023-07-14,East,Home Office,243.44,7.19,1
ORD-2024549,CUST-00708,2023-11-18,Central,Consumer,3073.14,969.39,1
ORD-2024550,CUST-00194,2025-03-11,West,Corporate,805.3,107.02000000000001,3
ORD-2024551,CUST-00412,2023-12-05,East,Consumer,159.98,56.86,1
ORD-2024552,CUST-00599,2025-06-10,Central,Home Office,305.02,31.44,1
ORD-2024553,CUST-00168,2025-01-10,East,Consumer,104.81,22.46,1
ORD-2024554,CUST-00178,2025-02-12,East,Corporate,2461.54,800.54,2
ORD-2024555,CUST-00788,2024-11-20,Central,Home Office,1144.11,-5.72,1
ORD-2024556,CUST-00359,2025-02-02,East,Consumer,21.0,3.63,1
ORD-2024557,CUST-00149,2023-11-13,South,Corporate,3270.63,1277.83,1
ORD-2024558,CUST-00271,2023-12-18,West,Consumer,2577.38,53.42,2
ORD-2024559,CUST-00326,2025-02-11,East,Consumer,862.6,299.75,2
ORD-2024560,CUST-00508,2025-04-30,East,Consumer,1394.4099999999999,274.77,3
ORD-2024561,CUST-00744,2025-07-24,West,Corporate,422.91,182.62,2
ORD-2024562,CUST-00793,2024-10-17,Central,Home Office,2112.37,741.0600000000001,2
ORD-2024563,CUST-00532,2024-08-21,East,Consumer,3617.1000000000004,-421.52,2
ORD-2024564,CUST-00573,2023-06-03,West,Consumer,4231.76,581.39,1
ORD-2024565,CUST-00263,2025-03-02,West,Consumer,4830.929999999999,1630.92,2
ORD-2024566,CUST-00691,2025-05-06,South,Consumer,293.29,110.25,1
ORD-2024567,CUST-00181,2024-11-17,South,Consumer,60.36,17.45,1
ORD-2024568,CUST-00085,2025-01-11,Central,Consumer,1648.21,683.19,3
ORD-2024569,CUST-00783,2024-12-03,East,Consumer,1214.86,340.58,1
ORD-2024570,CUST-00694,2023-08-02,South,Consumer,2819.73,541.79,3
ORD-2024571,CUST-00252,2025-04-13,West,Home Office,6070.9,1106.47,3
ORD-2024572,CUST-00553,2025-04-18,South,Consumer,425.79,80.97,1
ORD-2024573,CUST-00389,2024-10-25,South,Corporate,710.52,129.44,1
ORD-2024574,CUST-00265,2024-11-14,South,Consumer,1436.21,432.9,2
ORD-2024575,CUST-00234,2023-04-18,South,Consumer,1561.8600000000001,43.309999999999995,2
ORD-2024576,CUST-00108,2025-04-15,Central,Corporate,2973.3,334.635,1
ORD-2024577,CUST-00453,2024-10-07,West,Home Office,248.13,-11.04,1
ORD-2024578,CUST-00370,2025-01-19,South,Corporate,4412.38,644.43,1
ORD-2024579,CUST-00425,2025-04-24,West,Corporate,9250.78,62.43,1
ORD-2024580,CUST-00180,2023-04-05,Central,Consumer,3344.38,588.34,1
ORD-2024581,CUST-00757,2024-09-29,Central,Consumer,7762.75,1372.34,1
ORD-2024582,CUST-00524,2024-05-13,South,Consumer,8869.94,-2665.41,1
ORD-2024583,CUST-00720,2025-05-28,Central,Home Office,291.5,88.87,1
ORD-2024584,CUST-00089,2024-04-26,South,Corporate,1476.36,519.8,1
ORD-2024585,CUST-00508,2024-12-01,East,Consumer,19515.1,6746.91,1
ORD-2024586,CUST-00686,2025-07-22,South,Corporate,387.31,32.22,1
ORD-2024587,CUST-00271,2024-05-24,West,Consumer,1159.51,367.68,1
ORD-2024588,CUST-00162,2024-11-17,Central,Consumer,3575.58,711.8700000000001,2
ORD-2024589,CUST-00217,2024-02-24,East,Corporate,15167.57,5853.11,1
ORD-2024590,CUST-00221,2025-04-27,East,Corporate,1229.57,136.15,2
ORD-2024591,CUST-00371,2025-11-06,West,Consumer,425.79,96.31,1
ORD-2024592,CUST-00268,2023-12-25,West,Home Office,10132.99,-938.9199999999998,2
ORD-2024593,CUST-00219,2024-01-28,West,Consumer,84.91,12.93,1
ORD-2024594,CUST-00530,2025-06-21,South,Corporate,478.6,100.02,1
ORD-2024595,CUST-00045,2024-11-08,East,Consumer,2227.53,963.01,1
ORD-2024596,CUST-00278,2024-05-28,South,Consumer,1712.96,178.44,1
ORD-2024597,CUST-00565,2025-07-07,South,Home Office,293.31,47.92,1
ORD-2024598,CUST-00146,2025-12-12,South,Consumer,280.68,90.9,1
ORD-2024599,CUST-00182,2025-04-16,East,Consumer,3556.06,1135.44,1
ORD-2024600,CUST-00167,2023-12-23,West,Corporate,1096.28,211.44,1
ORD-2024601,CUST-00001,2025-06-17,East,Consumer,6684.64,1136.71,1
ORD-2024602,CUST-00396,2024-07-06,South,Consumer,560.16,139.35,1
ORD-2024603,CUST-00037,2025-06-09,South,Consumer,7547.12,3069.07,1
ORD-2024604,CUST-00221,2024-06-15,East,Corporate,773.75,-363.69,2
ORD-2024605,CUST-00796,2024-12-02,West,Consumer,439.4,186.06,1
ORD-2024606,CUST-00739,2025-03-01,Central,Consumer,6778.009999999999,2837.7900000000004,2
ORD-2024607,CUST-00180,2025-05-17,Central,Consumer,4567.9,1647.69,1
ORD-2024608,CUST-00256,2024-06-14,East,Consumer,429.6,129.05,1
ORD-2024609,CUST-00387,2025-01-15,East,Corporate,51.31,0.3,1
ORD-2024610,CUST-00681,2025-10-11,Central,Consumer,471.16,84.71,1
ORD-2024611,CUST-00650,2024-04-15,South,Consumer,4927.4,1030.31,2
ORD-2024612,CUST-00104,2024-03-15,East,Consumer,4031.79,1576.22,1
ORD-2024613,CUST-00103,2025-07-07,South,Home Office,130.94,23.38,1
ORD-2024614,CUST-00346,2024-02-09,West,Consumer,1038.02,403.58,2
ORD-2024615,CUST-00698,2023-10-17,Central,Corporate,884.64,214.34,1
ORD-2024616,CUST-00707,2025-06-04,East,Consumer,130.3,35.74,1
ORD-2024617,CUST-00087,2024-12-22,East,Consumer,359.51,-0.870000000000001,2
ORD-2024618,CUST-00475,2025-04-25,Central,Corporate,8212.24,1048.26,1
ORD-2024619,CUST-00133,2024-09-17,East,Consumer,1076.85,193.45,1
ORD-2024620,CUST-00562,2024-12-01,East,Consumer,1541.28,436.6,1
ORD-2024621,CUST-00737,2023-06-16,Central,Consumer,6451.72,1601.01,2
ORD-2024622,CUST-00379,2025-04-02,West,Corporate,270.54,111.3,1
ORD-2024623,CUST-00067,2023-06-22,South,Corporate,1431.92,285.69,2
ORD-2024624,CUST-00480,2024-12-22,East,Corporate,354.47,143.1,1
ORD-2024625,CUST-00337,2025-07-18,South,Consumer,532.5,149.7,2
ORD-2024626,CUST-00653,2023-05-30,East,Consumer,200.58,90.07,1
ORD-2024627,CUST-00278,2024-02-11,South,Consumer,270.54,42.21,1
ORD-2024628,CUST-00702,2025-04-30,Central,Consumer,670.04,116.94,1
ORD-2024629,CUST-00222,2025-05-05,West,Consumer,13371.03,1609.08,2
ORD-2024630,CUST-00133,2025-09-27,East,Consumer,6206.08,2182.63,2
ORD-2024631,CUST-00255,2023-04-19,Central,Home Office,2587.58,-659.58,1
ORD-2024632,CUST-00036,2025-08-08,East,Consumer,948.4300000000001,318.22,3
ORD-2024633,CUST-00230,2025-05-28,East,Corporate,3134.64,656.57,1
ORD-2024634,CUST-00537,2023-10-04,West,Home Office,113.54,-33.71,1
ORD-2024635,CUST-00116,2024-05-24,Central,Consumer,96.85,6.75,1
ORD-2024636,CUST-00091,2025-10-17,West,Corporate,560.15,171.34,1
ORD-2024637,CUST-00107,2025-06-03,South,Consumer,746.74,-162.29000000000002,2
ORD-2024638,CUST-00065,2024-06-06,West,Corporate,8175.52,2028.76,2
ORD-2024639,CUST-00701,2023-08-26,Central,Consumer,286.4,120.71,1
ORD-2024640,CUST-00761,2025-11-05,East,Consumer,4299.91,478.82,1
ORD-2024641,CUST-00043,2024-12-26,Central,Corporate,4312.64,1598.84,1
ORD-2024642,CUST-00619,2024-03-07,East,Consumer,37.85,8.43,1
ORD-2024643,CUST-00600,2024-09-20,Central,Consumer,3180.7400000000002,640.82,2
ORD-2024644,CUST-00798,2024-02-10,West,Corporate,26.5,8.68,1
ORD-2024645,CUST-00285,2025-07-13,West,Corporate,1075.47,403.41,1
ORD-2024646,CUST-00234,2025-12-06,South,Consumer,414.0,111.17,1
ORD-2024647,CUST-00378,2024-05-29,Central,Consumer,1205.2,170.6,1
ORD-2024648,CUST-00691,2024-10-16,South,Consumer,8108.79,2132.46,3
ORD-2024649,CUST-00598,2024-01-22,South,Consumer,2969.8399999999997,882.61,3
ORD-2024650,CUST-00394,2025-09-13,Central,Consumer,11504.679999999998,5028.59,2
ORD-2024651,CUST-00202,2024-12-16,South,Corporate,5030.0,562.57,1
ORD-2024652,CUST-00596,2025-03-15,South,Consumer,3723.33,723.6600000000001,2
ORD-2024653,CUST-00691,2024-07-05,South,Consumer,911.52,215.91,1
ORD-2024654,CUST-00330,2025-08-28,Central,Consumer,1567.32,370.59,1
ORD-2024655,CUST-00547,2025-08-04,West,Corporate,3328.04,1167.77,3
ORD-2024656,CUST-00330,2025-06-09,Central,Consumer,8947.35,2503.19,2
ORD-2024657,CUST-00400,2024-11-24,West,Corporate,2010.33,505.17,1
ORD-2024658,CUST-00435,2024-09-24,West,Corporate,12409.83,2565.43,1
ORD-2024659,CUST-00626,2024-08-10,East,Consumer,8633.81,2664.6,2
ORD-2024660,CUST-00787,2024-08-25,East,Consumer,3207.31,995.3499999999999,2
ORD-2024661,CUST-00368,2025-06-16,West,Consumer,3036.55,534.24,1
ORD-2024662,CUST-00279,2025-05-18,East,Consumer,161.38,45.75,1
ORD-2024663,CUST-00306,2024-05-19,East,Corporate,484.14,179.18,1
ORD-2024664,CUST-00108,2025-04-12,Central,Corporate,14273.05,3574.19,1
ORD-2024665,CUST-00244,2024-06-03,Central,Consumer,716.79,67.56,1
ORD-2024666,CUST-00068,2025-07-31,West,Home Office,232.92,58.45,1
ORD-2024667,CUST-00356,2025-07-25,South,Consumer,3688.2200000000003,814.78,2
ORD-2024668,CUST-00141,2024-02-06,South,Home Office,2902.22,1108.07,2
ORD-2024669,CUST-00284,2025-01-17,West,Consumer,2675.97,1009.73,1
ORD-2024670,CUST-00644,2024-10-16,West,Corporate,12418.7,1936.08,1
ORD-2024671,CUST-00202,2025-06-10,South,Corporate,2490.49,-23.70999999999998,2
ORD-2024672,CUST-00503,2024-12-24,South,Consumer,1340.12,-115.14999999999999,2
ORD-2024673,CUST-00721,2024-05-05,East,Corporate,965.2900000000001,86.72,2
ORD-2024674,CUST-00469,2025-03-22,East,Consumer,2156.32,705.67,1
ORD-2024675,CUST-00160,2023-10-13,South,Consumer,9784.66,1140.18,1
ORD-2024676,CUST-00281,2024-04-12,West,Consumer,344.75,133.5,2
ORD-2024677,CUST-00489,2025-07-06,South,Consumer,586.58,80.46,1
ORD-2024678,CUST-00420,2023-05-17,Central,Consumer,5596.99,2032.3,3
ORD-2024679,CUST-00125,2024-11-04,South,Consumer,310.5,33.0,1
ORD-2024680,CUST-00370,2025-11-17,South,Corporate,201.2,53.93,1
ORD-2024681,CUST-00448,2024-08-17,South,Corporate,22.52,6.97,1
ORD-2024682,CUST-00218,2025-06-14,East,Consumer,11897.94,5340.91,2
ORD-2024683,CUST-00503,2025-10-07,South,Consumer,570.99,193.77,1
ORD-2024684,CUST-00058,2023-05-30,East,Consumer,1347.24,83.41,1
ORD-2024685,CUST-00275,2024-10-10,West,Corporate,3047.2799999999997,-613.97,2
ORD-2024686,CUST-00651,2023-09-15,West,Corporate,706.64,144.12,2
ORD-2024687,CUST-00213,2024-10-30,South,Home Office,534.88,125.62,1
ORD-2024688,CUST-00499,2024-02-11,South,Consumer,4173.4,1772.39,1
ORD-2024689,CUST-00338,2025-08-04,West,Consumer,1224.24,309.93,2
ORD-2024690,CUST-00261,2024-12-13,South,Consumer,104.28,23.02,1
ORD-2024691,CUST-00737,2023-10-11,Central,Consumer,133.72,37.48,1
ORD-2024692,CUST-00280,2024-07-14,East,Consumer,6159.18,1097.7,1
ORD-2024693,CUST-00196,2024-07-20,East,Consumer,371.45000000000005,159.32,2
ORD-2024694,CUST-00729,2024-02-02,West,Corporate,4136.61,644.29,1
ORD-2024695,CUST-00609,2025-08-11,South,Corporate,484.14,108.4,1
ORD-2024696,CUST-00556,2024-09-07,Central,Home Office,6972.530000000001,1648.0100000000002,3
ORD-2024697,CUST-00045,2023-08-31,East,Consumer,7434.49,1707.0500000000002,2
ORD-2024698,CUST-00106,2024-10-10,South,Corporate,797.55,185.01999999999998,2
ORD-2024699,CUST-00524,2023-09-03,South,Consumer,12148.56,5282.95,1
ORD-2024700,CUST-00177,2023-10-30,Central,Home Office,11227.31,2014.99,2
ORD-2024701,CUST-00185,2023-05-19,West,Home Office,690.0,45.66,1
ORD-2024702,CUST-00632,2024-03-24,West,Corporate,1440.33,230.39999999999998,2
ORD-2024703,CUST-00234,2025-12-13,South,Consumer,5181.96,-3542.99,1
ORD-2024704,CUST-00061,2025-07-06,South,Corporate,4599.9,827.5,2
ORD-2024705,CUST-00037,2024-12-21,South,Consumer,1177.9,194.04,1
ORD-2024706,CUST-00366,2023-07-22,Central,Consumer,664.9,207.52,2
ORD-2024707,CUST-00507,2025-09-22,Central,Consumer,8153.88,3578.5,1
ORD-2024708,CUST-00697,2024-09-23,Central,Consumer,10781.6,3810.87,1
ORD-2024709,CUST-00090,2025-01-22,South,Corporate,19.08,7.9,1
ORD-2024710,CUST-00164,2024-07-07,West,Corporate,26.07,4.93,1
ORD-2024711,CUST-00436,2023-05-16,East,Corporate,9866.52,2321.28,1
ORD-2024712,CUST-00300,2025-01-08,East,Consumer,443.08,93.22,1
ORD-2024713,CUST-00403,2024-12-14,West,Home Office,1302.73,250.32,1
ORD-2024714,CUST-00744,2025-03-02,West,Corporate,947.36,349.25,1
ORD-2024715,CUST-00450,2023-12-19,West,Home Office,1220.37,396.39,2
ORD-2024716,CUST-00345,2023-07-23,South,Consumer,4084.92,1317.44,1
ORD-2024717,CUST-00794,2025-08-07,South,Home Office,244.11,36.71,1
ORD-2024718,CUST-00056,2025-06-27,East,Consumer,9407.51,3386.48,1
ORD-2024719,CUST-00753,2024-03-20,East,Consumer,762.7,245.61,1
ORD-2024720,CUST-00415,2025-04-11,East,Consumer,326.27,76.69,1
ORD-2024721,CUST-00418,2024-12-04,East,Consumer,3186.52,853.67,2
ORD-2024722,CUST-00742,2025-04-04,South,Corporate,4106.12,1582.68,1
ORD-2024723,CUST-00420,2024-07-21,Central,Consumer,1054.1,303.51,1
ORD-2024724,CUST-00363,2024-09-09,East,Consumer,7414.77,1223.47,1
ORD-2024725,CUST-00221,2025-05-19,East,Corporate,3263.01,618.4,2
ORD-2024726,CUST-00536,2025-05-02,East,Consumer,1445.8400000000001,551.0,2
ORD-2024727,CUST-00472,2025-02-12,South,Consumer,8433.09,2755.0,3
ORD-2024728,CUST-00180,2023-08-09,Central,Consumer,388.2,97.41,1
ORD-2024729,CUST-00579,2025-09-17,South,Consumer,2273.62,227.87,1
ORD-2024730,CUST-00528,2025-05-17,East,Home Office,6256.19,1499.17,2
ORD-2024731,CUST-00326,2023-08-11,East,Consumer,7423.65,1468.84,1
ORD-2024732,CUST-00003,2025-04-27,Central,Corporate,48.52,13.95,1
ORD-2024733,CUST-00370,2024-11-01,South,Corporate,3432.13,751.26,1
ORD-2024734,CUST-00003,2023-08-24,Central,Corporate,287.96,71.55,1
ORD-2024735,CUST-00061,2025-03-08,South,Corporate,535.19,84.91,1
ORD-2024736,CUST-00359,2025-08-09,East,Consumer,7132.3,1999.49,2
ORD-2024737,CUST-00066,2025-06-21,West,Corporate,878.8,280.7,1
ORD-2024738,CUST-00225,2024-05-16,Central,Home Office,548.21,92.34,2
ORD-2024739,CUST-00535,2024-08-30,Central,Corporate,823.33,-15.04,1
ORD-2024740,CUST-00255,2023-11-04,Central,Home Office,919.01,-32.64,1
ORD-2024741,CUST-00799,2024-08-20,West,Consumer,116.96,9.14,1
ORD-2024742,CUST-00737,2023-09-17,Central,Consumer,15705.21,2176.41,3
ORD-2024743,CUST-00485,2023-12-29,West,Consumer,527.85,156.28,1
ORD-2024744,CUST-00775,2023-12-05,South,Consumer,12543.630000000001,3989.46,3
ORD-2024745,CUST-00697,2024-06-23,Central,Consumer,14547.039999999999,5358.32,3
ORD-2024746,CUST-00262,2023-10-28,East,Home Office,2160.94,72.85000000000002,2
ORD-2024747,CUST-00611,2025-01-05,South,Corporate,15.26,5.61,1
ORD-2024748,CUST-00108,2024-05-15,Central,Corporate,607.31,272.33,1
ORD-2024749,CUST-00561,2025-01-12,Central,Consumer,7185.71,1816.75,1
ORD-2024750,CUST-00410,2025-11-30,East,Home Office,2510.4,863.09,1
ORD-2024751,CUST-00014,2024-11-28,South,Home Office,384.32,139.84,1
ORD-2024752,CUST-00223,2025-05-13,Central,Home Office,3367.2,1165.73,1
ORD-2024753,CUST-00769,2023-07-23,East,Corporate,5616.8,1689.71,1
ORD-2024754,CUST-00260,2025-07-26,Central,Consumer,692.04,120.43,2
ORD-2024755,CUST-00148,2024-01-16,East,Consumer,1336.26,190.82,1
ORD-2024756,CUST-00154,2025-02-11,West,Home Office,6808.2,1635.33,1
ORD-2024757,CUST-00401,2025-06-15,South,Corporate,13.36,2.93,1
ORD-2024758,CUST-00681,2025-01-09,Central,Consumer,7338.49,2738.94,1
ORD-2024759,CUST-00618,2025-05-14,West,Corporate,80.48,18.41,1
ORD-2024760,CUST-00361,2024-01-27,South,Corporate,695.28,-46.18,2
ORD-2024761,CUST-00176,2024-05-19,West,Consumer,25491.9,9804.64,2
ORD-2024762,CUST-00043,2025-06-08,Central,Corporate,2311.92,660.9,1
ORD-2024763,CUST-00387,2024-04-22,East,Corporate,1873.18,615.93,1
ORD-2024764,CUST-00656,2023-12-30,Central,Corporate,257.08,72.56,2
ORD-2024765,CUST-00599,2023-06-14,Central,Home Office,2665.01,679.41,1
ORD-2024766,CUST-00337,2025-04-02,South,Consumer,80.48,13.97,1
ORD-2024767,CUST-00491,2023-09-26,South,Consumer,6978.73,2703.13,1
ORD-2024768,CUST-00361,2025-02-06,South,Corporate,3715.4500000000003,688.11,2
ORD-2024769,CUST-00480,2024-10-11,East,Corporate,252.61,47.29,2
ORD-2024770,CUST-00429,2025-01-03,East,Home Office,668.6,229.39,1
ORD-2024771,CUST-00556,2025-01-29,Central,Home Office,5411.59,719.65,2
ORD-2024772,CUST-00420,2024-11-03,Central,Consumer,2595.12,933.0,1
ORD-2024773,CUST-00758,2025-09-05,West,Consumer,147.44,51.23,1
ORD-2024774,CUST-00356,2025-02-15,South,Consumer,2227.53,994.77,1
ORD-2024775,CUST-00013,2024-06-12,Central,Consumer,208.56,47.91,1
ORD-2024776,CUST-00195,2025-03-09,South,Consumer,2429.88,755.14,2
ORD-2024777,CUST-00414,2024-12-30,East,Corporate,3293.56,803.49,2
ORD-2024778,CUST-00444,2024-10-02,West,Consumer,635.3399999999999,-25.289999999999992,2
ORD-2024779,CUST-00455,2024-12-01,Central,Consumer,443.08,170.43,1
ORD-2024780,CUST-00582,2024-12-29,South,Corporate,758.95,156.68,1
ORD-2024781,CUST-00223,2025-07-25,Central,Home Office,14125.5,4535.61,3
ORD-2024782,CUST-00543,2025-03-03,East,Consumer,147.8,25.68,1
ORD-2024783,CUST-00575,2024-10-16,East,Consumer,274.35,94.85,1
ORD-2024784,CUST-00339,2024-11-23,East,Consumer,453.11,66.94,2
ORD-2024785,CUST-00332,2025-06-20,West,Consumer,1694.88,583.62,1
ORD-2024786,CUST-00148,2024-05-30,East,Consumer,1.7,0.16,1
ORD-2024787,CUST-00343,2023-11-23,Central,Home Office,1022.65,200.04,1
ORD-2024788,CUST-00639,2025-01-10,South,Consumer,5848.570000000001,1514.6100000000001,2
ORD-2024789,CUST-00728,2024-02-19,East,Corporate,5306.040000000001,1669.81,2
ORD-2024790,CUST-00491,2024-02-15,South,Consumer,941.4,410.41,1
ORD-2024791,CUST-00248,2024-10-12,West,Consumer,430.74,89.55,1
ORD-2024792,CUST-00557,2024-11-08,Central,Corporate,3087.72,1146.77,2
ORD-2024793,CUST-00603,2025-06-14,Central,Consumer,947.36,295.07,1
ORD-2024794,CUST-00272,2025-06-27,East,Corporate,2593.22,583.91,2
ORD-2024795,CUST-00666,2024-10-29,Central,Home Office,93.56,40.27,1
ORD-2024796,CUST-00061,2024-04-25,South,Corporate,17234.37,3500.35,2
ORD-2024797,CUST-00006,2025-01-27,South,Home Office,191.96,20.27,1
ORD-2024798,CUST-00103,2025-07-22,South,Home Office,340.63,-18.26,1
ORD-2024799,CUST-00133,2024-04-29,East,Consumer,5048.99,1189.1200000000001,2
ORD-2024800,CUST-00704,2025-04-10,East,Corporate,1334.3,361.78,2
ORD-2024801,CUST-00352,2024-09-10,East,Consumer,3690.78,1386.13,1
ORD-2024802,CUST-00223,2024-09-18,Central,Home Office,8291.14,-1493.37,1
ORD-2024803,CUST-00357,2024-06-05,East,Consumer,3187.3399999999997,775.96,2
ORD-2024804,CUST-00326,2024-05-05,East,Consumer,4173.4,1788.71,1
ORD-2024805,CUST-00250,2024-09-20,East,Consumer,3557.04,677.05,1
ORD-2024806,CUST-00110,2023-06-04,Central,Consumer,4420.35,1612.1,1
ORD-2024807,CUST-00535,2024-10-21,Central,Corporate,2772.79,813.7,1
ORD-2024808,CUST-00108,2023-06-01,Central,Corporate,7190.95,1816.6399999999999,2
ORD-2024809,CUST-00626,2025-09-26,East,Consumer,2550.7,241.73,1
ORD-2024810,CUST-00167,2025-07-13,West,Corporate,770.04,227.43,2
ORD-2024811,CUST-00599,2025-05-02,Central,Home Office,219.0,81.51,1
ORD-2024812,CUST-00651,2024-06-29,West,Corporate,1960.56,697.63,1
ORD-2024813,CUST-00104,2025-04-24,East,Consumer,6218.35,-256.47,1
ORD-2024814,CUST-00068,2024-11-21,West,Home Office,329.55,53.15,1
ORD-2024815,CUST-00766,2024-01-10,South,Home Office,439.02,93.55,1
ORD-2024816,CUST-00387,2024-02-29,East,Corporate,2708.9,985.29,3
ORD-2024817,CUST-00515,2024-03-17,South,Home Office,7382.78,2586.7799999999997,3
ORD-2024818,CUST-00021,2024-01-01,Central,Corporate,1579.66,626.88,2
ORD-2024819,CUST-00227,2025-02-09,South,Corporate,9019.17,2140.11,2
ORD-2024820,CUST-00420,2024-11-02,Central,Consumer,79.5,20.43,1
ORD-2024821,CUST-00711,2024-06-16,Central,Consumer,1127.92,54.3,1
ORD-2024822,CUST-00219,2025-10-14,West,Consumer,4455.06,1530.69,1
ORD-2024823,CUST-00626,2024-11-21,East,Consumer,3536.28,235.68,1
ORD-2024824,CUST-00540,2025-04-11,East,Consumer,164.04,62.09,1
ORD-2024825,CUST-00094,2024-03-09,West,Consumer,856.5,221.23,1
ORD-2024826,CUST-00239,2024-10-30,West,Corporate,7708.98,2405.06,1
ORD-2024827,CUST-00196,2024-01-11,East,Consumer,7474.879999999999,3188.47,2
ORD-2024828,CUST-00366,2024-12-25,Central,Consumer,132.5,-60.86,1
ORD-2024829,CUST-00521,2025-08-05,West,Consumer,8429.37,2237.0299999999997,2
ORD-2024830,CUST-00359,2025-05-10,East,Consumer,135.98,5.74,1
ORD-2024831,CUST-00202,2025-06-12,South,Corporate,106.58,31.67,1
ORD-2024832,CUST-00570,2023-12-03,Central,Consumer,1789.6200000000001,398.07,2
ORD-2024833,CUST-00485,2023-11-09,West,Consumer,448.13,46.84,1
ORD-2024834,CUST-00430,2025-04-03,Central,Consumer,6232.139999999999,2187.33,2
ORD-2024835,CUST-00457,2023-10-06,East,Corporate,1816.57,353.82,1
ORD-2024836,CUST-00182,2025-07-08,East,Consumer,6684.64,2221.18,1
ORD-2024837,CUST-00555,2024-07-11,South,Home Office,2902.41,441.33,1
ORD-2024838,CUST-00318,2025-07-02,Central,Consumer,8785.2,2172.6600000000003,2
ORD-2024839,CUST-00299,2024-10-09,West,Corporate,7488.6,1626.68,1
ORD-2024840,CUST-00126,2024-10-23,Central,Consumer,5775.66,1800.71,1
ORD-2024841,CUST-00492,2024-09-23,South,Home Office,12095.37,4167.89,1
ORD-2024842,CUST-00496,2024-09-22,West,Home Office,98.86,28.47,1
ORD-2024843,CUST-00278,2024-06-17,South,Consumer,2156.32,502.05,1
ORD-2024844,CUST-00693,2025-02-23,South,Consumer,8314.49,1207.36,1
ORD-2024845,CUST-00682,2024-11-27,East,Home Office,100.6,16.14,1
ORD-2024846,CUST-00089,2025-05-26,South,Corporate,893.26,154.1,2
ORD-2024847,CUST-00570,2024-07-28,Central,Consumer,16474.92,3019.13,1
ORD-2024848,CUST-00325,2023-12-31,South,Consumer,27055.49,9378.56,3
ORD-2024849,CUST-00800,2025-09-26,West,Corporate,447.48,110.56,2
ORD-2024850,CUST-00184,2025-04-20,Central,Consumer,1078.53,33.17,1
ORD-2024851,CUST-00229,2023-11-09,Central,Corporate,2166.4900000000002,554.385,2
ORD-2024852,CUST-00365,2023-11-22,East,Home Office,1032.1299999999999,289.46,3
ORD-2024853,CUST-00219,2025-05-08,West,Consumer,10644.6,-2334.44,1
ORD-2024854,CUST-00567,2025-04-22,East,Home Office,1389.28,336.41,1
ORD-2024855,CUST-00402,2024-02-02,South,Consumer,501.2,145.32,1
ORD-2024856,CUST-00182,2023-09-15,East,Consumer,1154.3400000000001,286.97,2
ORD-2024857,CUST-00420,2025-12-03,Central,Consumer,161.38,27.72,1
ORD-2024858,CUST-00711,2024-05-20,Central,Consumer,1145.92,265.0,1
ORD-2024859,CUST-00643,2025-02-20,South,Corporate,711.41,24.0,1
ORD-2024860,CUST-00412,2025-08-20,East,Consumer,18.48,5.86,1
ORD-2024861,CUST-00235,2025-01-16,West,Consumer,11531.72,2470.8799999999997,2
ORD-2024862,CUST-00148,2025-03-15,East,Consumer,5449.71,-752.0,1
ORD-2024863,CUST-00704,2023-11-04,East,Corporate,302.59,-32.41,1
ORD-2024864,CUST-00580,2025-06-12,East,Consumer,43.67,8.43,1
ORD-2024865,CUST-00473,2024-12-27,West,Home Office,1495.81,294.81,1
ORD-2024866,CUST-00705,2025-06-04,East,Consumer,1240.98,372.0,1
ORD-2024867,CUST-00101,2024-12-31,South,Corporate,6978.73,2941.64,1
ORD-2024868,CUST-00557,2024-06-26,Central,Corporate,762.4,123.63999999999999,2
ORD-2024869,CUST-00180,2024-10-07,Central,Consumer,7096.4,1209.41,1
ORD-2024870,CUST-00100,2023-09-21,East,Consumer,46.53,9.629999999999999,2
ORD-2024871,CUST-00387,2023-10-15,East,Corporate,378.94,55.89,1
ORD-2024872,CUST-00318,2024-09-11,Central,Consumer,4180.47,1747.03,1
ORD-2024873,CUST-00759,2024-12-20,East,Consumer,2506.74,334.635,1
ORD-2024874,CUST-00266,2023-11-22,Central,Corporate,1224.77,171.29,1
ORD-2024875,CUST-00656,2023-12-10,Central,Corporate,154.05,59.68,1
ORD-2024876,CUST-00611,2024-11-07,South,Corporate,229.42,30.04,1
ORD-2024877,CUST-00547,2025-02-12,West,Corporate,677.95,192.98,1
ORD-2024878,CUST-00742,2025-11-06,South,Corporate,505.46,148.31,1
ORD-2024879,CUST-00337,2024-01-01,South,Consumer,110.92,-15.88,1
ORD-2024880,CUST-00320,2025-08-19,South,Home Office,697.26,192.73,1
ORD-2024881,CUST-00136,2024-05-04,West,Consumer,1397.1499999999999,234.73,2
ORD-2024882,CUST-00225,2025-09-18,Central,Home Office,627.6,247.36,1
ORD-2024883,CUST-00705,2024-09-29,East,Consumer,7539.92,1724.88,1
ORD-2024884,CUST-00396,2025-04-19,South,Consumer,3024.26,820.14,2
ORD-2024885,CUST-00279,2024-12-28,East,Consumer,5990.88,2101.52,1
ORD-2024886,CUST-00180,2025-03-10,Central,Consumer,3936.83,994.54,1
ORD-2024887,CUST-00404,2024-12-15,South,Corporate,2000.84,290.71,1
ORD-2024888,CUST-00586,2025-08-25,South,Home Office,2277.92,610.88,2
ORD-2024889,CUST-00234,2024-07-27,South,Consumer,185.5,58.23,1
ORD-2024890,CUST-00618,2023-07-26,West,Corporate,4629.9,-1464.28,1
ORD-2024891,CUST-00514,2024-02-17,South,Home Office,6873.0599999999995,2167.63,3
ORD-2024892,CUST-00639,2024-09-06,South,Consumer,1196.5,317.92,1
ORD-2024893,CUST-00207,2024-12-07,South,Home Office,522.44,127.91,1
ORD-2024894,CUST-00516,2025-06-07,East,Home Office,1301.79,176.48000000000002,2
ORD-2024895,CUST-00133,2025-06-07,East,Consumer,2196.6,476.83,1
ORD-2024896,CUST-00300,2024-01-22,East,Consumer,1331.53,30.75999999999999,2
ORD-2024897,CUST-00593,2023-11-29,East,Corporate,753.86,-18.8,1
ORD-2024898,CUST-00516,2025-08-29,East,Home Office,4287.66,1510.85,2
ORD-2024899,CUST-00154,2025-07-07,West,Home Office,1897.0,410.45,1
ORD-2024900,CUST-00693,2025-06-27,South,Consumer,87.6,15.75,1
ORD-2024901,CUST-00046,2025-08-12,South,Corporate,6784.5,1604.99,2
ORD-2024902,CUST-00491,2023-11-28,South,Consumer,10438.11,1114.72,2
ORD-2024903,CUST-00791,2024-12-12,East,Consumer,3390.2000000000003,1422.3,2
ORD-2024904,CUST-00438,2024-03-11,South,Home Office,10363.92,3594.59,1
ORD-2024905,CUST-00649,2023-11-15,South,Home Office,2552.18,670.91,1
ORD-2024906,CUST-00491,2024-02-15,South,Consumer,197.6,72.65,1
ORD-2024907,CUST-00634,2025-02-14,West,Home Office,4889.5,1527.38,1
ORD-2024908,CUST-00535,2024-09-10,Central,Corporate,6387.9,2829.56,2
ORD-2024909,CUST-00566,2024-07-17,East,Consumer,200.48,24.01,1
ORD-2024910,CUST-00187,2025-05-10,East,Consumer,5488.51,1070.51,2
ORD-2024911,CUST-00604,2025-03-26,East,Consumer,11326.28,1576.98,1
ORD-2024912,CUST-00196,2025-08-24,East,Consumer,1569.07,299.08,1
ORD-2024913,CUST-00789,2024-01-17,Central,Consumer,98.55,18.36,1
ORD-2024914,CUST-00187,2023-12-19,East,Consumer,2192.44,-70.14999999999998,2
ORD-2024915,CUST-00196,2024-11-10,East,Consumer,16456.48,3512.59,2
ORD-2024916,CUST-00693,2025-09-09,South,Consumer,40.24,12.57,1
ORD-2024917,CUST-00202,2025-07-07,South,Corporate,1307.56,198.59,1
ORD-2024918,CUST-00296,2025-02-21,Central,Consumer,2543.11,651.12,1
ORD-2024919,CUST-00582,2023-04-17,South,Corporate,840.24,164.74,1
ORD-2024920,CUST-00134,2023-11-24,Central,Corporate,947.44,135.55,1
ORD-2024921,CUST-00134,2025-03-25,Central,Corporate,2255.95,204.02,2
ORD-2024922,CUST-00405,2025-04-01,West,Consumer,270.54,85.33,1
ORD-2024923,CUST-00202,2025-01-24,South,Corporate,11877.84,2715.31,1
ORD-2024924,CUST-00194,2025-05-15,West,Corporate,214.8,41.77,1
ORD-2024925,CUST-00006,2024-01-18,South,Home Office,3291.82,248.06,2
ORD-2024926,CUST-00302,2023-04-30,South,Consumer,3717.3700000000003,622.18,2
ORD-2024927,CUST-00262,2025-08-26,East,Home Office,1940.04,493.14000000000004,2
ORD-2024928,CUST-00030,2023-03-06,West,Corporate,2426.65,179.03,1
ORD-2024929,CUST-00508,2025-11-09,East,Consumer,5637.33,2136.29,2
ORD-2024930,CUST-00510,2024-06-15,East,Consumer,3234.48,698.99,1
ORD-2024931,CUST-00059,2025-07-26,Central,Corporate,1550.37,562.05,2
ORD-2024932,CUST-00261,2024-01-24,South,Consumer,7517.64,2070.87,3
ORD-2024933,CUST-00700,2024-12-28,East,Consumer,581.05,153.09,1
ORD-2024934,CUST-00482,2024-09-09,South,Corporate,5371.35,1964.06,1
ORD-2024935,CUST-00340,2025-11-27,South,Consumer,14133.13,4602.99,1
ORD-2024936,CUST-00387,2025-09-13,East,Corporate,3113.25,845.46,2
ORD-2024937,CUST-00176,2024-09-17,West,Consumer,707.76,-290.93,1
ORD-2024938,CUST-00654,2025-02-10,South,Consumer,1120.32,331.54,1
ORD-2024939,CUST-00733,2024-01-12,South,Consumer,2625.6099999999997,812.36,2
ORD-2024940,CUST-00730,2024-12-22,Central,Home Office,3892.65,1219.17,1
ORD-2024941,CUST-00183,2024-09-29,West,Consumer,60.65,17.91,1
ORD-2024942,CUST-00256,2025-04-02,East,Consumer,421.64,-5.63,1
ORD-2024943,CUST-00135,2024-09-12,South,Consumer,3458.89,977.02,2
ORD-2024944,CUST-00255,2023-11-19,Central,Home Office,14339.619999999999,5273.46,2
ORD-2024945,CUST-00272,2024-03-08,East,Corporate,1584.99,594.89,1
ORD-2024946,CUST-00517,2025-10-09,South,Consumer,1101.8100000000002,425.11,2
ORD-2024947,CUST-00156,2023-07-17,Central,Consumer,90.18,24.97,1
ORD-2024948,CUST-00740,2024-11-22,South,Corporate,315.63,75.41,1
ORD-2024949,CUST-00081,2024-11-09,South,Consumer,10035.46,2160.29,3
ORD-2024950,CUST-00003,2024-12-25,Central,Corporate,6300.0599999999995,1059.57,2
ORD-2024951,CUST-00691,2025-01-26,South,Consumer,768.46,238.85,1
ORD-2024952,CUST-00575,2023-11-02,East,Consumer,5210.37,962.12,1
ORD-2024953,CUST-00291,2024-09-24,South,Consumer,2757.74,424.16,1
ORD-2024954,CUST-00491,2025-05-26,South,Consumer,683.64,149.08,1
ORD-2024955,CUST-00183,2025-11-27,West,Consumer,116.46,19.95,1
ORD-2024956,CUST-00141,2025-06-28,South,Home Office,379.4,127.58,1
ORD-2024957,CUST-00393,2025-05-18,West,Consumer,674.2199999999999,210.3,2
ORD-2024958,CUST-00291,2025-03-26,South,Consumer,3544.7,1195.85,1
ORD-2024959,CUST-00504,2025-07-24,South,Consumer,351.52,98.14,1
ORD-2024960,CUST-00181,2024-06-30,South,Consumer,274.35,2.4,1
ORD-2024961,CUST-00540,2025-07-19,East,Consumer,398.09,121.11,1
ORD-2024962,CUST-00622,2024-12-21,West,Corporate,580.97,12.09,1
ORD-2024963,CUST-00140,2023-06-13,West,Corporate,5374.89,1226.93,1
ORD-2024964,CUST-00041,2025-02-04,East,Home Office,3519.2200000000003,746.3299999999999,2
ORD-2024965,CUST-00364,2025-03-13,South,Consumer,24.26,6.37,1
ORD-2024966,CUST-00625,2023-06-30,Central,Corporate,325.88,103.73,1
ORD-2024967,CUST-00531,2024-12-14,Central,Consumer,28.2,-1.68,1
ORD-2024968,CUST-00574,2024-09-30,East,Home Office,852.62,69.75,1
ORD-2024969,CUST-00333,2025-08-27,West,Consumer,4663.9,-193.09,3
ORD-2024970,CUST-00193,2025-03-10,Central,Consumer,858.95,308.33,2
ORD-2024971,CUST-00438,2024-12-19,South,Home Office,5210.37,2187.14,1
ORD-2024972,CUST-00170,2024-04-28,East,Consumer,4660.92,1882.56,1
ORD-2024973,CUST-00596,2025-08-05,South,Consumer,1580.6200000000001,284.08,2
ORD-2024974,CUST-00164,2024-12-03,West,Corporate,283.86,58.98,1
ORD-2024975,CUST-00236,2024-12-31,Central,Consumer,345.0,51.99,1
ORD-2024976,CUST-00420,2024-12-11,Central,Consumer,2542.32,725.84,1
ORD-2024977,CUST-00405,2025-02-27,West,Consumer,1056.22,288.71000000000004,2
ORD-2024978,CUST-00495,2024-06-13,West,Corporate,1694.88,-705.74,1
ORD-2024979,CUST-00362,2025-03-08,South,Consumer,532.5,57.379999999999995,2
ORD-2024980,CUST-00740,2024-07-16,South,Corporate,8686.8,1533.92,2
ORD-2024981,CUST-00678,2024-11-30,East,Consumer,2717.96,1000.05,1
ORD-2024982,CUST-00705,2024-04-19,East,Consumer,432.27,115.82,1
ORD-2024983,CUST-00513,2025-01-26,South,Home Office,747.65,-7.079999999999998,2
ORD-2024984,CUST-00520,2024-02-14,Central,Corporate,20879.21,8308.88,3
ORD-2024985,CUST-00502,2023-07-17,Central,Consumer,514.82,-17.35,1
ORD-2024986,CUST-00360,2023-11-07,Central,Consumer,2982.4,514.125,2
ORD-2024987,CUST-00263,2025-08-09,West,Consumer,488.85,106.99,1
ORD-2024988,CUST-00491,2025-05-08,South,Consumer,4736.7,921.76,1
ORD-2024989,CUST-00025,2024-08-31,South,Corporate,2079.74,554.6700000000001,2
ORD-2024990,CUST-00004,2025-04-03,West,Consumer,16576.440000000002,2730.74,2
ORD-2024991,CUST-00688,2024-11-11,Central,Corporate,20107.199999999997,3187.63,2
ORD-2024992,CUST-00043,2023-05-01,Central,Corporate,2306.5,623.95,1
ORD-2024993,CUST-00435,2023-12-21,West,Corporate,12666.84,2912.52,3
ORD-2024994,CUST-00504,2025-04-20,South,Consumer,1758.24,683.4,2
ORD-2024995,CUST-00165,2024-12-28,West,Corporate,7423.65,2382.85,1
ORD-2024996,CUST-00718,2025-01-04,West,Corporate,9703.44,2581.88,1
ORD-2024997,CUST-00156,2025-06-09,Central,Consumer,2729.42,-234.6,1
ORD-2024998,CUST-00710,2025-07-03,West,Consumer,1685.04,29.95,1
ORD-2024999,CUST-00621,2025-08-26,West,Home Office,4263.03,1243.56,1
ORD-2025000,CUST-00200,2025-11-23,South,Corporate,219.7,80.48,1
ORD-2025001,CUST-00128,2025-02-25,South,Home Office,683.64,280.88,1
ORD-2025002,CUST-00261,2025-05-10,South,Consumer,1480.56,367.39,1
ORD-2025003,CUST-00326,2025-02-03,East,Consumer,5746.84,1396.98,1
ORD-2025004,CUST-00202,2024-07-08,South,Corporate,601.74,134.91,1
ORD-2025005,CUST-00800,2025-01-22,West,Corporate,6329.8,1733.06,3
ORD-2025006,CUST-00188,2025-10-25,West,Consumer,927.61,241.34,1
ORD-2025007,CUST-00670,2025-06-05,East,Consumer,11844.48,3521.99,1
ORD-2025008,CUST-00134,2024-04-01,Central,Corporate,2969.46,1264.94,1
ORD-2025009,CUST-00789,2024-12-28,Central,Consumer,1634.9,341.11,2
ORD-2025010,CUST-00185,2024-03-22,West,Home Office,4445.0,843.35,1
ORD-2025011,CUST-00349,2024-08-30,East,Corporate,10909.970000000001,4021.7400000000002,2
ORD-2025012,CUST-00461,2024-11-18,Central,Corporate,3043.2400000000002,821.65,2
ORD-2025013,CUST-00100,2025-06-22,East,Consumer,4084.92,1294.46,1
ORD-2025014,CUST-00657,2024-12-31,South,Home Office,12047.460000000001,5308.59,2
ORD-2025015,CUST-00223,2024-04-22,Central,Home Office,1985.28,709.2,2
ORD-2025016,CUST-00453,2025-05-17,West,Home Office,1600.67,304.03,1
ORD-2025017,CUST-00453,2025-09-16,West,Home Office,189.24,72.82,1
ORD-2025018,CUST-00496,2024-10-08,West,Home Office,878.04,192.42,1
ORD-2025019,CUST-00049,2024-06-01,Central,Consumer,6074.28,1960.1,1
ORD-2025020,CUST-00141,2025-01-02,South,Home Office,112.72,50.67,1
ORD-2025021,CUST-00136,2025-12-01,West,Consumer,683.1,90.53,1
ORD-2025022,CUST-00251,2025-04-20,East,Consumer,559.93,-363.78,1
ORD-2025023,CUST-00118,2023-05-27,East,Corporate,528.93,139.85999999999999,2
ORD-2025024,CUST-00742,2023-07-29,South,Corporate,5197.57,334.635,1
ORD-2025025,CUST-00425,2025-04-14,West,Corporate,464.36,124.27000000000001,2
ORD-2025026,CUST-00508,2025-03-05,East,Consumer,9703.44,2864.84,1
ORD-2025027,CUST-00292,2025-08-27,West,Home Office,3747.31,1075.22,2
ORD-2025028,CUST-00225,2023-02-06,Central,Home Office,1765.21,441.47,1
ORD-2025029,CUST-00418,2025-09-25,East,Consumer,3454.69,1311.97,2
ORD-2025030,CUST-00240,2023-08-03,Central,Home Office,189.24,43.34,1
ORD-2025031,CUST-00280,2024-08-23,East,Consumer,1791.63,557.52,1
ORD-2025032,CUST-00377,2024-01-22,Central,Corporate,396.72,-20.67,2
ORD-2025033,CUST-00420,2025-07-31,Central,Consumer,3380.45,-248.4,1
ORD-2025034,CUST-00791,2025-10-14,East,Consumer,6047.68,1248.76,1
ORD-2025035,CUST-00183,2024-09-29,West,Consumer,205.3,83.02,2
ORD-2025036,CUST-00407,2024-01-06,West,Corporate,2259.85,857.8000000000001,2
ORD-2025037,CUST-00126,2025-06-25,Central,Consumer,2233.59,624.22,2
ORD-2025038,CUST-00287,2025-07-24,East,Consumer,200.53,55.03,1
ORD-2025039,CUST-00587,2024-05-03,Central,Consumer,4019.56,186.12,3
ORD-2025040,CUST-00145,2025-08-06,South,Consumer,3282.1099999999997,878.0600000000001,2
ORD-2025041,CUST-00481,2023-06-02,West,Consumer,1070.46,71.31000000000002,2
ORD-2025042,CUST-00346,2024-11-21,West,Consumer,321.57,110.64000000000001,2
ORD-2025043,CUST-00045,2025-11-22,East,Consumer,1190.34,167.36,1
ORD-2025044,CUST-00754,2025-07-27,South,Consumer,316.65,380.475,2
ORD-2025045,CUST-00343,2024-08-07,Central,Home Office,2966.04,556.24,1
ORD-2025046,CUST-00635,2024-08-13,East,Consumer,1943.39,423.96000000000004,2
ORD-2025047,CUST-00345,2024-06-28,South,Consumer,197.1,87.1,1
ORD-2025048,CUST-00757,2024-07-28,Central,Consumer,2824.2,571.03,1
ORD-2025049,CUST-00236,2025-11-03,Central,Consumer,142.8,26.78,1
ORD-2025050,CUST-00341,2025-10-10,Central,Consumer,321.64,63.64,1
ORD-2025051,CUST-00619,2024-05-02,East,Consumer,4.24,1.41,1
ORD-2025052,CUST-00280,2025-01-01,East,Consumer,133.02,36.89,1
ORD-2025053,CUST-00300,2025-01-17,East,Consumer,2455.46,617.04,2
ORD-2025054,CUST-00796,2025-02-06,West,Consumer,3234.48,689.27,1
ORD-2025055,CUST-00459,2025-06-07,South,Consumer,1029.48,75.72,2
ORD-2025056,CUST-00564,2025-01-06,East,Consumer,2043.76,692.46,2
ORD-2025057,CUST-00527,2025-12-10,South,Consumer,787.39,183.76,1
ORD-2025058,CUST-00667,2025-08-22,Central,Consumer,3019.36,1004.15,2
ORD-2025059,CUST-00694,2023-11-06,South,Consumer,2059.41,116.48,1
ORD-2025060,CUST-00466,2024-07-29,South,Home Office,969.78,230.86,2
ORD-2025061,CUST-00240,2025-10-09,Central,Home Office,208.56,88.01,1
ORD-2025062,CUST-00021,2024-12-12,Central,Corporate,10855.08,1759.02,2
ORD-2025063,CUST-00504,2025-04-17,South,Consumer,3451.8,1118.24,1
ORD-2025064,CUST-00666,2023-08-29,Central,Home Office,450.9,76.11,1
ORD-2025065,CUST-00376,2024-08-25,East,Home Office,40.28,10.11,1
ORD-2025066,CUST-00139,2025-04-10,West,Consumer,2687.86,1107.79,1
ORD-2025067,CUST-00234,2025-03-27,South,Consumer,1603.6799999999998,508.44,2
ORD-2025068,CUST-00423,2024-07-29,South,Consumer,1243.4099999999999,74.5,2
ORD-2025069,CUST-00676,2024-12-19,Central,Consumer,4583.68,1569.56,1
ORD-2025070,CUST-00143,2023-11-14,West,Corporate,12418.7,2880.44,1
ORD-2025071,CUST-00503,2023-10-25,South,Consumer,11207.3,2083.63,2
ORD-2025072,CUST-00614,2025-03-03,West,Home Office,139.75,48.5,1
ORD-2025073,CUST-00756,2025-04-12,West,Consumer,1466.62,440.51,2
ORD-2025074,CUST-00095,2023-09-09,South,Corporate,684.39,134.14,1
ORD-2025075,CUST-00746,2024-02-17,West,Consumer,5681.94,1879.54,1
ORD-2025076,CUST-00495,2024-07-18,West,Corporate,1783.7600000000002,495.18000000000006,2
ORD-2025077,CUST-00622,2024-05-12,West,Corporate,8.9,-3.07,1
ORD-2025078,CUST-00047,2023-12-03,West,Home Office,4445.0,1847.8,1
ORD-2025079,CUST-00420,2025-05-18,Central,Consumer,6669.76,1917.18,2
ORD-2025080,CUST-00508,2023-07-16,East,Consumer,1960.56,338.33,1
ORD-2025081,CUST-00255,2025-10-04,Central,Home Office,1276.09,377.35,1
ORD-2025082,CUST-00359,2023-10-25,East,Consumer,189.24,-64.5,1
ORD-2025083,CUST-00457,2024-12-22,East,Corporate,4730.19,1853.54,2
ORD-2025084,CUST-00456,2024-12-25,Central,Consumer,61.59,13.36,1
ORD-2025085,CUST-00039,2023-09-13,West,Corporate,1506.24,141.81,1
ORD-2025086,CUST-00364,2024-11-08,South,Consumer,4445.0,777.71,1
ORD-2025087,CUST-00180,2025-07-04,Central,Consumer,154.05,34.11,1
ORD-2025088,CUST-00738,2025-03-26,West,Consumer,3279.8999999999996,777.5,3
ORD-2025089,CUST-00787,2024-09-02,East,Consumer,73.79,3.98,1
ORD-2025090,CUST-00248,2024-11-30,West,Consumer,6487.75,2729.37,1
ORD-2025091,CUST-00146,2025-04-04,South,Consumer,9753.25,1698.2800000000002,2
ORD-2025092,CUST-00182,2024-06-24,East,Consumer,10080.8,71.09,1
ORD-2025093,CUST-00398,2025-01-09,East,Consumer,3138.0,1065.53,1
ORD-2025094,CUST-00701,2025-01-20,Central,Consumer,204.76,32.74,1
ORD-2025095,CUST-00413,2025-07-28,West,Home Office,1689.72,712.41,2
ORD-2025096,CUST-00048,2024-01-11,South,Corporate,2466.75,1001.51,3
ORD-2025097,CUST-00037,2024-12-13,South,Consumer,490.38,-22.019999999999996,2
ORD-2025098,CUST-00187,2025-11-18,East,Consumer,5723.3099999999995,1546.6100000000001,3
ORD-2025099,CUST-00681,2024-03-27,Central,Consumer,16.96,2.89,1
ORD-2025100,CUST-00508,2024-11-07,East,Consumer,2574.21,298.4,2
ORD-2025101,CUST-00466,2024-12-29,South,Home Office,87.25,0.86,1
ORD-2025102,CUST-00262,2024-12-02,East,Home Office,13161.52,4097.04,2
ORD-2025103,CUST-00752,2025-05-06,East,Home Office,11473.64,2046.85,1
ORD-2025104,CUST-00271,2025-07-20,West,Consumer,179.2,8.4,2
ORD-2025105,CUST-00674,2025-07-19,East,Home Office,0.0,106.65,1
ORD-2025106,CUST-00718,2023-12-04,West,Corporate,91.59,10.549999999999999,2
ORD-2025107,CUST-00404,2025-07-17,South,Corporate,9516.769999999999,3688.1800000000003,2
ORD-2025108,CUST-00717,2024-01-13,Central,Consumer,18842.85,4759.0599999999995,2
ORD-2025109,CUST-00225,2024-09-02,Central,Home Office,3958.98,961.97,2
ORD-2025110,CUST-00536,2025-05-18,East,Consumer,2106.3,497.65,1
ORD-2025111,CUST-00069,2023-10-09,East,Consumer,178.9,58.65,2
ORD-2025112,CUST-00396,2025-08-18,South,Consumer,143.72,4.77,1
ORD-2025113,CUST-00181,2023-04-09,South,Consumer,236.86,86.35,1
ORD-2025114,CUST-00054,2025-02-22,West,Consumer,560.16,213.24,1
ORD-2025115,CUST-00003,2025-09-14,Central,Corporate,10644.6,2969.28,1
ORD-2025116,CUST-00267,2024-09-23,West,Corporate,6066.63,1552.41,1
ORD-2025117,CUST-00488,2024-12-30,Central,Consumer,12867.38,5661.23,2
ORD-2025118,CUST-00380,2025-02-13,West,Home Office,982.3100000000001,294.15,2
ORD-2025119,CUST-00251,2025-04-24,East,Consumer,10096.16,1723.96,1
ORD-2025120,CUST-00794,2025-10-26,South,Home Office,279.94,98.31,1
ORD-2025121,CUST-00758,2024-02-10,West,Consumer,1680.48,595.39,1
ORD-2025122,CUST-00104,2025-10-16,East,Consumer,13518.8,3693.2999999999997,2
ORD-2025123,CUST-00345,2024-10-28,South,Consumer,1334.77,90.7,2
ORD-2025124,CUST-00530,2024-07-22,South,Corporate,26.07,7.13,1
ORD-2025125,CUST-00599,2025-06-09,Central,Home Office,1406.0,333.74,3
ORD-2025126,CUST-00301,2025-04-07,West,Consumer,6399.77,1444.02,3
ORD-2025127,CUST-00609,2025-06-17,South,Corporate,6151.3,1376.66,1
ORD-2025128,CUST-00103,2023-12-12,South,Home Office,48.52,8.2,1
ORD-2025129,CUST-00272,2025-03-09,East,Corporate,24318.68,8394.64,2
ORD-2025130,CUST-00586,2025-04-18,South,Home Office,133.72,57.73,1
ORD-2025131,CUST-00509,2023-09-04,West,Consumer,12059.08,5320.52,1
ORD-2025132,CUST-00676,2025-06-20,Central,Consumer,1541.28,334.21,1
ORD-2025133,CUST-00044,2025-10-05,West,Consumer,10393.11,4366.28,1
ORD-2025134,CUST-00145,2024-08-15,South,Consumer,379.4,131.98,1
ORD-2025135,CUST-00044,2023-05-25,West,Consumer,17496.05,6727.46,2
ORD-2025136,CUST-00158,2024-08-31,Central,Consumer,800.33,-329.75,1
ORD-2025137,CUST-00003,2023-11-21,Central,Corporate,2520.72,416.64,1
ORD-2025138,CUST-00419,2025-01-28,West,Corporate,5465.79,1027.86,1
ORD-2025139,CUST-00436,2023-12-09,East,Corporate,147.8,62.02,1
ORD-2025140,CUST-00535,2025-05-28,Central,Corporate,2510.4,1117.03,1
ORD-2025141,CUST-00315,2024-12-29,East,Corporate,413.7,142.19,2
ORD-2025142,CUST-00002,2024-12-15,South,Home Office,717.9,118.88,1
ORD-2025143,CUST-00551,2025-10-06,South,Consumer,197.1,54.13,1
ORD-2025144,CUST-00047,2024-02-25,West,Home Office,78.57,5.29,1
ORD-2025145,CUST-00695,2025-06-16,East,Corporate,1233.02,100.69,1
ORD-2025146,CUST-00021,2025-08-13,Central,Corporate,340.99,6.17,1
ORD-2025147,CUST-00437,2025-09-16,Central,Corporate,5849.06,1355.68,1
ORD-2025148,CUST-00717,2024-05-19,Central,Consumer,986.8,320.1,2
ORD-2025149,CUST-00473,2025-08-29,West,Home Office,2160.97,688.34,1
ORD-2025150,CUST-00502,2024-12-25,Central,Consumer,1099.55,396.92999999999995,2
ORD-2025151,CUST-00556,2023-09-12,Central,Home Office,10265.3,3844.4,1
ORD-2025152,CUST-00102,2025-06-14,East,Home Office,7028.77,2349.1800000000003,3
ORD-2025153,CUST-00553,2024-07-27,South,Consumer,2306.5,534.23,1
ORD-2025154,CUST-00706,2025-05-14,Central,Corporate,2995.44,1114.44,1
ORD-2025155,CUST-00784,2024-11-20,East,Consumer,1497.72,513.97,1
ORD-2025156,CUST-00366,2025-08-24,Central,Consumer,7185.71,2185.3,1
ORD-2025157,CUST-00281,2024-11-03,West,Consumer,4455.06,-6.65,1
ORD-2025158,CUST-00614,2024-08-04,West,Home Office,2009.25,624.61,1
ORD-2025159,CUST-00448,2025-08-16,South,Corporate,6305.54,1648.4099999999999,2
ORD-2025160,CUST-00211,2025-08-22,West,Corporate,9820.5,2626.46,2
ORD-2025161,CUST-00144,2024-03-15,West,Home Office,12773.52,1656.13,1
ORD-2025162,CUST-00142,2023-08-07,East,Corporate,790.8,-318.75,1
ORD-2025163,CUST-00383,2023-12-07,South,Consumer,267.44,69.52,1
ORD-2025164,CUST-00142,2024-05-04,East,Corporate,16872.09,3855.1000000000004,2
ORD-2025165,CUST-00019,2025-04-12,South,Consumer,8555.55,1852.99,3
ORD-2025166,CUST-00045,2024-07-28,East,Consumer,260.7,66.38,1
ORD-2025167,CUST-00752,2025-09-29,East,Home Office,6283.59,2121.0,2
ORD-2025168,CUST-00061,2025-08-14,South,Corporate,552.39,146.57999999999998,2
ORD-2025169,CUST-00061,2025-06-11,South,Corporate,599.5999999999999,215.46,2
ORD-2025170,CUST-00377,2024-06-23,Central,Corporate,8285.0,749.6500000000001,2
ORD-2025171,CUST-00202,2025-02-24,South,Corporate,14.84,5.52,1
ORD-2025172,CUST-00772,2025-07-03,South,Corporate,6794.9,2117.12,1
ORD-2025173,CUST-00730,2025-09-10,Central,Home Office,8571.17,3565.0099999999998,2
ORD-2025174,CUST-00333,2025-01-22,West,Consumer,7489.02,2392.69,1
ORD-2025175,CUST-00373,2025-01-09,West,Corporate,82.12,30.49,1
ORD-2025176,CUST-00308,2024-12-03,Central,Corporate,16.96,7.03,1
ORD-2025177,CUST-00037,2023-12-12,South,Consumer,957.2,251.83,1
ORD-2025178,CUST-00238,2025-03-17,West,Corporate,5184.79,2082.9,2
ORD-2025179,CUST-00103,2024-08-13,South,Home Office,6577.68,1443.98,1
ORD-2025180,CUST-00081,2025-05-15,South,Consumer,2636.0,1002.77,1
ORD-2025181,CUST-00464,2025-06-14,West,Corporate,340.99,85.81,1
ORD-2025182,CUST-00077,2023-10-03,West,Consumer,6900.22,1583.34,1
ORD-2025183,CUST-00081,2024-12-02,South,Consumer,1204.8600000000001,380.35,3
ORD-2025184,CUST-00402,2024-07-11,South,Consumer,778.54,326.84,2
ORD-2025185,CUST-00365,2023-11-04,East,Home Office,10269.06,2949.46,2
ORD-2025186,CUST-00110,2024-03-22,Central,Consumer,639.92,128.14,1
ORD-2025187,CUST-00003,2024-08-19,Central,Corporate,4689.33,422.44,1
ORD-2025188,CUST-00159,2024-01-27,Central,Corporate,726.21,143.2,1
ORD-2025189,CUST-00195,2024-08-08,South,Consumer,8629.2,2891.27,2
ORD-2025190,CUST-00648,2025-08-25,Central,Corporate,277.29,85.46,1
ORD-2025191,CUST-00736,2024-11-05,Central,Consumer,9178.24,1717.74,3
ORD-2025192,CUST-00335,2024-12-28,West,Consumer,34.4,6.04,1
ORD-2025193,CUST-00334,2024-12-30,South,Consumer,1376.52,377.83000000000004,2
ORD-2025194,CUST-00581,2024-08-16,East,Home Office,120.09,43.17,1
ORD-2025195,CUST-00510,2025-04-02,East,Consumer,2222.79,1377.47,3
ORD-2025196,CUST-00151,2024-12-10,South,Consumer,601.63,13.160000000000004,2
ORD-2025197,CUST-00087,2024-11-12,East,Consumer,325.15999999999997,-19.39,2
ORD-2025198,CUST-00362,2024-11-23,South,Consumer,853.82,91.97,1
ORD-2025199,CUST-00467,2023-11-30,East,Home Office,3763.11,-411.85,2
ORD-2025200,CUST-00111,2024-10-10,West,Consumer,1044.88,283.71,1
ORD-2025201,CUST-00239,2024-12-15,West,Corporate,11902.97,3023.07,2
ORD-2025202,CUST-00255,2023-10-05,Central,Home Office,454.65,1.35,1
ORD-2025203,CUST-00213,2025-05-08,South,Home Office,522.44,223.6,1
ORD-2025204,CUST-00386,2023-12-03,East,Consumer,206.4,73.12,1
ORD-2025205,CUST-00533,2024-05-22,East,Consumer,768.46,162.28,1
ORD-2025206,CUST-00422,2025-11-06,Central,Corporate,3270.63,1465.19,1
ORD-2025207,CUST-00167,2025-08-03,West,Corporate,212.0,45.9,1
ORD-2025208,CUST-00081,2024-01-09,South,Consumer,1065.78,165.07,1
ORD-2025209,CUST-00662,2024-04-29,Central,Corporate,10312.640000000001,3171.24,2
ORD-2025210,CUST-00401,2023-05-01,South,Corporate,829.01,181.91,1
ORD-2025211,CUST-00054,2024-05-25,West,Consumer,3030.31,973.94,2
ORD-2025212,CUST-00211,2025-10-05,West,Corporate,138.0,58.77,1
ORD-2025213,CUST-00650,2023-03-14,South,Consumer,13325.04,2742.34,1
ORD-2025214,CUST-00612,2025-08-05,West,Corporate,935.6,258.02,1
ORD-2025215,CUST-00703,2025-02-26,East,Corporate,1484.73,505.68,1
ORD-2025216,CUST-00496,2024-12-18,West,Home Office,8993.81,2368.82,1
ORD-2025217,CUST-00352,2025-08-20,East,Consumer,486.0,204.37,2
ORD-2025218,CUST-00355,2025-01-14,South,Corporate,3712.55,748.43,1
ORD-2025219,CUST-00161,2024-12-15,South,Consumer,5478.39,-64.76,3
ORD-2025220,CUST-00531,2025-06-08,Central,Consumer,702.1,168.36,1
ORD-2025221,CUST-00485,2023-12-30,West,Consumer,2808.4,443.62,1
ORD-2025222,CUST-00133,2024-12-01,East,Consumer,7370.25,1349.34,2
ORD-2025223,CUST-00710,2025-07-29,West,Consumer,3074.7299999999996,1104.6100000000001,2
ORD-2025224,CUST-00301,2024-05-01,West,Consumer,4306.67,1864.01,2
ORD-2025225,CUST-00045,2023-10-30,East,Consumer,5680.2,679.9,1
ORD-2025226,CUST-00270,2025-05-02,Central,Consumer,100.6,39.48,1
ORD-2025227,CUST-00698,2025-05-15,Central,Corporate,13325.04,4553.81,1
ORD-2025228,CUST-00738,2025-11-14,West,Consumer,1129.68,-49.65,1
ORD-2025229,CUST-00410,2024-08-19,East,Home Office,19542.41,5773.5599999999995,3
ORD-2025230,CUST-00769,2025-04-15,East,Corporate,169.08,59.47,1
ORD-2025231,CUST-00702,2025-05-30,Central,Consumer,615.13,-295.02,1
ORD-2025232,CUST-00666,2024-04-25,Central,Home Office,820.37,180.4,1
ORD-2025233,CUST-00693,2024-09-19,South,Consumer,768.46,246.56,1
ORD-2025234,CUST-00311,2025-08-07,Central,Home Office,104.28,17.74,1
ORD-2025235,CUST-00618,2025-09-18,West,Corporate,1380.4099999999999,141.85,2
ORD-2025236,CUST-00480,2025-02-22,East,Corporate,6978.73,1503.41,1
ORD-2025237,CUST-00590,2025-05-29,South,Corporate,1485.02,240.92,1
ORD-2025238,CUST-00148,2024-07-30,East,Consumer,691.45,195.28,1
ORD-2025239,CUST-00599,2024-12-02,Central,Home Office,10660.03,1886.68,1
ORD-2025240,CUST-00770,2024-02-13,West,Consumer,2113.34,770.19,2
ORD-2025241,CUST-00252,2025-11-30,West,Home Office,227.09,14.76,1
ORD-2025242,CUST-00792,2024-09-26,West,Consumer,704.3299999999999,126.62,3
ORD-2025243,CUST-00310,2025-06-12,East,Consumer,14830.01,3931.19,2
ORD-2025244,CUST-00166,2025-06-15,South,Corporate,4614.2,803.24,2
ORD-2025245,CUST-00092,2023-12-21,South,Corporate,1723.77,680.84,2
ORD-2025246,CUST-00637,2025-08-19,East,Consumer,1088.9,268.59999999999997,2
ORD-2025247,CUST-00458,2025-03-18,Central,Home Office,1651.44,170.69,1
ORD-2025248,CUST-00255,2024-01-26,Central,Home Office,594.66,263.67,1
ORD-2025249,CUST-00502,2024-11-30,Central,Consumer,147.0,53.94,1
ORD-2025250,CUST-00272,2024-11-19,East,Corporate,355.26,125.64,1
ORD-2025251,CUST-00372,2025-01-29,Central,Corporate,5630.01,1524.49,2
ORD-2025252,CUST-00694,2024-02-17,South,Consumer,7713.44,2267.8500000000004,2
ORD-2025253,CUST-00547,2025-04-06,West,Corporate,2204.8599999999997,404.19,2
ORD-2025254,CUST-00620,2023-11-20,East,Consumer,1506.24,92.35,1
ORD-2025255,CUST-00485,2025-06-24,West,Consumer,723.33,110.56,1
ORD-2025256,CUST-00794,2025-10-28,South,Home Office,471.84,107.81,1
ORD-2025257,CUST-00200,2024-12-25,South,Corporate,12.07,-1.7,1
ORD-2025258,CUST-00215,2024-11-07,Central,Consumer,2139.48,542.8199999999999,2
ORD-2025259,CUST-00073,2024-05-18,West,Consumer,4445.0,1439.28,1
ORD-2025260,CUST-00457,2025-06-21,East,Corporate,2242.14,814.72,2
ORD-2025261,CUST-00503,2023-12-30,South,Consumer,68.8,23.66,1
ORD-2025262,CUST-00596,2024-11-16,South,Consumer,231.0,68.86,1
ORD-2025263,CUST-00274,2023-10-13,South,Corporate,1075.47,386.47,1
ORD-2025264,CUST-00007,2024-12-03,East,Consumer,4945.45,1493.31,2
ORD-2025265,CUST-00516,2025-05-10,East,Home Office,4914.7,1073.33,1
ORD-2025266,CUST-00800,2024-03-21,West,Corporate,2664.61,369.07,1
ORD-2025267,CUST-00240,2023-08-24,Central,Home Office,959.88,370.89,1
ORD-2025268,CUST-00151,2025-04-19,South,Consumer,2834.66,706.15,1
ORD-2025269,CUST-00230,2025-05-20,East,Corporate,308.1,134.24,1
ORD-2025270,CUST-00353,2024-03-04,West,Consumer,1190.89,185.85999999999999,2
ORD-2025271,CUST-00207,2024-10-20,South,Home Office,1756.08,343.7,1
ORD-2025272,CUST-00284,2024-01-09,West,Consumer,515.52,51.16,1
ORD-2025273,CUST-00524,2025-01-18,South,Consumer,395.46,90.05,1
ORD-2025274,CUST-00281,2024-10-02,West,Consumer,2350.98,740.49,1
ORD-2025275,CUST-00326,2023-08-20,East,Consumer,4496.110000000001,953.6899999999999,2
ORD-2025276,CUST-00037,2023-10-08,South,Consumer,157.13,43.59,1
ORD-2025277,CUST-00739,2025-02-08,Central,Consumer,668.21,161.41,2
ORD-2025278,CUST-00336,2023-04-07,South,Corporate,3548.2,1404.38,1
ORD-2025279,CUST-00270,2024-10-20,Central,Consumer,349.38,54.74,1
ORD-2025280,CUST-00068,2025-12-12,West,Home Office,4993.08,853.0799999999999,2
ORD-2025281,CUST-00519,2024-11-25,West,Consumer,2799.76,109.94,2
ORD-2025282,CUST-00694,2023-09-19,South,Consumer,2297.52,539.19,1
ORD-2025283,CUST-00039,2025-09-09,West,Corporate,1476.36,261.57,1
ORD-2025284,CUST-00118,2023-09-25,East,Corporate,2669.44,980.67,1
ORD-2025285,CUST-00121,2025-02-22,West,Home Office,2973.3,1246.94,1
ORD-2025286,CUST-00496,2025-05-08,West,Home Office,7830.9,2116.48,2
ORD-2025287,CUST-00742,2025-07-04,South,Corporate,948.69,217.65,1
ORD-2025288,CUST-00362,2025-05-23,South,Consumer,6.78,-0.32,1
ORD-2025289,CUST-00280,2025-06-06,East,Consumer,842.73,248.88000000000002,2
ORD-2025290,CUST-00622,2025-01-27,West,Corporate,1977.0,304.53,1
ORD-2025291,CUST-00605,2024-05-24,South,Corporate,14323.64,2662.92,2
ORD-2025292,CUST-00203,2025-03-06,West,Home Office,483.0,86.02,1
ORD-2025293,CUST-00135,2024-10-11,South,Consumer,1400.4,427.49,1
ORD-2025294,CUST-00292,2025-05-02,West,Home Office,1415.52,253.3,1
ORD-2025295,CUST-00626,2025-02-10,East,Consumer,5346.07,1020.93,1
ORD-2025296,CUST-00570,2024-11-12,Central,Consumer,2510.4,1068.56,1
ORD-2025297,CUST-00545,2025-07-11,South,Consumer,564.83,225.26,1
ORD-2025298,CUST-00668,2025-11-10,South,Corporate,6124.490000000001,1078.01,2
ORD-2025299,CUST-00225,2025-07-06,Central,Home Office,1205.55,526.02,1
ORD-2025300,CUST-00277,2024-06-23,West,Home Office,3033.32,1008.36,1
ORD-2025301,CUST-00040,2025-09-19,Central,Corporate,113.94,42.23,1
ORD-2025302,CUST-00697,2024-03-13,Central,Consumer,511.94,69.29,1
ORD-2025303,CUST-00483,2025-06-10,West,Home Office,274.35,33.54,1
ORD-2025304,CUST-00246,2025-03-20,East,Home Office,3705.12,710.84,2
ORD-2025305,CUST-00057,2025-05-11,Central,Home Office,11030.96,2639.77,1
ORD-2025306,CUST-00592,2023-10-08,South,Corporate,1328.72,303.97,1
ORD-2025307,CUST-00611,2024-12-23,South,Corporate,5885.2,1118.23,2
ORD-2025308,CUST-00545,2024-05-02,South,Consumer,501.3,63.76,1
ORD-2025309,CUST-00170,2024-10-24,East,Consumer,240.9,91.71,1
ORD-2025310,CUST-00732,2024-09-01,West,Consumer,10660.740000000002,1300.83,2
ORD-2025311,CUST-00614,2024-03-28,West,Home Office,13.14,-3.68,1
ORD-2025312,CUST-00535,2023-09-24,Central,Corporate,122.15,27.21,1
ORD-2025313,CUST-00531,2025-03-28,Central,Consumer,10070.96,2981.79,3
ORD-2025314,CUST-00723,2024-12-11,South,Corporate,7769.790000000001,2744.0299999999997,3
ORD-2025315,CUST-00749,2024-05-20,West,Consumer,1723.14,563.14,1
ORD-2025316,CUST-00491,2024-03-23,South,Consumer,9.7,0.48,1
ORD-2025317,CUST-00346,2025-06-15,West,Consumer,3145.21,249.31,1
ORD-2025318,CUST-00300,2024-11-21,East,Consumer,473.72,172.13,1
ORD-2025319,CUST-00661,2024-07-10,East,Home Office,15225.32,3675.47,2
ORD-2025320,CUST-00528,2024-12-04,East,Home Office,6734.4,2043.74,1
ORD-2025321,CUST-00064,2025-02-15,South,Consumer,3601.5,514.96,1
ORD-2025322,CUST-00116,2024-08-07,Central,Consumer,663.15,67.62,1
ORD-2025323,CUST-00720,2025-03-22,Central,Home Office,4837.36,1102.4399999999998,2
ORD-2025324,CUST-00710,2025-04-24,West,Consumer,5075.44,1448.34,1
ORD-2025325,CUST-00766,2024-06-06,South,Home Office,349.38,60.83,1
ORD-2025326,CUST-00356,2023-05-07,South,Consumer,287.19,49.63,1
ORD-2025327,CUST-00636,2024-10-23,Central,Corporate,2681.94,390.62,2
ORD-2025328,CUST-00667,2025-04-19,Central,Consumer,133.43,35.33,1
ORD-2025329,CUST-00260,2025-02-28,Central,Consumer,270.54,119.93,1
ORD-2025330,CUST-00118,2025-01-14,East,Corporate,41.06,14.35,1
ORD-2025331,CUST-00798,2025-09-22,West,Corporate,395.95,36.56,2
ORD-2025332,CUST-00029,2025-07-17,Central,Consumer,1469.0500000000002,-159.13,2
ORD-2025333,CUST-00493,2025-06-25,South,Consumer,1285.92,149.07,1
ORD-2025334,CUST-00531,2025-08-23,Central,Consumer,284.16,64.1,1
ORD-2025335,CUST-00556,2025-06-28,Central,Home Office,6767.9,2359.33,1
ORD-2025336,CUST-00211,2025-12-13,West,Corporate,1740.0800000000002,559.02,3
ORD-2025337,CUST-00592,2024-09-30,South,Corporate,2549.6499999999996,500.91999999999996,2
ORD-2025338,CUST-00180,2024-12-08,Central,Consumer,9132.64,2725.66,2
ORD-2025339,CUST-00668,2025-11-05,South,Corporate,8561.57,2296.81,1
ORD-2025340,CUST-00182,2024-08-30,East,Consumer,624.39,55.71,1
ORD-2025341,CUST-00570,2025-08-01,Central,Consumer,2080.73,562.19,1
ORD-2025342,CUST-00635,2024-11-29,East,Consumer,443.08,135.19,1
ORD-2025343,CUST-00155,2025-06-27,West,Consumer,2843.2,858.95,2
ORD-2025344,CUST-00196,2024-06-11,East,Consumer,803.05,332.38,2
ORD-2025345,CUST-00632,2025-02-21,West,Corporate,8694.47,1884.3,2
ORD-2025346,CUST-00068,2025-01-20,West,Home Office,1517.5,7.960000000000001,2
ORD-2025347,CUST-00156,2025-04-26,Central,Consumer,365.88,130.98,2
ORD-2025348,CUST-00380,2023-12-08,West,Home Office,3112.41,1289.14,1
ORD-2025349,CUST-00752,2024-08-19,East,Home Office,1179.52,276.24,1
ORD-2025350,CUST-00465,2024-07-17,East,Consumer,12063.88,2744.65,1
ORD-2025351,CUST-00318,2024-09-17,Central,Consumer,280.08,59.93,1
ORD-2025352,CUST-00788,2024-12-04,Central,Home Office,2696.28,828.91,1
ORD-2025353,CUST-00387,2025-04-29,East,Corporate,212.0,56.95,1
ORD-2025354,CUST-00359,2024-01-28,East,Consumer,1317.06,277.02,1
ORD-2025355,CUST-00339,2024-04-18,East,Consumer,1284.83,498.89,1
ORD-2025356,CUST-00257,2025-06-16,Central,Home Office,5285.2,-2163.9900000000002,2
ORD-2025357,CUST-00268,2025-07-03,West,Home Office,8649.77,2559.8199999999997,2
ORD-2025358,CUST-00563,2023-03-03,West,Consumer,5972.1,1569.9,1
ORD-2025359,CUST-00039,2025-04-12,West,Corporate,883.98,372.07,2
ORD-2025360,CUST-00556,2024-10-20,Central,Home Office,14848.24,6545.36,1
ORD-2025361,CUST-00167,2023-12-23,West,Corporate,911.99,226.24,2
ORD-2025362,CUST-00313,2024-05-25,East,Corporate,1332.5,281.78,1
ORD-2025363,CUST-00121,2023-11-19,West,Home Office,483.0,211.19,1
ORD-2025364,CUST-00456,2024-04-03,Central,Consumer,9512.86,2339.02,1
ORD-2025365,CUST-00598,2024-05-03,South,Consumer,6228.24,1807.33,1
ORD-2025366,CUST-00291,2025-08-18,South,Consumer,1139.4,245.85,1
ORD-2025367,CUST-00138,2023-11-12,East,Consumer,1624.0,206.17,1
ORD-2025368,CUST-00187,2025-02-19,East,Consumer,3075.05,154.89,2
ORD-2025369,CUST-00659,2025-07-01,East,Consumer,99.25,-6.6000000000000005,2
ORD-2025370,CUST-00218,2024-05-19,East,Consumer,759.0,125.07,1
ORD-2025371,CUST-00625,2025-07-13,Central,Corporate,2463.67,324.42,1
ORD-2025372,CUST-00271,2023-12-01,West,Consumer,501.2,148.85,1
ORD-2025373,CUST-00155,2023-02-20,West,Consumer,758.8,249.29,1
ORD-2025374,CUST-00596,2025-06-28,South,Consumer,23606.12,4231.15,2
ORD-2025375,CUST-00391,2024-08-13,Central,Consumer,43.11,-6.09,1
ORD-2025376,CUST-00030,2024-11-03,West,Corporate,2506.74,391.61,1
ORD-2025377,CUST-00770,2023-12-16,West,Consumer,3036.55,468.29,1
ORD-2025378,CUST-00124,2025-03-15,West,Corporate,1441.19,543.41,2
ORD-2025379,CUST-00291,2024-08-27,South,Consumer,185.5,33.3,1
ORD-2025380,CUST-00315,2025-06-25,East,Corporate,4039.84,545.69,3
ORD-2025381,CUST-00409,2025-09-02,South,Consumer,378.48,141.44,1
ORD-2025382,CUST-00637,2024-11-26,East,Consumer,20338.85,5197.71,2
ORD-2025383,CUST-00003,2025-06-25,Central,Corporate,621.0,192.57,1
ORD-2025384,CUST-00753,2025-07-16,East,Consumer,6445.62,1807.03,1
ORD-2025385,CUST-00528,2024-03-28,East,Home Office,20076.62,3461.2200000000003,2
ORD-2025386,CUST-00766,2025-04-06,South,Home Office,6027.79,1526.35,2
ORD-2025387,CUST-00658,2025-03-30,Central,Consumer,58.48,0.58,1
ORD-2025388,CUST-00749,2023-10-28,West,Consumer,3778.62,1050.5,2
ORD-2025389,CUST-00495,2023-12-01,West,Corporate,2348.8,221.01000000000002,2
ORD-2025390,CUST-00292,2025-08-16,West,Home Office,1312.32,282.88,1
ORD-2025391,CUST-00366,2025-09-13,Central,Consumer,12409.83,3840.55,1
ORD-2025392,CUST-00535,2025-04-20,Central,Corporate,3548.2,726.59,1
ORD-2025393,CUST-00355,2025-07-19,South,Corporate,1223.93,392.39,2
ORD-2025394,CUST-00599,2024-06-24,Central,Home Office,280.68,92.47,1
ORD-2025395,CUST-00072,2024-10-04,East,Consumer,24022.43,7427.38,3
ORD-2025396,CUST-00669,2024-05-12,South,Consumer,592.15,157.32,1
ORD-2025397,CUST-00170,2025-01-27,East,Consumer,1952.89,445.09,1
ORD-2025398,CUST-00761,2025-05-11,East,Consumer,2377.83,210.57,2
ORD-2025399,CUST-00133,2024-10-28,East,Consumer,749.13,-51.56,2
ORD-2025400,CUST-00105,2024-12-23,South,Consumer,278.98,97.87,1
ORD-2025401,CUST-00654,2024-09-04,South,Consumer,2521.13,630.13,1
ORD-2025402,CUST-00660,2025-11-25,West,Corporate,1858.9099999999999,527.22,2
ORD-2025403,CUST-00602,2024-01-31,South,Consumer,3315.69,573.52,1
ORD-2025404,CUST-00770,2024-03-17,West,Consumer,485.85,90.53,1
ORD-2025405,CUST-00219,2024-10-08,West,Consumer,25384.14,5609.639999999999,3
ORD-2025406,CUST-00666,2024-10-18,Central,Home Office,7132.11,2373.93,2
ORD-2025407,CUST-00288,2025-09-10,Central,Home Office,132.5,29.63,1
ORD-2025408,CUST-00441,2025-04-01,South,Consumer,78.21,14.19,1
ORD-2025409,CUST-00369,2025-07-09,East,Consumer,5465.79,1067.37,1
ORD-2025410,CUST-00003,2024-08-20,Central,Corporate,414.0,84.23,1
ORD-2025411,CUST-00475,2024-11-11,Central,Corporate,569.7,239.56,1
ORD-2025412,CUST-00611,2024-09-15,South,Corporate,1420.49,51.01,1
ORD-2025413,CUST-00145,2025-02-10,South,Consumer,63.25,1.64,1
ORD-2025414,CUST-00753,2025-02-11,East,Consumer,6740.7,2958.99,1
ORD-2025415,CUST-00437,2024-11-11,Central,Corporate,7016.19,727.82,1
ORD-2025416,CUST-00148,2024-01-04,East,Consumer,10072.92,2983.2799999999997,2
ORD-2025417,CUST-00528,2023-12-07,East,Home Office,2005.32,227.96,1
ORD-2025418,CUST-00157,2024-07-19,East,Consumer,12013.16,2482.01,1
ORD-2025419,CUST-00054,2025-10-01,West,Consumer,11960.35,4822.83,2
ORD-2025420,CUST-00561,2025-03-19,Central,Consumer,690.0,304.57,1
ORD-2025421,CUST-00090,2025-07-26,South,Corporate,196.35,9.16,1
ORD-2025422,CUST-00085,2025-05-14,Central,Consumer,1897.0,487.88,1
ORD-2025423,CUST-00602,2025-11-26,South,Consumer,8896.34,3231.2050000000004,3
ORD-2025424,CUST-00048,2023-11-21,South,Corporate,1651.44,694.77,1
ORD-2025425,CUST-00653,2025-09-08,East,Consumer,2133.84,317.24,2
ORD-2025426,CUST-00646,2025-02-09,West,Consumer,2636.0,693.05,1
ORD-2025427,CUST-00114,2025-08-04,West,Consumer,3446.2799999999997,730.25,2
ORD-2025428,CUST-00430,2024-11-28,Central,Consumer,8389.27,1405.7,3
ORD-2025429,CUST-00076,2023-07-25,West,Consumer,3789.38,830.3199999999999,2
ORD-2025430,CUST-00516,2025-06-06,East,Home Office,2411.1,402.29,1
ORD-2025431,CUST-00054,2025-05-17,West,Consumer,2276.4,948.75,1
ORD-2025432,CUST-00761,2025-07-16,East,Consumer,1063.41,179.7,1
ORD-2025433,CUST-00175,2024-02-07,Central,Home Office,344.94,56.06,1
ORD-2025434,CUST-00558,2024-12-19,South,Consumer,50.95,1.74,1
ORD-2025435,CUST-00104,2025-07-14,East,Consumer,6684.64,2851.94,1
ORD-2025436,CUST-00177,2025-05-19,Central,Home Office,5967.85,417.11,1
ORD-2025437,CUST-00377,2025-02-05,Central,Corporate,5164.72,1021.175,2
ORD-2025438,CUST-00474,2024-06-14,West,Consumer,87.82,17.92,1
ORD-2025439,CUST-00800,2023-05-23,West,Corporate,363.90999999999997,63.24,3
ORD-2025440,CUST-00026,2025-08-24,Central,Corporate,2055.04,763.79,1
ORD-2025441,CUST-00001,2025-06-13,East,Consumer,11859.76,3994.2,1
ORD-2025442,CUST-00287,2025-02-25,East,Consumer,71.55,20.48,1
ORD-2025443,CUST-00301,2025-01-01,West,Consumer,402.14,22.21,1
ORD-2025444,CUST-00708,2023-05-18,Central,Consumer,7618.33,1140.6200000000001,2
ORD-2025445,CUST-00731,2025-09-16,Central,Home Office,495.99,79.22,1
ORD-2025446,CUST-00706,2025-02-12,Central,Corporate,829.01,259.86,1
ORD-2025447,CUST-00116,2025-09-04,Central,Consumer,1420.49,49.81,1
ORD-2025448,CUST-00340,2025-04-06,South,Consumer,4031.79,965.46,1
ORD-2025449,CUST-00609,2025-07-22,South,Corporate,9432.029999999999,2411.8500000000004,2
ORD-2025450,CUST-00257,2025-01-27,Central,Home Office,41.06,16.15,1
ORD-2025451,CUST-00541,2024-11-04,Central,Consumer,9938.86,1829.86,2
ORD-2025452,CUST-00196,2024-09-02,East,Consumer,1120.32,432.1,1
ORD-2025453,CUST-00265,2023-10-13,South,Consumer,13788.7,5022.84,1
ORD-2025454,CUST-00693,2024-10-06,South,Consumer,7454.7,1668.93,1
ORD-2025455,CUST-00206,2023-05-27,West,Corporate,1205.55,254.83,1
ORD-2025456,CUST-00773,2024-04-18,East,Consumer,2368.35,502.72,1
ORD-2025457,CUST-00255,2023-12-27,Central,Home Office,93.56,18.42,1
ORD-2025458,CUST-00022,2024-07-10,West,Consumer,1078.9,-140.95,1
ORD-2025459,CUST-00211,2025-01-29,West,Corporate,414.0,165.37,1
ORD-2025460,CUST-00143,2023-08-10,West,Corporate,6854.04,1347.28,1
ORD-2025461,CUST-00420,2024-07-29,Central,Consumer,11161.57,1579.29,2
ORD-2025462,CUST-00092,2025-05-29,South,Corporate,2525.4,-868.65,1
ORD-2025463,CUST-00510,2024-10-07,East,Consumer,2413.48,779.29,2
ORD-2025464,CUST-00702,2024-10-31,Central,Consumer,16966.84,3457.4399999999996,2
ORD-2025465,CUST-00297,2025-04-08,South,Corporate,680.82,193.12,1
ORD-2025466,CUST-00141,2025-03-24,South,Home Office,3753.26,-195.69,2
ORD-2025467,CUST-00330,2024-08-03,Central,Consumer,301.40999999999997,55.43,2
ORD-2025468,CUST-00638,2023-12-12,West,Consumer,3315.69,1458.46,1
ORD-2025469,CUST-00490,2024-04-19,Central,Corporate,284.16,22.83,1
ORD-2025470,CUST-00078,2025-01-09,East,Corporate,569.43,71.11,1
ORD-2025471,CUST-00441,2023-10-10,South,Consumer,1253.9099999999999,209.51,2
ORD-2025472,CUST-00390,2025-09-08,East,Corporate,15966.9,4015.22,1
ORD-2025473,CUST-00269,2025-07-03,Central,Consumer,63.0,10.74,1
ORD-2025474,CUST-00090,2024-11-02,South,Corporate,1385.1399999999999,351.26,2
ORD-2025475,CUST-00789,2024-10-29,Central,Consumer,3619.48,1477.4099999999999,3
ORD-2025476,CUST-00146,2024-04-01,South,Consumer,7775.7,2154.29,3
ORD-2025477,CUST-00159,2024-06-06,Central,Corporate,814.7,301.56,1
ORD-2025478,CUST-00119,2025-10-12,East,Consumer,205.3,78.34,1
ORD-2025479,CUST-00472,2023-11-28,South,Consumer,6224.99,2100.71,2
ORD-2025480,CUST-00366,2023-11-09,Central,Consumer,514.16,-77.78,2
ORD-2025481,CUST-00205,2025-05-13,West,Home Office,5322.3,-1563.8,1
ORD-2025482,CUST-00357,2023-09-21,East,Consumer,3605.9399999999996,507.92,2
ORD-2025483,CUST-00551,2024-02-22,South,Consumer,835.58,179.45,1
ORD-2025484,CUST-00230,2023-12-11,East,Corporate,8624.27,1748.3799999999999,3
ORD-2025485,CUST-00736,2024-09-13,Central,Consumer,12247.109999999999,2961.41,2
ORD-2025486,CUST-00255,2024-04-06,Central,Home Office,1008.63,306.35,1
ORD-2025487,CUST-00165,2024-09-17,West,Corporate,430.12,51.41,2
ORD-2025488,CUST-00768,2024-12-18,West,Consumer,631.17,111.61,2
ORD-2025489,CUST-00653,2025-08-22,East,Consumer,15754.23,5684.0199999999995,2
ORD-2025490,CUST-00280,2023-07-14,East,Consumer,3288.84,1444.92,1
ORD-2025491,CUST-00679,2023-11-12,Central,Corporate,608.76,106.41,2
ORD-2025492,CUST-00430,2024-05-21,Central,Consumer,11826.58,2613.48,2
ORD-2025493,CUST-00284,2025-07-26,West,Consumer,11899.68,2632.51,3
ORD-2025494,CUST-00678,2025-04-08,East,Consumer,288.18,50.13,1
ORD-2025495,CUST-00613,2025-02-11,South,Consumer,2673.04,-828.44,1
ORD-2025496,CUST-00245,2025-05-12,Central,Corporate,1214.27,292.84,2
ORD-2025497,CUST-00500,2024-08-15,West,Consumer,656.16,256.95,1
ORD-2025498,CUST-00302,2025-06-24,South,Consumer,8314.89,1005.86,1
ORD-2025499,CUST-00001,2025-06-14,East,Consumer,3222.81,841.53,1
ORD-2025500,CUST-00772,2024-05-18,South,Corporate,1869.52,502.84000000000003,2
ORD-2025501,CUST-00453,2023-11-17,West,Home Office,1316.15,405.19,1
ORD-2025502,CUST-00494,2024-08-24,Central,Consumer,345.0,55.59,1
ORD-2025503,CUST-00495,2024-12-13,West,Corporate,276.0,86.91,1
ORD-2025504,CUST-00454,2024-03-03,East,Home Office,560.16,202.6,1
ORD-2025505,CUST-00236,2023-09-13,Central,Consumer,733.23,164.24,1
ORD-2025506,CUST-00782,2023-11-13,Central,Consumer,323.06,35.2,1
ORD-2025507,CUST-00508,2024-02-10,East,Consumer,319.96,89.56,1
ORD-2025508,CUST-00547,2023-06-21,West,Corporate,4752.06,507.32,1
ORD-2025509,CUST-00379,2025-09-30,West,Corporate,10555.89,880.19,1
ORD-2025510,CUST-00234,2024-12-25,South,Consumer,12.07,260.34000000000003,2
ORD-2025511,CUST-00055,2024-07-08,West,Consumer,5326.8,2224.92,2
ORD-2025512,CUST-00287,2025-01-14,East,Consumer,2961.12,493.23,1
ORD-2025513,CUST-00146,2025-04-12,South,Consumer,9268.82,3284.0299999999997,2
ORD-2025514,CUST-00540,2025-05-13,East,Consumer,2717.96,633.05,1
ORD-2025515,CUST-00705,2025-04-25,East,Consumer,6894.35,3036.74,1
ORD-2025516,CUST-00252,2025-08-09,West,Home Office,1847.52,737.97,2
ORD-2025517,CUST-00273,2024-08-16,East,Home Office,669.63,44.0,2
ORD-2025518,CUST-00547,2023-12-05,West,Corporate,78.21,33.69,1
ORD-2025519,CUST-00126,2025-10-10,Central,Consumer,4044.42,1582.36,1
ORD-2025520,CUST-00752,2025-06-06,East,Home Office,30.81,45.66,1
ORD-2025521,CUST-00300,2024-06-02,East,Consumer,957.07,64.48,1
ORD-2025522,CUST-00078,2024-08-29,East,Corporate,15413.359999999999,5552.87,2
ORD-2025523,CUST-00145,2024-12-27,South,Consumer,1193.94,344.29,2
ORD-2025524,CUST-00753,2024-05-06,East,Consumer,345.0,131.18,1
ORD-2025525,CUST-00203,2024-10-27,West,Home Office,84.54,33.8,1
ORD-2025526,CUST-00540,2023-07-31,East,Consumer,6684.64,1402.42,1
ORD-2025527,CUST-00133,2024-02-14,East,Consumer,401.82,114.78,2
ORD-2025528,CUST-00161,2025-04-09,South,Consumer,2859.44,-255.36,1
ORD-2025529,CUST-00705,2025-03-31,East,Consumer,5972.1,1047.76,1
ORD-2025530,CUST-00124,2024-04-08,West,Corporate,522.44,187.44,1
ORD-2025531,CUST-00016,2024-07-28,South,Consumer,411.01,128.25,1
ORD-2025532,CUST-00415,2024-09-18,East,Consumer,442.35,85.4,1
ORD-2025533,CUST-00694,2023-12-17,South,Consumer,13179.94,2606.03,1
ORD-2025534,CUST-00268,2024-12-30,West,Home Office,542.48,185.39999999999998,3
ORD-2025535,CUST-00104,2025-06-01,East,Consumer,1480.56,460.54,1
ORD-2025536,CUST-00789,2024-07-29,Central,Consumer,1424.6399999999999,427.3,2
ORD-2025537,CUST-00554,2025-05-25,West,Consumer,5583.82,946.0400000000001,2
ORD-2025538,CUST-00688,2025-05-23,Central,Corporate,8826.69,2682.4700000000003,2
ORD-2025539,CUST-00613,2025-12-14,South,Consumer,2004.78,512.15,1
ORD-2025540,CUST-00570,2025-10-11,Central,Consumer,355.29,153.93,1
ORD-2025541,CUST-00314,2024-04-01,West,Home Office,4029.4300000000003,1447.05,2
ORD-2025542,CUST-00267,2024-10-20,West,Corporate,329.5,54.87,1
ORD-2025543,CUST-00586,2025-10-10,South,Home Office,3552.59,926.69,1
ORD-2025544,CUST-00586,2024-08-28,South,Home Office,4578.08,1706.0900000000001,2
ORD-2025545,CUST-00766,2025-08-13,South,Home Office,2675.97,803.79,1
ORD-2025546,CUST-00471,2025-06-05,Central,Corporate,6487.75,2224.62,1
ORD-2025547,CUST-00240,2023-12-04,Central,Home Office,8967.94,2758.3,2
ORD-2025548,CUST-00409,2023-09-19,South,Consumer,621.8,94.81,2
ORD-2025549,CUST-00504,2024-03-22,South,Consumer,1811.35,413.96999999999997,2
ORD-2025550,CUST-00355,2025-01-30,South,Corporate,5448.83,1056.27,3
ORD-2025551,CUST-00642,2025-07-18,South,Corporate,1584.29,609.86,3
ORD-2025552,CUST-00485,2025-05-29,West,Consumer,4988.52,1230.43,2
ORD-2025553,CUST-00006,2025-11-04,South,Home Office,1410.1100000000001,376.53,2
ORD-2025554,CUST-00472,2025-08-31,South,Consumer,2291.84,341.98,1
ORD-2025555,CUST-00518,2024-02-04,East,Consumer,78.84,24.59,1
ORD-2025556,CUST-00736,2024-05-15,Central,Consumer,3370.35,1425.6,1
ORD-2025557,CUST-00343,2025-09-11,Central,Home Office,2736.63,881.54,2
ORD-2025558,CUST-00475,2023-06-24,Central,Corporate,1012.36,82.81,2
ORD-2025559,CUST-00396,2024-08-09,South,Consumer,1078.16,378.67,1
ORD-2025560,CUST-00438,2023-12-20,South,Home Office,78.21,20.48,1
ORD-2025561,CUST-00057,2024-02-24,Central,Home Office,7096.4,1905.53,1
ORD-2025562,CUST-00718,2025-02-17,West,Corporate,680.82,129.59,1
ORD-2025563,CUST-00730,2025-02-07,Central,Home Office,1693.97,343.32,2
ORD-2025564,CUST-00452,2024-06-04,South,Consumer,6318.9,1416.28,1
ORD-2025565,CUST-00460,2025-04-13,East,Consumer,16161.75,5431.96,3
ORD-2025566,CUST-00051,2025-06-23,South,Consumer,88.68,13.51,1
ORD-2025567,CUST-00494,2024-12-29,Central,Consumer,7488.6,2241.32,1
ORD-2025568,CUST-00357,2023-08-15,East,Consumer,10265.3,3207.91,1
ORD-2025569,CUST-00578,2024-07-02,Central,Consumer,335.64,111.81,2
ORD-2025570,CUST-00044,2024-12-25,West,Consumer,8993.81,3025.84,1
ORD-2025571,CUST-00580,2025-06-25,East,Consumer,205.32,-28.46,1
ORD-2025572,CUST-00234,2025-08-28,South,Consumer,6487.75,-3550.82,1
ORD-2025573,CUST-00532,2023-11-08,East,Consumer,6018.14,2501.02,2
ORD-2025574,CUST-00510,2024-01-25,East,Consumer,1296.81,386.06,1
ORD-2025575,CUST-00187,2025-07-30,East,Consumer,13660.57,300.94,1
ORD-2025576,CUST-00364,2025-02-16,South,Consumer,182.49,51.53,1
ORD-2025577,CUST-00675,2024-07-21,Central,Home Office,2118.6,608.24,1
ORD-2025578,CUST-00499,2024-06-17,South,Consumer,821.02,266.06,2
ORD-2025579,CUST-00057,2024-11-04,Central,Home Office,743.8100000000001,186.35999999999999,2
ORD-2025580,CUST-00366,2024-11-19,Central,Consumer,216.81,63.61,1
ORD-2025581,CUST-00257,2025-05-25,Central,Home Office,2155.38,653.4,2
ORD-2025582,CUST-00527,2024-07-23,South,Consumer,6445.62,2600.1,1
ORD-2025583,CUST-00504,2024-11-21,South,Consumer,4464.24,800.22,3
ORD-2025584,CUST-00006,2024-11-25,South,Home Office,2.12,0.49,1
ORD-2025585,CUST-00501,2024-08-02,East,Consumer,0.0,846.44,1
ORD-2025586,CUST-00600,2023-12-06,Central,Consumer,3715.6899999999996,1129.1,2
ORD-2025587,CUST-00622,2024-06-16,West,Corporate,656.73,198.60000000000002,2
ORD-2025588,CUST-00051,2024-12-06,South,Consumer,6734.4,1368.59,1
ORD-2025589,CUST-00252,2024-01-26,West,Home Office,1378.87,540.14,1
ORD-2025590,CUST-00348,2024-12-03,South,Consumer,467.22999999999996,182.47,2
ORD-2025591,CUST-00148,2024-10-19,East,Consumer,26.07,4.89,1
ORD-2025592,CUST-00348,2025-05-02,South,Consumer,942.32,306.16,1
ORD-2025593,CUST-00060,2024-04-07,Central,Corporate,5013.48,1472.18,1
ORD-2025594,CUST-00092,2024-08-14,South,Corporate,509.38,152.37,2
ORD-2025595,CUST-00547,2025-01-31,West,Corporate,447.94,-13.73,1
ORD-2025596,CUST-00215,2025-11-10,Central,Consumer,1882.8,679.12,1
ORD-2025597,CUST-00580,2025-06-12,East,Consumer,11677.95,3503.39,1
ORD-2025598,CUST-00044,2024-01-03,West,Consumer,412.11,32.36,2
ORD-2025599,CUST-00466,2024-02-24,South,Home Office,951.29,-11.69,1
ORD-2025600,CUST-00321,2023-09-27,West,Consumer,267.44,98.95,1
ORD-2025601,CUST-00646,2024-12-23,West,Consumer,878.8,359.2,1
ORD-2025602,CUST-00635,2025-03-23,East,Consumer,479.94,190.76,1
ORD-2025603,CUST-00309,2025-01-05,West,Consumer,1421.01,251.72,1
ORD-2025604,CUST-00508,2025-06-28,East,Consumer,12387.18,3562.23,2
ORD-2025605,CUST-00187,2024-12-10,East,Consumer,26.07,8.18,1
ORD-2025606,CUST-00480,2025-02-20,East,Corporate,10614.130000000001,1873.7700000000002,2
ORD-2025607,CUST-00066,2024-08-04,West,Corporate,1115.47,47.34,1
ORD-2025608,CUST-00359,2025-08-02,East,Consumer,284.96,92.76,2
ORD-2025609,CUST-00149,2024-11-30,South,Corporate,2387.14,761.44,1
ORD-2025610,CUST-00707,2024-05-08,East,Consumer,775.73,190.38,2
ORD-2025611,CUST-00368,2023-06-19,West,Consumer,10380.4,4189.09,1
ORD-2025612,CUST-00490,2025-04-02,Central,Corporate,3250.5499999999997,896.01,2
ORD-2025613,CUST-00294,2024-04-23,West,Consumer,2010.33,540.39,1
ORD-2025614,CUST-00235,2025-08-02,West,Consumer,2004.78,332.1,1
ORD-2025615,CUST-00168,2025-06-18,East,Consumer,929.68,154.06,1
ORD-2025616,CUST-00730,2024-12-01,Central,Home Office,2542.32,1055.87,1
ORD-2025617,CUST-00648,2025-07-30,Central,Corporate,6680.41,2882.37,1
ORD-2025618,CUST-00108,2025-06-13,Central,Corporate,382.33,-39.74,2
ORD-2025619,CUST-00610,2025-02-08,South,Consumer,216.43,-39.42,1
ORD-2025620,CUST-00347,2025-02-11,South,Consumer,159.0,25.51,1
ORD-2025621,CUST-00012,2024-02-25,South,Corporate,6134.13,2357.3,2
ORD-2025622,CUST-00436,2024-09-30,East,Corporate,12047.56,3393.68,2
ORD-2025623,CUST-00105,2024-12-02,South,Consumer,3008.09,242.02,1
ORD-2025624,CUST-00177,2023-12-04,Central,Home Office,4328.56,731.4399999999999,2
ORD-2025625,CUST-00570,2025-09-21,Central,Consumer,1148.28,187.77,1
ORD-2025626,CUST-00211,2024-02-15,West,Corporate,4251.91,913.78,3
ORD-2025627,CUST-00715,2024-07-21,South,Home Office,75.6,13.22,1
ORD-2025628,CUST-00535,2023-07-07,Central,Corporate,6.36,-0.12,1
ORD-2025629,CUST-00671,2023-07-06,South,Home Office,14827.43,5158.32,1
ORD-2025630,CUST-00504,2024-02-22,South,Consumer,11699.77,5073.91,2
ORD-2025631,CUST-00697,2025-08-22,Central,Consumer,329.55,72.05,1
ORD-2025632,CUST-00297,2024-11-21,South,Corporate,671.74,228.01999999999998,2
ORD-2025633,CUST-00453,2025-07-23,West,Home Office,6183.54,2011.36,2
ORD-2025634,CUST-00428,2023-10-02,South,Consumer,806.9,225.3,1
ORD-2025635,CUST-00723,2024-01-19,South,Corporate,197.1,35.95,1
ORD-2025636,CUST-00139,2024-09-09,West,Consumer,42.25,8.16,1
ORD-2025637,CUST-00480,2025-08-30,East,Corporate,13072.480000000001,2854.34,2
ORD-2025638,CUST-00615,2025-04-30,Central,Consumer,90.54,8.06,1
ORD-2025639,CUST-00302,2024-01-23,South,Consumer,895.29,223.37,2
ORD-2025640,CUST-00697,2024-12-06,Central,Consumer,78.21,32.09,1
ORD-2025641,CUST-00305,2025-07-18,Central,Consumer,358.95,69.39,1
ORD-2025642,CUST-00144,2024-08-24,West,Home Office,135.87,9.03,1
ORD-2025643,CUST-00485,2025-03-04,West,Consumer,6151.3,2673.89,1
ORD-2025644,CUST-00348,2025-11-19,South,Consumer,3268.9,1013.52,1
ORD-2025645,CUST-00012,2024-03-12,South,Corporate,4385.12,1188.36,1
ORD-2025646,CUST-00058,2024-10-21,East,Consumer,6775.01,831.62,2
ORD-2025647,CUST-00162,2024-12-11,Central,Consumer,3341.3,1268.82,1
ORD-2025648,CUST-00622,2025-01-21,West,Corporate,24025.78,4867.389999999999,2
ORD-2025649,CUST-00715,2024-12-31,South,Home Office,853.82,48.11,1
ORD-2025650,CUST-00451,2024-03-21,South,Consumer,1415.52,506.44,1
ORD-2025651,CUST-00085,2025-04-15,Central,Consumer,1694.88,649.48,1
ORD-2025652,CUST-00440,2025-04-11,West,Consumer,6167.18,-1622.16,2
ORD-2025653,CUST-00691,2024-12-09,South,Consumer,3690.78,-437.92,1
ORD-2025654,CUST-00611,2025-10-16,South,Corporate,3030.1099999999997,1067.6399999999999,2
ORD-2025655,CUST-00236,2025-08-18,Central,Consumer,8280.82,-809.3000000000002,3
ORD-2025656,CUST-00103,2024-04-04,South,Home Office,2250.36,681.17,1
ORD-2025657,CUST-00721,2025-09-22,East,Corporate,197.56,36.24,1
ORD-2025658,CUST-00691,2024-10-31,South,Consumer,124.2,24.19,1
ORD-2025659,CUST-00047,2025-05-27,West,Home Office,3736.84,484.39,2
ORD-2025660,CUST-00665,2024-11-05,Central,Consumer,634.43,256.81,1
ORD-2025661,CUST-00077,2024-02-27,West,Consumer,4104.84,1150.67,1
ORD-2025662,CUST-00054,2024-11-11,West,Consumer,2080.0,293.66,2
ORD-2025663,CUST-00619,2023-11-24,East,Consumer,5849.06,1831.5,1
ORD-2025664,CUST-00441,2025-04-15,South,Consumer,100.66,1.19,1
ORD-2025665,CUST-00344,2025-08-30,Central,Consumer,8369.710000000001,1808.2099999999998,2
ORD-2025666,CUST-00723,2025-08-09,South,Corporate,7006.77,2372.62,1
ORD-2025667,CUST-00678,2025-03-14,East,Consumer,5190.2,2305.69,1
ORD-2025668,CUST-00051,2025-06-16,South,Consumer,265.39,29.59,1
ORD-2025669,CUST-00505,2025-08-27,West,Home Office,1914.3899999999999,371.52,2
ORD-2025670,CUST-00624,2023-12-03,West,Consumer,3496.2799999999997,722.28,2
ORD-2025671,CUST-00454,2024-10-07,East,Home Office,653.19,45.57,1
ORD-2025672,CUST-00790,2024-09-08,East,Corporate,1848.0,591.61,2
ORD-2025673,CUST-00562,2024-12-30,East,Consumer,210.82,46.76,1
ORD-2025674,CUST-00083,2024-07-11,East,Corporate,428.25,131.23,1
ORD-2025675,CUST-00165,2024-05-19,West,Corporate,3726.62,1119.42,2
ORD-2025676,CUST-00666,2025-03-12,Central,Home Office,109.17,43.82,1
ORD-2025677,CUST-00798,2025-03-13,West,Corporate,9043.44,1650.39,2
ORD-2025678,CUST-00077,2025-12-06,West,Consumer,896.17,269.63,1
ORD-2025679,CUST-00077,2024-12-13,West,Consumer,166.21,58.47,1
ORD-2025680,CUST-00621,2025-06-03,West,Home Office,435.82,65.63,2
ORD-2025681,CUST-00055,2025-06-29,West,Consumer,1100.94,291.74,2
ORD-2025682,CUST-00057,2024-01-11,Central,Home Office,273.46,22.23,1
ORD-2025683,CUST-00711,2024-07-10,Central,Consumer,3876.61,1704.99,2
ORD-2025684,CUST-00648,2024-03-09,Central,Corporate,2118.6,587.51,1
ORD-2025685,CUST-00707,2024-05-31,East,Consumer,8870.5,1489.11,1
ORD-2025686,CUST-00531,2025-06-17,Central,Consumer,98.42,-14.58,1
ORD-2025687,CUST-00264,2025-08-04,South,Consumer,111.69,25.45,1
ORD-2025688,CUST-00726,2024-06-09,East,Corporate,1262.27,359.07,1
ORD-2025689,CUST-00247,2025-07-17,South,Consumer,8327.79,1404.05,2
ORD-2025690,CUST-00224,2023-12-16,East,Consumer,8153.88,2551.93,1
ORD-2025691,CUST-00711,2024-10-06,Central,Consumer,1279.84,415.15,1
ORD-2025692,CUST-00555,2023-12-19,South,Home Office,2568.2799999999997,401.16,2
ORD-2025693,CUST-00718,2024-12-14,West,Corporate,3885.47,756.4200000000001,2
ORD-2025694,CUST-00133,2025-07-01,East,Consumer,3813.48,1295.99,1
ORD-2025695,CUST-00766,2025-03-16,South,Home Office,138.5,28.46,1
ORD-2025696,CUST-00503,2023-04-13,South,Consumer,419.32,25.060000000000002,2
ORD-2025697,CUST-00547,2025-05-16,West,Corporate,654.92,178.8,1
ORD-2025698,CUST-00733,2025-07-06,South,Consumer,5515.48,2247.41,1
ORD-2025699,CUST-00311,2025-09-14,Central,Home Office,60.17,8.4,1
ORD-2025700,CUST-00590,2023-11-21,South,Corporate,16553.129999999997,6458.31,2
ORD-2025701,CUST-00525,2024-11-01,West,Consumer,2506.74,737.51,1
ORD-2025702,CUST-00639,2025-06-24,South,Consumer,10107.189999999999,3601.15,2
ORD-2025703,CUST-00718,2024-09-02,West,Corporate,12892.43,923.44,1
ORD-2025704,CUST-00554,2025-10-09,West,Consumer,1938.04,-1074.71,2
ORD-2025705,CUST-00057,2023-12-26,Central,Home Office,1425.1699999999998,47.84,2
ORD-2025706,CUST-00150,2023-11-20,East,Consumer,1284.4,706.15,1
ORD-2025707,CUST-00768,2024-04-16,West,Consumer,3434.7700000000004,551.8,2
ORD-2025708,CUST-00777,2025-09-25,West,Consumer,34.4,13.45,1
ORD-2025709,CUST-00776,2024-03-14,South,Corporate,16.1,-1.0,1
ORD-2025710,CUST-00037,2023-12-28,South,Consumer,1208.35,364.52,1
ORD-2025711,CUST-00311,2025-01-11,Central,Home Office,599.55,237.09,1
ORD-2025712,CUST-00619,2025-02-16,East,Consumer,59.12,19.04,1
ORD-2025713,CUST-00614,2025-04-30,West,Home Office,6681.28,-3148.77,1
ORD-2025714,CUST-00068,2024-08-05,West,Home Office,4502.74,1973.1000000000001,2
ORD-2025715,CUST-00503,2024-08-23,South,Consumer,8703.66,3273.89,2
ORD-2025716,CUST-00116,2023-12-11,Central,Consumer,599.55,196.28,1
ORD-2025717,CUST-00410,2024-07-10,East,Home Office,9668.43,1524.99,1
ORD-2025718,CUST-00198,2025-10-30,East,Corporate,358.0,65.36,1
ORD-2025719,CUST-00045,2024-12-17,East,Consumer,710.52,274.43,1
ORD-2025720,CUST-00066,2025-04-12,West,Corporate,1036.7,142.23000000000002,2
ORD-2025721,CUST-00730,2024-12-21,Central,Home Office,14410.73,3927.75,3
ORD-2025722,CUST-00608,2024-05-20,Central,Consumer,504.22,174.13,2
ORD-2025723,CUST-00753,2024-05-23,East,Consumer,85.35,17.2,2
ORD-2025724,CUST-00392,2025-05-27,East,Consumer,1026.53,316.98,1
ORD-2025725,CUST-00343,2025-05-25,Central,Home Office,67.58,13.76,1
ORD-2025726,CUST-00292,2025-04-27,West,Home Office,3854.49,1206.97,1
ORD-2025727,CUST-00506,2024-09-28,West,Corporate,103.46,41.2,1
ORD-2025728,CUST-00288,2024-08-05,Central,Home Office,943.68,308.18,1
ORD-2025729,CUST-00609,2024-02-13,South,Corporate,421.64,106.38,1
ORD-2025730,CUST-00649,2024-12-29,South,Home Office,58.1,-26.03,1
ORD-2025731,CUST-00703,2025-06-21,East,Corporate,8167.61,2900.71,1
ORD-2025732,CUST-00202,2025-03-30,South,Corporate,1258.48,3.43,1
ORD-2025733,CUST-00436,2025-04-24,East,Corporate,308.34,57.49,1
ORD-2025734,CUST-00183,2024-02-19,West,Consumer,3789.36,757.44,1
ORD-2025735,CUST-00037,2024-07-03,South,Consumer,3253.8500000000004,667.29,2
ORD-2025736,CUST-00578,2023-10-29,Central,Consumer,911.52,305.48,1
ORD-2025737,CUST-00453,2023-08-30,West,Home Office,8869.99,3345.29,2
ORD-2025738,CUST-00593,2025-05-06,East,Corporate,79.81,25.31,1
ORD-2025739,CUST-00069,2025-06-26,East,Consumer,106.01,11.47,1
ORD-2025740,CUST-00797,2025-04-11,South,Consumer,3222.81,572.69,1
ORD-2025741,CUST-00796,2025-01-18,West,Consumer,640.18,220.42000000000002,2
ORD-2025742,CUST-00387,2024-10-07,East,Corporate,3488.5299999999997,788.91,2
ORD-2025743,CUST-00695,2023-06-14,East,Corporate,94.23,21.94,1
ORD-2025744,CUST-00202,2025-07-12,South,Corporate,9866.52,3898.08,1
ORD-2025745,CUST-00600,2024-12-18,Central,Consumer,1873.6799999999998,602.8100000000001,2
ORD-2025746,CUST-00705,2025-01-06,East,Consumer,10162.65,2336.03,1
ORD-2025747,CUST-00656,2025-06-12,Central,Corporate,7673.96,1241.54,1
ORD-2025748,CUST-00654,2024-12-28,South,Consumer,7345.56,1895.6399999999999,3
ORD-2025749,CUST-00387,2025-09-07,East,Corporate,432.48,125.06,2
ORD-2025750,CUST-00661,2025-02-06,East,Home Office,6104.18,-458.38,2
ORD-2025751,CUST-00565,2025-07-04,South,Home Office,11030.96,4177.06,1
ORD-2025752,CUST-00107,2025-04-05,South,Consumer,803.7,144.41,1
ORD-2025753,CUST-00093,2025-05-07,South,Corporate,13.3,3.67,1
ORD-2025754,CUST-00624,2025-09-19,West,Consumer,998.4100000000001,321.84000000000003,2
ORD-2025755,CUST-00509,2024-11-04,West,Consumer,162.94,26.74,1
ORD-2025756,CUST-00430,2025-02-20,Central,Consumer,14482.380000000001,343.36000000000007,2
ORD-2025757,CUST-00726,2025-03-10,East,Corporate,1683.6,696.4,1
ORD-2025758,CUST-00537,2024-09-14,West,Home Office,2214.47,709.4,1
ORD-2025759,CUST-00326,2024-12-30,East,Consumer,1621.84,298.59,1
ORD-2025760,CUST-00343,2024-03-08,Central,Home Office,1587.41,396.42,2
ORD-2025761,CUST-00499,2025-11-30,South,Consumer,1762.05,316.42999999999995,2
ORD-2025762,CUST-00619,2025-08-20,East,Consumer,4340.150000000001,1365.71,2
ORD-2025763,CUST-00467,2025-10-22,East,Home Office,1199.3,213.70999999999998,2
ORD-2025764,CUST-00421,2025-06-22,South,Consumer,288.18,129.44,1
ORD-2025765,CUST-00596,2025-03-16,South,Consumer,603.99,84.55,1
ORD-2025766,CUST-00576,2025-05-19,West,Corporate,2000.84,731.03,1
ORD-2025767,CUST-00669,2025-07-17,South,Consumer,4619.38,1390.8,1
ORD-2025768,CUST-00054,2025-07-05,West,Consumer,981.96,389.15000000000003,2
ORD-2025769,CUST-00616,2025-02-28,Central,Consumer,4325.82,1037.82,2
ORD-2025770,CUST-00426,2024-11-02,East,Consumer,5548.48,1098.97,2
ORD-2025771,CUST-00061,2024-02-29,South,Corporate,6684.64,-0.63,1
ORD-2025772,CUST-00554,2025-07-28,West,Consumer,3657.08,-104.41,1
ORD-2025773,CUST-00586,2024-03-14,South,Home Office,2592.1099999999997,418.51,3
ORD-2025774,CUST-00433,2024-05-11,South,Consumer,1671.16,731.87,1
ORD-2025775,CUST-00644,2025-04-06,West,Corporate,704.66,47.05,1
ORD-2025776,CUST-00248,2025-09-22,West,Consumer,225.45,51.0,1
ORD-2025777,CUST-00167,2023-08-14,West,Corporate,3079.59,543.28,1
ORD-2025778,CUST-00287,2023-09-01,East,Consumer,6607.0,2158.03,2
ORD-2025779,CUST-00338,2024-05-20,West,Consumer,6978.73,2703.87,1
ORD-2025780,CUST-00570,2024-08-30,Central,Consumer,1391.05,404.24,2
ORD-2025781,CUST-00682,2024-02-17,East,Home Office,7723.1,1543.89,1
ORD-2025782,CUST-00591,2024-12-15,South,Corporate,118.42,43.67,1
ORD-2025783,CUST-00144,2025-03-18,West,Home Office,10.6,1.7,1
ORD-2025784,CUST-00301,2025-05-24,West,Consumer,153.3,45.26,1
ORD-2025785,CUST-00134,2025-10-12,Central,Corporate,1039.42,209.54000000000002,2
ORD-2025786,CUST-00562,2025-03-23,East,Consumer,160.96,54.0,1
ORD-2025787,CUST-00203,2024-11-27,West,Home Office,3367.2,866.17,1
ORD-2025788,CUST-00435,2024-06-05,West,Corporate,2851.09,1034.96,2
ORD-2025789,CUST-00642,2023-03-06,South,Corporate,6073.1,1791.83,1
ORD-2025790,CUST-00547,2024-11-22,West,Corporate,123.24,23.35,1
ORD-2025791,CUST-00246,2024-11-22,East,Home Office,12059.08,5165.37,1
ORD-2025792,CUST-00272,2024-05-06,East,Corporate,759.22,215.11,3
ORD-2025793,CUST-00533,2024-08-07,East,Consumer,4679.25,356.3,1
ORD-2025794,CUST-00453,2025-01-14,West,Home Office,2527.56,612.76,1
ORD-2025795,CUST-00076,2024-04-28,West,Consumer,8485.68,3196.59,2
ORD-2025796,CUST-00701,2024-06-08,Central,Consumer,702.1,241.91,1
ORD-2025797,CUST-00425,2025-10-20,West,Corporate,12.72,3.23,1
ORD-2025798,CUST-00396,2024-05-17,South,Consumer,184.86,35.49,1
ORD-2025799,CUST-00165,2023-12-24,West,Corporate,3297.92,1001.18,3
ORD-2025800,CUST-00310,2024-11-29,East,Consumer,1184.3600000000001,304.73,2
ORD-2025801,CUST-00272,2024-10-15,East,Corporate,346.25,101.28,1
ORD-2025802,CUST-00219,2024-05-27,West,Consumer,3624.5,726.84,1
ORD-2025803,CUST-00469,2024-12-23,East,Consumer,770.64,282.61,1
ORD-2025804,CUST-00387,2023-08-20,East,Corporate,3225.1299999999997,547.72,2
ORD-2025805,CUST-00711,2025-05-13,Central,Consumer,7991.0,2511.84,2
ORD-2025806,CUST-00759,2025-01-02,East,Consumer,1264.9,275.97,2
ORD-2025807,CUST-00182,2025-06-19,East,Consumer,2969.46,465.9,1
ORD-2025808,CUST-00077,2023-04-04,West,Consumer,3239.62,556.45,1
ORD-2025809,CUST-00637,2024-05-15,East,Consumer,311.24,-48.5,1
ORD-2025810,CUST-00796,2025-04-29,West,Consumer,3340.79,92.35,2
ORD-2025811,CUST-00694,2025-02-05,South,Consumer,3544.7,749.81,1
ORD-2025812,CUST-00022,2025-08-05,West,Consumer,970.34,243.24,1
ORD-2025813,CUST-00207,2024-03-22,South,Home Office,757.89,237.33,2
ORD-2025814,CUST-00040,2025-06-24,Central,Corporate,335.09000000000003,63.370000000000005,2
ORD-2025815,CUST-00661,2025-06-19,East,Home Office,1003.56,406.23,2
ORD-2025816,CUST-00481,2025-06-02,West,Consumer,3548.2,1074.22,1
ORD-2025817,CUST-00426,2025-05-24,East,Consumer,2055.04,872.24,1
ORD-2025818,CUST-00457,2024-01-20,East,Corporate,4310.25,720.7,2
ORD-2025819,CUST-00208,2024-01-17,South,Consumer,471.84,150.42,1
ORD-2025820,CUST-00495,2025-09-27,West,Corporate,5241.87,2115.34,2
ORD-2025821,CUST-00029,2024-02-15,Central,Consumer,234.6,17.71,1
ORD-2025822,CUST-00528,2023-10-27,East,Home Office,3108.8900000000003,369.70000000000005,2
ORD-2025823,CUST-00600,2024-10-12,Central,Consumer,17972.64,7209.25,2
ORD-2025824,CUST-00550,2025-02-20,Central,Consumer,688.9300000000001,128.20999999999998,2
ORD-2025825,CUST-00272,2024-04-22,East,Corporate,583.98,137.19,2
ORD-2025826,CUST-00666,2025-04-11,Central,Home Office,561.48,163.74,2
ORD-2025827,CUST-00584,2024-11-23,East,Consumer,12844.0,3410.23,2
ORD-2025828,CUST-00104,2025-01-05,East,Consumer,12095.37,3642.96,1
ORD-2025829,CUST-00162,2025-07-05,Central,Consumer,402.8,103.21,1
ORD-2025830,CUST-00523,2024-11-21,East,Corporate,546.91,-112.8,1
ORD-2025831,CUST-00235,2025-08-21,West,Consumer,2986.05,975.03,1
ORD-2025832,CUST-00098,2025-05-29,Central,Corporate,1567.32,544.47,1
ORD-2025833,CUST-00133,2025-06-22,East,Consumer,403.45,141.16,1
ORD-2025834,CUST-00140,2024-05-16,West,Corporate,1279.28,65.65,2
ORD-2025835,CUST-00399,2025-10-05,West,Corporate,1772.35,406.86,1
ORD-2025836,CUST-00500,2024-07-26,West,Consumer,345.0,58.94,1
ORD-2025837,CUST-00146,2025-08-23,South,Consumer,690.0,246.13,1
ORD-2025838,CUST-00581,2024-09-18,East,Home Office,567.46,65.71000000000001,2
ORD-2025839,CUST-00230,2025-11-07,East,Corporate,212.9,80.14,1
ORD-2025840,CUST-00257,2023-12-22,Central,Home Office,9878.56,2364.23,2
ORD-2025841,CUST-00183,2024-09-30,West,Consumer,14273.05,4495.25,1
ORD-2025842,CUST-00637,2025-04-10,East,Consumer,3101.49,724.5899999999999,2
ORD-2025843,CUST-00770,2024-08-17,West,Consumer,11167.789999999999,4380.96,2
ORD-2025844,CUST-00410,2024-07-07,East,Home Office,3892.65,898.85,1
ORD-2025845,CUST-00039,2025-09-09,West,Corporate,1232.15,391.59000000000003,2
ORD-2025846,CUST-00213,2024-10-20,South,Home Office,942.32,370.9,1
ORD-2025847,CUST-00134,2025-11-08,Central,Corporate,687.43,131.6,2
ORD-2025848,CUST-00681,2023-09-21,Central,Consumer,5264.15,730.47,1
ORD-2025849,CUST-00068,2025-06-23,West,Home Office,1605.3100000000002,258.3,2
ORD-2025850,CUST-00775,2024-01-03,South,Consumer,9082.85,2063.99,1
ORD-2025851,CUST-00488,2023-06-11,Central,Consumer,1668.99,358.31,2
ORD-2025852,CUST-00429,2025-05-20,East,Home Office,163.04,-45.74,1
ORD-2025853,CUST-00684,2024-12-13,South,Corporate,11208.66,2122.2,2
ORD-2025854,CUST-00027,2024-01-26,West,Consumer,2429.24,991.36,1
ORD-2025855,CUST-00628,2025-10-04,West,Consumer,4305.91,1823.82,1
ORD-2025856,CUST-00095,2024-07-20,South,Corporate,13194.310000000001,3994.26,2
ORD-2025857,CUST-00679,2024-10-30,Central,Corporate,4289.17,1159.66,2
ORD-2025858,CUST-00436,2024-09-07,East,Corporate,119.71,8.27,1
ORD-2025859,CUST-00053,2024-04-23,West,Corporate,799.9,215.77,1
ORD-2025860,CUST-00672,2024-06-04,Central,Corporate,4124.82,410.22,1
ORD-2025861,CUST-00027,2024-09-06,West,Consumer,348.63,85.36,1
ORD-2025862,CUST-00111,2024-04-27,West,Consumer,5075.44,1745.49,1
ORD-2025863,CUST-00647,2024-12-19,West,Consumer,3118.54,-1070.48,1
ORD-2025864,CUST-00387,2024-08-16,East,Corporate,1804.44,710.28,1
ORD-2025865,CUST-00707,2025-10-07,East,Consumer,520.41,81.92,1
ORD-2025866,CUST-00521,2024-02-16,West,Consumer,5602.08,1539.99,2
ORD-2025867,CUST-00508,2023-04-25,East,Consumer,208.56,33.38,1
ORD-2025868,CUST-00237,2025-03-06,Central,Corporate,770.64,148.83,1
ORD-2025869,CUST-00108,2025-07-26,Central,Corporate,184.86,82.61,1
ORD-2025870,CUST-00771,2025-07-08,Central,Consumer,2009.25,334.33,1
ORD-2025871,CUST-00083,2025-07-08,East,Corporate,2005.39,482.69,1
ORD-2025872,CUST-00436,2025-01-17,East,Corporate,2711.81,708.18,1
ORD-2025873,CUST-00221,2025-02-17,East,Corporate,3382.7599999999998,1127.95,2
ORD-2025874,CUST-00215,2024-01-03,Central,Consumer,768.95,337.35,1
ORD-2025875,CUST-00491,2025-06-08,South,Consumer,7178.46,2273.99,2
ORD-2025876,CUST-00647,2024-08-01,West,Consumer,354.46,70.12,1
ORD-2025877,CUST-00629,2023-11-07,Central,Corporate,4322.3,1318.96,2
ORD-2025878,CUST-00697,2025-01-12,Central,Consumer,2516.95,718.83,1
ORD-2025879,CUST-00238,2025-04-17,West,Corporate,1642.6100000000001,324.03999999999996,2
ORD-2025880,CUST-00387,2024-12-10,East,Corporate,9259.8,3110.96,1
ORD-2025881,CUST-00006,2024-06-23,South,Home Office,1486.65,260.64,1
ORD-2025882,CUST-00610,2025-01-27,South,Consumer,440.96,0.8599999999999994,2
ORD-2025883,CUST-00251,2025-02-11,East,Consumer,4266.52,1479.1000000000001,2
ORD-2025884,CUST-00464,2023-07-20,West,Corporate,264.88,39.86,1
ORD-2025885,CUST-00141,2024-08-24,South,Home Office,5139.25,1124.86,2
ORD-2025886,CUST-00661,2023-12-07,East,Home Office,1778.52,652.34,1
ORD-2025887,CUST-00658,2025-08-15,Central,Consumer,14.84,5.4,1
ORD-2025888,CUST-00704,2024-07-31,East,Corporate,5210.37,1996.35,1
ORD-2025889,CUST-00043,2024-02-10,Central,Corporate,250.89999999999998,75.75,2
ORD-2025890,CUST-00795,2024-11-09,West,Home Office,395.12,24.38,1
ORD-2025891,CUST-00203,2024-08-21,West,Home Office,3632.1,793.5600000000001,2
ORD-2025892,CUST-00255,2025-07-23,Central,Home Office,71.6,18.88,1
ORD-2025893,CUST-00204,2025-04-16,Central,Corporate,1214.62,403.64,1
ORD-2025894,CUST-00218,2025-01-09,East,Consumer,9407.51,1701.66,1
ORD-2025895,CUST-00456,2025-06-05,Central,Consumer,4919.21,1020.7,1
ORD-2025896,CUST-00198,2024-11-28,East,Corporate,60.65,15.04,1
ORD-2025897,CUST-00325,2024-07-16,South,Consumer,71.6,25.88,1
ORD-2025898,CUST-00535,2023-09-11,Central,Corporate,16085.720000000001,4631.9,3
ORD-2025899,CUST-00675,2023-10-27,Central,Home Office,14977.2,4428.11,1
ORD-2025900,CUST-00568,2023-12-18,East,Consumer,7157.42,2127.04,2
ORD-2025901,CUST-00491,2024-03-11,South,Consumer,2297.52,479.02,1
ORD-2025902,CUST-00124,2025-01-27,West,Corporate,253.62,98.16,1
ORD-2025903,CUST-00656,2023-12-19,Central,Corporate,471.84,139.5,1
ORD-2025904,CUST-00037,2025-04-10,South,Consumer,864.54,706.15,1
ORD-2025905,CUST-00215,2025-06-11,Central,Consumer,81.35,7.48,1
ORD-2025906,CUST-00051,2023-05-19,South,Consumer,704.6600000000001,243.93,2
ORD-2025907,CUST-00546,2024-10-28,East,Consumer,3669.2200000000003,116.5,2
ORD-2025908,CUST-00301,2025-01-02,West,Consumer,4829.22,2131.0,1
ORD-2025909,CUST-00532,2025-10-06,East,Consumer,2821.18,751.08,1
ORD-2025910,CUST-00284,2023-08-08,West,Consumer,2612.2,1133.74,1
ORD-2025911,CUST-00380,2025-02-21,West,Home Office,1284.83,428.0,1
ORD-2025912,CUST-00381,2025-11-05,East,Consumer,6007.92,1497.45,2
ORD-2025913,CUST-00043,2024-11-08,Central,Corporate,1120.32,-582.46,1
ORD-2025914,CUST-00358,2024-12-31,South,Home Office,1044.88,413.37,1
ORD-2025915,CUST-00526,2023-12-13,West,Consumer,401.16,106.6,1
ORD-2025916,CUST-00451,2024-07-15,South,Consumer,2089.76,935.34,1
ORD-2025917,CUST-00061,2024-03-09,South,Corporate,378.4,79.85,1
ORD-2025918,CUST-00547,2024-11-07,West,Corporate,4076.94,959.75,1
ORD-2025919,CUST-00255,2023-10-31,Central,Home Office,7021.0,2254.83,1
ORD-2025920,CUST-00010,2024-08-16,East,Home Office,388.2,147.8,1
ORD-2025921,CUST-00133,2024-07-01,East,Consumer,6867.73,2327.7000000000003,2
ORD-2025922,CUST-00412,2025-06-23,East,Consumer,6125.92,1657.93,2
ORD-2025923,CUST-00256,2025-01-17,East,Consumer,1465.8899999999999,272.87,2
ORD-2025924,CUST-00570,2024-04-15,Central,Consumer,387.4,41.71,1
ORD-2025925,CUST-00199,2023-12-04,West,Home Office,473.68,185.78,1
ORD-2025926,CUST-00624,2025-08-26,West,Consumer,492.12,201.56,1
ORD-2025927,CUST-00234,2025-11-24,South,Consumer,4679.25,208.96,1
ORD-2025928,CUST-00508,2024-03-24,East,Consumer,6697.86,1180.98,3
ORD-2025929,CUST-00648,2025-10-25,Central,Corporate,232.92,61.73,1
ORD-2025930,CUST-00315,2025-10-12,East,Corporate,3036.55,1321.77,1
ORD-2025931,CUST-00044,2025-02-10,West,Consumer,1230.26,545.4,1
ORD-2025932,CUST-00441,2024-04-09,South,Consumer,742.51,195.97,1
ORD-2025933,CUST-00797,2024-07-04,South,Consumer,5665.290000000001,1199.55,2
ORD-2025934,CUST-00777,2025-02-18,West,Consumer,439.02,185.9,1
ORD-2025935,CUST-00182,2025-04-20,East,Consumer,375.97,23.62,1
ORD-2025936,CUST-00617,2025-05-12,East,Corporate,2913.48,603.91,2
ORD-2025937,CUST-00281,2025-04-18,West,Consumer,1189.32,-736.14,1
ORD-2025938,CUST-00135,2024-11-10,South,Consumer,8326.96,3308.73,3
ORD-2025939,CUST-00545,2025-10-16,South,Consumer,11291.83,1956.54,1
ORD-2025940,CUST-00414,2024-10-22,East,Corporate,1157.39,315.51,1
ORD-2025941,CUST-00443,2025-04-27,East,Consumer,374.24,147.56,1
ORD-2025942,CUST-00667,2024-04-26,Central,Consumer,119.25,27.53,1
ORD-2025943,CUST-00275,2025-02-02,West,Corporate,20.62,3.58,1
ORD-2025944,CUST-00546,2024-04-23,East,Consumer,296.6,8.74,1
ORD-2025945,CUST-00301,2025-08-10,West,Consumer,1054.1,415.52,1
ORD-2025946,CUST-00040,2025-04-09,Central,Corporate,659.91,177.71,1
ORD-2025947,CUST-00310,2025-03-21,East,Consumer,21046.03,5833.12,3
ORD-2025948,CUST-00766,2025-03-16,South,Home Office,3361.92,674.88,3
ORD-2025949,CUST-00404,2023-11-08,South,Corporate,3342.32,681.11,1
ORD-2025950,CUST-00088,2025-06-02,West,Consumer,1015.09,60.69,1
ORD-2025951,CUST-00563,2025-05-16,West,Consumer,1096.28,258.42,1
ORD-2025952,CUST-00773,2024-12-20,East,Consumer,231.0,50.65,1
ORD-2025953,CUST-00727,2024-12-14,Central,Consumer,3268.9,1384.14,1
ORD-2025954,CUST-00473,2024-04-08,West,Home Office,9082.85,2442.63,1
ORD-2025955,CUST-00309,2025-06-27,West,Consumer,19132.15,4083.5199999999995,3
ORD-2025956,CUST-00480,2024-11-07,East,Corporate,3079.59,-698.48,1
ORD-2025957,CUST-00656,2024-12-10,Central,Corporate,728.02,69.57,1
ORD-2025958,CUST-00694,2025-01-31,South,Consumer,2613.05,1062.63,2
ORD-2025959,CUST-00660,2024-12-09,West,Corporate,5190.2,853.11,1
ORD-2025960,CUST-00380,2024-12-29,West,Home Office,1736.8799999999999,651.03,2
ORD-2025961,CUST-00098,2024-12-23,Central,Corporate,2151.2,-97.71,1
ORD-2025962,CUST-00472,2025-10-13,South,Consumer,4889.5,733.79,1
ORD-2025963,CUST-00133,2024-04-07,East,Consumer,18759.13,5228.01,3
ORD-2025964,CUST-00052,2024-10-08,East,Home Office,2696.28,1096.02,1
ORD-2025965,CUST-00412,2025-09-15,East,Consumer,2522.72,551.34,2
ORD-2025966,CUST-00535,2025-06-29,Central,Corporate,23901.0,3967.51,3
ORD-2025967,CUST-00691,2025-05-06,South,Consumer,1252.79,105.01000000000002,2
ORD-2025968,CUST-00634,2024-09-27,West,Home Office,4752.06,194.35,1
ORD-2025969,CUST-00691,2024-05-10,South,Consumer,468.02,140.92,1
ORD-2025970,CUST-00619,2025-02-05,East,Consumer,122.64,-14.78,1
ORD-2025971,CUST-00574,2024-02-25,East,Home Office,1612.45,278.82,1
ORD-2025972,CUST-00006,2024-10-25,South,Home Office,3093.38,877.9000000000001,2
ORD-2025973,CUST-00510,2024-06-20,East,Consumer,2359.2,954.09,1
ORD-2025974,CUST-00100,2024-10-11,East,Consumer,815.5899999999999,80.08,2
ORD-2025975,CUST-00051,2024-12-26,South,Consumer,10798.72,-626.87,1
ORD-2025976,CUST-00133,2025-07-01,East,Consumer,214.8,34.43,1
ORD-2025977,CUST-00664,2024-11-21,East,Corporate,1336.52,135.37,1
ORD-2025978,CUST-00607,2024-05-19,West,Home Office,66.86,22.55,1
ORD-2025979,CUST-00766,2025-05-17,South,Home Office,3971.77,127.67000000000002,2
ORD-2025980,CUST-00789,2025-02-05,Central,Consumer,791.94,202.88,1
ORD-2025981,CUST-00715,2024-09-26,South,Home Office,5922.24,1473.97,1
ORD-2025982,CUST-00107,2024-10-20,South,Consumer,1432.43,463.95000000000005,2
ORD-2025983,CUST-00704,2024-12-24,East,Corporate,8273.22,1703.45,1
ORD-2025984,CUST-00678,2025-07-02,East,Consumer,605.46,35.86,2
ORD-2025985,CUST-00699,2025-08-28,East,Home Office,80.48,34.14,1
ORD-2025986,CUST-00130,2024-07-27,Central,Consumer,227.88,88.42,1
ORD-2025987,CUST-00095,2025-04-17,South,Corporate,2481.29,530.37,1
ORD-2025988,CUST-00744,2024-09-27,West,Corporate,1326.96,470.14,1
ORD-2025989,CUST-00144,2024-06-24,West,Home Office,385.42,84.96,1
ORD-2025990,CUST-00301,2025-04-14,West,Consumer,8167.61,3090.82,1
ORD-2025991,CUST-00380,2025-08-10,West,Home Office,2569.66,711.32,1
ORD-2025992,CUST-00103,2025-03-24,South,Home Office,4721.62,440.04999999999995,2
ORD-2025993,CUST-00019,2024-06-09,South,Consumer,234.63,105.51,1
ORD-2025994,CUST-00796,2025-03-30,West,Consumer,118.42,25.97,1
ORD-2025995,CUST-00703,2025-07-16,East,Corporate,25655.07,8823.75,2
ORD-2025996,CUST-00730,2023-12-10,Central,Home Office,2341.29,-133.98000000000002,2
ORD-2025997,CUST-00234,2023-12-07,South,Consumer,2042.46,505.55,1
ORD-2025998,CUST-00182,2025-04-12,East,Consumer,58.83,-11.16,2
ORD-2025999,CUST-00354,2025-05-15,West,Consumer,1102.29,95.04,1
ORD-2026000,CUST-00378,2025-04-01,Central,Consumer,806.9,176.13,1
ORD-2026001,CUST-00003,2025-03-29,Central,Corporate,397.63,29.09,1
ORD-2026002,CUST-00632,2024-02-24,West,Corporate,2667.78,815.7,1
ORD-2026003,CUST-00798,2024-02-22,West,Corporate,3812.59,171.96,1
ORD-2026004,CUST-00436,2024-03-16,East,Corporate,3348.7200000000003,668.98,2
ORD-2026005,CUST-00319,2025-07-16,South,Corporate,2064.85,745.1500000000001,2
ORD-2026006,CUST-00323,2024-12-27,Central,Consumer,1096.28,324.08,1
ORD-2026007,CUST-00076,2023-09-24,West,Consumer,1148.76,199.76,1
ORD-2026008,CUST-00218,2025-09-13,East,Consumer,1903.29,679.67,1
ORD-2026009,CUST-00416,2023-11-26,Central,Home Office,302.0,2.91,1
ORD-2026010,CUST-00359,2025-06-02,East,Consumer,212.0,42.15,1
ORD-2026011,CUST-00450,2024-09-06,West,Home Office,12.61,0.4,1
ORD-2026012,CUST-00686,2025-08-18,South,Corporate,1096.28,478.07,1
ORD-2026013,CUST-00185,2025-03-17,West,Home Office,2.12,0.79,1
ORD-2026014,CUST-00027,2024-08-30,West,Consumer,9397.96,2206.0099999999998,2
ORD-2026015,CUST-00037,2024-12-23,South,Consumer,1221.71,264.58,2
ORD-2026016,CUST-00108,2025-04-20,Central,Corporate,8625.28,3877.03,1
ORD-2026017,CUST-00472,2024-08-09,South,Consumer,4390.2,1761.82,1
ORD-2026018,CUST-00651,2025-06-29,West,Corporate,3643.86,1612.01,1
ORD-2026019,CUST-00711,2025-07-07,Central,Consumer,1400.4,599.08,1
ORD-2026020,CUST-00521,2024-01-08,West,Consumer,354.47,108.36,1
ORD-2026021,CUST-00333,2025-02-25,West,Consumer,10363.92,-95.98,1
ORD-2026022,CUST-00133,2024-11-07,East,Consumer,42.0,14.14,1
ORD-2026023,CUST-00331,2023-08-09,Central,Consumer,254.12,85.21,2
ORD-2026024,CUST-00272,2025-11-18,East,Corporate,1119.86,-26.17,1
ORD-2026025,CUST-00698,2024-01-17,Central,Corporate,1098.3,-75.5,1
ORD-2026026,CUST-00405,2024-08-05,West,Consumer,1281.31,-64.35,2
ORD-2026027,CUST-00186,2025-10-04,West,Corporate,6308.99,1902.75,2
ORD-2026028,CUST-00235,2025-06-12,West,Consumer,87.6,39.37,1
ORD-2026029,CUST-00108,2025-06-23,Central,Corporate,4858.48,801.06,1
ORD-2026030,CUST-00739,2025-06-09,Central,Consumer,8148.31,3209.15,3
ORD-2026031,CUST-00045,2025-05-26,East,Consumer,464.84,189.11,1
ORD-2026032,CUST-00009,2025-07-11,East,Consumer,2194.25,-198.91,1
ORD-2026033,CUST-00150,2025-06-14,East,Consumer,11.45,-2.99,1
ORD-2026034,CUST-00653,2023-10-22,East,Consumer,40.24,12.04,1
ORD-2026035,CUST-00433,2024-12-16,South,Consumer,9252.14,3240.12,2
ORD-2026036,CUST-00509,2023-09-06,West,Consumer,770.64,183.45,1
ORD-2026037,CUST-00292,2024-07-12,West,Home Office,24.26,5.46,1
ORD-2026038,CUST-00057,2024-12-12,Central,Home Office,2595.1,931.57,1
ORD-2026039,CUST-00691,2025-04-19,South,Consumer,8.49,-0.38,1
ORD-2026040,CUST-00157,2023-10-07,East,Consumer,44.34,7.62,1
ORD-2026041,CUST-00033,2025-06-14,East,Corporate,113.94,25.81,1
ORD-2026042,CUST-00474,2024-11-05,West,Consumer,3175.91,392.5,2
ORD-2026043,CUST-00067,2024-03-31,South,Corporate,2568.8,928.56,1
ORD-2026044,CUST-00075,2024-07-23,Central,Consumer,61.59,10.3,1
ORD-2026045,CUST-00648,2025-05-20,Central,Corporate,7421.240000000001,2670.12,2
ORD-2026046,CUST-00410,2023-11-21,East,Home Office,4844.06,1075.44,2
ORD-2026047,CUST-00200,2025-06-28,South,Corporate,768.46,184.4,1
ORD-2026048,CUST-00287,2025-03-20,East,Consumer,14400.9,786.33,3
ORD-2026049,CUST-00598,2024-04-26,South,Consumer,1296.81,378.54,1
ORD-2026050,CUST-00057,2024-02-28,Central,Home Office,1048.4,197.73,1
ORD-2026051,CUST-00095,2025-03-23,South,Corporate,1480.56,546.32,1
ORD-2026052,CUST-00506,2025-04-08,West,Corporate,221.32,77.13,1
ORD-2026053,CUST-00500,2023-03-07,West,Consumer,1087.51,299.62,1
ORD-2026054,CUST-00783,2025-04-04,East,Consumer,5684.76,761.34,3
ORD-2026055,CUST-00307,2024-10-21,West,Corporate,2973.3,840.15,1
ORD-2026056,CUST-00056,2023-10-13,East,Consumer,87.34,21.93,1
ORD-2026057,CUST-00441,2024-11-07,South,Consumer,1480.56,566.28,1
ORD-2026058,CUST-00524,2024-09-03,South,Consumer,2525.4,1114.46,1
ORD-2026059,CUST-00112,2024-11-20,South,Corporate,126.25,17.33,1
ORD-2026060,CUST-00456,2025-08-30,Central,Consumer,4179.52,1571.38,1
ORD-2026061,CUST-00165,2025-01-29,West,Corporate,2372.4,400.56,1
ORD-2026062,CUST-00682,2023-11-24,East,Home Office,10278.64,4113.32,1
ORD-2026063,CUST-00674,2025-11-12,East,Home Office,5794.3,328.44999999999993,3
ORD-2026064,CUST-00358,2025-11-23,South,Home Office,8239.81,2794.67,2
ORD-2026065,CUST-00775,2025-03-24,South,Consumer,595.7900000000001,102.96,2
ORD-2026066,CUST-00789,2024-08-22,Central,Consumer,1146.3200000000002,210.17000000000002,2
ORD-2026067,CUST-00105,2025-02-07,South,Consumer,234.01,-133.4,1
ORD-2026068,CUST-00301,2025-04-27,West,Consumer,402.03000000000003,106.37,2
ORD-2026069,CUST-00495,2024-07-20,West,Corporate,9889.47,1365.75,2
ORD-2026070,CUST-00068,2025-05-14,West,Home Office,720.45,176.47,1
ORD-2026071,CUST-00311,2025-01-31,Central,Home Office,2010.39,420.34000000000003,2
ORD-2026072,CUST-00213,2025-04-28,South,Home Office,2353.61,554.12,1
ORD-2026073,CUST-00766,2025-11-02,South,Home Office,884.64,382.89,1
ORD-2026074,CUST-00339,2025-09-18,East,Consumer,598.25,118.65,1
ORD-2026075,CUST-00620,2025-07-16,East,Consumer,1779.3,519.98,1
ORD-2026076,CUST-00318,2025-08-06,Central,Consumer,11026.560000000001,1826.7,2
ORD-2026077,CUST-00107,2024-03-28,South,Consumer,1194.26,259.7,1
ORD-2026078,CUST-00694,2024-08-21,South,Consumer,267.44,97.92,1
ORD-2026079,CUST-00001,2024-03-01,East,Consumer,64.44,23.35,1
ORD-2026080,CUST-00050,2023-11-26,South,Corporate,1778.0,408.3,1
ORD-2026081,CUST-00300,2025-08-05,East,Consumer,216.43,-1.45,1
ORD-2026082,CUST-00562,2025-11-08,East,Consumer,6167.18,219.39,1
ORD-2026083,CUST-00279,2024-06-05,East,Consumer,1415.52,354.7,1
ORD-2026084,CUST-00057,2024-02-22,Central,Home Office,156.43,-5.36,1
ORD-2026085,CUST-00262,2024-10-23,East,Home Office,1634.45,387.05,1
ORD-2026086,CUST-00202,2024-09-10,South,Corporate,4180.47,1137.79,1
ORD-2026087,CUST-00003,2025-07-15,Central,Corporate,7185.71,1644.5,1
ORD-2026088,CUST-00441,2024-10-22,South,Consumer,13426.91,271.75,2
ORD-2026089,CUST-00095,2025-01-27,South,Corporate,7001.0199999999995,2276.48,2
ORD-2026090,CUST-00234,2025-04-21,South,Consumer,1302.62,485.76,1
ORD-2026091,CUST-00526,2025-06-02,West,Consumer,2003.2399999999998,281.65999999999997,3
ORD-2026092,CUST-00594,2024-04-18,South,Consumer,7131.030000000001,2168.85,2
ORD-2026093,CUST-00215,2024-10-19,Central,Consumer,205.56,-72.79,1
ORD-2026094,CUST-00270,2023-11-19,Central,Consumer,572.8,249.88,1
ORD-2026095,CUST-00203,2024-04-21,West,Home Office,28.18,8.64,1
ORD-2026096,CUST-00769,2023-01-21,East,Corporate,935.6,182.91,1
ORD-2026097,CUST-00156,2023-11-07,Central,Consumer,2022.21,391.42,1
ORD-2026098,CUST-00150,2025-07-06,East,Consumer,412.58000000000004,145.64999999999998,2
ORD-2026099,CUST-00368,2025-11-09,West,Consumer,5303.02,1709.6,2
ORD-2026100,CUST-00155,2025-09-21,West,Consumer,7353.1,1155.64,1
ORD-2026101,CUST-00133,2024-08-11,East,Consumer,1657.94,515.61,2
ORD-2026102,CUST-00076,2025-10-02,West,Consumer,1435.95,436.15,1
ORD-2026103,CUST-00525,2024-03-28,West,Consumer,5197.57,1394.88,1
ORD-2026104,CUST-00503,2025-03-09,South,Consumer,1017.02,322.71,1
ORD-2026105,CUST-00531,2023-06-17,Central,Consumer,156.42,70.12,1
ORD-2026106,CUST-00624,2025-02-12,West,Consumer,1435.95,481.85,1
ORD-2026107,CUST-00268,2025-04-03,West,Home Office,2685.68,-1068.59,1
ORD-2026108,CUST-00739,2025-01-22,Central,Consumer,7704.4800000000005,2288.74,2
ORD-2026109,CUST-00599,2023-11-21,Central,Home Office,8280.69,1627.67,2
ORD-2026110,CUST-00651,2025-08-09,West,Corporate,1015.6,-159.99,2
ORD-2026111,CUST-00591,2025-05-19,South,Corporate,12605.86,4145.53,2
ORD-2026112,CUST-00292,2023-10-17,West,Home Office,2269.7799999999997,419.0,2
ORD-2026113,CUST-00232,2024-09-13,South,Corporate,4455.06,1467.34,1
ORD-2026114,CUST-00351,2025-08-14,Central,Consumer,237.24,36.61,1
ORD-2026115,CUST-00077,2023-11-13,West,Consumer,171.3,64.04,1
ORD-2026116,CUST-00377,2024-08-21,Central,Corporate,721.64,180.41,2
ORD-2026117,CUST-00040,2025-04-16,Central,Corporate,14554.949999999999,3865.9500000000003,2
ORD-2026118,CUST-00003,2024-07-14,Central,Corporate,2016.58,668.78,1
ORD-2026119,CUST-00753,2024-02-25,East,Consumer,1466.06,248.20999999999998,2
ORD-2026120,CUST-00564,2024-10-15,East,Consumer,7853.37,1563.29,3
ORD-2026121,CUST-00465,2025-08-06,East,Consumer,3195.07,-160.66,2
ORD-2026122,CUST-00279,2023-03-21,East,Consumer,977.7,391.17,1
ORD-2026123,CUST-00472,2024-03-16,South,Consumer,214.95,62.099999999999994,2
ORD-2026124,CUST-00715,2024-09-03,South,Home Office,6037.7,-363.95,1
ORD-2026125,CUST-00532,2024-10-05,East,Consumer,887.59,304.51,1
ORD-2026126,CUST-00496,2025-05-25,West,Home Office,1512.43,436.11,1
ORD-2026127,CUST-00385,2025-06-14,East,Home Office,10962.8,2126.75,1
ORD-2026128,CUST-00282,2025-09-20,West,Consumer,301.54,75.48,2
ORD-2026129,CUST-00571,2025-10-19,South,Consumer,914.01,274.53999999999996,2
ORD-2026130,CUST-00789,2024-11-23,Central,Consumer,171.09,17.11,1
ORD-2026131,CUST-00352,2025-05-07,East,Consumer,4441.01,-682.03,1
ORD-2026132,CUST-00323,2024-05-17,Central,Consumer,20036.09,6172.26,3
ORD-2026133,CUST-00356,2023-10-04,South,Consumer,988.02,434.19,1
ORD-2026134,CUST-00354,2023-11-12,West,Consumer,1571.49,499.25,2
ORD-2026135,CUST-00794,2025-07-13,South,Home Office,5619.0,2189.05,2
ORD-2026136,CUST-00577,2025-01-02,South,Consumer,5725.48,2025.29,2
ORD-2026137,CUST-00293,2025-08-05,South,Consumer,7204.79,2026.6200000000001,2
ORD-2026138,CUST-00304,2024-11-23,South,Home Office,10978.65,332.84000000000003,2
ORD-2026139,CUST-00359,2024-07-07,East,Consumer,3389.8,297.46000000000004,2
ORD-2026140,CUST-00037,2025-09-11,South,Consumer,322.76,95.67,1
ORD-2026141,CUST-00436,2024-02-07,East,Corporate,16.8,2.64,1
ORD-2026142,CUST-00653,2024-11-18,East,Consumer,280.68,50.77,1
ORD-2026143,CUST-00537,2024-11-24,West,Home Office,1601.76,106.24,1
ORD-2026144,CUST-00165,2024-11-28,West,Corporate,2520.72,848.24,1
ORD-2026145,CUST-00596,2025-05-31,South,Consumer,1267.5,288.93,2
ORD-2026146,CUST-00590,2024-12-25,South,Corporate,6324.4800000000005,988.11,2
ORD-2026147,CUST-00215,2023-06-06,Central,Consumer,534.88,215.19,1
ORD-2026148,CUST-00508,2025-07-07,East,Consumer,1350.3899999999999,418.40999999999997,2
ORD-2026149,CUST-00503,2023-07-28,South,Consumer,171.3,29.57,1
ORD-2026150,CUST-00678,2024-07-01,East,Consumer,3442.09,297.73,1
ORD-2026151,CUST-00108,2024-02-13,Central,Corporate,2.12,0.76,1
ORD-2026152,CUST-00161,2025-11-27,South,Consumer,2081.31,438.92,1
ORD-2026153,CUST-00405,2025-09-23,West,Consumer,7185.71,2146.31,1
ORD-2026154,CUST-00042,2025-04-17,South,Consumer,5371.35,-1107.71,1
ORD-2026155,CUST-00345,2025-09-08,South,Consumer,5814.469999999999,1891.6799999999998,3
ORD-2026156,CUST-00639,2025-09-19,South,Consumer,2506.74,380.34,1
ORD-2026157,CUST-00125,2023-11-12,South,Consumer,14074.9,3269.97,2
ORD-2026158,CUST-00385,2025-02-12,East,Home Office,5552.86,527.28,2
ORD-2026159,CUST-00794,2023-10-11,South,Home Office,2196.6,713.51,1
ORD-2026160,CUST-00420,2025-03-05,Central,Consumer,1894.68,321.15,1
ORD-2026161,CUST-00412,2025-03-18,East,Consumer,1778.52,514.87,1
ORD-2026162,CUST-00461,2024-12-23,Central,Corporate,118.26,25.41,1
ORD-2026163,CUST-00153,2025-03-16,South,Consumer,200.58,53.64,1
ORD-2026164,CUST-00122,2024-09-17,Central,Consumer,12007.29,2552.12,3
ORD-2026165,CUST-00554,2025-02-27,West,Consumer,1333.89,-250.93,1
ORD-2026166,CUST-00326,2025-01-26,East,Consumer,3060.34,767.6700000000001,3
ORD-2026167,CUST-00236,2024-10-27,Central,Consumer,706.74,315.17,1
ORD-2026168,CUST-00030,2025-07-27,West,Corporate,8870.5,3572.24,1
ORD-2026169,CUST-00682,2024-08-16,East,Home Office,2126.82,386.42,1
ORD-2026170,CUST-00032,2025-01-20,East,Corporate,7033.219999999999,796.39,2
ORD-2026171,CUST-00612,2025-05-30,West,Corporate,3481.26,449.24,3
ORD-2026172,CUST-00311,2025-04-18,Central,Home Office,1273.97,85.87,1
ORD-2026173,CUST-00494,2025-02-05,Central,Consumer,119.65,18.93,1
ORD-2026174,CUST-00203,2025-07-11,West,Home Office,5374.89,1375.0,1
ORD-2026175,CUST-00133,2024-01-25,East,Consumer,14.84,5.64,1
ORD-2026176,CUST-00440,2025-03-01,West,Consumer,492.12,204.88,1
ORD-2026177,CUST-00570,2024-10-15,Central,Consumer,429.6,169.2,1
ORD-2026178,CUST-00163,2025-11-18,West,Corporate,4356.17,1741.24,2
ORD-2026179,CUST-00361,2025-11-14,South,Corporate,881.99,72.02,3
ORD-2026180,CUST-00368,2025-09-20,West,Consumer,503.28,53.87,1
ORD-2026181,CUST-00180,2023-03-08,Central,Consumer,448.56,150.23000000000002,2
ORD-2026182,CUST-00467,2025-10-31,East,Home Office,326.89,109.84,1
ORD-2026183,CUST-00120,2025-06-30,East,Corporate,278.64,19.66,1
ORD-2026184,CUST-00423,2023-09-18,South,Consumer,1179.52,181.06,1
ORD-2026185,CUST-00092,2025-11-06,South,Corporate,197.1,61.45,1
ORD-2026186,CUST-00405,2023-07-30,West,Consumer,120.64,39.81,1
ORD-2026187,CUST-00257,2024-04-06,Central,Home Office,3033.96,1302.35,3
ORD-2026188,CUST-00377,2025-07-21,Central,Corporate,6734.4,1465.93,1
ORD-2026189,CUST-00359,2025-02-20,East,Consumer,4701.96,1583.57,1
ORD-2026190,CUST-00727,2025-04-01,Central,Consumer,236.55,45.29,1
ORD-2026191,CUST-00410,2024-05-29,East,Home Office,592.1,96.27,1
ORD-2026192,CUST-00660,2025-07-22,West,Corporate,1043.56,356.89,1
ORD-2026193,CUST-00185,2024-12-06,West,Home Office,15075.03,5891.4400000000005,2
ORD-2026194,CUST-00288,2025-05-19,Central,Home Office,7423.65,2142.39,1
ORD-2026195,CUST-00061,2025-08-16,South,Corporate,19366.86,4006.5,2
ORD-2026196,CUST-00348,2024-02-12,South,Consumer,5344.33,588.18,1
ORD-2026197,CUST-00547,2025-05-15,West,Corporate,268.59000000000003,98.14,2
ORD-2026198,CUST-00678,2024-08-07,East,Consumer,6747.75,2535.93,2
ORD-2026199,CUST-00468,2025-05-04,Central,Corporate,391.08,60.41,1
ORD-2026200,CUST-00525,2025-02-16,West,Consumer,5263.92,1005.14,1
ORD-2026201,CUST-00147,2025-03-18,East,Consumer,5472.81,1189.1599999999999,2
ORD-2026202,CUST-00037,2023-06-21,South,Consumer,204.05,2.27,1
ORD-2026203,CUST-00642,2025-02-18,South,Corporate,3182.4100000000003,815.02,2
ORD-2026204,CUST-00140,2024-12-25,West,Corporate,4365.92,1097.89,2
ORD-2026205,CUST-00071,2024-11-09,South,Consumer,1718.88,229.36,1
ORD-2026206,CUST-00757,2025-07-29,Central,Consumer,1617.31,170.16000000000003,2
ORD-2026207,CUST-00773,2025-10-29,East,Consumer,231.82,-15.82,1
ORD-2026208,CUST-00506,2024-11-08,West,Corporate,2043.0,781.06,2
ORD-2026209,CUST-00310,2025-06-28,East,Consumer,998.26,261.59,2
ORD-2026210,CUST-00672,2024-12-15,Central,Corporate,2009.25,901.58,1
ORD-2026211,CUST-00171,2024-11-25,East,Consumer,214.8,44.24,1
ORD-2026212,CUST-00357,2024-01-03,East,Consumer,627.53,232.16,1
ORD-2026213,CUST-00291,2024-04-04,South,Consumer,8457.84,1925.5900000000001,3
ORD-2026214,CUST-00731,2024-01-12,Central,Home Office,3454.83,1329.97,2
ORD-2026215,CUST-00741,2025-09-22,South,Consumer,913.51,255.45999999999998,2
ORD-2026216,CUST-00531,2024-10-12,Central,Consumer,921.94,-38.76,1
ORD-2026217,CUST-00090,2024-06-21,South,Corporate,2839.2799999999997,-429.14,2
ORD-2026218,CUST-00403,2025-10-24,West,Home Office,3512.16,1101.62,1
ORD-2026219,CUST-00202,2024-03-13,South,Corporate,3512.16,983.33,1
ORD-2026220,CUST-00710,2025-04-03,West,Consumer,52.14,21.92,1
ORD-2026221,CUST-00111,2025-05-26,West,Consumer,1798.16,655.62,1
ORD-2026222,CUST-00047,2024-07-01,West,Home Office,2096.81,-321.48,1
ORD-2026223,CUST-00576,2024-05-08,West,Corporate,1698.62,136.62,1
ORD-2026224,CUST-00378,2024-11-11,Central,Consumer,1916.6399999999999,612.63,3
ORD-2026225,CUST-00678,2023-11-02,East,Consumer,513.9,193.24,1
ORD-2026226,CUST-00061,2024-11-21,South,Corporate,1254.12,308.54,2
ORD-2026227,CUST-00649,2024-04-29,South,Home Office,97.77,39.21,1
ORD-2026228,CUST-00037,2024-08-16,South,Consumer,279.5,80.39,1
ORD-2026229,CUST-00027,2025-03-24,West,Consumer,8770.24,2187.82,1
ORD-2026230,CUST-00386,2024-03-21,East,Consumer,3508.1,-66.17,1
ORD-2026231,CUST-00182,2023-10-07,East,Consumer,495.99,222.1,1
ORD-2026232,CUST-00491,2025-04-18,South,Consumer,8703.130000000001,2184.13,2
ORD-2026233,CUST-00026,2023-06-07,Central,Corporate,60.65,19.1,1
ORD-2026234,CUST-00036,2025-11-12,East,Consumer,4458.8099999999995,1517.71,2
ORD-2026235,CUST-00596,2025-02-02,South,Consumer,3.39,0.06,1
ORD-2026236,CUST-00178,2024-12-19,East,Corporate,1119.86,212.71,1
ORD-2026237,CUST-00535,2023-07-14,Central,Corporate,105.12,-4.14,1
ORD-2026238,CUST-00612,2024-12-17,West,Corporate,4701.96,953.72,1
ORD-2026239,CUST-00051,2025-03-03,South,Consumer,141.93,23.47,1
ORD-2026240,CUST-00623,2025-03-06,East,Home Office,1504.04,169.04,1
ORD-2026241,CUST-00219,2025-03-18,West,Consumer,358.95,149.69,1
ORD-2026242,CUST-00320,2024-01-05,South,Home Office,7384.58,1760.17,2
ORD-2026243,CUST-00068,2025-02-26,West,Home Office,10378.3,4219.18,2
ORD-2026244,CUST-00678,2025-03-24,East,Consumer,102.65,16.28,1
ORD-2026245,CUST-00463,2025-09-22,Central,Corporate,652.0999999999999,152.98000000000002,2
ORD-2026246,CUST-00420,2024-11-25,Central,Consumer,5257.08,48.24000000000001,2
ORD-2026247,CUST-00777,2025-03-17,West,Consumer,2240.09,391.88,3
ORD-2026248,CUST-00274,2023-11-20,South,Corporate,161.32,55.45,2
ORD-2026249,CUST-00713,2025-03-01,Central,Corporate,929.68,262.81,1
ORD-2026250,CUST-00590,2025-07-31,South,Corporate,959.88,167.11,1
ORD-2026251,CUST-00750,2023-12-18,East,Home Office,1920.11,363.52,2
ORD-2026252,CUST-00727,2025-02-15,Central,Consumer,12168.150000000001,3648.63,2
ORD-2026253,CUST-00794,2025-10-01,South,Home Office,300.72,-71.13,1
ORD-2026254,CUST-00107,2023-03-14,South,Consumer,559.93,-20.47,1
ORD-2026255,CUST-00646,2024-12-07,West,Consumer,1651.44,265.57,1
ORD-2026256,CUST-00651,2025-03-15,West,Corporate,3339.72,450.05,2
ORD-2026257,CUST-00528,2025-09-10,East,Home Office,5580.62,1458.41,2
ORD-2026258,CUST-00227,2024-12-09,South,Corporate,1766.33,555.89,2
ORD-2026259,CUST-00773,2024-01-28,East,Consumer,244.57,72.77,1
ORD-2026260,CUST-00170,2024-12-11,East,Consumer,2359.2,395.61,1
ORD-2026261,CUST-00413,2025-08-06,West,Home Office,3468.24,842.7,3
ORD-2026262,CUST-00431,2024-08-31,East,Corporate,840.24,218.61,1
ORD-2026263,CUST-00136,2025-01-10,West,Consumer,7106.48,394.88,2
ORD-2026264,CUST-00592,2025-06-23,South,Corporate,6154.5,2513.1400000000003,2
ORD-2026265,CUST-00070,2023-11-13,West,Consumer,2262.39,402.46,2
ORD-2026266,CUST-00569,2025-03-10,Central,Corporate,8387.23,163.23,1
ORD-2026267,CUST-00685,2025-11-12,East,Home Office,5746.84,986.81,1
ORD-2026268,CUST-00287,2024-09-30,East,Consumer,9668.43,3048.64,1
ORD-2026269,CUST-00579,2025-07-05,South,Consumer,3155.13,1202.73,2
ORD-2026270,CUST-00133,2024-12-04,East,Consumer,1254.91,131.66,1
ORD-2026271,CUST-00682,2024-03-01,East,Home Office,1896.6000000000001,777.75,2
ORD-2026272,CUST-00766,2025-09-28,South,Home Office,1774.1,746.54,1
ORD-2026273,CUST-00132,2025-06-02,Central,Corporate,80.69,35.85,1
ORD-2026274,CUST-00566,2025-01-03,East,Consumer,127.2,3.99,1
ORD-2026275,CUST-00420,2025-09-20,Central,Consumer,9319.14,3015.98,2
ORD-2026276,CUST-00438,2024-11-20,South,Home Office,8418.0,2395.14,1
ORD-2026277,CUST-00577,2024-04-08,South,Consumer,9784.66,1151.56,1
ORD-2026278,CUST-00407,2025-05-08,West,Corporate,804.16,267.64,2
ORD-2026279,CUST-00495,2024-06-07,West,Corporate,2241.68,600.17,2
ORD-2026280,CUST-00190,2024-04-10,West,Consumer,2995.44,1123.04,1
ORD-2026281,CUST-00310,2023-12-10,East,Consumer,5633.62,195.30999999999995,2
ORD-2026282,CUST-00695,2025-05-26,East,Corporate,3665.74,146.22,1
ORD-2026283,CUST-00089,2025-06-18,South,Corporate,180.36,2.99,1
ORD-2026284,CUST-00494,2024-06-13,Central,Consumer,244.0,23.759999999999998,2
ORD-2026285,CUST-00151,2024-12-16,South,Consumer,2134.22,370.67,1
ORD-2026286,CUST-00682,2023-11-01,East,Home Office,2148.54,558.44,1
ORD-2026287,CUST-00480,2025-09-08,East,Corporate,4859.42,1851.21,1
ORD-2026288,CUST-00333,2023-06-17,West,Consumer,13589.8,6054.06,1
ORD-2026289,CUST-00205,2023-09-03,West,Home Office,1307.56,489.89,1
ORD-2026290,CUST-00361,2024-10-06,South,Corporate,6105.06,1200.1399999999999,2
ORD-2026291,CUST-00770,2025-04-20,West,Consumer,383.21,61.61,1
ORD-2026292,CUST-00422,2025-05-16,Central,Corporate,611.28,34.33,2
ORD-2026293,CUST-00392,2025-02-13,East,Consumer,3342.32,849.66,1
ORD-2026294,CUST-00609,2025-03-30,South,Corporate,524.93,81.42,1
ORD-2026295,CUST-00311,2025-07-16,Central,Home Office,3198.8199999999997,598.54,2
ORD-2026296,CUST-00356,2024-07-10,South,Consumer,1699.4299999999998,643.77,2
ORD-2026297,CUST-00275,2024-10-16,West,Corporate,423.72,162.05,1
ORD-2026298,CUST-00129,2023-12-09,Central,Corporate,277.29,47.86,1
ORD-2026299,CUST-00582,2024-11-15,South,Corporate,1895.67,515.79,1
ORD-2026300,CUST-00700,2024-04-06,East,Consumer,371.77,91.75999999999999,2
ORD-2026301,CUST-00725,2024-12-07,South,Consumer,503.79999999999995,85.78,2
ORD-2026302,CUST-00706,2025-04-11,Central,Corporate,17932.379999999997,5934.62,2
ORD-2026303,CUST-00377,2024-07-05,Central,Corporate,2874.28,250.01,1
ORD-2026304,CUST-00233,2025-09-15,East,Consumer,3386.9700000000003,1000.13,2
ORD-2026305,CUST-00524,2025-05-28,South,Consumer,15612.08,-879.43,1
ORD-2026306,CUST-00769,2024-12-06,East,Corporate,8734.19,2134.2,2
ORD-2026307,CUST-00596,2024-10-14,South,Consumer,8339.74,2682.21,3
ORD-2026308,CUST-00411,2024-05-14,East,Consumer,2584.71,1129.63,1
ORD-2026309,CUST-00564,2024-09-26,East,Consumer,753.8,-5.54,1
ORD-2026310,CUST-00624,2025-03-13,West,Consumer,6468.96,1185.42,1
ORD-2026311,CUST-00740,2023-12-05,South,Corporate,172.0,30.02,1
ORD-2026312,CUST-00621,2023-05-01,West,Home Office,3583.26,1555.9,1
ORD-2026313,CUST-00359,2024-05-11,East,Consumer,2618.09,-299.73,2
ORD-2026314,CUST-00222,2025-07-28,West,Consumer,1205.55,476.54,1
ORD-2026315,CUST-00413,2025-05-09,West,Home Office,6854.04,260.49,1
ORD-2026316,CUST-00270,2025-08-09,Central,Consumer,851.1500000000001,23.240000000000002,2
ORD-2026317,CUST-00760,2024-11-28,Central,Corporate,16.96,2.4,1
ORD-2026318,CUST-00420,2024-10-24,Central,Consumer,355.26,111.68,1
ORD-2026319,CUST-00395,2024-05-24,Central,Consumer,630.08,77.7,1
ORD-2026320,CUST-00286,2023-07-25,South,Consumer,1159.51,240.82,1
ORD-2026321,CUST-00525,2024-02-11,West,Consumer,11365.46,2368.44,2
ORD-2026322,CUST-00431,2025-01-13,East,Corporate,276.0,85.39,1
ORD-2026323,CUST-00105,2024-11-17,South,Consumer,7520.22,1606.43,1
ORD-2026324,CUST-00697,2024-03-31,Central,Consumer,111.69,3.59,1
ORD-2026325,CUST-00293,2024-04-07,South,Consumer,2964.11,416.235,2
ORD-2026326,CUST-00359,2024-10-28,East,Consumer,6425.45,1610.39,3
ORD-2026327,CUST-00172,2024-10-06,East,Corporate,5722.91,892.44,2
ORD-2026328,CUST-00456,2024-04-16,Central,Consumer,158.08,33.0,1
ORD-2026329,CUST-00574,2024-03-26,East,Home Office,2153.08,-92.58999999999999,3
ORD-2026330,CUST-00706,2023-12-24,Central,Corporate,2172.08,395.08,2
ORD-2026331,CUST-00045,2024-12-17,East,Consumer,135.26,14.45,1
ORD-2026332,CUST-00783,2024-10-30,East,Consumer,15966.9,3199.98,1
ORD-2026333,CUST-00575,2024-01-24,East,Consumer,4209.0,926.61,1
ORD-2026334,CUST-00234,2025-02-27,South,Consumer,249.31,31.52,1
ORD-2026335,CUST-00170,2025-03-24,East,Consumer,17688.22,3950.8199999999997,2
ORD-2026336,CUST-00243,2025-03-12,East,Consumer,3036.55,1294.49,1
ORD-2026337,CUST-00702,2025-04-08,Central,Consumer,4267.8,121.69,2
ORD-2026338,CUST-00236,2025-05-31,Central,Consumer,11563.47,4435.84,1
ORD-2026339,CUST-00387,2024-04-04,East,Corporate,1433.75,156.09,2
ORD-2026340,CUST-00577,2025-02-22,South,Consumer,4212.6,1848.32,1
ORD-2026341,CUST-00700,2025-03-07,East,Consumer,1336.52,118.6,1
ORD-2026342,CUST-00536,2024-02-26,East,Consumer,2042.46,584.11,1
ORD-2026343,CUST-00614,2023-09-01,West,Home Office,84.0,17.0,1
ORD-2026344,CUST-00144,2025-04-29,West,Home Office,720.45,308.81,1
ORD-2026345,CUST-00704,2023-04-03,East,Corporate,3975.85,1281.78,2
ORD-2026346,CUST-00225,2025-04-07,Central,Home Office,140.84,36.02,1
ORD-2026347,CUST-00104,2024-07-08,East,Consumer,7167.56,2800.36,2
ORD-2026348,CUST-00787,2024-07-27,East,Consumer,746.05,235.84,1
ORD-2026349,CUST-00167,2025-05-25,West,Corporate,6749.2,706.15,1
ORD-2026350,CUST-00108,2023-07-07,Central,Corporate,212.52,54.08,2
ORD-2026351,CUST-00510,2023-11-29,East,Consumer,70.94,-11.49,1
ORD-2026352,CUST-00262,2023-11-29,East,Home Office,256.95,62.01,1
ORD-2026353,CUST-00108,2024-08-14,Central,Corporate,2597.3900000000003,817.96,2
ORD-2026354,CUST-00495,2023-08-01,West,Corporate,1759.78,467.88,1
ORD-2026355,CUST-00619,2024-12-22,East,Consumer,6127.38,2417.71,1
ORD-2026356,CUST-00644,2025-07-16,West,Corporate,1634.45,477.24,1
ORD-2026357,CUST-00133,2025-10-13,East,Consumer,3813.2200000000003,559.76,3
ORD-2026358,CUST-00461,2025-02-17,Central,Corporate,9512.86,3054.54,1
ORD-2026359,CUST-00655,2025-07-23,Central,Consumer,162.94,53.69,1
ORD-2026360,CUST-00136,2025-01-26,West,Consumer,3505.0,594.6700000000001,2
ORD-2026361,CUST-00175,2024-11-03,Central,Home Office,483.0,103.86,1
ORD-2026362,CUST-00002,2024-12-25,South,Home Office,66.86,-11.99,1
ORD-2026363,CUST-00435,2025-06-11,West,Corporate,69.88,4.86,1
ORD-2026364,CUST-00161,2024-06-14,South,Consumer,597.21,143.88,1
ORD-2026365,CUST-00593,2024-01-30,East,Corporate,1533.77,16.15,1
ORD-2026366,CUST-00772,2024-05-17,South,Corporate,260.7,42.82,1
ORD-2026367,CUST-00176,2025-03-25,West,Consumer,4104.65,1079.42,2
ORD-2026368,CUST-00530,2024-03-14,South,Corporate,2502.2799999999997,368.69,3
ORD-2026369,CUST-00178,2024-06-15,East,Corporate,325.12,25.630000000000003,2
ORD-2026370,CUST-00016,2024-05-27,South,Consumer,5892.6,2239.73,1
ORD-2026371,CUST-00619,2025-09-01,East,Consumer,3595.79,1295.9,1
ORD-2026372,CUST-00359,2023-02-15,East,Consumer,9192.02,2435.2099999999996,2
ORD-2026373,CUST-00762,2025-04-06,Central,Corporate,152.98,45.94,3
ORD-2026374,CUST-00440,2025-05-28,West,Consumer,10361.03,3192.98,2
ORD-2026375,CUST-00133,2025-04-27,East,Consumer,427.02,137.9,1
ORD-2026376,CUST-00375,2024-02-10,South,Consumer,1148.28,410.05,1
ORD-2026377,CUST-00168,2024-12-13,East,Consumer,4493.16,1058.5,1
ORD-2026378,CUST-00704,2023-06-20,East,Corporate,1497.72,421.2,1
ORD-2026379,CUST-00565,2025-08-17,South,Home Office,1133.81,350.09,1
ORD-2026380,CUST-00279,2023-05-29,East,Consumer,1149.21,234.37,2
ORD-2026381,CUST-00436,2024-03-20,East,Corporate,22468.670000000002,8604.380000000001,2
ORD-2026382,CUST-00547,2023-07-19,West,Corporate,2978.19,454.45,2
ORD-2026383,CUST-00634,2024-08-06,West,Home Office,270.54,101.81,1
ORD-2026384,CUST-00066,2023-02-18,West,Corporate,4660.92,1884.81,1
ORD-2026385,CUST-00021,2024-06-28,Central,Corporate,316.23,79.49,1
ORD-2026386,CUST-00093,2025-11-24,South,Corporate,13204.99,2496.19,3
ORD-2026387,CUST-00326,2024-07-15,East,Consumer,1295.84,104.97,1
ORD-2026388,CUST-00389,2024-02-22,South,Corporate,1053.15,-159.47,1
ORD-2026389,CUST-00108,2025-01-22,Central,Corporate,1001.01,202.26999999999998,2
ORD-2026390,CUST-00339,2024-12-11,East,Consumer,257.76,94.14,1
ORD-2026391,CUST-00365,2024-04-25,East,Home Office,637.69,-44.17,2
ORD-2026392,CUST-00089,2024-02-23,South,Corporate,911.83,-143.57,1
ORD-2026393,CUST-00738,2025-08-12,West,Consumer,836.71,82.29,1
ORD-2026394,CUST-00494,2024-12-13,Central,Consumer,1647.5,643.4,1
ORD-2026395,CUST-00319,2025-02-27,South,Corporate,6801.0599999999995,2203.01,2
ORD-2026396,CUST-00420,2025-04-28,Central,Consumer,1567.32,507.73,1
ORD-2026397,CUST-00258,2024-04-04,East,Consumer,6306.45,735.4300000000001,2
ORD-2026398,CUST-00691,2024-03-13,South,Consumer,2788.94,819.02,2
ORD-2026399,CUST-00477,2025-01-28,South,Consumer,683.64,303.61,1
ORD-2026400,CUST-00411,2025-10-06,East,Consumer,3073.6499999999996,1079.96,2
ORD-2026401,CUST-00730,2024-05-03,Central,Home Office,1903.8,571.02,2
ORD-2026402,CUST-00677,2025-09-29,Central,Consumer,1763.6399999999999,656.62,2
ORD-2026403,CUST-00654,2025-05-16,South,Consumer,495.99,130.16,1
ORD-2026404,CUST-00185,2024-10-30,West,Home Office,1756.08,371.12,1
ORD-2026405,CUST-00132,2024-07-27,Central,Corporate,1284.4,193.52,1
ORD-2026406,CUST-00565,2025-08-14,South,Home Office,1574.1100000000001,470.99,2
ORD-2026407,CUST-00391,2024-01-20,Central,Consumer,87.25,9.78,1
ORD-2026408,CUST-00559,2025-10-09,South,Consumer,770.85,278.72,1
ORD-2026409,CUST-00619,2024-10-29,East,Consumer,138.82999999999998,31.41,2
ORD-2026410,CUST-00242,2023-04-27,Central,Corporate,870.4200000000001,241.18,2
ORD-2026411,CUST-00234,2023-04-19,South,Consumer,2133.84,20.19,1
ORD-2026412,CUST-00410,2024-08-21,East,Home Office,10742.7,3272.37,1
ORD-2026413,CUST-00222,2023-12-03,West,Consumer,20.99,6.15,1
ORD-2026414,CUST-00546,2025-08-04,East,Consumer,14715.52,2476.2400000000002,3
ORD-2026415,CUST-00610,2024-09-27,South,Consumer,5460.05,1799.5800000000002,2
ORD-2026416,CUST-00395,2023-11-15,Central,Consumer,753.72,17.49,1
ORD-2026417,CUST-00593,2024-11-17,East,Corporate,5474.93,835.64,3
ORD-2026418,CUST-00423,2025-02-24,South,Consumer,585.87,151.12,3
ORD-2026419,CUST-00582,2023-03-11,South,Corporate,1204.77,194.77,2
ORD-2026420,CUST-00184,2023-12-29,Central,Consumer,44.34,13.95,1
ORD-2026421,CUST-00602,2024-06-02,South,Consumer,1660.85,169.66,1
ORD-2026422,CUST-00583,2024-01-15,East,Corporate,6205.02,2330.4100000000003,2
ORD-2026423,CUST-00218,2024-10-02,East,Consumer,2534.04,628.79,2
ORD-2026424,CUST-00460,2024-11-24,East,Consumer,1184.2,316.93,1
ORD-2026425,CUST-00691,2024-11-15,South,Consumer,2240.64,626.94,1
ORD-2026426,CUST-00205,2023-11-11,West,Home Office,5175.17,-306.51,1
ORD-2026427,CUST-00600,2024-12-31,Central,Consumer,212.0,90.1,1
ORD-2026428,CUST-00768,2025-05-03,West,Consumer,1066.75,232.06,2
ORD-2026429,CUST-00695,2023-12-29,East,Corporate,1798.78,-139.3,2
ORD-2026430,CUST-00331,2025-02-07,Central,Consumer,205.3,37.7,1
ORD-2026431,CUST-00500,2023-03-26,West,Consumer,2510.4,1121.44,1
ORD-2026432,CUST-00795,2024-08-23,West,Home Office,287.96,87.18,1
ORD-2026433,CUST-00471,2024-01-09,Central,Corporate,2319.81,588.85,2
ORD-2026434,CUST-00093,2023-09-12,South,Corporate,239.82,33.4,1
ORD-2026435,CUST-00043,2025-11-01,Central,Corporate,6680.41,2148.81,1
ORD-2026436,CUST-00641,2025-03-26,Central,Consumer,9314.56,3387.51,2
ORD-2026437,CUST-00352,2024-09-25,East,Consumer,4765.74,1870.58,1
ORD-2026438,CUST-00203,2024-06-10,West,Home Office,1121.79,348.15999999999997,2
ORD-2026439,CUST-00285,2023-08-10,West,Corporate,612.93,133.86,2
ORD-2026440,CUST-00618,2024-11-22,West,Corporate,82.12,35.51,1
ORD-2026441,CUST-00387,2023-12-05,East,Corporate,199.62,78.09,2
ORD-2026442,CUST-00697,2024-11-01,Central,Consumer,5854.93,-2216.31,2
ORD-2026443,CUST-00600,2024-03-09,Central,Consumer,4121.92,1219.8899999999999,2
ORD-2026444,CUST-00784,2025-11-05,East,Consumer,2081.31,888.46,1
ORD-2026445,CUST-00711,2023-03-27,Central,Consumer,11058.19,4248.65,3
ORD-2026446,CUST-00211,2024-10-13,West,Corporate,6942.1,2131.89,2
ORD-2026447,CUST-00536,2025-02-01,East,Consumer,581.83,92.38,2
ORD-2026448,CUST-00019,2024-05-07,South,Consumer,1162.1,503.89,1
ORD-2026449,CUST-00794,2025-02-02,South,Home Office,5076.1,-137.5300000000001,2
ORD-2026450,CUST-00213,2025-01-14,South,Home Office,3400.94,-112.02,1
ORD-2026451,CUST-00542,2023-12-19,East,Corporate,421.51,122.03,2
ORD-2026452,CUST-00686,2025-08-30,South,Corporate,88.64,11.61,1
ORD-2026453,CUST-00135,2025-07-18,South,Consumer,579.13,236.13,2
ORD-2026454,CUST-00684,2024-12-17,South,Corporate,135.87,15.46,1
ORD-2026455,CUST-00007,2024-02-25,East,Consumer,60.65,19.99,1
ORD-2026456,CUST-00365,2024-02-10,East,Home Office,174.5,45.66,1
ORD-2026457,CUST-00395,2023-10-05,Central,Consumer,4912.41,1771.11,2
ORD-2026458,CUST-00307,2025-09-12,West,Corporate,3372.91,1073.03,2
ORD-2026459,CUST-00486,2024-11-19,East,Consumer,947.34,146.7,1
ORD-2026460,CUST-00735,2025-09-15,East,Home Office,1078.16,401.65,1
ORD-2026461,CUST-00269,2024-05-18,Central,Consumer,6358.21,-391.9799999999999,3
ORD-2026462,CUST-00480,2024-12-17,East,Corporate,704.66,33.94,1
ORD-2026463,CUST-00704,2024-11-06,East,Corporate,2842.02,748.76,1
ORD-2026464,CUST-00624,2025-04-22,West,Consumer,4239.56,1589.36,2
ORD-2026465,CUST-00038,2025-08-21,South,Consumer,671.92,-273.67,1
ORD-2026466,CUST-00760,2025-09-11,Central,Corporate,329.81,-2.72,1
ORD-2026467,CUST-00043,2024-09-21,Central,Corporate,13883.91,3790.64,2
ORD-2026468,CUST-00488,2025-07-05,Central,Consumer,491.64,110.4,2
ORD-2026469,CUST-00477,2024-01-11,South,Consumer,284.16,88.08,1
ORD-2026470,CUST-00639,2024-08-22,South,Consumer,2018.6100000000001,-4.649999999999999,2
ORD-2026471,CUST-00125,2025-11-19,South,Consumer,4123.74,1066.8600000000001,2
ORD-2026472,CUST-00148,2025-04-14,East,Consumer,4372.0599999999995,565.84,2
ORD-2026473,CUST-00613,2025-07-24,South,Consumer,3135.22,774.51,3
ORD-2026474,CUST-00126,2024-03-29,Central,Consumer,1302.73,395.18,1
ORD-2026475,CUST-00392,2025-11-22,East,Consumer,2288.23,513.08,1
ORD-2026476,CUST-00599,2024-09-09,Central,Home Office,15702.689999999999,4552.73,2
ORD-2026477,CUST-00532,2025-02-13,East,Consumer,16.96,0.27,1
ORD-2026478,CUST-00178,2024-12-31,East,Corporate,1065.87,83.66,1
ORD-2026479,CUST-00252,2023-12-11,West,Home Office,503.28,64.15,1
ORD-2026480,CUST-00777,2024-12-30,West,Consumer,8469.27,3021.74,2
ORD-2026481,CUST-00373,2024-08-11,West,Corporate,790.24,-313.12,1
ORD-2026482,CUST-00042,2024-09-10,South,Consumer,4158.06,-181.39,1
ORD-2026483,CUST-00182,2024-12-25,East,Consumer,1119.5,245.66,1
ORD-2026484,CUST-00279,2025-08-06,East,Consumer,7308.34,2419.19,2
ORD-2026485,CUST-00800,2023-01-26,West,Corporate,401.85,102.14,1
ORD-2026486,CUST-00252,2024-06-01,West,Home Office,6766.43,2714.16,1
ORD-2026487,CUST-00026,2024-12-20,Central,Corporate,100.6,45.25,1
ORD-2026488,CUST-00425,2023-05-14,West,Corporate,115.27,32.11,1
ORD-2026489,CUST-00068,2024-03-02,West,Home Office,11291.83,1872.43,1
ORD-2026490,CUST-00222,2025-08-28,West,Consumer,19.08,5.86,1
ORD-2026491,CUST-00795,2024-08-21,West,Home Office,448.13,23.4,1
ORD-2026492,CUST-00576,2024-12-04,West,Corporate,606.77,106.18,2
ORD-2026493,CUST-00045,2024-02-18,East,Consumer,45.09,16.49,1
ORD-2026494,CUST-00373,2024-10-28,West,Corporate,5371.35,2313.64,1
ORD-2026495,CUST-00143,2024-11-22,West,Corporate,21188.940000000002,7389.09,2
ORD-2026496,CUST-00103,2024-01-14,South,Home Office,8870.5,3874.42,1
ORD-2026497,CUST-00487,2024-09-14,West,Consumer,168.0,43.9,1
ORD-2026498,CUST-00420,2024-11-09,Central,Consumer,322.76,138.83,1
ORD-2026499,CUST-00606,2025-09-10,Central,Consumer,522.44,190.96,1
ORD-2026500,CUST-00715,2024-02-15,South,Home Office,690.0,142.65,1
ORD-2026501,CUST-00203,2025-06-28,West,Home Office,353.12,113.08,2
ORD-2026502,CUST-00744,2023-07-04,West,Corporate,799.9,145.17,1
ORD-2026503,CUST-00429,2025-06-22,East,Home Office,1651.38,423.1,2
ORD-2026504,CUST-00212,2023-09-21,Central,Corporate,2000.1999999999998,531.37,3
ORD-2026505,CUST-00682,2024-11-12,East,Home Office,3463.09,863.6,2
ORD-2026506,CUST-00036,2024-10-05,East,Consumer,11753.49,4410.88,3
ORD-2026507,CUST-00462,2025-07-20,East,Corporate,1307.56,365.81,1
ORD-2026508,CUST-00592,2025-07-23,South,Corporate,907.77,124.85,1
ORD-2026509,CUST-00228,2025-10-24,Central,Consumer,286.77,94.47,1
ORD-2026510,CUST-00694,2023-06-30,South,Consumer,1138.2,264.32,1
ORD-2026511,CUST-00199,2025-10-09,West,Home Office,3116.69,830.4,3
ORD-2026512,CUST-00678,2025-06-20,East,Consumer,3858.49,829.0699999999999,2
ORD-2026513,CUST-00066,2024-01-02,West,Corporate,17697.18,6066.61,2
ORD-2026514,CUST-00134,2024-08-27,Central,Corporate,5371.35,1522.2,1
ORD-2026515,CUST-00311,2024-01-04,Central,Home Office,20853.7,6523.29,3
ORD-2026516,CUST-00691,2024-10-06,South,Consumer,403.45,92.35,1
ORD-2026517,CUST-00117,2025-09-27,East,Consumer,2335.59,815.2,1
ORD-2026518,CUST-00702,2025-10-02,Central,Consumer,3414.6,639.95,1
ORD-2026519,CUST-00189,2024-09-21,East,Consumer,311.56,91.43,2
ORD-2026520,CUST-00377,2023-10-08,Central,Corporate,1400.4,379.01,1
ORD-2026521,CUST-00290,2023-06-02,West,Consumer,2529.3599999999997,486.46000000000004,2
ORD-2026522,CUST-00096,2023-11-22,West,Consumer,2970.04,76.55,1
ORD-2026523,CUST-00761,2024-05-02,East,Consumer,36.95,4.95,1
ORD-2026524,CUST-00363,2025-02-18,East,Consumer,217.86,60.57,1
ORD-2026525,CUST-00565,2025-11-13,South,Home Office,1144.04,198.83,1
ORD-2026526,CUST-00477,2024-07-16,South,Consumer,10380.4,3056.68,1
ORD-2026527,CUST-00415,2025-04-08,East,Consumer,4000.5,1414.42,1
ORD-2026528,CUST-00506,2025-10-23,West,Corporate,0.0,32.16,1
ORD-2026529,CUST-00718,2024-11-08,West,Corporate,4445.0,860.21,1
ORD-2026530,CUST-00572,2025-09-08,West,Consumer,65.7,11.85,1
ORD-2026531,CUST-00439,2025-05-16,East,Consumer,2288.23,515.54,1
ORD-2026532,CUST-00528,2024-12-22,East,Home Office,16515.95,6396.89,2
ORD-2026533,CUST-00499,2025-01-05,South,Consumer,758.8,230.52,1
ORD-2026534,CUST-00359,2025-03-25,East,Consumer,988.5,151.97,1
ORD-2026535,CUST-00508,2025-06-02,East,Consumer,29.24,1.42,1
ORD-2026536,CUST-00366,2024-10-20,Central,Consumer,6424.15,1966.0,1
ORD-2026537,CUST-00618,2024-09-02,West,Corporate,3971.2000000000003,1418.2399999999998,2
ORD-2026538,CUST-00777,2024-04-05,West,Consumer,1293.6200000000001,451.42999999999995,2
ORD-2026539,CUST-00770,2023-09-13,West,Consumer,110.08,-4.57,1
ORD-2026540,CUST-00661,2025-05-14,East,Home Office,4578.66,1251.6499999999999,2
ORD-2026541,CUST-00495,2024-11-24,West,Corporate,1166.12,447.87,1
ORD-2026542,CUST-00611,2025-04-05,South,Corporate,5746.84,2254.9,1
ORD-2026543,CUST-00148,2025-03-30,East,Consumer,6767.360000000001,2439.17,2
ORD-2026544,CUST-00400,2025-01-31,West,Corporate,898.83,167.41,2
ORD-2026545,CUST-00211,2025-09-27,West,Corporate,1316.15,447.05,1
ORD-2026546,CUST-00003,2023-09-05,Central,Corporate,74.46,11.43,1
ORD-2026547,CUST-00775,2025-06-09,South,Consumer,1344.38,382.93,1
ORD-2026548,CUST-00694,2025-10-11,South,Consumer,4689.33,957.59,1
ORD-2026549,CUST-00426,2023-10-14,East,Consumer,209.63,57.35,1
ORD-2026550,CUST-00211,2025-09-18,West,Corporate,6999.320000000001,1172.6100000000001,2
ORD-2026551,CUST-00569,2025-03-24,Central,Corporate,1184.3,277.07,1
ORD-2026552,CUST-00360,2025-02-14,Central,Consumer,527.05,105.95,1
ORD-2026553,CUST-00650,2024-09-18,South,Consumer,405.81,150.63,1
ORD-2026554,CUST-00800,2025-03-19,West,Corporate,355.29,79.69,1
ORD-2026555,CUST-00287,2025-07-08,East,Consumer,5196.15,1324.04,2
ORD-2026556,CUST-00202,2025-08-31,South,Corporate,447.61,75.9,2
ORD-2026557,CUST-00218,2024-08-06,East,Consumer,51.32,-31.57,1
ORD-2026558,CUST-00074,2024-11-24,East,Consumer,4067.53,-544.97,2
ORD-2026559,CUST-00326,2025-11-05,East,Consumer,2812.95,989.79,1
ORD-2026560,CUST-00015,2025-02-07,Central,Consumer,1571.03,525.36,2
ORD-2026561,CUST-00093,2024-12-21,South,Corporate,240.8,97.23,1
ORD-2026562,CUST-00219,2023-08-09,West,Consumer,3295.0,983.96,1
ORD-2026563,CUST-00134,2025-04-24,Central,Corporate,77.64,15.28,1
ORD-2026564,CUST-00599,2023-11-01,Central,Home Office,672.19,-211.71,1
ORD-2026565,CUST-00085,2024-04-08,Central,Consumer,481.39,156.16,1
ORD-2026566,CUST-00695,2024-09-16,East,Corporate,442.32,68.55,1
ORD-2026567,CUST-00182,2025-01-22,East,Consumer,161.12,28.67,1
ORD-2026568,CUST-00088,2025-07-31,West,Consumer,5685.75,1238.16,3
ORD-2026569,CUST-00006,2023-11-30,South,Home Office,209.18,64.13,1
ORD-2026570,CUST-00583,2024-09-13,East,Corporate,8431.64,2043.31,2
ORD-2026571,CUST-00211,2025-07-30,West,Corporate,388.2,101.39,1
ORD-2026572,CUST-00423,2024-08-11,South,Consumer,1111.28,440.77,2
ORD-2026573,CUST-00091,2024-12-31,West,Corporate,7425.1,2446.16,1
ORD-2026574,CUST-00791,2025-07-19,East,Consumer,4493.16,1981.04,1
ORD-2026575,CUST-00104,2024-07-31,East,Consumer,4736.7,846.63,1
ORD-2026576,CUST-00340,2025-07-21,South,Consumer,1108.66,298.74,2
ORD-2026577,CUST-00688,2023-07-25,Central,Corporate,8603.130000000001,2968.47,2
ORD-2026578,CUST-00202,2025-05-21,South,Corporate,2711.79,603.44,2
ORD-2026579,CUST-00218,2024-01-28,East,Consumer,140.84,36.1,1
ORD-2026580,CUST-00652,2025-11-16,Central,Consumer,444.63,191.62,1
ORD-2026581,CUST-00222,2025-07-27,West,Consumer,124.22,29.6,1
ORD-2026582,CUST-00002,2025-08-13,South,Home Office,5332.33,762.53,2
ORD-2026583,CUST-00356,2024-08-24,South,Consumer,11652.15,3264.1800000000003,2
ORD-2026584,CUST-00008,2025-05-06,Central,Corporate,163.44,-72.01,1
ORD-2026585,CUST-00729,2024-10-25,West,Corporate,1895.67,499.21,1
ORD-2026586,CUST-00527,2025-04-06,South,Consumer,3337.0600000000004,894.58,2
ORD-2026587,CUST-00484,2024-03-29,South,Consumer,163.18,-30.14,2
ORD-2026588,CUST-00167,2025-05-15,West,Corporate,382.88,61.9,1
ORD-2026589,CUST-00573,2024-09-11,West,Consumer,1149.24,83.52,2
ORD-2026590,CUST-00554,2023-07-10,West,Consumer,140.41,9.11,1
ORD-2026591,CUST-00051,2023-12-17,South,Consumer,3789.36,597.35,1
ORD-2026592,CUST-00706,2024-07-20,Central,Corporate,4026.9500000000003,1259.59,2
ORD-2026593,CUST-00480,2024-06-02,East,Corporate,1098.5,252.54,1
ORD-2026594,CUST-00643,2024-06-16,South,Corporate,837.55,164.44,1
ORD-2026595,CUST-00215,2023-12-06,Central,Consumer,5801.06,1945.59,1
ORD-2026596,CUST-00102,2024-04-25,East,Home Office,599.55,179.46,1
ORD-2026597,CUST-00574,2024-05-24,East,Home Office,165.6,-24.16,1
ORD-2026598,CUST-00644,2024-09-16,West,Corporate,12418.7,3896.19,1
ORD-2026599,CUST-00316,2025-08-01,Central,Consumer,473.67,205.48,1
ORD-2026600,CUST-00022,2024-10-02,West,Consumer,388.2,100.41,1
ORD-2026601,CUST-00659,2025-07-19,East,Consumer,3134.64,653.98,1
ORD-2026602,CUST-00173,2024-09-09,South,Consumer,534.88,109.22,1
ORD-2026603,CUST-00276,2024-12-30,West,Consumer,1138.2,-460.15,1
ORD-2026604,CUST-00512,2025-08-11,Central,Home Office,7526.01,1225.11,1
ORD-2026605,CUST-00077,2023-12-09,West,Consumer,2961.12,1084.33,1
ORD-2026606,CUST-00061,2024-03-21,South,Corporate,9353.8,3540.04,1
ORD-2026607,CUST-00026,2023-09-16,Central,Corporate,78.22,13.43,1
ORD-2026608,CUST-00738,2024-06-14,West,Consumer,174.9,-57.5,1
ORD-2026609,CUST-00257,2024-01-31,Central,Home Office,3482.19,1007.44,2
ORD-2026610,CUST-00537,2024-12-04,West,Home Office,689.3199999999999,222.64,2
ORD-2026611,CUST-00794,2025-08-17,South,Home Office,10817.62,1660.13,2
ORD-2026612,CUST-00547,2024-03-13,West,Corporate,16332.03,2965.8,1
ORD-2026613,CUST-00435,2025-06-27,West,Corporate,4868.0599999999995,263.18,2
ORD-2026614,CUST-00431,2024-11-10,East,Corporate,6721.26,1847.3300000000002,2
ORD-2026615,CUST-00310,2023-06-30,East,Consumer,574.38,139.13,1
ORD-2026616,CUST-00495,2025-06-24,West,Corporate,685.2,201.76,1
ORD-2026617,CUST-00770,2024-05-03,West,Consumer,132.3,25.65,1
ORD-2026618,CUST-00639,2025-02-23,South,Consumer,159.98,61.79,1
ORD-2026619,CUST-00352,2025-08-24,East,Consumer,7.21,0.71,1
ORD-2026620,CUST-00272,2025-04-29,East,Corporate,746.6099999999999,274.21,2
ORD-2026621,CUST-00707,2025-03-28,East,Consumer,10751.44,2938.38,1
ORD-2026622,CUST-00108,2024-06-19,Central,Corporate,235.92,64.48,1
ORD-2026623,CUST-00686,2024-02-07,South,Corporate,109.17,29.2,1
ORD-2026624,CUST-00211,2024-05-05,West,Corporate,13745.37,5126.110000000001,2
ORD-2026625,CUST-00584,2024-11-30,East,Consumer,11563.47,3807.08,1
ORD-2026626,CUST-00651,2024-10-26,West,Corporate,5900.94,549.99,2
ORD-2026627,CUST-00397,2024-12-07,East,Consumer,11614.35,4363.400000000001,2
ORD-2026628,CUST-00158,2025-07-09,Central,Consumer,411.01,28.99,1
ORD-2026629,CUST-00682,2025-05-06,East,Home Office,206.4,68.4,1
ORD-2026630,CUST-00301,2024-10-06,West,Consumer,12371.82,1854.3600000000001,3
ORD-2026631,CUST-00262,2025-08-06,East,Home Office,26.5,8.13,1
ORD-2026632,CUST-00423,2024-06-12,South,Consumer,7520.22,3310.12,1
ORD-2026633,CUST-00360,2025-03-25,Central,Consumer,3795.22,1153.65,2
ORD-2026634,CUST-00558,2025-04-15,South,Consumer,5465.79,1829.1,1
ORD-2026635,CUST-00109,2025-07-18,West,Consumer,5459.97,1878.0,1
ORD-2026636,CUST-00361,2024-05-12,South,Corporate,14948.78,6480.94,1
ORD-2026637,CUST-00715,2024-01-23,South,Home Office,4610.88,1710.46,2
ORD-2026638,CUST-00036,2025-03-24,East,Consumer,165.65,18.59,2
ORD-2026639,CUST-00381,2025-02-19,East,Consumer,843.28,154.48,1
ORD-2026640,CUST-00537,2024-03-01,West,Home Office,811.31,118.7,2
ORD-2026641,CUST-00711,2025-02-11,Central,Consumer,2615.12,1105.26,1
ORD-2026642,CUST-00491,2024-09-17,South,Consumer,239.3,66.29,1
ORD-2026643,CUST-00666,2024-07-11,Central,Home Office,2518.4700000000003,675.26,2
ORD-2026644,CUST-00183,2024-11-12,West,Consumer,293.29,36.21,1
ORD-2026645,CUST-00290,2025-11-05,West,Consumer,8466.710000000001,1669.72,2
ORD-2026646,CUST-00759,2023-12-17,East,Consumer,231.19,17.28,1
ORD-2026647,CUST-00711,2024-09-30,Central,Consumer,19.08,4.7,1
ORD-2026648,CUST-00461,2024-06-24,Central,Corporate,81.35,14.34,1
ORD-2026649,CUST-00396,2024-05-13,South,Consumer,175.95,56.49,1
ORD-2026650,CUST-00377,2024-09-09,Central,Corporate,803.7,236.32,1
ORD-2026651,CUST-00051,2025-01-07,South,Consumer,5047.7,1623.7,2
ORD-2026652,CUST-00715,2024-12-25,South,Home Office,7785.3,-2398.79,1
ORD-2026653,CUST-00659,2023-12-10,East,Consumer,708.74,156.93,2
ORD-2026654,CUST-00381,2025-11-02,East,Consumer,6202.73,2494.8500000000004,2
ORD-2026655,CUST-00227,2025-05-12,South,Corporate,130.35,22.09,1
ORD-2026656,CUST-00279,2024-10-02,East,Consumer,148.4,13.45,1
ORD-2026657,CUST-00103,2025-01-17,South,Home Office,299.39,27.34,1
ORD-2026658,CUST-00592,2025-11-08,South,Corporate,2822.08,512.98,2
ORD-2026659,CUST-00461,2024-11-07,Central,Corporate,421.64,74.26,1
ORD-2026660,CUST-00193,2023-09-06,Central,Consumer,3019.88,1044.26,2
ORD-2026661,CUST-00508,2023-12-03,East,Consumer,236.84,-82.69,1
ORD-2026662,CUST-00789,2023-11-26,Central,Consumer,13648.310000000001,3397.54,2
ORD-2026663,CUST-00102,2024-08-25,East,Home Office,6091.839999999999,1126.01,2
ORD-2026664,CUST-00381,2024-12-14,East,Consumer,140.84,40.11,1
ORD-2026665,CUST-00411,2024-02-24,East,Consumer,631.13,46.71,1
ORD-2026666,CUST-00140,2023-03-15,West,Corporate,12668.49,2842.6000000000004,2
ORD-2026667,CUST-00438,2025-05-19,South,Home Office,260.7,47.68,1
ORD-2026668,CUST-00499,2024-06-02,South,Consumer,2675.41,958.2,2
ORD-2026669,CUST-00133,2024-04-27,East,Consumer,38.82,17.04,1
ORD-2026670,CUST-00133,2025-03-04,East,Consumer,4305.91,1587.35,1
ORD-2026671,CUST-00691,2025-07-01,South,Consumer,1001.22,169.36,1
ORD-2026672,CUST-00257,2025-11-10,Central,Home Office,2118.6,435.97,1
ORD-2026673,CUST-00515,2024-10-25,South,Home Office,1156.35,401.34,1
ORD-2026674,CUST-00510,2024-10-18,East,Consumer,4858.48,1316.39,1
ORD-2026675,CUST-00678,2025-10-19,East,Consumer,2171.44,604.0799999999999,2
ORD-2026676,CUST-00602,2023-08-17,South,Consumer,2450.25,506.2,2
ORD-2026677,CUST-00679,2025-08-26,Central,Corporate,143.2,35.0,1
ORD-2026678,CUST-00509,2024-08-11,West,Consumer,322.76,143.12,1
ORD-2026679,CUST-00375,2025-02-28,South,Consumer,613.12,216.14,2
ORD-2026680,CUST-00325,2024-04-14,South,Consumer,1400.4,369.21,1
ORD-2026681,CUST-00311,2024-10-10,Central,Home Office,5582.98,707.08,1
ORD-2026682,CUST-00347,2023-11-22,South,Consumer,1183.8200000000002,194.88,2
ORD-2026683,CUST-00105,2025-09-19,South,Consumer,2042.46,585.34,1
ORD-2026684,CUST-00352,2024-11-25,East,Consumer,62.81,17.13,1
ORD-2026685,CUST-00320,2024-05-27,South,Home Office,435.73,60.31,1
ORD-2026686,CUST-00035,2025-12-02,South,Consumer,289.8,-9.68,1
ORD-2026687,CUST-00224,2025-04-11,East,Consumer,240.9,38.28,1
ORD-2026688,CUST-00612,2024-03-07,West,Corporate,12835.98,2852.6400000000003,2
ORD-2026689,CUST-00480,2024-05-19,East,Corporate,4687.57,1621.52,2
ORD-2026690,CUST-00651,2023-04-09,West,Corporate,663.15,37.73,1
ORD-2026691,CUST-00447,2025-04-23,West,Consumer,4567.15,-133.23000000000002,2
ORD-2026692,CUST-00691,2025-11-18,South,Consumer,253.62,87.41,1
ORD-2026693,CUST-00646,2025-03-31,West,Consumer,6808.2,2479.41,1
ORD-2026694,CUST-00077,2024-04-21,West,Consumer,9407.51,1734.74,1
ORD-2026695,CUST-00787,2024-10-28,East,Consumer,5892.6,1494.13,1
ORD-2026696,CUST-00011,2024-11-22,Central,Corporate,379.4,111.05,1
ORD-2026697,CUST-00492,2025-05-26,South,Home Office,2050.2999999999997,747.51,2
ORD-2026698,CUST-00643,2024-11-09,South,Corporate,1318.0,294.52,1
ORD-2026699,CUST-00272,2023-12-28,East,Corporate,706.74,-163.73,1
ORD-2026700,CUST-00494,2023-10-17,Central,Consumer,942.15,420.39,1
ORD-2026701,CUST-00297,2024-08-03,South,Corporate,133.02,46.52,1
ORD-2026702,CUST-00052,2024-08-27,East,Home Office,7470.3,2505.26,2
ORD-2026703,CUST-00004,2025-10-31,West,Consumer,2542.32,1098.15,1
ORD-2026704,CUST-00074,2025-03-03,East,Consumer,4346.3,373.4,1
ORD-2026705,CUST-00077,2024-08-02,West,Consumer,1360.86,-108.61,2
ORD-2026706,CUST-00503,2024-08-22,South,Consumer,88.68,19.24,1
ORD-2026707,CUST-00435,2025-07-20,West,Corporate,8030.5,2337.9300000000003,2
ORD-2026708,CUST-00380,2025-12-10,West,Home Office,3544.7,1161.56,1
ORD-2026709,CUST-00567,2024-07-03,East,Home Office,156.42,28.65,1
ORD-2026710,CUST-00014,2024-12-16,South,Home Office,5892.6,2575.07,1
ORD-2026711,CUST-00219,2024-12-06,West,Consumer,560.23,133.15,1
ORD-2026712,CUST-00629,2025-07-05,Central,Corporate,14955.84,2768.04,2
ORD-2026713,CUST-00729,2024-11-13,West,Corporate,12979.699999999999,3971.18,2
ORD-2026714,CUST-00363,2023-11-06,East,Consumer,3778.25,957.34,1
ORD-2026715,CUST-00066,2024-10-20,West,Corporate,5313.52,1790.36,3
ORD-2026716,CUST-00647,2023-12-09,West,Consumer,8618.51,2361.34,2
ORD-2026717,CUST-00710,2023-05-16,West,Consumer,645.52,107.79,1
ORD-2026718,CUST-00343,2024-11-03,Central,Home Office,119.76,4.85,1
ORD-2026719,CUST-00202,2025-06-02,South,Corporate,2667.78,541.78,1
ORD-2026720,CUST-00041,2024-09-18,East,Home Office,3813.48,762.61,1
ORD-2026721,CUST-00490,2024-09-29,Central,Corporate,6012.74,2330.13,3
ORD-2026722,CUST-00729,2024-03-04,West,Corporate,392.98,131.32999999999998,2
ORD-2026723,CUST-00554,2024-02-27,West,Consumer,3112.41,490.49,1
ORD-2026724,CUST-00261,2025-06-03,South,Consumer,1671.16,443.36,1
ORD-2026725,CUST-00527,2025-05-12,South,Consumer,802.79,81.47,1
ORD-2026726,CUST-00671,2023-10-15,South,Home Office,3188.56,664.14,2
ORD-2026727,CUST-00396,2025-01-24,South,Consumer,177.28,35.82,1
ORD-2026728,CUST-00661,2025-03-09,East,Home Office,484.53000000000003,97.58,2
ORD-2026729,CUST-00322,2024-11-26,East,Consumer,9144.66,3736.76,3
ORD-2026730,CUST-00287,2024-05-18,East,Consumer,488.82,185.91,1
ORD-2026731,CUST-00484,2024-08-31,South,Consumer,1029.16,349.83,1
ORD-2026732,CUST-00387,2025-02-12,East,Corporate,162.94,42.55,1
ORD-2026733,CUST-00787,2025-06-28,East,Consumer,2157.06,447.14,1
ORD-2026734,CUST-00428,2024-09-01,South,Consumer,6797.360000000001,1958.3600000000001,2
ORD-2026735,CUST-00315,2023-11-11,East,Corporate,79.5,12.39,1
ORD-2026736,CUST-00326,2024-10-08,East,Consumer,5190.34,486.26,1
ORD-2026737,CUST-00452,2025-06-20,South,Consumer,1390.96,332.49,3
ORD-2026738,CUST-00291,2025-02-05,South,Consumer,410.14,63.13,2
ORD-2026739,CUST-00592,2025-05-10,South,Corporate,15680.1,4243.700000000001,3
ORD-2026740,CUST-00311,2025-09-01,Central,Home Office,1474.4,259.04,1
ORD-2026741,CUST-00313,2025-04-14,East,Corporate,6682.59,778.54,1
ORD-2026742,CUST-00507,2024-04-06,Central,Consumer,6468.96,1803.94,1
ORD-2026743,CUST-00052,2025-05-07,East,Home Office,6159.18,-772.96,1
ORD-2026744,CUST-00535,2023-12-08,Central,Corporate,11816.97,4844.79,1
ORD-2026745,CUST-00420,2025-05-15,Central,Consumer,732.12,84.0,1
ORD-2026746,CUST-00378,2024-06-18,Central,Consumer,19605.28,8310.99,2
ORD-2026747,CUST-00590,2025-07-18,South,Corporate,2021.84,482.94,1
ORD-2026748,CUST-00618,2025-03-14,West,Corporate,7053.97,1530.99,2
ORD-2026749,CUST-00682,2025-06-24,East,Home Office,8870.5,3859.42,1
ORD-2026750,CUST-00308,2025-09-10,Central,Corporate,3956.08,1456.0099999999998,2
ORD-2026751,CUST-00269,2025-04-26,Central,Consumer,3806.58,975.66,1
ORD-2026752,CUST-00582,2024-08-22,South,Corporate,120.4,16.64,1
ORD-2026753,CUST-00481,2024-03-26,West,Consumer,1868.02,618.03,2
ORD-2026754,CUST-00516,2023-07-01,East,Home Office,474.34,130.73,1
ORD-2026755,CUST-00459,2024-10-15,South,Consumer,15.64,-4.61,1
ORD-2026756,CUST-00624,2024-08-05,West,Consumer,1311.7,301.48,2
ORD-2026757,CUST-00156,2024-12-02,Central,Consumer,4908.879999999999,481.33,2
ORD-2026758,CUST-00460,2024-12-08,East,Consumer,256.95,60.06,1
ORD-2026759,CUST-00134,2024-04-14,Central,Corporate,1965.13,608.74,1
ORD-2026760,CUST-00336,2025-02-13,South,Corporate,790.8,48.59,1
ORD-2026761,CUST-00542,2025-08-04,East,Corporate,3557.04,752.01,1
ORD-2026762,CUST-00410,2025-03-09,East,Home Office,6375.719999999999,2587.98,2
ORD-2026763,CUST-00311,2024-12-15,Central,Home Office,12347.13,2391.31,3
ORD-2026764,CUST-00710,2024-10-09,West,Consumer,6291.33,2090.37,2
ORD-2026765,CUST-00624,2024-09-07,West,Consumer,1333.89,467.76,1
ORD-2026766,CUST-00436,2025-06-17,East,Corporate,1474.4,285.8,1
ORD-2026767,CUST-00766,2025-04-30,South,Home Office,7338.83,1315.35,1
ORD-2026768,CUST-00352,2025-04-30,East,Consumer,4423.23,1361.91,1
ORD-2026769,CUST-00639,2024-09-01,South,Consumer,665.5899999999999,209.15,2
ORD-2026770,CUST-00141,2024-06-09,South,Home Office,6681.28,492.72,1
ORD-2026771,CUST-00234,2025-09-19,South,Consumer,1511.99,484.05,2
ORD-2026772,CUST-00275,2023-11-26,West,Corporate,53.55,8.16,1
ORD-2026773,CUST-00085,2025-04-28,Central,Consumer,2812.95,1261.99,1
ORD-2026774,CUST-00415,2024-10-04,East,Consumer,3624.5,715.11,1
ORD-2026775,CUST-00158,2024-08-17,Central,Consumer,1764.5,-28.11,1
ORD-2026776,CUST-00519,2024-11-20,West,Consumer,4557.83,1467.36,2
ORD-2026777,CUST-00156,2025-08-28,Central,Consumer,5708.73,706.13,2
ORD-2026778,CUST-00103,2025-05-29,South,Home Office,32.75,6.58,1
ORD-2026779,CUST-00777,2024-01-18,West,Consumer,3021.3599999999997,850.5400000000001,3
ORD-2026780,CUST-00535,2024-12-29,Central,Corporate,3098.9599999999996,505.0,3
ORD-2026781,CUST-00756,2025-07-22,West,Consumer,4237.2,1556.46,1
ORD-2026782,CUST-00410,2023-12-11,East,Home Office,9342.36,-153.18,1
ORD-2026783,CUST-00033,2023-12-27,East,Corporate,1647.1399999999999,447.32,2
ORD-2026784,CUST-00475,2025-08-13,Central,Corporate,12333.13,4062.67,2
ORD-2026785,CUST-00461,2025-09-29,Central,Corporate,105.0,-61.64,1
ORD-2026786,CUST-00011,2025-02-27,Central,Corporate,2616.5,68.87,1
ORD-2026787,CUST-00694,2025-06-17,South,Consumer,107.31,-17.42,1
ORD-2026788,CUST-00507,2024-12-29,Central,Consumer,153.3,52.95,1
ORD-2026789,CUST-00608,2023-04-24,Central,Consumer,100.5,33.69,1
ORD-2026790,CUST-00411,2025-07-04,East,Consumer,14.78,4.61,1
ORD-2026791,CUST-00507,2024-05-28,Central,Consumer,717.98,-263.38,1
ORD-2026792,CUST-00211,2024-08-09,West,Corporate,889.26,191.87,1
ORD-2026793,CUST-00784,2024-06-28,East,Consumer,388.2,80.74,1
ORD-2026794,CUST-00330,2023-07-08,Central,Consumer,143.71,38.75,1
ORD-2026795,CUST-00138,2024-10-28,East,Consumer,315.63,107.48,1
ORD-2026796,CUST-00049,2025-03-23,Central,Consumer,371.26,-67.31,1
ORD-2026797,CUST-00522,2024-12-16,East,Corporate,294.88,68.75,1
ORD-2026798,CUST-00790,2025-04-20,East,Corporate,889.0,-607.77,1
ORD-2026799,CUST-00718,2025-01-11,West,Corporate,3118.54,-79.1,1
ORD-2026800,CUST-00574,2023-09-09,East,Home Office,1362.52,414.15999999999997,3
ORD-2026801,CUST-00794,2023-10-08,South,Home Office,275.2,67.74,1
ORD-2026802,CUST-00592,2025-04-24,South,Corporate,17.1,1.08,1
ORD-2026803,CUST-00276,2023-03-27,West,Consumer,189.0,79.3,1
ORD-2026804,CUST-00495,2024-03-13,West,Corporate,22252.870000000003,5329.4,2
ORD-2026805,CUST-00066,2025-01-15,West,Corporate,132.47,-27.52,1
ORD-2026806,CUST-00182,2025-10-09,East,Consumer,737.87,216.08,1
ORD-2026807,CUST-00347,2024-12-15,South,Consumer,11859.76,3533.84,1
ORD-2026808,CUST-00167,2025-04-01,West,Corporate,862.53,-21.59,1
ORD-2026809,CUST-00768,2024-10-16,West,Consumer,4179.52,1880.43,1
ORD-2026810,CUST-00797,2025-09-17,South,Consumer,3646.7400000000002,572.63,2
ORD-2026811,CUST-00303,2023-11-13,East,Consumer,918.62,56.36,1
ORD-2026812,CUST-00578,2025-04-14,Central,Consumer,1078.53,144.89,1
ORD-2026813,CUST-00337,2024-07-15,South,Consumer,2160.8,576.9599999999999,2
ORD-2026814,CUST-00112,2024-03-28,South,Corporate,4625.39,955.94,1
ORD-2026815,CUST-00275,2025-10-17,West,Corporate,242.07,-60.07,1
ORD-2026816,CUST-00192,2025-01-22,Central,Consumer,185.94,43.17,1
ORD-2026817,CUST-00270,2025-04-10,Central,Consumer,7482.06,1492.89,4
ORD-2026818,CUST-00180,2025-05-02,Central,Consumer,2889.87,1253.03,2
ORD-2026819,CUST-00092,2024-01-04,South,Corporate,5536.17,1208.99,1
ORD-2026820,CUST-00181,2024-11-12,South,Consumer,1668.96,295.17999999999995,2
ORD-2026821,CUST-00725,2024-02-03,South,Consumer,4199.49,1570.36,2
ORD-2026822,CUST-00068,2024-06-05,West,Home Office,60.36,21.98,1
ORD-2026823,CUST-00267,2024-08-19,West,Corporate,6603.339999999999,2037.79,2
ORD-2026824,CUST-00436,2025-07-02,East,Corporate,8646.52,2113.33,3
ORD-2026825,CUST-00291,2024-04-08,South,Consumer,5210.37,874.85,1
ORD-2026826,CUST-00429,2025-03-10,East,Home Office,8181.39,2436.87,2
ORD-2026827,CUST-00040,2024-06-29,Central,Corporate,613.85,76.68,3
ORD-2026828,CUST-00530,2025-05-30,South,Corporate,10871.84,3969.28,1
ORD-2026829,CUST-00466,2025-01-12,South,Home Office,1647.5,253.53,1
ORD-2026830,CUST-00556,2023-10-07,Central,Home Office,128.88,13.21,1
ORD-2026831,CUST-00469,2023-11-24,East,Consumer,1295.69,434.47,1
ORD-2026832,CUST-00363,2025-04-26,East,Consumer,8333.82,1738.44,1
ORD-2026833,CUST-00287,2025-04-18,East,Consumer,513.76,193.87,1
ORD-2026834,CUST-00186,2025-06-29,West,Corporate,2568.8,673.01,1
ORD-2026835,CUST-00413,2024-07-08,West,Home Office,371.87,-7.52,1
ORD-2026836,CUST-00026,2024-09-11,Central,Corporate,3284.9,-76.26,1
ORD-2026837,CUST-00270,2023-05-07,Central,Consumer,78.57,10.17,1
ORD-2026838,CUST-00554,2025-05-12,West,Consumer,4718.49,742.67,1
ORD-2026839,CUST-00089,2025-01-05,South,Corporate,12560.48,2714.42,2
ORD-2026840,CUST-00054,2025-07-15,West,Consumer,1632.75,360.40999999999997,3
ORD-2026841,CUST-00532,2023-12-10,East,Consumer,9407.51,2141.08,1
ORD-2026842,CUST-00326,2025-10-23,East,Consumer,1106.3600000000001,430.26000000000005,2
ORD-2026843,CUST-00649,2024-11-19,South,Home Office,3112.79,800.63,2
ORD-2026844,CUST-00757,2025-02-04,Central,Consumer,3806.58,1420.72,1
ORD-2026845,CUST-00770,2024-06-23,West,Consumer,634.43,198.01,1
ORD-2026846,CUST-00354,2024-12-15,West,Consumer,1737.5400000000002,500.07000000000005,2
ORD-2026847,CUST-00215,2025-11-08,Central,Consumer,172.51,34.72,2
ORD-2026848,CUST-00502,2025-08-20,Central,Consumer,3819.13,-682.0,2
ORD-2026849,CUST-00512,2025-01-08,Central,Home Office,10359.039999999999,1523.2399999999998,2
ORD-2026850,CUST-00508,2024-10-16,East,Consumer,1559.2199999999998,264.84,2
ORD-2026851,CUST-00263,2025-03-02,West,Consumer,1336.65,473.63,2
ORD-2026852,CUST-00054,2025-02-06,West,Consumer,3080.6,-876.54,2
ORD-2026853,CUST-00178,2024-09-07,East,Corporate,8067.79,2686.29,2
ORD-2026854,CUST-00133,2025-11-23,East,Consumer,488.08,-57.72,1
ORD-2026855,CUST-00103,2024-11-02,South,Home Office,5709.87,880.68,1
ORD-2026856,CUST-00746,2024-12-26,West,Consumer,2030.51,367.14,1
ORD-2026857,CUST-00010,2024-07-16,East,Home Office,21943.87,6602.1,2
ORD-2026858,CUST-00495,2024-04-06,West,Corporate,458.24,1.44,1
ORD-2026859,CUST-00764,2025-08-30,South,Consumer,13437.35,2831.48,2
ORD-2026860,CUST-00294,2025-11-20,West,Consumer,267.6,50.7,1
ORD-2026861,CUST-00436,2023-12-11,East,Corporate,2673.04,186.16,1
ORD-2026862,CUST-00570,2024-09-29,Central,Consumer,94.87,334.635,1
ORD-2026863,CUST-00261,2025-09-17,South,Consumer,112.72,27.49,1
ORD-2026864,CUST-00398,2025-06-29,East,Consumer,4352.62,1173.59,2
ORD-2026865,CUST-00658,2023-04-28,Central,Consumer,2524.04,681.19,1
ORD-2026866,CUST-00609,2024-06-15,South,Corporate,2939.63,168.66,2
ORD-2026867,CUST-00652,2024-10-10,Central,Consumer,65.18,20.26,1
ORD-2026868,CUST-00793,2025-02-11,Central,Home Office,7046.24,1374.09,2
ORD-2026869,CUST-00302,2025-01-10,South,Consumer,10380.4,3093.77,1
ORD-2026870,CUST-00610,2025-08-10,South,Consumer,639.92,251.61,1
ORD-2026871,CUST-00496,2025-09-30,West,Home Office,8908.38,3264.6,1
ORD-2026872,CUST-00545,2024-12-19,South,Consumer,2598.78,42.31,1
ORD-2026873,CUST-00602,2025-05-20,South,Consumer,358.95,56.96,1
ORD-2026874,CUST-00612,2024-04-11,West,Corporate,947.34,238.86,1
ORD-2026875,CUST-00710,2025-03-11,West,Consumer,6016.18,1226.1,1
ORD-2026876,CUST-00287,2023-12-06,East,Consumer,2675.97,796.76,1
ORD-2026877,CUST-00533,2024-10-25,East,Consumer,315.63,81.46,1
ORD-2026878,CUST-00229,2024-12-29,Central,Corporate,674.07,281.95,1
ORD-2026879,CUST-00491,2024-06-28,South,Consumer,2463.67,464.05,1
ORD-2026880,CUST-00612,2025-05-18,West,Corporate,7681.660000000001,2790.1600000000003,2
ORD-2026881,CUST-00642,2023-11-23,South,Corporate,473.68,170.11,1
ORD-2026882,CUST-00348,2025-07-10,South,Consumer,185.5,39.39,1
ORD-2026883,CUST-00421,2024-08-20,South,Consumer,758.8,325.48,1
ORD-2026884,CUST-00273,2023-12-07,East,Home Office,1421.01,327.9,1
ORD-2026885,CUST-00141,2024-12-21,South,Home Office,492.12,217.64,1
ORD-2026886,CUST-00213,2024-02-28,South,Home Office,68.8,24.07,1
ORD-2026887,CUST-00730,2025-04-30,Central,Home Office,956.9,-107.09,2
ORD-2026888,CUST-00255,2023-12-15,Central,Home Office,2433.02,776.4000000000001,3
ORD-2026889,CUST-00785,2025-06-22,West,Consumer,1244.52,383.22,2
ORD-2026890,CUST-00200,2023-10-31,South,Corporate,3250.32,628.36,2
ORD-2026891,CUST-00592,2023-11-29,South,Corporate,106.42,37.34,1
ORD-2026892,CUST-00475,2025-11-02,Central,Corporate,10265.3,2061.15,1
ORD-2026893,CUST-00570,2024-12-25,Central,Consumer,9104.0,3352.0299999999997,3
ORD-2026894,CUST-00528,2023-11-25,East,Home Office,4889.5,1929.52,1
ORD-2026895,CUST-00577,2024-10-29,South,Consumer,503.33,5.1,1
ORD-2026896,CUST-00724,2023-08-02,East,Consumer,9398.35,3173.39,2
ORD-2026897,CUST-00466,2025-07-29,South,Home Office,100.41,5.36,2
ORD-2026898,CUST-00057,2023-05-26,Central,Home Office,3503.8199999999997,763.9300000000001,2
ORD-2026899,CUST-00219,2023-03-04,West,Consumer,4049.52,-1529.53,1
ORD-2026900,CUST-00578,2025-08-24,Central,Consumer,238.5,80.69,1
ORD-2026901,CUST-00411,2025-02-18,East,Consumer,2615.12,883.95,1
ORD-2026902,CUST-00453,2025-08-07,West,Home Office,8632.96,825.6,2
ORD-2026903,CUST-00492,2024-09-30,South,Home Office,3341.14,1200.19,2
ORD-2026904,CUST-00311,2024-03-22,Central,Home Office,7547.12,1643.9,1
ORD-2026905,CUST-00624,2025-01-17,West,Consumer,797.58,174.9,1
ORD-2026906,CUST-00593,2025-04-03,East,Corporate,201.4,48.05,1
ORD-2026907,CUST-00582,2023-11-23,South,Corporate,3134.64,790.27,1
ORD-2026908,CUST-00584,2025-10-23,East,Consumer,732.12,54.83,1
ORD-2026909,CUST-00712,2024-08-01,Central,Consumer,2707.2599999999998,994.4399999999999,2
ORD-2026910,CUST-00491,2025-06-05,South,Consumer,87.6,-39.63,1
ORD-2026911,CUST-00776,2023-02-28,South,Corporate,1208.35,368.54,1
ORD-2026912,CUST-00098,2023-04-22,Central,Corporate,309.6,136.71,1
ORD-2026913,CUST-00516,2024-09-28,East,Home Office,7021.0,1588.93,1
ORD-2026914,CUST-00586,2025-07-30,South,Home Office,2196.6,380.96,1
ORD-2026915,CUST-00397,2024-09-12,East,Consumer,10407.76,3674.96,2
ORD-2026916,CUST-00234,2024-01-09,South,Consumer,473.68,-23.06,1
ORD-2026917,CUST-00454,2024-05-13,East,Home Office,4074.69,810.98,2
ORD-2026918,CUST-00300,2024-10-23,East,Consumer,1708.08,153.49,2
ORD-2026919,CUST-00728,2023-11-17,East,Corporate,19035.47,5280.179999999999,2
ORD-2026920,CUST-00291,2024-10-19,South,Consumer,7737.429999999999,953.78,3
ORD-2026921,CUST-00146,2025-05-31,South,Consumer,100.12,25.07,1
ORD-2026922,CUST-00479,2024-06-01,Central,Corporate,10871.84,1813.31,1
ORD-2026923,CUST-00326,2023-10-07,East,Consumer,796.18,15.22,1
ORD-2026924,CUST-00076,2023-06-30,West,Consumer,2651.77,905.46,2
ORD-2026925,CUST-00467,2024-07-16,East,Home Office,165.8,-2.29,1
ORD-2026926,CUST-00441,2025-05-16,South,Consumer,5322.4400000000005,1625.1799999999998,2
ORD-2026927,CUST-00144,2025-09-25,West,Home Office,606.36,141.41,2
ORD-2026928,CUST-00494,2025-04-14,Central,Consumer,34.2,10.51,1
ORD-2026929,CUST-00469,2025-06-11,East,Consumer,7563.74,-383.01,2
ORD-2026930,CUST-00624,2025-06-12,West,Consumer,388.2,77.68,1
ORD-2026931,CUST-00297,2023-06-08,South,Corporate,40.28,8.01,1
ORD-2026932,CUST-00203,2024-04-22,West,Home Office,5918.450000000001,948.01,2
ORD-2026933,CUST-00766,2024-11-10,South,Home Office,1181.09,-7.83,1
ORD-2026934,CUST-00464,2024-01-26,West,Corporate,3530.72,1288.69,2
ORD-2026935,CUST-00027,2023-10-22,West,Consumer,1218.8999999999999,478.96999999999997,3
ORD-2026936,CUST-00661,2025-09-08,East,Home Office,23.32,6.45,1
ORD-2026937,CUST-00164,2025-07-24,West,Corporate,720.45,312.71,1
ORD-2026938,CUST-00638,2025-04-09,West,Consumer,207.0,59.22,1
ORD-2026939,CUST-00576,2024-08-01,West,Corporate,5012.87,1503.53,2
ORD-2026940,CUST-00777,2024-12-08,West,Consumer,197.26,52.3,1
ORD-2026941,CUST-00774,2024-11-03,Central,Corporate,842.04,269.28,1
ORD-2026942,CUST-00223,2024-12-13,Central,Home Office,10497.560000000001,1788.23,2
ORD-2026943,CUST-00622,2024-12-11,West,Corporate,4261.33,1237.76,2
ORD-2026944,CUST-00261,2025-06-23,South,Consumer,25289.64,6495.15,2
ORD-2026945,CUST-00513,2023-04-14,South,Home Office,2587.58,504.6,1
ORD-2026946,CUST-00494,2025-01-09,Central,Consumer,14805.6,2416.73,1
ORD-2026947,CUST-00047,2025-07-04,West,Home Office,473.1,186.51,1
ORD-2026948,CUST-00003,2025-10-06,Central,Corporate,1366.29,117.34,1
ORD-2026949,CUST-00051,2025-01-27,South,Consumer,1234.08,402.14,2
ORD-2026950,CUST-00104,2025-05-09,East,Consumer,439.4,79.2,1
ORD-2026951,CUST-00211,2025-04-25,West,Corporate,1148.76,-368.72,1
ORD-2026952,CUST-00726,2025-05-28,East,Corporate,10798.72,3564.76,1
ORD-2026953,CUST-00430,2023-09-30,Central,Consumer,1144.04,154.41,1
ORD-2026954,CUST-00646,2025-08-03,West,Consumer,4209.0,1634.13,1
ORD-2026955,CUST-00678,2025-03-18,East,Consumer,3342.32,759.31,1
ORD-2026956,CUST-00600,2024-10-19,Central,Consumer,1102.29,202.1,1
ORD-2026957,CUST-00321,2023-12-31,West,Consumer,225.44,59.65,1
ORD-2026958,CUST-00694,2024-10-07,South,Consumer,118.24,15.8,1
ORD-2026959,CUST-00604,2024-11-25,East,Consumer,630.03,179.04,2
ORD-2026960,CUST-00606,2025-03-08,Central,Consumer,948.5,-508.51,1
ORD-2026961,CUST-00722,2025-08-27,South,Consumer,2081.31,813.54,1
ORD-2026962,CUST-00494,2024-10-05,Central,Consumer,798.83,243.37,1
ORD-2026963,CUST-00436,2025-07-29,East,Corporate,1604.26,195.23,1
ORD-2026964,CUST-00712,2025-11-06,Central,Consumer,1407.82,131.09,1
ORD-2026965,CUST-00379,2024-11-02,West,Corporate,72.78,45.66,1
ORD-2026966,CUST-00654,2025-09-14,South,Consumer,825.66,-122.34,1
ORD-2026967,CUST-00047,2023-07-08,West,Home Office,3079.59,1319.59,1
ORD-2026968,CUST-00001,2025-05-27,East,Consumer,806.9,-4.14,1
ORD-2026969,CUST-00436,2025-09-01,East,Corporate,12178.62,4278.92,3
ORD-2026970,CUST-00061,2024-07-15,South,Corporate,364.39,20.89,1
ORD-2026971,CUST-00787,2024-06-27,East,Consumer,11816.97,2778.62,1
ORD-2026972,CUST-00003,2025-07-22,Central,Corporate,1182.2199999999998,282.89000000000004,2
ORD-2026973,CUST-00589,2025-04-05,South,Consumer,1897.0,724.51,1
ORD-2026974,CUST-00202,2024-12-05,South,Corporate,2731.68,570.46,1
ORD-2026975,CUST-00776,2025-04-09,South,Corporate,210.82,48.3,1
ORD-2026976,CUST-00311,2025-04-21,Central,Home Office,717.9,190.03,1
ORD-2026977,CUST-00027,2024-08-22,West,Consumer,4797.25,1420.3700000000001,3
ORD-2026978,CUST-00027,2024-11-04,West,Consumer,2598.6400000000003,969.77,2
ORD-2026979,CUST-00456,2025-11-18,Central,Consumer,10566.54,3324.8999999999996,2
ORD-2026980,CUST-00793,2025-02-27,Central,Home Office,8603.61,2233.75,2
ORD-2026981,CUST-00789,2023-02-28,Central,Consumer,548.9,146.38,1
ORD-2026982,CUST-00275,2025-03-03,West,Corporate,2773.87,1158.5600000000002,2
ORD-2026983,CUST-00403,2024-12-16,West,Home Office,508.51,121.58,1
ORD-2026984,CUST-00077,2024-10-03,West,Consumer,12038.990000000002,3743.74,2
ORD-2026985,CUST-00432,2025-12-13,Central,Corporate,8993.81,-1587.68,1
ORD-2026986,CUST-00494,2024-02-08,Central,Consumer,14848.24,3374.65,1
ORD-2026987,CUST-00207,2025-08-25,South,Home Office,0.0,13.47,1
ORD-2026988,CUST-00503,2024-04-18,South,Consumer,1148.76,467.57,1
ORD-2026989,CUST-00720,2025-07-27,Central,Home Office,1142.34,130.92,1
ORD-2026990,CUST-00001,2025-03-14,East,Consumer,1097.8,256.53,1
ORD-2026991,CUST-00188,2025-11-11,West,Consumer,1620.29,359.45,2
ORD-2026992,CUST-00177,2024-08-27,Central,Home Office,4526.62,1666.3300000000002,2
ORD-2026993,CUST-00103,2025-03-11,South,Home Office,14426.72,5818.370000000001,3
ORD-2026994,CUST-00140,2025-07-28,West,Corporate,1375.6100000000001,476.06,2
ORD-2026995,CUST-00510,2025-09-21,East,Consumer,13589.8,3899.43,1
ORD-2026996,CUST-00081,2024-01-29,South,Consumer,219.7,72.66,1
ORD-2026997,CUST-00601,2024-11-30,Central,Consumer,7036.110000000001,1983.42,2
ORD-2026998,CUST-00711,2024-03-13,Central,Consumer,1246.05,350.35,2
ORD-2026999,CUST-00746,2025-07-19,West,Consumer,393.6,68.56,2
ORD-2027000,CUST-00537,2024-06-09,West,Home Office,109.78,23.74,1
ORD-2027001,CUST-00165,2024-10-09,West,Corporate,351.67999999999995,63.21,2
ORD-2027002,CUST-00068,2025-03-26,West,Home Office,287.19,78.21,1
ORD-2027003,CUST-00190,2024-10-29,West,Consumer,947.36,198.13,1
ORD-2027004,CUST-00772,2024-05-29,South,Corporate,656.16,181.76,1
ORD-2027005,CUST-00772,2024-10-29,South,Corporate,10450.44,2075.63,2
ORD-2027006,CUST-00311,2024-08-02,Central,Home Office,1115.47,104.83,1
ORD-2027007,CUST-00268,2025-06-21,West,Home Office,3624.5,661.99,1
ORD-2027008,CUST-00423,2025-10-13,South,Consumer,9353.8,3608.4,1
ORD-2027009,CUST-00236,2024-12-29,Central,Consumer,229.96,81.11,1
ORD-2027010,CUST-00789,2025-01-04,Central,Consumer,2770.62,984.96,2
ORD-2027011,CUST-00182,2025-08-27,East,Consumer,159.0,67.56,1
ORD-2027012,CUST-00302,2025-08-22,South,Consumer,5224.4,2070.36,1
ORD-2027013,CUST-00357,2024-09-16,East,Consumer,6997.29,1714.56,2
ORD-2027014,CUST-00104,2025-01-04,East,Consumer,81.47,14.92,1
ORD-2027015,CUST-00311,2023-11-20,Central,Home Office,16847.02,3339.16,2
ORD-2027016,CUST-00691,2024-10-23,South,Consumer,253.62,75.15,1
ORD-2027017,CUST-00114,2025-04-26,West,Consumer,704.88,273.51,2
ORD-2027018,CUST-00485,2025-01-25,West,Consumer,272.28,89.89,2
ORD-2027019,CUST-00336,2024-11-19,South,Corporate,1906.74,569.44,1
ORD-2027020,CUST-00142,2024-05-19,East,Corporate,1439.82,618.3,1
ORD-2027021,CUST-00007,2024-12-29,East,Consumer,35.47,10.33,1
ORD-2027022,CUST-00222,2024-06-06,West,Consumer,2546.12,313.23,1
ORD-2027023,CUST-00053,2025-06-30,West,Corporate,6706.950000000001,2444.7,2
ORD-2027024,CUST-00310,2024-08-14,East,Consumer,999.31,-55.22,2
ORD-2027025,CUST-00653,2023-09-01,East,Consumer,13567.64,575.79,2
ORD-2027026,CUST-00590,2023-10-13,South,Corporate,4084.92,951.97,1
ORD-2027027,CUST-00764,2024-06-27,South,Consumer,5228.6,700.58,1
ORD-2027028,CUST-00355,2025-04-14,South,Corporate,5435.92,933.46,1
ORD-2027029,CUST-00578,2025-06-07,Central,Consumer,645.52,136.22,1
ORD-2027030,CUST-00544,2025-07-29,East,Consumer,425.79,116.17,1
ORD-2027031,CUST-00181,2025-05-27,South,Consumer,248.45,73.98,1
ORD-2027032,CUST-00252,2023-04-11,West,Home Office,3750.4399999999996,1159.8899999999999,3
ORD-2027033,CUST-00436,2024-11-14,East,Corporate,13224.429999999998,3595.77,3
ORD-2027034,CUST-00646,2025-07-10,West,Consumer,2398.9,219.01,2
ORD-2027035,CUST-00387,2024-12-04,East,Corporate,1584.99,481.32,1
ORD-2027036,CUST-00187,2025-08-05,East,Consumer,5375.72,1775.01,1
ORD-2027037,CUST-00795,2025-05-02,West,Home Office,443.08,139.23,1
ORD-2027038,CUST-00095,2024-10-25,South,Corporate,710.52,308.17,1
ORD-2027039,CUST-00769,2024-11-10,East,Corporate,9652.09,3839.59,1
ORD-2027040,CUST-00652,2024-05-13,Central,Consumer,137.6,6.96,1
ORD-2027041,CUST-00678,2024-12-25,East,Consumer,516.94,-50.31,1
ORD-2027042,CUST-00644,2024-11-23,West,Corporate,706.74,106.83,1
ORD-2027043,CUST-00176,2024-08-29,West,Consumer,621.0,227.11,1
ORD-2027044,CUST-00516,2024-11-12,East,Home Office,4901.9,656.16,1
ORD-2027045,CUST-00618,2024-08-08,West,Corporate,611.3399999999999,241.56,2
ORD-2027046,CUST-00609,2023-12-16,South,Corporate,1024.51,379.65999999999997,3
ORD-2027047,CUST-00219,2024-08-06,West,Consumer,151.2,44.07,1
ORD-2027048,CUST-00148,2024-12-05,East,Consumer,6016.18,900.59,1
ORD-2027049,CUST-00270,2024-01-04,Central,Consumer,677.95,202.49,1
ORD-2027050,CUST-00401,2025-01-08,South,Corporate,280.08,59.06,1
ORD-2027051,CUST-00475,2024-06-04,Central,Corporate,3367.2,1408.63,1
ORD-2027052,CUST-00676,2024-03-17,Central,Consumer,18588.09,3647.2299999999996,2
ORD-2027053,CUST-00622,2023-08-24,West,Corporate,1132.42,44.01,1
ORD-2027054,CUST-00553,2024-08-20,South,Consumer,889.0,339.7,1
ORD-2027055,CUST-00215,2025-01-23,Central,Consumer,13186.67,547.99,2
ORD-2027056,CUST-00400,2024-08-08,West,Corporate,1125.9,238.89,2
ORD-2027057,CUST-00274,2024-11-18,South,Corporate,861.57,181.1,1
ORD-2027058,CUST-00193,2024-05-19,Central,Consumer,3389.76,928.44,1
ORD-2027059,CUST-00006,2024-12-13,South,Home Office,2288.23,696.37,1
ORD-2027060,CUST-00277,2024-06-06,West,Home Office,2432.36,1044.8600000000001,2
ORD-2027061,CUST-00211,2024-05-24,West,Corporate,2388.84,648.41,1
ORD-2027062,CUST-00473,2025-09-11,West,Home Office,19176.06,1778.24,2
ORD-2027063,CUST-00054,2025-03-19,West,Consumer,2123.28,762.92,1
ORD-2027064,CUST-00219,2023-12-11,West,Consumer,1333.65,245.7,1
ORD-2027065,CUST-00042,2024-05-17,South,Consumer,7423.65,3141.72,1
ORD-2027066,CUST-00526,2024-07-21,West,Consumer,1808.32,261.33,1
ORD-2027067,CUST-00471,2025-06-16,Central,Corporate,581.1,150.92000000000002,2
ORD-2027068,CUST-00275,2024-11-25,West,Corporate,12.6,-3.49,1
ORD-2027069,CUST-00123,2024-08-24,Central,Consumer,797.58,232.39,1
ORD-2027070,CUST-00770,2024-03-28,West,Consumer,407.35,164.37,1
ORD-2027071,CUST-00485,2025-03-13,West,Consumer,1497.72,603.49,1
ORD-2027072,CUST-00554,2025-11-09,West,Consumer,3344.38,405.42,1
ORD-2027073,CUST-00438,2024-02-26,South,Home Office,928.33,177.27,2
ORD-2027074,CUST-00651,2024-10-02,West,Corporate,883.09,198.66,2
ORD-2027075,CUST-00718,2024-11-09,West,Corporate,1317.96,-149.4,1
ORD-2027076,CUST-00311,2023-11-12,Central,Home Office,6731.950000000001,1796.93,2
ORD-2027077,CUST-00565,2025-02-26,South,Home Office,10363.92,2968.02,1
ORD-2027078,CUST-00189,2025-03-21,East,Consumer,6739.74,941.58,1
ORD-2027079,CUST-00532,2024-11-28,East,Consumer,835.58,335.31,1
ORD-2027080,CUST-00329,2024-08-11,East,Consumer,10962.8,2579.67,1
ORD-2027081,CUST-00003,2025-01-15,Central,Corporate,405.81,129.55,1
ORD-2027082,CUST-00769,2025-04-26,East,Corporate,5045.53,1677.95,2
ORD-2027083,CUST-00697,2023-10-02,Central,Consumer,3757.3,625.23,1
ORD-2027084,CUST-00236,2024-11-10,Central,Consumer,5440.54,2085.64,2
ORD-2027085,CUST-00799,2025-03-21,West,Consumer,6766.43,1189.65,1
ORD-2027086,CUST-00261,2024-07-07,South,Consumer,298.6,-71.67,1
ORD-2027087,CUST-00382,2024-05-13,South,Home Office,3461.04,-223.46,2
ORD-2027088,CUST-00688,2024-03-04,Central,Corporate,143.71,40.44,1
ORD-2027089,CUST-00253,2025-11-20,East,Corporate,106.0,31.07,1
ORD-2027090,CUST-00376,2023-11-30,East,Home Office,5405.27,959.3700000000001,2
ORD-2027091,CUST-00544,2024-06-22,East,Consumer,1054.1,315.02,1
ORD-2027092,CUST-00106,2024-09-18,South,Corporate,3514.4900000000002,610.87,3
ORD-2027093,CUST-00351,2025-01-29,Central,Consumer,4370.25,1161.0500000000002,2
ORD-2027094,CUST-00255,2024-10-19,Central,Home Office,513.26,32.29,1
ORD-2027095,CUST-00554,2023-09-03,West,Consumer,5990.88,1023.12,1
ORD-2027096,CUST-00108,2025-02-17,Central,Corporate,5786.97,1142.15,1
ORD-2027097,CUST-00191,2024-12-22,Central,Home Office,102.65,37.36,1
ORD-2027098,CUST-00580,2024-12-16,East,Consumer,6667.860000000001,2087.86,2
ORD-2027099,CUST-00133,2025-02-03,East,Consumer,73.9,18.84,1
ORD-2027100,CUST-00350,2025-05-14,East,Corporate,2788.83,341.84,3
ORD-2027101,CUST-00582,2023-07-05,South,Corporate,72.14,12.35,1
ORD-2027102,CUST-00622,2025-09-06,West,Corporate,8291.14,1451.57,1
ORD-2027103,CUST-00074,2025-06-07,East,Consumer,271.61,71.59,2
ORD-2027104,CUST-00689,2025-07-28,West,Consumer,6341.24,1561.22,3
ORD-2027105,CUST-00593,2025-02-01,East,Corporate,191.62,12.26,1
ORD-2027106,CUST-00277,2023-03-20,West,Home Office,2106.3,852.32,1
ORD-2027107,CUST-00621,2023-09-23,West,Home Office,116.46,43.23,1
ORD-2027108,CUST-00597,2025-05-01,Central,Corporate,3874.11,896.38,3
ORD-2027109,CUST-00495,2023-04-06,West,Corporate,118.42,36.72,1
ORD-2027110,CUST-00461,2025-05-18,Central,Corporate,7785.3,3213.41,2
ORD-2027111,CUST-00600,2023-06-30,Central,Consumer,10380.4,2002.12,1
ORD-2027112,CUST-00800,2024-12-22,West,Corporate,1421.01,563.87,1
ORD-2027113,CUST-00480,2025-08-15,East,Corporate,5950.14,2025.09,2
ORD-2027114,CUST-00652,2025-06-30,Central,Consumer,84.0,25.15,1
ORD-2027115,CUST-00607,2024-05-05,West,Home Office,7745.900000000001,1735.67,2
ORD-2027116,CUST-00691,2025-09-03,South,Consumer,10601.990000000002,736.36,2
ORD-2027117,CUST-00768,2024-07-25,West,Consumer,1519.44,645.05,2
ORD-2027118,CUST-00159,2024-07-29,Central,Corporate,5732.92,-1568.18,2
ORD-2027119,CUST-00140,2025-02-26,West,Corporate,16332.03,3278.58,1
ORD-2027120,CUST-00486,2024-12-05,East,Consumer,5251.400000000001,972.66,2
ORD-2027121,CUST-00374,2025-05-03,West,Corporate,5919.91,1245.13,1
ORD-2027122,CUST-00472,2023-10-10,South,Consumer,8466.76,-1229.76,1
ORD-2027123,CUST-00647,2023-12-20,West,Consumer,45.09,13.3,1
ORD-2027124,CUST-00753,2025-04-25,East,Consumer,599.55,189.86,1
ORD-2027125,CUST-00347,2024-07-02,South,Consumer,2695.9,436.16,1
ORD-2027126,CUST-00588,2024-11-05,East,Consumer,554.25,207.64,2
ORD-2027127,CUST-00164,2024-04-09,West,Corporate,187.7,46.58,1
ORD-2027128,CUST-00440,2023-10-04,West,Consumer,1258.48,346.06,1
ORD-2027129,CUST-00020,2023-05-04,West,Home Office,18469.8,4340.700000000001,3
ORD-2027130,CUST-00418,2025-09-07,East,Consumer,856.5,216.49,1
ORD-2027131,CUST-00450,2023-12-14,West,Home Office,7039.639999999999,792.41,2
ORD-2027132,CUST-00600,2025-05-23,Central,Consumer,940.39,159.76,1
ORD-2027133,CUST-00530,2024-11-25,South,Corporate,471.84,-216.44,1
ORD-2027134,CUST-00292,2025-03-14,West,Home Office,564.83,165.53,1
ORD-2027135,CUST-00003,2025-09-11,Central,Corporate,1528.6100000000001,385.05999999999995,2
ORD-2027136,CUST-00094,2024-06-13,West,Consumer,116.46,41.76,1
ORD-2027137,CUST-00783,2025-02-22,East,Consumer,9412.6,1838.14,2
ORD-2027138,CUST-00742,2025-05-31,South,Corporate,425.79,45.66,1
ORD-2027139,CUST-00267,2024-04-27,West,Corporate,230.54,37.73,1
ORD-2027140,CUST-00212,2024-04-09,Central,Corporate,8756.94,1577.36,3
ORD-2027141,CUST-00361,2024-12-22,South,Corporate,9238.77,2500.75,1
ORD-2027142,CUST-00565,2024-11-24,South,Home Office,21.9,7.18,1
ORD-2027143,CUST-00291,2025-07-27,South,Consumer,597.21,100.05,1
ORD-2027144,CUST-00057,2023-10-22,Central,Home Office,1253.3899999999999,96.78999999999999,2
ORD-2027145,CUST-00333,2025-03-27,West,Consumer,28.18,9.92,1
ORD-2027146,CUST-00213,2025-12-01,South,Home Office,5457.0,1898.57,2
ORD-2027147,CUST-00267,2023-01-25,West,Corporate,6318.9,2742.55,1
ORD-2027148,CUST-00138,2025-05-09,East,Consumer,10986.56,2726.5,3
ORD-2027149,CUST-00536,2025-07-11,East,Consumer,905.99,318.39,1
ORD-2027150,CUST-00436,2025-09-13,East,Corporate,2648.45,232.77999999999997,2
ORD-2027151,CUST-00219,2024-09-08,West,Consumer,6569.31,2956.16,1
ORD-2027152,CUST-00457,2024-04-26,East,Corporate,1396.52,460.93,3
ORD-2027153,CUST-00410,2025-07-18,East,Home Office,14625.25,5353.48,2
ORD-2027154,CUST-00646,2025-05-28,West,Consumer,5354.49,-794.65,2
ORD-2027155,CUST-00769,2023-09-15,East,Corporate,7759.1,2661.95,3
ORD-2027156,CUST-00106,2024-12-18,South,Corporate,225.44,48.16,1
ORD-2027157,CUST-00708,2025-07-26,Central,Consumer,1671.16,703.84,1
ORD-2027158,CUST-00576,2023-10-17,West,Corporate,11981.76,706.15,1
ORD-2027159,CUST-00568,2024-06-15,East,Consumer,2685.0099999999998,706.71,3
ORD-2027160,CUST-00307,2025-07-27,West,Corporate,11959.02,3706.14,1
ORD-2027161,CUST-00280,2025-07-15,East,Consumer,20.12,3.61,1
ORD-2027162,CUST-00003,2025-06-11,Central,Corporate,1686.29,51.91,2
ORD-2027163,CUST-00789,2025-01-08,Central,Consumer,7991.68,1805.3,2
ORD-2027164,CUST-00499,2025-03-28,South,Consumer,2973.3,755.67,1
ORD-2027165,CUST-00332,2025-07-22,West,Consumer,878.64,-22.07,1
ORD-2027166,CUST-00448,2023-09-02,South,Corporate,256.95,99.31,1
ORD-2027167,CUST-00038,2025-06-04,South,Consumer,6921.9,1326.9499999999998,2
ORD-2027168,CUST-00144,2025-05-31,West,Home Office,50.95,2.3,1
ORD-2027169,CUST-00508,2024-07-26,East,Consumer,6846.07,1225.49,2
ORD-2027170,CUST-00426,2024-12-03,East,Consumer,3794.0,1670.32,1
ORD-2027171,CUST-00639,2023-10-25,South,Consumer,1417.88,543.7,1
ORD-2027172,CUST-00536,2024-11-10,East,Consumer,201.3,68.00999999999999,2
ORD-2027173,CUST-00495,2025-10-08,West,Corporate,6794.9,1381.25,1
ORD-2027174,CUST-00656,2025-06-26,Central,Corporate,2569.66,707.65,1
ORD-2027175,CUST-00057,2024-11-17,Central,Home Office,175.2,53.37,1
ORD-2027176,CUST-00565,2024-06-12,South,Home Office,716.0,314.28,1
ORD-2027177,CUST-00584,2025-04-04,East,Consumer,2757.74,998.74,1
ORD-2027178,CUST-00224,2024-07-11,East,Consumer,93.37,10.48,1
ORD-2027179,CUST-00163,2024-12-20,West,Corporate,723.33,153.5,1
ORD-2027180,CUST-00180,2024-08-25,Central,Consumer,1859.41,510.15000000000003,2
ORD-2027181,CUST-00165,2024-09-24,West,Corporate,10871.84,2125.67,1
ORD-2027182,CUST-00433,2025-09-20,South,Consumer,2474.9300000000003,598.25,2
ORD-2027183,CUST-00108,2024-11-29,Central,Corporate,2669.44,845.14,1
ORD-2027184,CUST-00536,2025-06-14,East,Consumer,1298.36,149.3,2
ORD-2027185,CUST-00084,2025-06-27,South,Consumer,2697.61,-26.549999999999997,2
ORD-2027186,CUST-00027,2023-12-03,West,Consumer,6092.900000000001,1337.62,2
ORD-2027187,CUST-00262,2025-07-18,East,Home Office,1612.18,179.88,3
ORD-2027188,CUST-00157,2023-09-07,East,Consumer,1838.91,60.74,2
ORD-2027189,CUST-00794,2023-09-25,South,Home Office,1626.45,391.56000000000006,2
ORD-2027190,CUST-00252,2024-08-19,West,Home Office,3867.37,1475.97,1
ORD-2027191,CUST-00182,2025-06-02,East,Consumer,4310.36,673.75,2
ORD-2027192,CUST-00164,2024-11-09,West,Corporate,189.0,34.92,1
ORD-2027193,CUST-00307,2025-03-21,West,Corporate,2400.3,817.29,1
ORD-2027194,CUST-00499,2025-10-17,South,Consumer,213.16,59.61,1
ORD-2027195,CUST-00634,2024-01-10,West,Home Office,622.5,162.6,2
ORD-2027196,CUST-00300,2024-12-18,East,Consumer,645.52,99.66,1
ORD-2027197,CUST-00510,2025-06-01,East,Consumer,84.0,34.45,1
ORD-2027198,CUST-00403,2024-05-17,West,Home Office,2167.91,796.37,2
ORD-2027199,CUST-00682,2025-02-21,East,Home Office,8572.76,2676.02,2
ORD-2027200,CUST-00472,2025-03-01,South,Consumer,4641.67,1626.8500000000001,2
ORD-2027201,CUST-00236,2023-12-07,Central,Consumer,338.91,70.03,1
ORD-2027202,CUST-00575,2024-08-19,East,Consumer,717.9,224.03,1
ORD-2027203,CUST-00661,2024-11-29,East,Home Office,3343.9500000000003,1223.1999999999998,2
ORD-2027204,CUST-00387,2023-12-06,East,Corporate,230.54,47.08,1
ORD-2027205,CUST-00793,2025-01-27,Central,Home Office,9604.220000000001,1491.62,2
ORD-2027206,CUST-00705,2025-01-08,East,Consumer,891.99,262.82,1
ORD-2027207,CUST-00164,2025-04-02,West,Corporate,4790.07,906.78,1
ORD-2027208,CUST-00639,2025-04-15,South,Consumer,9448.88,3039.37,1
ORD-2027209,CUST-00495,2025-09-28,West,Corporate,586.62,158.31,1
ORD-2027210,CUST-00441,2024-06-19,South,Consumer,6016.18,1868.7,1
ORD-2027211,CUST-00426,2024-07-29,East,Consumer,94.59,5.08,2
ORD-2027212,CUST-00691,2025-07-14,South,Consumer,11204.52,886.59,2
ORD-2027213,CUST-00503,2025-06-16,South,Consumer,1798.16,799.32,1
ORD-2027214,CUST-00441,2025-01-04,South,Consumer,1755.0700000000002,484.59999999999997,3
ORD-2027215,CUST-00044,2023-06-03,West,Consumer,878.04,377.88,1
ORD-2027216,CUST-00372,2024-08-09,Central,Corporate,467.8,145.76,1
ORD-2027217,CUST-00727,2024-10-16,Central,Consumer,1326.12,507.78,2
ORD-2027218,CUST-00580,2023-10-04,East,Consumer,385.42,104.22,1
ORD-2027219,CUST-00045,2023-12-29,East,Consumer,802.63,199.46,2
ORD-2027220,CUST-00708,2025-02-23,Central,Consumer,1333.5,578.82,1
ORD-2027221,CUST-00666,2025-08-26,Central,Home Office,5558.6900000000005,1299.8,2
ORD-2027222,CUST-00451,2023-11-05,South,Consumer,7026.93,2405.8,2
ORD-2027223,CUST-00021,2024-11-28,Central,Corporate,539.27,34.17,1
ORD-2027224,CUST-00466,2023-11-20,South,Home Office,7006.77,2287.75,1
ORD-2027225,CUST-00048,2024-12-03,South,Corporate,5132.65,2074.86,1
ORD-2027226,CUST-00262,2025-10-12,East,Home Office,820.2,188.08,1
ORD-2027227,CUST-00512,2025-09-06,Central,Home Office,325.39,60.28,1
ORD-2027228,CUST-00732,2025-04-02,West,Consumer,15375.289999999999,4880.02,2
ORD-2027229,CUST-00292,2025-08-04,West,Home Office,5348.51,871.45,2
ORD-2027230,CUST-00693,2024-10-29,South,Consumer,2092.1,72.6,1
ORD-2027231,CUST-00739,2024-01-14,Central,Consumer,2197.0,280.41,1
ORD-2027232,CUST-00019,2023-12-04,South,Consumer,8561.57,1381.14,1
ORD-2027233,CUST-00198,2025-01-24,East,Corporate,8701.59,2635.22,1
ORD-2027234,CUST-00580,2023-09-23,East,Consumer,6468.96,2905.37,1
ORD-2027235,CUST-00618,2025-01-11,West,Corporate,9972.31,2638.52,3
ORD-2027236,CUST-00323,2025-01-11,Central,Consumer,1660.85,287.38,1
ORD-2027237,CUST-00535,2024-05-17,Central,Corporate,569.7,194.52,1
ORD-2027238,CUST-00503,2023-05-21,South,Consumer,4390.2,759.98,1
ORD-2027239,CUST-00602,2023-11-15,South,Consumer,4263.03,360.41,1
ORD-2027240,CUST-00589,2025-02-12,South,Consumer,511.52,91.27000000000001,2
ORD-2027241,CUST-00068,2025-06-10,West,Home Office,6766.43,2324.16,1
ORD-2027242,CUST-00134,2023-06-19,Central,Corporate,1241.87,198.04,1
ORD-2027243,CUST-00107,2025-10-02,South,Consumer,15017.769999999999,4171.66,2
ORD-2027244,CUST-00753,2025-08-07,East,Consumer,3065.55,305.6,2
ORD-2027245,CUST-00733,2023-10-03,South,Consumer,7191.5599999999995,1442.37,2
ORD-2027246,CUST-00646,2024-12-11,West,Consumer,2645.55,596.5,1
ORD-2027247,CUST-00095,2023-07-02,South,Corporate,5545.54,-130.8499999999999,2
ORD-2027248,CUST-00475,2025-06-17,Central,Corporate,598.78,-30.46,1
ORD-2027249,CUST-00154,2025-04-28,West,Home Office,13807.57,3090.71,2
ORD-2027250,CUST-00301,2024-09-17,West,Consumer,382.55999999999995,118.72,2
ORD-2027251,CUST-00218,2023-11-11,East,Consumer,1316.15,240.86,1
ORD-2027252,CUST-00667,2024-01-19,Central,Consumer,38.82,9.42,1
ORD-2027253,CUST-00117,2025-01-21,East,Consumer,0.0,-1070.86,1
ORD-2027254,CUST-00529,2025-04-11,South,Corporate,557.19,67.58,2
ORD-2027255,CUST-00791,2024-03-23,East,Consumer,40.28,16.92,1
ORD-2027256,CUST-00562,2025-10-03,East,Consumer,303.52,58.03,1
ORD-2027257,CUST-00066,2024-11-18,West,Corporate,1578.36,193.38,2
ORD-2027258,CUST-00727,2024-06-28,Central,Consumer,1060.11,283.48,1
ORD-2027259,CUST-00527,2024-08-20,South,Consumer,1070.39,142.35,1
ORD-2027260,CUST-00381,2025-01-29,East,Consumer,9069.039999999999,3690.95,3
ORD-2027261,CUST-00537,2025-08-30,West,Home Office,11677.95,4417.15,1
ORD-2027262,CUST-00705,2024-01-09,East,Consumer,2508.28,-1024.52,1
ORD-2027263,CUST-00397,2024-05-19,East,Consumer,8986.32,1923.23,1
ORD-2027264,CUST-00438,2025-05-31,South,Home Office,6618.58,54.62,1
ORD-2027265,CUST-00377,2024-11-30,Central,Corporate,219.7,53.19,1
ORD-2027266,CUST-00061,2024-08-07,South,Corporate,1054.3600000000001,99.44,2
ORD-2027267,CUST-00639,2025-04-23,South,Consumer,1644.4,450.99,2
ORD-2027268,CUST-00104,2023-11-22,East,Consumer,6189.92,0.009999999999990905,3
ORD-2027269,CUST-00326,2025-04-25,East,Consumer,65.7,24.43,1
ORD-2027270,CUST-00318,2023-04-01,Central,Consumer,126.76,-26.73,1
ORD-2027271,CUST-00228,2025-02-07,Central,Consumer,3080.88,1208.64,1
ORD-2027272,CUST-00332,2025-02-09,West,Consumer,6445.62,999.25,1
ORD-2027273,CUST-00507,2025-09-28,Central,Consumer,349.38,101.09,1
ORD-2027274,CUST-00257,2024-12-22,Central,Home Office,2647.81,790.63,1
ORD-2027275,CUST-00144,2023-03-12,West,Home Office,4001.67,1097.15,1
ORD-2027276,CUST-00697,2025-10-30,Central,Consumer,2419.07,403.14,1
ORD-2027277,CUST-00780,2025-01-12,South,Consumer,172.0,52.18,1
ORD-2027278,CUST-00382,2025-03-04,South,Home Office,864.54,147.23,1
ORD-2027279,CUST-00269,2023-12-23,Central,Consumer,744.39,-19.31,1
ORD-2027280,CUST-00044,2025-06-27,West,Consumer,199.19,26.6,1
ORD-2027281,CUST-00037,2024-09-09,South,Consumer,607.31,197.33,1
ORD-2027282,CUST-00323,2024-11-08,Central,Consumer,256.95,54.04,1
ORD-2027283,CUST-00752,2025-04-02,East,Home Office,4724.44,-2391.44,1
ORD-2027284,CUST-00599,2025-08-13,Central,Home Office,16340.060000000001,5768.25,3
ORD-2027285,CUST-00287,2025-08-23,East,Consumer,439.02,72.94,1
ORD-2027286,CUST-00777,2023-12-07,West,Consumer,5529.42,1725.27,2
ORD-2027287,CUST-00357,2025-02-26,East,Consumer,23.29,-6.77,1
ORD-2027288,CUST-00225,2024-08-16,Central,Home Office,3826.4500000000003,402.205,2
ORD-2027289,CUST-00354,2025-06-15,West,Consumer,164.04,55.89,1
ORD-2027290,CUST-00178,2025-10-09,East,Corporate,3878.44,754.52,2
ORD-2027291,CUST-00710,2025-11-22,West,Consumer,1268.86,503.59,1
ORD-2027292,CUST-00296,2025-02-18,Central,Consumer,1205.55,196.72,1
ORD-2027293,CUST-00535,2024-08-01,Central,Corporate,1496.1,376.87,2
ORD-2027294,CUST-00320,2023-12-10,South,Home Office,77.09,6.41,1
ORD-2027295,CUST-00722,2024-01-04,South,Consumer,5190.2,917.71,1
ORD-2027296,CUST-00527,2024-12-07,South,Consumer,1480.56,529.95,1
ORD-2027297,CUST-00407,2025-02-27,West,Corporate,5020.25,1250.73,2
ORD-2027298,CUST-00107,2024-07-12,South,Consumer,4493.16,-22.87,1
ORD-2027299,CUST-00722,2025-05-16,South,Consumer,3489.42,1150.82,2
ORD-2027300,CUST-00451,2024-12-30,South,Consumer,401.85,-148.84,1
ORD-2027301,CUST-00234,2025-11-03,South,Consumer,4314.05,-259.32,1
ORD-2027302,CUST-00704,2024-12-24,East,Corporate,90.18,22.3,1
ORD-2027303,CUST-00047,2023-10-22,West,Home Office,11312.51,2366.55,3
ORD-2027304,CUST-00258,2024-11-04,East,Consumer,8220.699999999999,1984.1,2
ORD-2027305,CUST-00441,2023-10-26,South,Consumer,1707.3,-386.38,1
ORD-2027306,CUST-00277,2025-08-19,West,Home Office,8824.77,220.3,1
ORD-2027307,CUST-00396,2024-12-23,South,Consumer,10407.12,3620.65,1
ORD-2027308,CUST-00215,2025-09-02,Central,Consumer,13464.1,2228.27,2
ORD-2027309,CUST-00105,2025-06-10,South,Consumer,221.32,70.98,1
ORD-2027310,CUST-00037,2024-08-01,South,Consumer,5777.5,1620.33,3
ORD-2027311,CUST-00133,2023-09-17,East,Consumer,3744.3,-853.52,1
ORD-2027312,CUST-00767,2024-10-14,Central,Corporate,304.3,84.13,1
ORD-2027313,CUST-00477,2024-09-28,South,Consumer,1069.19,-168.14000000000001,2
ORD-2027314,CUST-00408,2025-04-24,East,Consumer,3813.48,599.19,1
ORD-2027315,CUST-00314,2025-09-15,West,Home Office,353.37,53.2,1
ORD-2027316,CUST-00578,2025-01-20,Central,Consumer,13457.29,2424.67,3
ORD-2027317,CUST-00114,2025-01-08,West,Consumer,988.65,304.45,1
ORD-2027318,CUST-00225,2025-06-06,Central,Home Office,2213.29,659.74,2
ORD-2027319,CUST-00535,2023-07-26,Central,Corporate,1794.7199999999998,747.9399999999999,2
ORD-2027320,CUST-00400,2024-12-27,West,Corporate,1148.28,257.52,1
ORD-2027321,CUST-00624,2024-08-26,West,Consumer,280.68,75.2,1
ORD-2027322,CUST-00718,2025-08-26,West,Corporate,4921.04,2021.22,1
ORD-2027323,CUST-00664,2023-03-24,East,Corporate,14557.259999999998,3155.36,2
ORD-2027324,CUST-00151,2025-03-28,South,Consumer,722.46,135.24,1
ORD-2027325,CUST-00072,2025-07-12,East,Consumer,666.75,-205.53,1
ORD-2027326,CUST-00141,2025-02-22,South,Home Office,116.21,34.28,1
ORD-2027327,CUST-00635,2024-10-10,East,Consumer,8432.34,1092.44,2
ORD-2027328,CUST-00733,2025-10-25,South,Consumer,92.38,7.67,1
ORD-2027329,CUST-00746,2025-10-16,West,Consumer,3690.78,1460.7,1
ORD-2027330,CUST-00246,2025-09-04,East,Home Office,631.62,-88.14000000000001,3
ORD-2027331,CUST-00678,2023-07-17,East,Consumer,12566.71,803.43,2
ORD-2027332,CUST-00441,2024-09-13,South,Consumer,238.5,44.84,1
ORD-2027333,CUST-00663,2025-04-23,East,Consumer,120.09,35.1,1
ORD-2027334,CUST-00452,2023-11-13,South,Consumer,450.9,110.09,1
ORD-2027335,CUST-00120,2023-08-08,East,Corporate,2452.44,616.7900000000001,2
ORD-2027336,CUST-00066,2024-10-03,West,Corporate,1404.2,421.81,1
ORD-2027337,CUST-00770,2025-08-15,West,Consumer,1618.34,606.69,1
ORD-2027338,CUST-00354,2025-09-22,West,Consumer,237.68,86.82,2
ORD-2027339,CUST-00287,2024-10-10,East,Consumer,4431.709999999999,708.77,2
ORD-2027340,CUST-00291,2024-09-22,South,Consumer,221.59,46.57,1
ORD-2027341,CUST-00311,2025-08-05,Central,Home Office,957.2,367.1,1
ORD-2027342,CUST-00762,2024-11-15,Central,Corporate,1837.75,334.82000000000005,3
ORD-2027343,CUST-00054,2024-04-22,West,Consumer,2718.7200000000003,534.12,2
ORD-2027344,CUST-00098,2025-05-01,Central,Corporate,201.2,33.8,1
ORD-2027345,CUST-00641,2023-12-06,Central,Consumer,5027.1900000000005,630.7900000000001,2
ORD-2027346,CUST-00453,2024-12-29,West,Home Office,53.0,-28.11,1
ORD-2027347,CUST-00104,2024-07-01,East,Consumer,592.81,154.14,1
ORD-2027348,CUST-00035,2025-08-09,South,Consumer,140.16,0.99,1
ORD-2027349,CUST-00183,2025-04-22,West,Consumer,2537.72,631.04,1
ORD-2027350,CUST-00213,2025-02-18,South,Home Office,206.4,33.26,1
ORD-2027351,CUST-00010,2025-07-01,East,Home Office,729.22,82.62,1
ORD-2027352,CUST-00180,2025-09-03,Central,Consumer,212.68,-27.21,1
ORD-2027353,CUST-00601,2024-08-31,Central,Consumer,5339.36,737.77,2
ORD-2027354,CUST-00691,2025-10-10,South,Consumer,109.5,40.1,1
ORD-2027355,CUST-00718,2025-10-28,West,Corporate,3199.1,870.4399999999999,2
ORD-2027356,CUST-00320,2023-09-21,South,Home Office,1515.74,356.42,1
ORD-2027357,CUST-00262,2024-09-13,East,Home Office,4445.0,1202.38,1
ORD-2027358,CUST-00800,2024-12-08,West,Corporate,2191.8,440.84000000000003,2
ORD-2027359,CUST-00622,2025-09-12,West,Corporate,4493.16,1352.07,1
ORD-2027360,CUST-00441,2024-12-03,South,Consumer,325.88,-93.98,1
ORD-2027361,CUST-00211,2025-02-10,West,Corporate,6049.14,464.52,2
ORD-2027362,CUST-00262,2024-07-16,East,Home Office,840.24,208.61,1
ORD-2027363,CUST-00428,2023-08-07,South,Consumer,1665.05,212.27,1
ORD-2027364,CUST-00446,2024-12-08,Central,Home Office,2975.82,40.6,1
ORD-2027365,CUST-00010,2025-08-07,East,Home Office,241.68,44.42,1
ORD-2027366,CUST-00770,2025-04-17,West,Consumer,40.28,9.88,1
ORD-2027367,CUST-00478,2023-12-24,East,Consumer,9308.29,2879.05,2
ORD-2027368,CUST-00488,2025-05-21,Central,Consumer,2901.5800000000004,696.88,2
ORD-2027369,CUST-00178,2023-12-28,East,Corporate,3017.81,367.85,3
ORD-2027370,CUST-00621,2025-06-21,West,Home Office,959.88,267.44,1
ORD-2027371,CUST-00600,2024-11-05,Central,Consumer,387.0,99.41999999999999,2
ORD-2027372,CUST-00075,2025-04-04,Central,Consumer,4009.55,1118.99,1
ORD-2027373,CUST-00491,2024-12-11,South,Consumer,231.0,51.79,1
ORD-2027374,CUST-00535,2025-03-06,Central,Corporate,381.35,64.04,1
ORD-2027375,CUST-00675,2025-08-27,Central,Home Office,3712.55,1488.88,1
ORD-2027376,CUST-00173,2024-05-02,South,Consumer,479.94,139.78,1
ORD-2027377,CUST-00704,2023-05-29,East,Corporate,1184.3000000000002,393.61,2
ORD-2027378,CUST-00386,2024-03-28,East,Consumer,2085.5299999999997,69.22999999999999,2
ORD-2027379,CUST-00076,2023-08-14,West,Consumer,3859.92,846.28,2
ORD-2027380,CUST-00085,2025-10-05,Central,Consumer,6694.87,1407.92,2
ORD-2027381,CUST-00165,2024-05-12,West,Corporate,127.74,31.47,1
ORD-2027382,CUST-00232,2025-02-08,South,Corporate,1025.46,202.77,1
ORD-2027383,CUST-00412,2025-09-09,East,Consumer,5353.34,1800.9099999999999,2
ORD-2027384,CUST-00611,2025-01-04,South,Corporate,843.28,-49.5,1
ORD-2027385,CUST-00154,2024-12-03,West,Home Office,2808.4,563.28,1
ORD-2027386,CUST-00795,2024-11-12,West,Home Office,3794.0,1341.35,1
ORD-2027387,CUST-00136,2024-12-30,West,Consumer,1389.44,153.41000000000003,2
ORD-2027388,CUST-00494,2025-07-11,Central,Consumer,361.04,122.65,1
ORD-2027389,CUST-00751,2025-03-02,South,Consumer,147.82,15.19,1
ORD-2027390,CUST-00671,2023-09-02,South,Home Office,1474.4,267.83,1
ORD-2027391,CUST-00529,2023-10-19,South,Corporate,2667.3,546.65,1
ORD-2027392,CUST-00584,2024-11-04,East,Consumer,2396.35,165.78,1
ORD-2027393,CUST-00108,2024-10-09,Central,Corporate,3844.19,635.38,2
ORD-2027394,CUST-00006,2024-04-07,South,Home Office,4312.64,701.0,1
ORD-2027395,CUST-00359,2025-05-30,East,Consumer,17498.74,3530.27,3
ORD-2027396,CUST-00071,2025-11-01,South,Consumer,354.15,114.36,2
ORD-2027397,CUST-00292,2023-06-29,West,Home Office,2979.48,1224.8100000000002,2
ORD-2027398,CUST-00183,2025-05-08,West,Consumer,7520.22,1154.63,1
ORD-2027399,CUST-00737,2024-09-05,Central,Consumer,924.47,324.72499999999997,2
ORD-2027400,CUST-00705,2025-03-22,East,Consumer,3031.96,265.26,2
ORD-2027401,CUST-00661,2025-05-08,East,Home Office,1176.83,318.95000000000005,2
ORD-2027402,CUST-00582,2024-10-28,South,Corporate,4760.599999999999,1286.5,3
ORD-2027403,CUST-00133,2024-12-17,East,Consumer,5399.36,2006.56,1
ORD-2027404,CUST-00044,2024-10-27,West,Consumer,1977.29,693.4300000000001,3
ORD-2027405,CUST-00534,2024-06-14,West,Corporate,13351.79,5895.3,3
ORD-2027406,CUST-00527,2024-10-18,South,Consumer,8273.22,3032.52,1
ORD-2027407,CUST-00302,2025-02-09,South,Consumer,891.99,229.28,1
ORD-2027408,CUST-00395,2024-04-03,Central,Consumer,918.62,94.02,1
ORD-2027409,CUST-00408,2024-11-11,East,Consumer,236.55,73.89,1
ORD-2027410,CUST-00198,2024-12-23,East,Corporate,122.73,20.66,2
ORD-2027411,CUST-00258,2025-01-27,East,Consumer,1038.9499999999998,178.69,2
ORD-2027412,CUST-00347,2025-04-05,South,Consumer,14847.3,2779.12,1
ORD-2027413,CUST-00497,2024-05-10,East,Consumer,1075.47,203.52,1
ORD-2027414,CUST-00769,2024-07-30,East,Corporate,2667.78,505.81,1
ORD-2027415,CUST-00441,2025-11-20,South,Consumer,1417.88,559.62,1
ORD-2027416,CUST-00599,2024-03-04,Central,Home Office,3642.21,526.64,2
ORD-2027417,CUST-00651,2024-11-16,West,Corporate,1889.68,90.68,1
ORD-2027418,CUST-00092,2025-03-09,South,Corporate,1897.0,468.19,1
ORD-2027419,CUST-00533,2024-08-26,East,Consumer,9259.8,3371.3,1
ORD-2027420,CUST-00403,2023-08-02,West,Home Office,2824.2,1248.64,1
ORD-2027421,CUST-00473,2025-08-23,West,Home Office,1152.72,239.56,1
ORD-2027422,CUST-00037,2024-03-31,South,Consumer,716.0,198.34,1
ORD-2027423,CUST-00726,2024-11-05,East,Corporate,5938.92,1686.04,1
ORD-2027424,CUST-00767,2024-11-03,Central,Corporate,295.2,27.689999999999998,2
ORD-2027425,CUST-00003,2024-07-30,Central,Corporate,3535.5,959.19,2
ORD-2027426,CUST-00180,2023-12-29,Central,Consumer,140.34,-72.58,1
ORD-2027427,CUST-00148,2025-04-19,East,Consumer,9342.36,2729.01,1
ORD-2027428,CUST-00633,2025-02-19,West,Consumer,797.58,267.96,1
ORD-2027429,CUST-00494,2024-03-07,Central,Consumer,53.0,22.91,1
ORD-2027430,CUST-00147,2023-12-03,East,Consumer,12220.919999999998,4618.37,2
ORD-2027431,CUST-00656,2024-05-21,Central,Corporate,2126.82,955.07,1
ORD-2027432,CUST-00291,2025-06-08,South,Consumer,20960.879999999997,6258.1,3
ORD-2027433,CUST-00386,2024-06-20,East,Consumer,3112.41,719.83,1
ORD-2027434,CUST-00318,2023-12-16,Central,Consumer,976.5899999999999,311.56,2
ORD-2027435,CUST-00431,2025-04-14,East,Corporate,6569.41,-1223.24,3
ORD-2027436,CUST-00402,2024-02-28,South,Consumer,36.39,6.07,1
ORD-2027437,CUST-00223,2024-04-18,Central,Home Office,564.83,45.66,1
ORD-2027438,CUST-00352,2023-09-05,East,Consumer,1075.14,250.85,1
ORD-2027439,CUST-00727,2025-03-14,Central,Consumer,3690.78,1558.03,1
ORD-2027440,CUST-00417,2025-07-05,South,Home Office,840.26,228.83999999999997,2
ORD-2027441,CUST-00737,2024-04-05,Central,Consumer,0.0,291.92,1
ORD-2027442,CUST-00454,2024-05-19,East,Home Office,2457.35,-365.12,1
ORD-2027443,CUST-00622,2024-08-25,West,Corporate,10644.6,1886.97,1
ORD-2027444,CUST-00239,2024-11-21,West,Corporate,52.14,13.54,1
ORD-2027445,CUST-00641,2024-09-21,Central,Consumer,2973.3,1106.05,1
ORD-2027446,CUST-00215,2024-06-21,Central,Consumer,7043.16,1213.5700000000002,3
ORD-2027447,CUST-00018,2025-05-13,East,Corporate,3858.1,1154.92,3
ORD-2027448,CUST-00135,2024-05-26,South,Consumer,864.54,349.17,1
ORD-2027449,CUST-00020,2024-11-02,West,Home Office,513.9,187.58,1
ORD-2027450,CUST-00763,2025-07-21,South,Corporate,15641.289999999999,4475.570000000001,2
ORD-2027451,CUST-00800,2025-06-26,West,Corporate,6481.86,783.38,1
ORD-2027452,CUST-00620,2025-08-27,East,Consumer,5255.45,943.58,1
ORD-2027453,CUST-00087,2025-02-02,East,Consumer,7860.87,1924.21,3
ORD-2027454,CUST-00718,2025-11-12,West,Corporate,6595.8099999999995,1719.4499999999998,3
ORD-2027455,CUST-00607,2024-06-20,West,Home Office,2319.8599999999997,466.82,2
ORD-2027456,CUST-00272,2023-12-29,East,Corporate,1680.48,691.16,1
ORD-2027457,CUST-00416,2024-04-20,Central,Home Office,100.5,14.32,1
ORD-2027458,CUST-00539,2025-02-24,Central,Home Office,2003.0700000000002,432.91999999999996,2
ORD-2027459,CUST-00023,2024-04-15,East,Consumer,1.91,0.54,1
ORD-2027460,CUST-00415,2025-05-01,East,Consumer,1541.28,395.4,1
ORD-2027461,CUST-00599,2024-12-16,Central,Home Office,10278.64,1771.63,1
ORD-2027462,CUST-00155,2025-07-13,West,Consumer,870.81,175.98,2
ORD-2027463,CUST-00366,2025-08-14,Central,Consumer,12848.3,3980.19,1
ORD-2027464,CUST-00439,2024-03-31,East,Consumer,8809.33,2053.95,1
ORD-2027465,CUST-00600,2025-08-30,Central,Consumer,327.61,24.55,1
ORD-2027466,CUST-00773,2023-12-30,East,Consumer,3690.78,733.0,1
ORD-2027467,CUST-00685,2025-05-12,East,Home Office,2076.08,37.47,1
ORD-2027468,CUST-00508,2025-09-20,East,Consumer,560.6999999999999,123.85999999999999,2
ORD-2027469,CUST-00485,2024-06-14,West,Consumer,7106.69,-2920.31,1
ORD-2027470,CUST-00497,2024-10-27,East,Consumer,72.43,-21.08,1
ORD-2027471,CUST-00450,2024-10-20,West,Home Office,187.12,48.84,1
ORD-2027472,CUST-00051,2025-08-05,South,Consumer,3509.25,804.65,1
ORD-2027473,CUST-00570,2024-07-27,Central,Consumer,2010.33,575.35,1
ORD-2027474,CUST-00586,2024-01-20,South,Home Office,6266.85,843.06,2
ORD-2027475,CUST-00425,2024-12-18,West,Corporate,439.96,94.71,1
ORD-2027476,CUST-00699,2024-10-06,East,Home Office,969.17,303.97,1
ORD-2027477,CUST-00549,2024-07-13,Central,Home Office,116.21,24.97,1
ORD-2027478,CUST-00297,2024-07-11,South,Corporate,2090.24,79.68,1
ORD-2027479,CUST-00018,2024-07-25,East,Corporate,3931.76,-349.08,1
ORD-2027480,CUST-00051,2024-10-09,South,Consumer,1076.85,385.77,1
ORD-2027481,CUST-00288,2024-05-30,Central,Home Office,14.78,6.6,1
ORD-2027482,CUST-00387,2024-06-17,East,Corporate,66.51,-29.87,1
ORD-2027483,CUST-00140,2025-09-17,West,Corporate,4288.24,1084.3700000000001,2
ORD-2027484,CUST-00155,2025-01-30,West,Consumer,2460.52,957.48,1
ORD-2027485,CUST-00190,2024-11-17,West,Consumer,143.72,2.52,1
ORD-2027486,CUST-00633,2023-08-12,West,Consumer,63.0,24.7,1
ORD-2027487,CUST-00624,2025-08-03,West,Consumer,1558.14,467.1,2
ORD-2027488,CUST-00312,2025-06-26,Central,Corporate,2256.07,870.53,1
ORD-2027489,CUST-00144,2024-07-25,West,Home Office,597.8,92.15,2
ORD-2027490,CUST-00090,2023-11-04,South,Corporate,2961.12,1173.94,1
ORD-2027491,CUST-00068,2024-05-04,West,Home Office,7006.77,1304.57,1
ORD-2027492,CUST-00321,2025-05-01,West,Consumer,1440.9,342.49,1
ORD-2027493,CUST-00043,2023-12-25,Central,Corporate,4969.74,-557.1,2
ORD-2027494,CUST-00273,2025-07-28,East,Home Office,8071.7,2012.86,2
ORD-2027495,CUST-00772,2025-11-30,South,Corporate,802.79,255.94,1
ORD-2027496,CUST-00420,2023-07-21,Central,Consumer,14531.259999999998,2319.16,2
ORD-2027497,CUST-00663,2024-05-11,East,Consumer,534.88,92.52,1
ORD-2027498,CUST-00105,2024-05-11,South,Consumer,884.64,340.05,1
ORD-2027499,CUST-00219,2025-01-25,West,Consumer,13436.22,4677.07,2
ORD-2027500,CUST-00762,2024-12-17,Central,Corporate,60.36,20.36,1
ORD-2027501,CUST-00313,2023-10-17,East,Corporate,2146.58,579.42,2
ORD-2027502,CUST-00530,2025-03-25,South,Corporate,110.4,16.02,1
ORD-2027503,CUST-00786,2025-05-10,Central,Corporate,2623.55,498.46,2
ORD-2027504,CUST-00454,2025-03-11,East,Home Office,2860.5200000000004,1126.02,2
ORD-2027505,CUST-00254,2024-11-26,West,Consumer,310.56,78.42,1
ORD-2027506,CUST-00438,2025-07-04,South,Home Office,583.37,121.03,2
ORD-2027507,CUST-00048,2024-07-04,South,Corporate,1033.45,23.28,1
ORD-2027508,CUST-00092,2025-06-20,South,Corporate,1882.8,-181.14,1
ORD-2027509,CUST-00003,2024-11-22,Central,Corporate,528.73,99.19999999999999,2
ORD-2027510,CUST-00709,2025-04-27,West,Home Office,185.5,78.69,1
ORD-2027511,CUST-00547,2024-12-26,West,Corporate,843.28,299.47,1
ORD-2027512,CUST-00246,2025-08-03,East,Home Office,256.95,93.49,1
ORD-2027513,CUST-00182,2024-12-19,East,Consumer,15423.539999999999,5887.92,2
ORD-2027514,CUST-00558,2025-10-02,South,Consumer,3650.76,506.64,2
ORD-2027515,CUST-00740,2023-12-23,South,Corporate,748.48,319.35,1
ORD-2027516,CUST-00248,2025-04-08,West,Consumer,239.67,41.75,1
ORD-2027517,CUST-00263,2024-08-13,West,Consumer,3996.91,89.39,1
ORD-2027518,CUST-00691,2024-01-24,South,Consumer,0.0,1462.9,1
ORD-2027519,CUST-00715,2024-09-20,South,Home Office,9118.2,2438.7799999999997,3
ORD-2027520,CUST-00733,2023-05-25,South,Consumer,11.87,-0.34,1
ORD-2027521,CUST-00239,2025-02-06,West,Corporate,4263.03,778.77,1
ORD-2027522,CUST-00100,2024-05-11,East,Consumer,13439.3,2354.32,1
ORD-2027523,CUST-00364,2025-01-05,South,Consumer,455.76,134.41,1
ORD-2027524,CUST-00243,2025-02-02,East,Consumer,162.32,14.3,1
ORD-2027525,CUST-00708,2024-12-17,Central,Consumer,386.15999999999997,73.4,2
ORD-2027526,CUST-00037,2024-01-20,South,Consumer,155.28,54.93,1
ORD-2027527,CUST-00519,2025-06-11,West,Consumer,468.37,115.27,1
ORD-2027528,CUST-00726,2025-01-26,East,Corporate,2717.96,901.01,1
ORD-2027529,CUST-00787,2024-12-01,East,Consumer,439.12,182.15,1
ORD-2027530,CUST-00531,2025-08-14,Central,Consumer,5801.799999999999,1628.1200000000001,2
ORD-2027531,CUST-00766,2024-10-14,South,Home Office,7708.98,1618.57,1
ORD-2027532,CUST-00062,2025-09-16,Central,Consumer,532.89,125.21,1
ORD-2027533,CUST-00293,2025-06-23,South,Consumer,61.92,9.83,1
ORD-2027534,CUST-00005,2024-08-23,West,Home Office,6604.31,2415.7400000000002,2
ORD-2027535,CUST-00789,2025-11-07,Central,Consumer,40.24,15.48,1
ORD-2027536,CUST-00722,2024-08-23,South,Consumer,420.12,-118.69,1
ORD-2027537,CUST-00027,2025-05-27,West,Consumer,7305.04,955.12,1
ORD-2027538,CUST-00016,2025-01-24,South,Consumer,6749.2,2450.19,1
ORD-2027539,CUST-00301,2023-12-19,West,Consumer,5934.96,1982.31,2
ORD-2027540,CUST-00212,2024-06-17,Central,Corporate,161.12,38.93,1
ORD-2027541,CUST-00683,2023-08-25,South,Home Office,1028.91,247.6,2
ORD-2027542,CUST-00135,2025-10-01,South,Consumer,7454.7,1975.12,1
ORD-2027543,CUST-00642,2025-08-30,South,Corporate,407.35,86.6,1
ORD-2027544,CUST-00457,2025-02-27,East,Corporate,3308.75,438.89,1
ORD-2027545,CUST-00310,2024-11-10,East,Consumer,13008.0,2363.18,2
ORD-2027546,CUST-00119,2025-04-03,East,Consumer,3159.09,1226.77,1
ORD-2027547,CUST-00799,2024-08-07,West,Consumer,152.17,40.58,1
ORD-2027548,CUST-00507,2025-01-03,Central,Consumer,180.11,-10.010000000000002,2
ORD-2027549,CUST-00364,2025-04-21,South,Consumer,10675.619999999999,3956.76,2
ORD-2027550,CUST-00303,2025-05-20,East,Consumer,103.46,-8.71,1
ORD-2027551,CUST-00725,2025-01-20,South,Consumer,932.02,231.79000000000002,2
ORD-2027552,CUST-00662,2023-07-01,Central,Corporate,2697.83,1023.59,2
ORD-2027553,CUST-00653,2025-05-07,East,Consumer,770.64,326.12,1
ORD-2027554,CUST-00505,2025-06-09,West,Home Office,1162.1,211.61,1
ORD-2027555,CUST-00711,2024-03-17,Central,Consumer,825.66,124.95,1
ORD-2027556,CUST-00248,2023-08-28,West,Consumer,2447.3,945.74,2
ORD-2027557,CUST-00575,2024-11-25,East,Consumer,8594.16,2652.57,1
ORD-2027558,CUST-00333,2024-07-20,West,Consumer,2819.96,1114.71,2
ORD-2027559,CUST-00495,2024-12-03,West,Corporate,7576.2,2969.27,1
ORD-2027560,CUST-00799,2023-06-18,West,Consumer,2265.3,424.75,2
ORD-2027561,CUST-00791,2025-08-28,East,Consumer,400.17,150.76,1
ORD-2027562,CUST-00425,2024-09-27,West,Corporate,39.91,14.0,1
ORD-2027563,CUST-00475,2023-12-29,Central,Corporate,5616.8,2512.44,1
ORD-2027564,CUST-00718,2023-11-29,West,Corporate,2888.88,901.3799999999999,3
ORD-2027565,CUST-00791,2024-12-20,East,Consumer,7108.13,1376.56,3
ORD-2027566,CUST-00632,2024-07-23,West,Corporate,9407.51,3353.49,1
ORD-2027567,CUST-00056,2025-06-11,East,Consumer,161.38,53.95,1
ORD-2027568,CUST-00264,2024-09-04,South,Consumer,2636.0,180.43,1
ORD-2027569,CUST-00718,2025-05-08,West,Corporate,9585.41,2706.38,1
ORD-2027570,CUST-00622,2023-09-12,West,Corporate,626.0799999999999,37.66,2
ORD-2027571,CUST-00604,2025-05-28,East,Consumer,210.82,86.47,1
ORD-2027572,CUST-00547,2025-11-27,West,Corporate,1492.1,475.06,2
ORD-2027573,CUST-00345,2025-05-02,South,Consumer,7109.65,1509.88,2
ORD-2027574,CUST-00333,2023-11-27,West,Consumer,2800.8,1208.67,1
ORD-2027575,CUST-00652,2024-12-15,Central,Consumer,328.08,50.71,1
ORD-2027576,CUST-00239,2024-04-01,West,Corporate,6017.02,1244.81,2
ORD-2027577,CUST-00561,2024-04-29,Central,Consumer,1553.56,449.75,3
ORD-2027578,CUST-00596,2023-09-21,South,Consumer,2042.46,833.59,1
ORD-2027579,CUST-00681,2024-11-13,Central,Consumer,10898.36,2830.9,2
ORD-2027580,CUST-00262,2023-12-14,East,Home Office,2612.17,793.62,1
ORD-2027581,CUST-00604,2024-09-12,East,Consumer,2079.56,836.38,2
ORD-2027582,CUST-00085,2024-02-15,Central,Consumer,6127.38,2666.21,1
ORD-2027583,CUST-00111,2024-01-06,West,Consumer,1742.02,530.18,2
ORD-2027584,CUST-00347,2024-11-08,South,Consumer,6794.9,1787.57,1
ORD-2027585,CUST-00048,2023-05-04,South,Corporate,907.77,128.36,1
ORD-2027586,CUST-00764,2025-05-04,South,Consumer,3712.55,1463.75,1
ORD-2027587,CUST-00722,2025-04-02,South,Consumer,488.85,131.14,1
ORD-2027588,CUST-00044,2025-02-21,West,Consumer,2053.06,830.37,1
ORD-2027589,CUST-00678,2023-09-21,East,Consumer,5707.72,-1277.92,1
ORD-2027590,CUST-00421,2025-01-06,South,Consumer,124.22,-4.25,1
ORD-2027591,CUST-00574,2024-07-19,East,Home Office,9475.58,1918.25,1
ORD-2027592,CUST-00711,2025-04-26,Central,Consumer,1855.51,309.82,2
ORD-2027593,CUST-00480,2025-02-21,East,Corporate,385.42,38.76,1
ORD-2027594,CUST-00095,2025-07-17,South,Corporate,133.02,32.22,1
ORD-2027595,CUST-00002,2025-04-16,South,Home Office,19803.78,4625.11,3
ORD-2027596,CUST-00412,2024-08-10,East,Consumer,6794.9,1365.84,1
ORD-2027597,CUST-00766,2025-01-17,South,Home Office,84.54,45.66,1
ORD-2027598,CUST-00473,2025-09-11,West,Home Office,7482.92,1985.09,2
ORD-2027599,CUST-00305,2025-08-28,Central,Consumer,165.81,52.83,2
ORD-2027600,CUST-00030,2023-06-30,West,Corporate,391.08,65.05,1
ORD-2027601,CUST-00735,2024-04-10,East,Home Office,2865.39,1067.71,2
ORD-2027602,CUST-00269,2024-10-31,Central,Consumer,13498.4,5637.29,1
ORD-2027603,CUST-00576,2023-12-23,West,Corporate,383.95,-17.93,1
ORD-2027604,CUST-00570,2024-08-14,Central,Consumer,5375.72,1353.68,1
ORD-2027605,CUST-00210,2025-03-30,South,Consumer,334.3,58.68,1
ORD-2027606,CUST-00054,2024-07-16,West,Consumer,2081.31,399.88,1
ORD-2027607,CUST-00315,2025-07-06,East,Corporate,6865.88,1851.46,2
ORD-2027608,CUST-00261,2024-06-21,South,Consumer,105.0,34.65,1
ORD-2027609,CUST-00573,2024-02-11,West,Consumer,55.2,11.89,1
ORD-2027610,CUST-00661,2024-12-26,East,Home Office,281.74,82.59,2
ORD-2027611,CUST-00183,2025-02-26,West,Consumer,401.85,87.61,1
ORD-2027612,CUST-00436,2024-01-13,East,Corporate,403.45,122.81,1
ORD-2027613,CUST-00038,2024-09-10,South,Consumer,1683.6,619.63,1
ORD-2027614,CUST-00180,2024-12-11,Central,Consumer,13176.9,2256.02,2
ORD-2027615,CUST-00620,2023-04-04,East,Consumer,50.95,4.26,1
ORD-2027616,CUST-00644,2025-08-13,West,Corporate,1002.67,-43.87,1
ORD-2027617,CUST-00627,2024-09-22,West,Home Office,5623.73,517.79,3
ORD-2027618,CUST-00116,2024-09-28,Central,Consumer,510.74,169.85,2
ORD-2027619,CUST-00454,2024-01-23,East,Home Office,62.81,6.66,1
ORD-2027620,CUST-00351,2025-05-18,Central,Consumer,545.44,106.5,2
ORD-2027621,CUST-00794,2024-11-19,South,Home Office,710.25,129.95,2
ORD-2027622,CUST-00534,2025-07-01,West,Corporate,1889.68,189.06,1
ORD-2027623,CUST-00755,2024-05-26,Central,Consumer,3951.18,1375.34,1
ORD-2027624,CUST-00119,2025-02-20,East,Consumer,3074.72,770.3599999999999,2
ORD-2027625,CUST-00377,2023-10-04,Central,Corporate,349.38,43.33,1
ORD-2027626,CUST-00624,2024-11-29,West,Consumer,1157.04,355.65,2
ORD-2027627,CUST-00301,2025-07-20,West,Consumer,129.85,-27.77,1
ORD-2027628,CUST-00516,2025-07-30,East,Home Office,1895.67,724.49,1
ORD-2027629,CUST-00425,2023-04-07,West,Corporate,878.8,133.64,1
ORD-2027630,CUST-00795,2025-05-11,West,Home Office,5707.72,-203.1,1
ORD-2027631,CUST-00144,2025-07-26,West,Home Office,2842.02,695.05,1
ORD-2027632,CUST-00755,2024-09-24,Central,Consumer,70.39,23.9,1
ORD-2027633,CUST-00331,2024-04-01,Central,Consumer,14805.6,2888.26,1
ORD-2027634,CUST-00390,2025-04-05,East,Corporate,88.68,36.75,1
ORD-2027635,CUST-00436,2025-05-07,East,Corporate,1307.56,466.77,1
ORD-2027636,CUST-00217,2024-11-05,East,Corporate,1292.58,220.05,2
ORD-2027637,CUST-00773,2024-08-19,East,Consumer,7908.34,2210.06,3
ORD-2027638,CUST-00730,2025-11-11,Central,Home Office,365.16,97.31,1
ORD-2027639,CUST-00783,2025-04-20,East,Consumer,1271.16,413.2,1
ORD-2027640,CUST-00798,2024-09-05,West,Corporate,1336.26,309.62,1
ORD-2027641,CUST-00547,2025-11-23,West,Corporate,13903.400000000001,2927.84,2
ORD-2027642,CUST-00377,2024-11-13,Central,Corporate,2272.86,766.82,1
ORD-2027643,CUST-00688,2023-06-19,Central,Corporate,3633.64,924.29,2
ORD-2027644,CUST-00022,2023-12-04,West,Consumer,1474.4,662.27,1
ORD-2027645,CUST-00673,2023-09-24,Central,Consumer,1489.3600000000001,576.63,2
ORD-2027646,CUST-00412,2023-10-31,East,Consumer,6577.68,2042.2,1
ORD-2027647,CUST-00551,2025-01-04,South,Consumer,387.31,-2.92,1
ORD-2027648,CUST-00307,2025-05-19,West,Corporate,1569.0,695.44,1
ORD-2027649,CUST-00301,2024-03-23,West,Consumer,935.6,167.19,1
ORD-2027650,CUST-00031,2025-04-23,West,Home Office,770.85,177.71,1
ORD-2027651,CUST-00352,2024-09-07,East,Consumer,2634.75,641.7800000000001,2
ORD-2027652,CUST-00337,2025-05-08,South,Consumer,26.98,2.8,2
ORD-2027653,CUST-00184,2023-11-16,Central,Consumer,79.5,14.12,1
ORD-2027654,CUST-00203,2023-06-01,West,Home Office,90.18,45.66,1
ORD-2027655,CUST-00485,2024-05-21,West,Consumer,11421.68,2382.24,2
ORD-2027656,CUST-00262,2025-08-04,East,Home Office,4388.82,638.2800000000001,2
ORD-2027657,CUST-00669,2024-07-04,South,Consumer,8594.16,1656.63,1
ORD-2027658,CUST-00091,2024-02-14,West,Corporate,429.6,179.96,1
ORD-2027659,CUST-00480,2024-09-15,East,Corporate,6978.73,1790.17,1
ORD-2027660,CUST-00135,2025-02-14,South,Consumer,1331.84,460.62,2
ORD-2027661,CUST-00436,2024-04-19,East,Corporate,9333.69,3516.0,2
ORD-2027662,CUST-00456,2025-02-07,Central,Consumer,7488.6,2027.71,1
ORD-2027663,CUST-00527,2024-12-11,South,Consumer,1.8,0.63,1
ORD-2027664,CUST-00356,2025-04-28,South,Consumer,2970.04,665.59,1
ORD-2027665,CUST-00423,2024-08-13,South,Consumer,24.26,-16.72,1
ORD-2027666,CUST-00148,2024-03-01,East,Consumer,743.27,213.27,2
ORD-2027667,CUST-00387,2024-10-13,East,Corporate,713.02,300.4,2
ORD-2027668,CUST-00305,2025-02-11,Central,Consumer,13325.04,3095.4,1
ORD-2027669,CUST-00545,2024-05-11,South,Consumer,1897.05,194.92,2
ORD-2027670,CUST-00360,2023-11-27,Central,Consumer,3083.59,-318.93,1
ORD-2027671,CUST-00632,2023-12-30,West,Corporate,209.63,18.63,1
ORD-2027672,CUST-00354,2025-05-30,West,Consumer,3548.2,942.4,1
ORD-2027673,CUST-00195,2025-09-26,South,Consumer,270.40999999999997,50.72,3
ORD-2027674,CUST-00222,2025-09-10,West,Consumer,2457.35,352.96,1
ORD-2027675,CUST-00042,2023-12-31,South,Consumer,659.0,189.61,1
ORD-2027676,CUST-00444,2025-04-10,West,Consumer,1954.33,282.37,2
ORD-2027677,CUST-00670,2025-08-31,East,Consumer,7096.4,2487.0,1
ORD-2027678,CUST-00622,2025-03-22,West,Corporate,3788.1,452.79,1
ORD-2027679,CUST-00362,2025-11-26,South,Consumer,737.87,132.46,1
ORD-2027680,CUST-00163,2024-05-02,West,Corporate,10666.8,4520.91,2
ORD-2027681,CUST-00694,2024-10-28,South,Consumer,5018.38,1035.3,2
ORD-2027682,CUST-00051,2024-04-23,South,Consumer,2800.75,867.33,1
ORD-2027683,CUST-00329,2023-08-24,East,Consumer,3854.49,714.57,1
ORD-2027684,CUST-00691,2023-09-15,South,Consumer,105.41,38.44,1
ORD-2027685,CUST-00324,2024-02-15,South,Home Office,9795.619999999999,3272.4300000000003,2
ORD-2027686,CUST-00096,2025-11-02,West,Consumer,2310.27,476.69,1
ORD-2027687,CUST-00218,2025-11-28,East,Consumer,1101.34,244.02,1
ORD-2027688,CUST-00495,2024-12-05,West,Corporate,556.68,115.35,1
ORD-2027689,CUST-00131,2025-04-27,Central,Corporate,569.7,157.07,1
ORD-2027690,CUST-00535,2025-06-01,Central,Corporate,248.4,67.71,1
ORD-2027691,CUST-00363,2025-01-03,East,Consumer,879.93,189.08,1
ORD-2027692,CUST-00274,2024-06-28,South,Corporate,1783.98,580.01,1
ORD-2027693,CUST-00200,2024-03-06,South,Corporate,4179.52,1090.46,1
ORD-2027694,CUST-00664,2025-08-16,East,Corporate,22133.06,5163.53,2
ORD-2027695,CUST-00326,2023-07-27,East,Consumer,3131.47,1231.29,3
ORD-2027696,CUST-00601,2025-09-11,Central,Consumer,3288.84,678.72,1
ORD-2027697,CUST-00364,2024-02-23,South,Consumer,138.0,21.01,1
ORD-2027698,CUST-00072,2025-04-14,East,Consumer,21845.329999999998,5307.91,3
ORD-2027699,CUST-00364,2024-08-06,South,Consumer,267.44,87.04,1
ORD-2027700,CUST-00420,2024-05-20,Central,Consumer,137.04,11.58,1
ORD-2027701,CUST-00381,2024-11-05,East,Consumer,4664.02,359.88,2
ORD-2027702,CUST-00657,2023-09-28,South,Home Office,771.9599999999999,178.36,2
ORD-2027703,CUST-00730,2025-06-24,Central,Home Office,9828.95,1879.5,1
ORD-2027704,CUST-00639,2023-05-09,South,Consumer,9779.75,2480.02,2
ORD-2027705,CUST-00484,2024-10-12,South,Consumer,1725.06,31.91,1
ORD-2027706,CUST-00445,2025-08-27,Central,Consumer,49.3,-2.3,1
ORD-2027707,CUST-00528,2024-02-07,East,Home Office,1605.58,509.43,1
ORD-2027708,CUST-00234,2025-07-28,South,Consumer,1065.87,460.55,1
ORD-2027709,CUST-00654,2025-06-25,South,Consumer,2689.55,-28.439999999999998,2
ORD-2027710,CUST-00691,2025-10-08,South,Consumer,13479.48,1519.14,1
ORD-2027711,CUST-00218,2024-12-08,East,Consumer,15420.510000000002,1623.02,2
ORD-2027712,CUST-00722,2023-06-23,South,Consumer,659.0,161.46,1
ORD-2027713,CUST-00686,2025-01-30,South,Corporate,3951.18,1450.14,1
ORD-2027714,CUST-00352,2024-09-02,East,Consumer,461.37,-26.13,1
ORD-2027715,CUST-00728,2025-09-26,East,Corporate,10742.7,4315.48,1
ORD-2027716,CUST-00100,2025-08-27,East,Consumer,47.31,-24.89,1
ORD-2027717,CUST-00027,2025-01-01,West,Consumer,4251.17,1648.92,1
ORD-2027718,CUST-00285,2025-06-27,West,Corporate,6509.83,2287.94,3
ORD-2027719,CUST-00467,2024-05-20,East,Home Office,207.75,59.61,1
ORD-2027720,CUST-00288,2025-10-16,Central,Home Office,14485.519999999999,5914.46,3
ORD-2027721,CUST-00759,2023-12-16,East,Consumer,3214.8,846.2,1
ORD-2027722,CUST-00211,2024-06-25,West,Corporate,3134.64,907.36,1
ORD-2027723,CUST-00230,2024-12-07,East,Corporate,1410.59,327.73,1
ORD-2027724,CUST-00520,2024-11-08,Central,Corporate,2973.3,787.36,1
ORD-2027725,CUST-00003,2024-07-25,Central,Corporate,12.13,4.78,1
ORD-2027726,CUST-00596,2024-06-09,South,Consumer,1204.98,316.58000000000004,2
ORD-2027727,CUST-00310,2024-11-05,East,Consumer,13325.04,3950.82,1
ORD-2027728,CUST-00788,2023-11-28,Central,Home Office,1240.35,298.65,2
ORD-2027729,CUST-00566,2023-11-08,East,Consumer,2326.24,231.22,1
ORD-2027730,CUST-00045,2025-09-07,East,Consumer,3931.76,67.75,1
ORD-2027731,CUST-00074,2024-07-05,East,Consumer,210.82,87.0,1
ORD-2027732,CUST-00070,2024-11-17,West,Consumer,1119.5,267.78,1
ORD-2027733,CUST-00767,2024-07-12,Central,Corporate,326.27,116.05,1
ORD-2027734,CUST-00559,2024-09-07,South,Consumer,1276.83,430.86,2
ORD-2027735,CUST-00356,2024-05-11,South,Consumer,439.12,19.57,1
ORD-2027736,CUST-00167,2025-09-17,West,Corporate,235.92,48.72,1
ORD-2027737,CUST-00701,2025-02-12,Central,Consumer,800.33,218.41,1
ORD-2027738,CUST-00167,2025-04-09,West,Corporate,114.56,7.21,1
ORD-2027739,CUST-00577,2025-03-11,South,Consumer,1060.11,271.53,1
ORD-2027740,CUST-00621,2024-12-01,West,Home Office,1054.4,312.99,1
ORD-2027741,CUST-00240,2024-09-28,Central,Home Office,6365.67,1079.62,1
ORD-2027742,CUST-00420,2025-04-17,Central,Consumer,8986.32,3292.52,1
ORD-2027743,CUST-00183,2024-08-24,West,Consumer,2117.3199999999997,892.8600000000001,2
ORD-2027744,CUST-00311,2025-07-04,Central,Home Office,2942.92,1195.49,2
ORD-2027745,CUST-00773,2024-12-24,East,Consumer,4765.1,1931.5100000000002,2
ORD-2027746,CUST-00569,2025-01-06,Central,Corporate,227.32,62.33,1
ORD-2027747,CUST-00682,2024-10-28,East,Home Office,2372.4,11.41,1
ORD-2027748,CUST-00445,2023-05-26,Central,Consumer,513.26,-241.76,1
ORD-2027749,CUST-00197,2025-06-16,West,Corporate,2525.4,1089.81,1
ORD-2027750,CUST-00582,2025-07-02,South,Corporate,6204.52,1964.53,2
ORD-2027751,CUST-00414,2025-02-09,East,Corporate,7785.74,2295.06,2
ORD-2027752,CUST-00146,2023-12-20,South,Consumer,6500.36,1848.93,2
ORD-2027753,CUST-00341,2025-06-11,Central,Consumer,9191.38,2055.89,1
ORD-2027754,CUST-00520,2025-04-15,Central,Corporate,828.36,167.32999999999998,2
ORD-2027755,CUST-00600,2025-06-03,Central,Consumer,3079.59,687.45,1
ORD-2027756,CUST-00202,2024-03-17,South,Corporate,3675.4,418.29,2
ORD-2027757,CUST-00703,2024-09-05,East,Corporate,5196.56,-681.76,1
ORD-2027758,CUST-00311,2023-10-03,Central,Home Office,2520.72,1027.22,1
ORD-2027759,CUST-00219,2024-08-21,West,Consumer,192.64,4.49,1
ORD-2027760,CUST-00162,2024-10-24,Central,Consumer,236.84,89.45,1
ORD-2027761,CUST-00650,2025-06-28,South,Consumer,13795.66,5261.570000000001,2
ORD-2027762,CUST-00291,2025-06-19,South,Consumer,807.3100000000001,137.42000000000002,2
ORD-2027763,CUST-00404,2023-06-13,South,Corporate,659.1,189.62,1
ORD-2027764,CUST-00183,2024-06-17,West,Consumer,301.97,64.83,1
ORD-2027765,CUST-00562,2025-06-12,East,Consumer,674.07,274.19,1
ORD-2027766,CUST-00633,2024-11-13,West,Consumer,258.47,27.68,1
ORD-2027767,CUST-00277,2023-11-18,West,Home Office,15411.82,2973.37,2
ORD-2027768,CUST-00762,2024-11-01,Central,Corporate,6198.8099999999995,420.76000000000005,2
ORD-2027769,CUST-00029,2025-02-14,Central,Consumer,0.0,27.33,1
ORD-2027770,CUST-00107,2025-06-29,South,Consumer,3190.23,737.64,1
ORD-2027771,CUST-00488,2025-01-08,Central,Consumer,4640.700000000001,302.16,2
ORD-2027772,CUST-00574,2024-12-21,East,Home Office,273.7,-8.89,2
ORD-2027773,CUST-00206,2025-04-28,West,Corporate,1320.52,418.12,2
ORD-2027774,CUST-00457,2025-04-09,East,Corporate,820.2,265.12,1
ORD-2027775,CUST-00262,2025-08-14,East,Home Office,196.13,-0.57,1
ORD-2027776,CUST-00457,2025-05-10,East,Corporate,1026.53,316.03,1
ORD-2027777,CUST-00536,2025-07-04,East,Consumer,1953.44,328.34999999999997,2
ORD-2027778,CUST-00783,2025-08-21,East,Consumer,1361.64,407.41,1
ORD-2027779,CUST-00380,2024-12-19,West,Home Office,5210.37,2001.02,1
ORD-2027780,CUST-00529,2025-05-17,South,Corporate,112.72,20.92,1
ORD-2027781,CUST-00480,2025-07-04,East,Corporate,10137.78,2520.9500000000003,3
ORD-2027782,CUST-00262,2024-08-12,East,Home Office,720.26,227.19,2
ORD-2027783,CUST-00208,2025-06-10,South,Consumer,6409.820000000001,46.19999999999999,2
ORD-2027784,CUST-00794,2025-01-24,South,Home Office,1138.01,69.7,2
ORD-2027785,CUST-00174,2025-10-12,Central,Corporate,988.65,360.23,1
ORD-2027786,CUST-00641,2024-11-21,Central,Consumer,1351.72,245.57999999999998,2
ORD-2027787,CUST-00121,2024-11-20,West,Home Office,2441.4,809.35,2
ORD-2027788,CUST-00651,2025-10-16,West,Corporate,15679.56,6753.549999999999,2
ORD-2027789,CUST-00153,2023-03-15,South,Consumer,3138.0,814.57,1
ORD-2027790,CUST-00776,2025-04-30,South,Corporate,2429.24,434.22,1
ORD-2027791,CUST-00562,2023-08-28,East,Consumer,2675.97,556.35,1
ORD-2027792,CUST-00071,2025-07-18,South,Consumer,72.62,5.1,1
ORD-2027793,CUST-00569,2025-05-25,Central,Corporate,2612.2,988.14,1
ORD-2027794,CUST-00497,2025-02-10,East,Consumer,4000.46,1303.68,3
ORD-2027795,CUST-00275,2025-07-19,West,Corporate,1008.48,217.8,2
ORD-2027796,CUST-00213,2023-10-30,South,Home Office,15029.3,4738.42,2
ORD-2027797,CUST-00589,2023-10-19,South,Consumer,353.37,101.79,1
ORD-2027798,CUST-00604,2024-09-28,East,Consumer,2089.76,595.46,1
ORD-2027799,CUST-00269,2025-10-15,Central,Consumer,998.6,84.6,2
ORD-2027800,CUST-00703,2024-11-07,East,Corporate,94.87,27.61,1
ORD-2027801,CUST-00219,2023-12-28,West,Consumer,2634.12,469.97,1
ORD-2027802,CUST-00058,2025-10-23,East,Consumer,103.46,31.9,1
ORD-2027803,CUST-00495,2025-04-21,West,Corporate,2157.06,262.43,1
ORD-2027804,CUST-00086,2024-08-19,Central,Consumer,161.38,60.07,1
ORD-2027805,CUST-00225,2025-04-26,Central,Home Office,2081.31,633.31,1
ORD-2027806,CUST-00420,2025-09-03,Central,Consumer,1440.9,284.97,1
ORD-2027807,CUST-00234,2024-12-07,South,Consumer,1196.5,409.69,1
ORD-2027808,CUST-00180,2025-03-24,Central,Consumer,10781.6,2960.76,1
ORD-2027809,CUST-00574,2025-07-02,East,Home Office,2103.41,614.17,2
ORD-2027810,CUST-00452,2025-11-16,South,Consumer,754.45,155.55,1
ORD-2027811,CUST-00678,2025-05-03,East,Consumer,3172.15,702.79,1
ORD-2027812,CUST-00481,2023-10-11,West,Consumer,0.0,27.88,1
ORD-2027813,CUST-00404,2024-06-20,South,Corporate,194.1,-22.22,1
ORD-2027814,CUST-00213,2025-06-09,South,Home Office,5465.79,964.09,1
ORD-2027815,CUST-00643,2024-09-16,South,Corporate,1006.5600000000001,187.62,2
ORD-2027816,CUST-00164,2024-04-19,West,Corporate,2912.2,656.28,2
ORD-2027817,CUST-00201,2024-09-24,West,Consumer,1354.96,243.06,2
ORD-2027818,CUST-00679,2025-03-04,Central,Corporate,5376.379999999999,1712.88,2
ORD-2027819,CUST-00604,2024-12-30,East,Consumer,814.7,271.97,1
ORD-2027820,CUST-00503,2025-03-22,South,Consumer,157.68,9.38,1
ORD-2027821,CUST-00037,2023-07-05,South,Consumer,639.47,80.02,1
ORD-2027822,CUST-00104,2024-11-16,East,Consumer,16332.03,4216.68,1
ORD-2027823,CUST-00413,2025-10-14,West,Home Office,3545.3,1461.73,2
ORD-2027824,CUST-00609,2025-06-18,South,Corporate,935.6,375.43,1
ORD-2027825,CUST-00387,2025-05-29,East,Corporate,3138.0,826.36,1
ORD-2027826,CUST-00015,2024-12-21,Central,Consumer,12866.33,4038.52,2
ORD-2027827,CUST-00151,2024-05-04,South,Consumer,109.85,34.03,1
ORD-2027828,CUST-00488,2023-12-23,Central,Consumer,42.0,14.18,1
ORD-2027829,CUST-00570,2024-12-20,Central,Consumer,481.05999999999995,105.11,2
ORD-2027830,CUST-00033,2024-09-21,East,Corporate,1371.57,-102.56,2
ORD-2027831,CUST-00040,2025-10-06,Central,Corporate,123.24,53.04,1
ORD-2027832,CUST-00213,2023-11-27,South,Home Office,25.36,3.84,1
ORD-2027833,CUST-00068,2024-06-25,West,Home Office,1138.2,430.56,1
ORD-2027834,CUST-00446,2025-05-11,Central,Home Office,4124.82,-191.65,1
ORD-2027835,CUST-00103,2025-05-12,South,Home Office,824.53,336.3,1
ORD-2027836,CUST-00529,2025-09-04,South,Corporate,3789.36,1339.98,1
ORD-2027837,CUST-00629,2024-05-23,Central,Corporate,5368.88,1939.91,2
ORD-2027838,CUST-00779,2023-05-31,West,Consumer,982.94,-8.46,1
ORD-2027839,CUST-00766,2025-10-10,South,Home Office,719.26,5.74,1
ORD-2027840,CUST-00222,2024-09-17,West,Consumer,6749.2,1670.91,1
ORD-2027841,CUST-00028,2024-11-15,South,Corporate,397.82,52.75,1
ORD-2027842,CUST-00270,2024-07-23,Central,Consumer,2824.2,902.46,1
ORD-2027843,CUST-00578,2025-06-03,Central,Consumer,933.08,158.70999999999998,2
ORD-2027844,CUST-00051,2025-08-17,South,Consumer,5276.96,1514.21,3
ORD-2027845,CUST-00293,2025-01-16,South,Consumer,1484.73,253.71,1
ORD-2027846,CUST-00246,2025-01-22,East,Home Office,3116.11,410.17999999999995,2
ORD-2027847,CUST-00182,2024-07-19,East,Consumer,12059.08,3215.9,1
ORD-2027848,CUST-00577,2025-03-03,South,Consumer,439.12,67.09,1
ORD-2027849,CUST-00536,2025-02-21,East,Consumer,615.13,145.35,1
ORD-2027850,CUST-00441,2025-12-05,South,Consumer,189.24,84.8,1
ORD-2027851,CUST-00730,2025-07-23,Central,Home Office,210.82,77.88,1
ORD-2027852,CUST-00081,2024-11-16,South,Consumer,5392.56,1012.05,1
ORD-2027853,CUST-00126,2024-06-22,Central,Consumer,432.46,88.58,2
ORD-2027854,CUST-00313,2024-05-20,East,Corporate,421.59,83.74,1
ORD-2027855,CUST-00535,2023-11-03,Central,Corporate,3138.0,553.93,1
ORD-2027856,CUST-00485,2024-08-24,West,Consumer,130.98,11.19,1
ORD-2027857,CUST-00061,2024-04-12,South,Corporate,20363.66,4782.280000000001,2
ORD-2027858,CUST-00770,2024-03-06,West,Consumer,2489.31,1067.1000000000001,2
ORD-2027859,CUST-00254,2024-07-22,West,Consumer,970.17,196.51,2
ORD-2027860,CUST-00293,2025-01-31,South,Consumer,8019.37,-13.700000000000017,2
ORD-2027861,CUST-00508,2025-08-03,East,Consumer,3657.08,899.82,1
ORD-2027862,CUST-00762,2025-10-11,Central,Corporate,2696.51,728.83,3
ORD-2027863,CUST-00540,2024-04-25,East,Consumer,11083.26,2259.52,2
ORD-2027864,CUST-00769,2024-12-01,East,Corporate,6684.64,1910.52,1
ORD-2027865,CUST-00154,2024-06-24,West,Home Office,896.3100000000001,319.23,2
ORD-2027866,CUST-00507,2023-11-05,Central,Consumer,1621.84,461.83,1
ORD-2027867,CUST-00667,2025-05-25,Central,Consumer,570.29,121.88,1
ORD-2027868,CUST-00422,2024-07-01,Central,Corporate,425.79,181.08,1
ORD-2027869,CUST-00297,2025-07-24,South,Corporate,16862.64,3879.0,2
ORD-2027870,CUST-00791,2025-08-24,East,Consumer,5465.07,1168.0,2
ORD-2027871,CUST-00114,2024-11-30,West,Consumer,503.28,104.63,1
ORD-2027872,CUST-00339,2025-05-29,East,Consumer,628.47,188.23999999999998,2
ORD-2027873,CUST-00700,2023-10-14,East,Consumer,1171.31,444.39000000000004,2
ORD-2027874,CUST-00720,2025-11-12,Central,Home Office,4357.25,1225.51,1
ORD-2027875,CUST-00789,2025-06-27,Central,Consumer,8174.56,652.5,1
ORD-2027876,CUST-00710,2024-05-18,West,Consumer,1191.3899999999999,379.58000000000004,2
ORD-2027877,CUST-00045,2024-10-26,East,Consumer,238.04,35.31,2
ORD-2027878,CUST-00752,2024-02-14,East,Home Office,4858.48,1194.37,1
ORD-2027879,CUST-00356,2025-10-15,South,Consumer,5143.49,674.28,3
ORD-2027880,CUST-00532,2025-03-05,East,Consumer,117.79,45.66,1
ORD-2027881,CUST-00326,2023-12-28,East,Consumer,2076.1,648.66,1
ORD-2027882,CUST-00655,2025-06-02,Central,Consumer,265.0,47.5,1
ORD-2027883,CUST-00479,2024-05-28,Central,Corporate,9342.36,869.42,1
ORD-2027884,CUST-00682,2023-04-28,East,Home Office,2429.24,851.15,1
ORD-2027885,CUST-00160,2024-09-21,South,Consumer,2146.59,127.6,1
ORD-2027886,CUST-00152,2024-11-30,West,Consumer,986.65,321.82,1
ORD-2027887,CUST-00364,2025-01-13,South,Consumer,1075.47,444.33,1
ORD-2027888,CUST-00003,2024-04-08,Central,Corporate,1007.74,156.20000000000002,2
ORD-2027889,CUST-00569,2024-11-13,Central,Corporate,166.37,-0.24,1
ORD-2027890,CUST-00243,2024-10-26,East,Consumer,308.1,68.01,1
ORD-2027891,CUST-00461,2024-02-05,Central,Corporate,109.78,41.04,1
ORD-2027892,CUST-00058,2023-07-17,East,Consumer,16931.440000000002,5745.79,3
ORD-2027893,CUST-00143,2025-08-19,West,Corporate,11624.96,994.3199999999999,2
ORD-2027894,CUST-00508,2024-12-20,East,Consumer,2156.32,392.87,1
ORD-2027895,CUST-00254,2025-03-27,West,Consumer,2915.2200000000003,795.58,2
ORD-2027896,CUST-00180,2024-11-09,Central,Consumer,12.13,2.1,1
ORD-2027897,CUST-00188,2024-07-06,West,Consumer,1416.8899999999999,209.49,2
ORD-2027898,CUST-00180,2025-11-08,Central,Consumer,3159.09,1021.69,1
ORD-2027899,CUST-00508,2024-10-02,East,Consumer,471.16,82.55,1
ORD-2027900,CUST-00141,2025-01-01,South,Home Office,123.18,26.16,1
ORD-2027901,CUST-00298,2024-01-19,West,Corporate,294.88,111.77,1
ORD-2027902,CUST-00563,2025-11-03,West,Consumer,1439.82,305.35,1
ORD-2027903,CUST-00426,2025-07-25,East,Consumer,1504.04,228.62,1
ORD-2027904,CUST-00493,2025-05-07,South,Consumer,2227.53,-911.84,1
ORD-2027905,CUST-00207,2024-05-26,South,Home Office,513.9,161.23,1
ORD-2027906,CUST-00753,2024-02-01,East,Consumer,317.34000000000003,115.32,2
ORD-2027907,CUST-00343,2024-05-01,Central,Home Office,5316.9800000000005,1811.68,3
ORD-2027908,CUST-00234,2024-03-11,South,Consumer,800.33,247.36,1
ORD-2027909,CUST-00723,2023-07-16,South,Corporate,1778.0,572.34,1
ORD-2027910,CUST-00535,2023-11-29,Central,Corporate,3073.14,781.85,1
ORD-2027911,CUST-00504,2024-02-03,South,Consumer,11030.96,3706.6,1
ORD-2027912,CUST-00711,2023-07-29,Central,Consumer,12486.8,1958.5100000000002,2
ORD-2027913,CUST-00051,2024-11-28,South,Consumer,1671.16,290.31,1
ORD-2027914,CUST-00677,2023-04-09,Central,Consumer,4194.83,727.98,1
ORD-2027915,CUST-00554,2024-12-19,West,Consumer,931.84,233.76,1
ORD-2027916,CUST-00294,2024-10-15,West,Consumer,1188.02,205.37,1
ORD-2027917,CUST-00211,2025-08-18,West,Corporate,5774.120000000001,424.72,2
ORD-2027918,CUST-00083,2025-09-25,East,Corporate,7257.22,462.02,1
ORD-2027919,CUST-00759,2024-04-26,East,Consumer,10202.119999999999,4025.67,2
ORD-2027920,CUST-00115,2025-07-18,Central,Consumer,484.14,167.42,1
ORD-2027921,CUST-00213,2024-02-25,South,Home Office,3295.0,334.635,1
ORD-2027922,CUST-00566,2025-07-06,East,Consumer,1032.08,25.26,1
ORD-2027923,CUST-00580,2025-07-16,East,Consumer,2335.59,853.09,1
ORD-2027924,CUST-00135,2025-02-13,South,Consumer,2081.31,646.1,1
ORD-2027925,CUST-00656,2024-09-03,Central,Corporate,1302.62,450.86,1
ORD-2027926,CUST-00423,2024-10-21,South,Consumer,4444.28,845.48,2
ORD-2027927,CUST-00685,2023-10-12,East,Home Office,313.74,58.62,2
ORD-2027928,CUST-00068,2024-08-23,West,Home Office,1096.28,331.88,1
ORD-2027929,CUST-00040,2024-02-16,Central,Corporate,14847.3,3270.3,1
ORD-2027930,CUST-00523,2025-05-15,East,Corporate,36.25,2.51,1
ORD-2027931,CUST-00127,2024-03-22,East,Home Office,4251.17,1265.05,1
ORD-2027932,CUST-00435,2025-03-26,West,Corporate,1666.48,374.6,1
ORD-2027933,CUST-00010,2024-06-17,East,Home Office,3134.64,202.94,1
ORD-2027934,CUST-00633,2024-03-18,West,Consumer,3496.17,1145.72,2
ORD-2027935,CUST-00719,2024-05-07,East,Consumer,13498.4,2482.84,1
ORD-2027936,CUST-00678,2025-06-09,East,Consumer,200.58,39.02,1
ORD-2027937,CUST-00770,2024-04-20,West,Consumer,560.16,221.92,1
ORD-2027938,CUST-00722,2023-10-08,South,Consumer,4251.17,1709.74,1
ORD-2027939,CUST-00367,2025-03-05,West,Consumer,527.05,79.26,1
ORD-2027940,CUST-00327,2024-09-09,East,Consumer,1065.87,422.49,1
ORD-2027941,CUST-00718,2025-04-30,West,Corporate,947.44,45.66,1
ORD-2027942,CUST-00747,2023-12-22,Central,Corporate,101.45,20.32,1
ORD-2027943,CUST-00783,2023-09-16,East,Consumer,1573.8600000000001,653.47,2
ORD-2027944,CUST-00622,2025-03-11,West,Corporate,1062.65,62.75,2
ORD-2027945,CUST-00167,2024-02-12,West,Corporate,331.17,118.32,1
ORD-2027946,CUST-00762,2025-05-02,Central,Corporate,2925.66,-417.72,1
ORD-2027947,CUST-00763,2025-09-18,South,Corporate,4044.35,1107.58,2
ORD-2027948,CUST-00545,2024-06-21,South,Consumer,6744.64,-682.4,2
ORD-2027949,CUST-00691,2025-05-06,South,Consumer,6775.65,2585.2,2
ORD-2027950,CUST-00464,2025-07-27,West,Corporate,1374.05,-11.390000000000004,3
ORD-2027951,CUST-00761,2024-11-27,East,Consumer,1077.05,177.41,2
ORD-2027952,CUST-00074,2025-09-27,East,Consumer,4243.79,1658.0500000000002,2
ORD-2027953,CUST-00694,2025-06-06,South,Consumer,2429.71,-231.04,1
ORD-2027954,CUST-00049,2024-08-18,Central,Consumer,813.47,330.33,1
ORD-2027955,CUST-00276,2025-08-28,West,Consumer,941.37,83.19,2
ORD-2027956,CUST-00108,2023-11-16,Central,Corporate,21.2,6.22,1
ORD-2027957,CUST-00400,2023-09-22,West,Corporate,1317.96,-151.63,1
ORD-2027958,CUST-00190,2024-09-10,West,Consumer,1200.5,215.09,1
ORD-2027959,CUST-00766,2025-06-30,South,Home Office,1772.35,715.85,1
ORD-2027960,CUST-00462,2025-01-25,East,Corporate,322.76,78.98,1
ORD-2027961,CUST-00718,2025-11-12,West,Corporate,3857.79,422.13,2
ORD-2027962,CUST-00226,2024-04-29,West,Consumer,1427.1,572.13,2
ORD-2027963,CUST-00026,2025-07-23,Central,Corporate,3890.02,853.77,2
ORD-2027964,CUST-00626,2024-10-20,East,Consumer,4001.6800000000003,681.49,2
ORD-2027965,CUST-00574,2023-09-17,East,Home Office,37.23,13.03,1
ORD-2027966,CUST-00450,2025-05-16,West,Home Office,219.7,52.88,1
ORD-2027967,CUST-00656,2024-12-11,Central,Corporate,5040.73,1506.8600000000001,2
ORD-2027968,CUST-00678,2024-05-22,East,Consumer,4234.99,914.1700000000001,2
ORD-2027969,CUST-00488,2025-03-03,Central,Consumer,9169.46,2685.77,2
ORD-2027970,CUST-00775,2024-09-16,South,Consumer,744.22,150.9,2
ORD-2027971,CUST-00590,2024-05-17,South,Corporate,2871.9,823.43,1
ORD-2027972,CUST-00554,2025-06-29,West,Consumer,2055.56,734.38,2
ORD-2027973,CUST-00297,2025-03-15,South,Corporate,443.08,139.5,1
ORD-2027974,CUST-00001,2024-09-09,East,Consumer,4464.299999999999,1779.96,2
ORD-2027975,CUST-00200,2024-03-06,South,Corporate,3370.35,616.82,1
ORD-2027976,CUST-00621,2024-11-20,West,Home Office,3974.14,584.41,3
ORD-2027977,CUST-00580,2023-07-15,East,Consumer,5616.8,2160.09,1
ORD-2027978,CUST-00271,2025-04-26,West,Consumer,132.5,56.59,1
ORD-2027979,CUST-00509,2024-01-20,West,Consumer,2223.15,710.06,1
ORD-2027980,CUST-00162,2023-08-25,Central,Consumer,2276.4,397.8,1
ORD-2027981,CUST-00215,2024-08-19,Central,Consumer,328.08,53.67,1
ORD-2027982,CUST-00764,2024-03-10,South,Consumer,2022.21,769.1,1
ORD-2027983,CUST-00343,2025-02-14,Central,Home Office,231.0,99.01,1
ORD-2027984,CUST-00202,2025-05-21,South,Corporate,9866.52,3526.97,1
ORD-2027985,CUST-00405,2025-04-12,West,Consumer,7488.6,2922.55,1
ORD-2027986,CUST-00318,2024-05-11,Central,Consumer,3243.88,-1043.09,1
ORD-2027987,CUST-00599,2024-06-28,Central,Home Office,221.16,-123.62,1
ORD-2027988,CUST-00772,2025-05-14,South,Corporate,271.74,107.42,1
ORD-2027989,CUST-00490,2023-11-08,Central,Corporate,1612.03,311.04999999999995,2
ORD-2027990,CUST-00490,2023-12-15,Central,Corporate,3190.23,1020.61,1
ORD-2027991,CUST-00300,2025-04-24,East,Consumer,145.24,49.16,1
ORD-2027992,CUST-00467,2024-12-28,East,Home Office,9866.52,4396.2,1
ORD-2027993,CUST-00262,2025-02-23,East,Home Office,1579.34,358.53999999999996,2
ORD-2027994,CUST-00001,2025-08-24,East,Consumer,3176.21,1116.8799999999999,2
ORD-2027995,CUST-00695,2024-11-19,East,Corporate,171.84,11.51,1
ORD-2027996,CUST-00357,2024-08-31,East,Consumer,959.88,349.33,1
ORD-2027997,CUST-00410,2024-08-21,East,Home Office,1653.01,315.87,2
ORD-2027998,CUST-00068,2024-11-13,West,Home Office,1621.84,679.68,1
ORD-2027999,CUST-00676,2025-01-15,Central,Consumer,156.42,28.53,1
ORD-2028000,CUST-00142,2025-05-21,East,Corporate,17491.54,3381.6,2
ORD-2028001,CUST-00338,2025-05-08,West,Consumer,1645.4,245.85,3
ORD-2028002,CUST-00678,2025-05-09,East,Consumer,22096.73,2830.4400000000005,3
ORD-2028003,CUST-00381,2024-11-13,East,Consumer,9171.21,-644.26,3
ORD-2028004,CUST-00753,2024-02-18,East,Consumer,7708.98,3267.04,1
ORD-2028005,CUST-00177,2024-05-30,Central,Home Office,1904.54,231.54,1
ORD-2028006,CUST-00583,2025-02-08,East,Corporate,9583.529999999999,3991.31,2
ORD-2028007,CUST-00788,2024-08-27,Central,Home Office,145.01,53.87,1
ORD-2028008,CUST-00453,2024-03-25,West,Home Office,1977.0,447.66,1
ORD-2028009,CUST-00567,2025-11-17,East,Home Office,9400.56,3397.57,2
ORD-2028010,CUST-00324,2024-05-19,South,Home Office,160.96,52.71,1
ORD-2028011,CUST-00612,2025-01-07,West,Corporate,921.94,-64.5,1
ORD-2028012,CUST-00728,2025-05-12,East,Corporate,130.06,35.68,1
ORD-2028013,CUST-00574,2025-06-07,East,Home Office,1268.86,284.84,1
ORD-2028014,CUST-00756,2024-04-24,West,Consumer,5791.25,-577.45,1
ORD-2028015,CUST-00488,2025-09-17,Central,Consumer,1184.45,96.22,1
ORD-2028016,CUST-00480,2024-07-08,East,Corporate,1459.46,356.42,2
ORD-2028017,CUST-00253,2025-05-14,East,Corporate,1961.34,601.47,1
ORD-2028018,CUST-00579,2024-12-18,South,Consumer,126.0,32.7,1
ORD-2028019,CUST-00707,2025-06-20,East,Consumer,5515.48,2442.46,1
ORD-2028020,CUST-00529,2025-06-23,South,Corporate,2223.15,777.9,1
ORD-2028021,CUST-00192,2024-09-27,Central,Consumer,212.9,12.82,1
ORD-2028022,CUST-00449,2024-07-12,Central,Consumer,1019.55,278.11,2
ORD-2028023,CUST-00617,2024-04-11,East,Corporate,9652.09,4244.07,1
ORD-2028024,CUST-00757,2025-08-19,Central,Consumer,3605.9700000000003,692.74,2
ORD-2028025,CUST-00133,2024-02-01,East,Consumer,12149.94,4285.16,2
ORD-2028026,CUST-00104,2024-12-01,East,Consumer,363.1,56.24,1
ORD-2028027,CUST-00342,2025-09-20,West,Consumer,6762.490000000001,2005.44,3
ORD-2028028,CUST-00104,2024-06-03,East,Consumer,256.95,-47.42,1
ORD-2028029,CUST-00789,2025-04-27,Central,Consumer,1119.42,346.58,2
ORD-2028030,CUST-00352,2025-01-31,East,Consumer,106.01,21.34,1
ORD-2028031,CUST-00440,2025-07-28,West,Consumer,40.58,11.31,1
ORD-2028032,CUST-00187,2024-05-22,East,Consumer,1252.67,303.69,2
ORD-2028033,CUST-00374,2025-04-28,West,Corporate,824.53,169.38,1
ORD-2028034,CUST-00791,2025-03-16,East,Consumer,106.98,12.08,1
ORD-2028035,CUST-00407,2025-06-06,West,Corporate,1835.97,470.33000000000004,2
ORD-2028036,CUST-00005,2024-10-30,West,Home Office,383.95,56.74,1
ORD-2028037,CUST-00201,2025-10-14,West,Consumer,19.82,0.84,1
ORD-2028038,CUST-00789,2024-04-01,Central,Consumer,3690.78,1271.49,1
ORD-2028039,CUST-00794,2024-09-03,South,Home Office,4136.61,1555.79,1
ORD-2028040,CUST-00178,2024-12-31,East,Corporate,1291.77,-116.65,1
ORD-2028041,CUST-00504,2025-02-14,South,Consumer,17.45,2.21,1
ORD-2028042,CUST-00063,2025-08-08,West,Home Office,3079.59,977.8,1
ORD-2028043,CUST-00480,2024-04-10,East,Corporate,14.84,5.12,1
ORD-2028044,CUST-00104,2024-06-13,East,Consumer,217.60000000000002,72.74,2
ORD-2028045,CUST-00660,2024-08-06,West,Corporate,8988.35,3411.45,3
ORD-2028046,CUST-00758,2023-12-13,West,Consumer,6419.16,1663.46,2
ORD-2028047,CUST-00144,2024-12-15,West,Home Office,1193.57,100.47,1
ORD-2028048,CUST-00387,2025-03-23,East,Corporate,10184.5,3411.51,1
ORD-2028049,CUST-00080,2024-07-02,Central,Consumer,1021.35,256.46,2
ORD-2028050,CUST-00276,2025-08-06,West,Consumer,695.28,176.32999999999998,2
ORD-2028051,CUST-00056,2023-11-02,East,Consumer,9002.939999999999,3031.66,2
ORD-2028052,CUST-00215,2024-12-01,Central,Consumer,2353.61,705.48,1
ORD-2028053,CUST-00794,2025-09-25,South,Home Office,5465.79,845.7,1
ORD-2028054,CUST-00042,2025-07-23,South,Consumer,1435.95,457.27,1
ORD-2028055,CUST-00693,2023-12-21,South,Consumer,2240.64,604.66,1
ORD-2028056,CUST-00064,2025-05-22,South,Consumer,5790.87,2395.53,3
ORD-2028057,CUST-00436,2024-04-10,East,Corporate,12932.080000000002,2796.79,2
ORD-2028058,CUST-00377,2024-08-14,Central,Corporate,1308.48,445.13,2
ORD-2028059,CUST-00753,2025-03-04,East,Consumer,2016.58,229.28,1
ORD-2028060,CUST-00165,2024-06-14,West,Corporate,6577.68,1786.75,1
ORD-2028061,CUST-00148,2024-02-04,East,Consumer,9407.51,2960.8,1
ORD-2028062,CUST-00611,2025-04-30,South,Corporate,14783.23,4470.91,1
ORD-2028063,CUST-00595,2024-12-31,West,Home Office,13492.56,2891.3,3
ORD-2028064,CUST-00572,2025-09-09,West,Consumer,9934.96,1924.93,1
ORD-2028065,CUST-00026,2024-06-28,Central,Corporate,6487.75,1180.39,1
ORD-2028066,CUST-00213,2024-06-13,South,Home Office,5071.86,1794.85,2
ORD-2028067,CUST-00678,2024-10-18,East,Consumer,4921.04,2206.76,1
ORD-2028068,CUST-00495,2023-09-10,West,Corporate,358.95,85.5,1
ORD-2028069,CUST-00496,2023-11-16,West,Home Office,42.0,13.98,1
ORD-2028070,CUST-00243,2025-05-30,East,Consumer,44.34,19.27,1
ORD-2028071,CUST-00213,2025-12-11,South,Home Office,247.68,59.38,1
ORD-2028072,CUST-00762,2025-02-05,Central,Corporate,32.19,-1.47,1
ORD-2028073,CUST-00596,2025-07-09,South,Consumer,1167.13,333.72,1
ORD-2028074,CUST-00104,2024-02-02,East,Consumer,1297.55,381.84,1
ORD-2028075,CUST-00757,2025-08-03,Central,Consumer,6209.35,1217.82,1
ORD-2028076,CUST-00483,2023-12-20,West,Home Office,8520.33,1973.36,3
ORD-2028077,CUST-00273,2024-03-26,East,Home Office,106.42,10.6,1
ORD-2028078,CUST-00326,2025-05-13,East,Consumer,1826.0700000000002,577.86,2
ORD-2028079,CUST-00595,2024-08-19,West,Home Office,12230.82,1032.54,1
ORD-2028080,CUST-00309,2025-01-20,West,Consumer,1985.03,138.54,1
ORD-2028081,CUST-00480,2023-10-28,East,Corporate,3052.28,599.06,2
ORD-2028082,CUST-00580,2024-11-18,East,Consumer,11763.619999999999,763.3900000000001,2
ORD-2028083,CUST-00163,2025-03-23,West,Corporate,2969.46,780.12,1
ORD-2028084,CUST-00761,2025-02-08,East,Consumer,2101.59,352.63,2
ORD-2028085,CUST-00291,2023-10-25,South,Consumer,5190.2,1279.89,1
ORD-2028086,CUST-00348,2025-07-09,South,Consumer,172.0,-64.12,1
ORD-2028087,CUST-00571,2025-03-03,South,Consumer,2711.2599999999998,-281.74,2
ORD-2028088,CUST-00502,2025-03-28,Central,Consumer,837.55,349.1,1
ORD-2028089,CUST-00364,2025-06-26,South,Consumer,5154.92,-732.99,2
ORD-2028090,CUST-00531,2025-02-06,Central,Consumer,1647.5,704.54,1
ORD-2028091,CUST-00722,2025-02-23,South,Consumer,1027.86,95.05,1
ORD-2028092,CUST-00648,2025-02-09,Central,Corporate,184.77,81.96,1
ORD-2028093,CUST-00665,2024-11-28,Central,Consumer,3112.41,364.01,1
ORD-2028094,CUST-00212,2023-05-25,Central,Corporate,4060.3599999999997,843.52,2
ORD-2028095,CUST-00348,2024-01-30,South,Consumer,1026.53,322.12,1
ORD-2028096,CUST-00457,2025-07-24,East,Corporate,53.55,18.76,1
ORD-2028097,CUST-00042,2025-03-01,South,Consumer,38.82,10.66,1
ORD-2028098,CUST-00623,2024-12-10,East,Home Office,13451.12,3452.5699999999997,2
ORD-2028099,CUST-00265,2025-01-07,South,Consumer,2326.24,215.89,1
ORD-2028100,CUST-00232,2024-08-30,South,Corporate,366.02,74.73,2
ORD-2028101,CUST-00213,2025-03-30,South,Home Office,93.11,13.35,1
ORD-2028102,CUST-00232,2025-08-04,South,Corporate,11641.17,2918.0,2
ORD-2028103,CUST-00275,2024-06-21,West,Corporate,231.26,23.09,1
ORD-2028104,CUST-00499,2025-03-02,South,Consumer,273.46,5.01,1
ORD-2028105,CUST-00485,2024-05-13,West,Consumer,13632.07,3837.78,2
ORD-2028106,CUST-00211,2024-01-11,West,Corporate,15697.359999999999,2177.49,3
ORD-2028107,CUST-00173,2025-12-07,South,Consumer,1159.32,243.72,3
ORD-2028108,CUST-00666,2024-08-02,Central,Home Office,71.6,17.0,1
ORD-2028109,CUST-00074,2024-05-25,East,Consumer,744.39,126.36,1
ORD-2028110,CUST-00425,2024-05-25,West,Corporate,496.8,74.66,1
ORD-2028111,CUST-00431,2024-01-16,East,Corporate,532.94,156.78,1
ORD-2028112,CUST-00475,2024-10-27,Central,Corporate,171.3,53.73,1
ORD-2028113,CUST-00710,2023-11-27,West,Consumer,9680.720000000001,2161.25,2
ORD-2028114,CUST-00508,2025-05-11,East,Consumer,782.16,140.01,1
ORD-2028115,CUST-00784,2024-10-21,East,Consumer,42.27,-7.94,1
ORD-2028116,CUST-00700,2023-08-15,East,Consumer,1205.55,262.25,1
ORD-2028117,CUST-00180,2024-12-30,Central,Consumer,1336.93,-24.56,1
ORD-2028118,CUST-00200,2025-03-13,South,Corporate,8986.32,1720.53,1
ORD-2028119,CUST-00281,2024-11-04,West,Consumer,3938.9400000000005,1188.3899999999999,2
ORD-2028120,CUST-00321,2025-07-22,West,Consumer,120.84,36.7,1
ORD-2028121,CUST-00456,2024-05-28,Central,Consumer,847.44,215.01,1
ORD-2028122,CUST-00191,2023-11-26,Central,Home Office,4551.3,1860.38,2
ORD-2028123,CUST-00182,2025-10-29,East,Consumer,82.48,24.8,1
ORD-2028124,CUST-00311,2024-09-09,Central,Home Office,6928.92,1620.1999999999998,3
ORD-2028125,CUST-00548,2024-12-31,Central,Home Office,4390.2,1003.46,1
ORD-2028126,CUST-00563,2024-07-29,West,Consumer,1541.28,510.26,1
ORD-2028127,CUST-00786,2023-12-05,Central,Corporate,47.31,16.23,1
ORD-2028128,CUST-00168,2023-10-25,East,Consumer,6467.14,961.67,1
ORD-2028129,CUST-00323,2025-04-27,Central,Consumer,362.97,19.09,1
ORD-2028130,CUST-00773,2025-09-16,East,Consumer,6531.349999999999,2254.58,2
ORD-2028131,CUST-00565,2023-10-05,South,Home Office,562.59,110.73,2
ORD-2028132,CUST-00491,2025-05-06,South,Consumer,366.34,149.72,2
ORD-2028133,CUST-00443,2025-06-25,East,Consumer,5616.8,1640.91,1
ORD-2028134,CUST-00061,2024-02-27,South,Corporate,723.33,-11.71,1
ORD-2028135,CUST-00715,2025-12-03,South,Home Office,7402.8,2825.18,1
ORD-2028136,CUST-00509,2024-04-16,West,Consumer,581.05,-364.46,1
ORD-2028137,CUST-00473,2024-11-03,West,Home Office,53.49,2.88,1
ORD-2028138,CUST-00443,2025-03-15,East,Consumer,140.9,56.74,1
ORD-2028139,CUST-00322,2025-04-10,East,Consumer,4820.0,837.74,3
ORD-2028140,CUST-00211,2023-09-28,West,Corporate,1887.6599999999999,254.52,2
ORD-2028141,CUST-00616,2024-01-02,Central,Consumer,1814.12,338.48,2
ORD-2028142,CUST-00423,2024-02-21,South,Consumer,5912.38,1755.2,1
ORD-2028143,CUST-00034,2024-03-23,Central,Corporate,775.41,197.2,1
ORD-2028144,CUST-00329,2025-03-18,East,Consumer,4798.28,2038.8799999999999,2
ORD-2028145,CUST-00750,2025-02-04,East,Home Office,1553.5900000000001,-217.38,2
ORD-2028146,CUST-00307,2025-08-29,West,Corporate,14886.51,2397.2400000000002,2
ORD-2028147,CUST-00343,2025-01-21,Central,Home Office,523.94,-3.38,1
ORD-2028148,CUST-00508,2025-07-18,East,Consumer,1474.4,419.38,1
ORD-2028149,CUST-00649,2025-04-03,South,Home Office,11779.349999999999,3533.74,3
ORD-2028150,CUST-00547,2025-03-19,West,Corporate,138.0,43.68,1
ORD-2028151,CUST-00686,2023-10-27,South,Corporate,2699.68,454.3,1
ORD-2028152,CUST-00092,2023-04-09,South,Corporate,592.1,215.09,1
ORD-2028153,CUST-00745,2024-02-17,South,Consumer,5228.6,638.71,1
ORD-2028154,CUST-00723,2025-06-20,South,Corporate,7717.879999999999,1922.02,3
ORD-2028155,CUST-00430,2023-02-07,Central,Consumer,792.5,-236.08,1
ORD-2028156,CUST-00508,2025-03-30,East,Consumer,2455.13,306.11,3
ORD-2028157,CUST-00180,2025-03-08,Central,Consumer,290.02,46.93,1
ORD-2028158,CUST-00371,2024-06-03,West,Consumer,4859.42,916.02,1
ORD-2028159,CUST-00168,2023-08-04,East,Consumer,13991.9,3742.57,3
ORD-2028160,CUST-00020,2025-04-26,West,Home Office,75.6,-12.77,1
ORD-2028161,CUST-00789,2023-09-26,Central,Consumer,178.5,32.39,1
ORD-2028162,CUST-00213,2025-09-25,South,Home Office,162.58,34.22,1
ORD-2028163,CUST-00491,2025-07-23,South,Consumer,5515.48,2469.49,1
ORD-2028164,CUST-00248,2024-10-16,West,Consumer,3863.09,1087.4,3
ORD-2028165,CUST-00303,2025-05-23,East,Consumer,893.62,232.43,3
ORD-2028166,CUST-00326,2025-09-03,East,Consumer,589.11,185.82000000000002,2
ORD-2028167,CUST-00274,2025-03-12,South,Corporate,5290.74,1309.74,2
ORD-2028168,CUST-00524,2025-06-01,South,Consumer,1220.56,205.09,1
ORD-2028169,CUST-00770,2023-10-01,West,Consumer,3172.15,892.12,1
ORD-2028170,CUST-00356,2025-05-10,South,Consumer,17.45,3.97,1
ORD-2028171,CUST-00783,2024-04-02,East,Consumer,7933.639999999999,172.54,2
ORD-2028172,CUST-00547,2023-11-09,West,Corporate,400.65,137.41,2
ORD-2028173,CUST-00500,2025-05-10,West,Consumer,799.9,154.08,1
ORD-2028174,CUST-00196,2024-07-30,East,Consumer,2801.17,1033.65,1
ORD-2028175,CUST-00054,2025-04-03,West,Consumer,1181.09,215.6,1
ORD-2028176,CUST-00689,2023-12-23,West,Consumer,6445.62,2306.93,1
ORD-2028177,CUST-00475,2025-07-22,Central,Corporate,3340.3900000000003,519.49,2
ORD-2028178,CUST-00343,2024-07-04,Central,Home Office,68.52,3.03,1
ORD-2028179,CUST-00654,2025-10-02,South,Consumer,8267.71,1462.53,3
ORD-2028180,CUST-00256,2024-05-28,East,Consumer,424.04,86.08,1
ORD-2028181,CUST-00635,2024-06-14,East,Consumer,863.72,190.61,2
ORD-2028182,CUST-00270,2024-11-15,Central,Consumer,9452.36,3219.38,2
ORD-2028183,CUST-00742,2023-03-25,South,Corporate,2046.1799999999998,721.24,2
ORD-2028184,CUST-00219,2025-06-14,West,Consumer,20.53,6.91,1
ORD-2028185,CUST-00110,2025-08-29,Central,Consumer,251.88,64.3,2
ORD-2028186,CUST-00570,2024-09-17,Central,Consumer,7140.22,1342.43,2
ORD-2028187,CUST-00138,2025-05-10,East,Consumer,1759.78,283.42,1
ORD-2028188,CUST-00766,2024-04-12,South,Home Office,468.02,207.12,1
ORD-2028189,CUST-00535,2025-02-24,Central,Corporate,6445.62,967.4,1
ORD-2028190,CUST-00190,2025-10-13,West,Consumer,3595.79,717.09,1
ORD-2028191,CUST-00176,2024-04-19,West,Consumer,592.15,173.77,1
ORD-2028192,CUST-00744,2025-04-21,West,Corporate,1845.39,472.58,1
ORD-2028193,CUST-00501,2024-06-23,East,Consumer,8686.88,3159.13,1
ORD-2028194,CUST-00716,2025-10-13,South,Consumer,269.84,63.879999999999995,2
ORD-2028195,CUST-00090,2024-10-10,South,Corporate,7394.719999999999,-2161.0699999999997,2
ORD-2028196,CUST-00746,2024-12-15,West,Consumer,113.94,41.49,1
ORD-2028197,CUST-00431,2025-01-18,East,Corporate,344.0,99.71,1
ORD-2028198,CUST-00547,2025-11-30,West,Corporate,353.37,141.51,1
ORD-2028199,CUST-00305,2024-02-03,Central,Consumer,334.3,115.91,1
ORD-2028200,CUST-00051,2025-01-15,South,Consumer,112.72,48.46,1
ORD-2028201,CUST-00770,2024-05-12,West,Consumer,716.0,286.17,1
ORD-2028202,CUST-00796,2024-03-26,West,Consumer,276.0,100.01,1
ORD-2028203,CUST-00300,2025-06-20,East,Consumer,4493.16,951.88,1
ORD-2028204,CUST-00761,2024-01-28,East,Consumer,4456.47,1052.65,2
ORD-2028205,CUST-00141,2024-12-02,South,Home Office,2527.56,672.53,1
ORD-2028206,CUST-00133,2025-10-28,East,Consumer,726.21,291.74,1
ORD-2028207,CUST-00061,2023-02-25,South,Corporate,10719.96,2831.63,3
ORD-2028208,CUST-00321,2024-06-26,West,Consumer,430.74,95.28,1
ORD-2028209,CUST-00045,2025-04-08,East,Consumer,8944.4,1461.4,2
ORD-2028210,CUST-00326,2025-12-11,East,Consumer,491.28,8.869999999999997,2
ORD-2028211,CUST-00111,2024-01-28,West,Consumer,941.4,409.55,1
ORD-2028212,CUST-00599,2024-12-12,Central,Home Office,947.34,379.81,1
ORD-2028213,CUST-00672,2023-11-17,Central,Corporate,140.9,27.13,1
ORD-2028214,CUST-00563,2024-01-23,West,Consumer,6577.68,2252.65,1
ORD-2028215,CUST-00167,2025-07-20,West,Corporate,3395.82,24.3,2
ORD-2028216,CUST-00622,2025-01-03,West,Corporate,2506.74,435.07,1
ORD-2028217,CUST-00205,2025-08-07,West,Home Office,56.36,11.13,1
ORD-2028218,CUST-00619,2025-07-26,East,Consumer,5151.84,1095.52,2
ORD-2028219,CUST-00469,2023-10-12,East,Consumer,249.56,76.2,1
ORD-2028220,CUST-00301,2025-05-10,West,Consumer,2636.0,733.04,1
ORD-2028221,CUST-00068,2025-05-07,West,Home Office,950.4,250.59,2
ORD-2028222,CUST-00667,2024-12-19,Central,Consumer,1595.12,288.28,1
ORD-2028223,CUST-00758,2024-10-28,West,Consumer,235.58,96.39,1
ORD-2028224,CUST-00545,2025-09-09,South,Consumer,5208.27,1290.85,1
ORD-2028225,CUST-00773,2025-12-07,East,Consumer,146.2,36.59,1
ORD-2028226,CUST-00755,2023-11-21,Central,Consumer,1621.84,444.61,1
ORD-2028227,CUST-00161,2024-12-05,South,Consumer,1194.42,214.32,1
ORD-2028228,CUST-00599,2025-05-29,Central,Home Office,845.31,-6.55,1
ORD-2028229,CUST-00287,2023-10-11,East,Consumer,803.7,213.91,1
ORD-2028230,CUST-00406,2024-12-19,Central,Consumer,3714.52,1175.97,2
ORD-2028231,CUST-00133,2024-05-29,East,Consumer,1961.34,336.36,1
ORD-2028232,CUST-00785,2025-04-11,West,Consumer,104.28,18.52,1
ORD-2028233,CUST-00596,2024-07-06,South,Consumer,4044.42,1793.31,1
ORD-2028234,CUST-00218,2024-01-24,East,Consumer,103.46,27.53,1
ORD-2028235,CUST-00304,2025-07-20,South,Home Office,569.04,154.17,2
ORD-2028236,CUST-00351,2025-04-08,Central,Consumer,791.3900000000001,12.33,2
ORD-2028237,CUST-00611,2025-01-12,South,Corporate,1903.29,748.45,1
ORD-2028238,CUST-00746,2024-08-23,West,Consumer,5525.08,1661.33,2
ORD-2028239,CUST-00263,2024-03-14,West,Consumer,1129.09,-83.16,2
ORD-2028240,CUST-00395,2025-03-15,Central,Consumer,478.6,127.57,1
ORD-2028241,CUST-00491,2025-05-31,South,Consumer,1736.3600000000001,351.0,2
ORD-2028242,CUST-00324,2024-01-08,South,Home Office,103.1,0.23,1
ORD-2028243,CUST-00419,2025-05-15,West,Corporate,197.6,-21.78,1
ORD-2028244,CUST-00085,2025-06-08,Central,Consumer,835.58,264.38,1
ORD-2028245,CUST-00141,2025-08-21,South,Home Office,4645.92,233.88,1
ORD-2028246,CUST-00331,2025-09-12,Central,Consumer,80.56,19.54,1
ORD-2028247,CUST-00735,2024-01-24,East,Home Office,3852.2400000000002,292.68,3
ORD-2028248,CUST-00287,2025-02-06,East,Consumer,6479.23,-1634.24,1
ORD-2028249,CUST-00205,2024-11-08,West,Home Office,227.09,57.17,1
ORD-2028250,CUST-00606,2025-08-12,Central,Consumer,878.8,393.36,1
ORD-2028251,CUST-00766,2023-12-03,South,Home Office,60.65,18.75,1
ORD-2028252,CUST-00383,2024-09-11,South,Consumer,1894.68,361.89,1
ORD-2028253,CUST-00004,2024-08-23,West,Consumer,246.48,99.93,1
ORD-2028254,CUST-00563,2025-06-23,West,Consumer,2669.44,-350.89,1
ORD-2028255,CUST-00345,2024-10-30,South,Consumer,217.39,26.21,1
ORD-2028256,CUST-00551,2025-06-02,South,Consumer,72.17,5.29,1
ORD-2028257,CUST-00225,2024-08-16,Central,Home Office,246.48,21.02,1
ORD-2028258,CUST-00002,2023-07-07,South,Home Office,11419.16,5045.639999999999,2
ORD-2028259,CUST-00281,2024-05-31,West,Consumer,970.34,68.96,1
ORD-2028260,CUST-00576,2024-08-17,West,Corporate,7177.26,1108.9,2
ORD-2028261,CUST-00324,2025-09-28,South,Home Office,5012.219999999999,816.82,2
ORD-2028262,CUST-00182,2025-08-29,East,Consumer,1569.0,343.49,1
ORD-2028263,CUST-00387,2024-06-27,East,Corporate,4200.06,23.92,2
ORD-2028264,CUST-00613,2024-08-11,South,Consumer,11563.47,3215.43,1
ORD-2028265,CUST-00098,2024-07-11,Central,Corporate,280.68,82.23,1
ORD-2028266,CUST-00566,2024-09-17,East,Consumer,349.48,147.38,2
ORD-2028267,CUST-00546,2025-09-26,East,Consumer,365.7,97.96,2
ORD-2028268,CUST-00303,2024-12-05,East,Consumer,6845.14,833.55,2
ORD-2028269,CUST-00779,2024-11-29,West,Consumer,317.62,46.46,2
ORD-2028270,CUST-00717,2025-11-19,Central,Consumer,2336.86,458.86,2
ORD-2028271,CUST-00261,2024-09-12,South,Consumer,109.17,24.76,1
ORD-2028272,CUST-00030,2024-11-10,West,Corporate,567.15,64.53,1
ORD-2028273,CUST-00255,2024-06-17,Central,Home Office,1421.01,557.18,1
ORD-2028274,CUST-00171,2024-03-22,East,Consumer,3079.59,496.45,1
ORD-2028275,CUST-00452,2023-07-10,South,Consumer,3060.33,934.55,2
ORD-2028276,CUST-00739,2024-10-12,Central,Consumer,1755.25,-1094.95,1
ORD-2028277,CUST-00699,2023-09-24,East,Home Office,162.94,43.65,1
ORD-2028278,CUST-00255,2025-02-19,Central,Home Office,15612.08,2081.77,1
ORD-2028279,CUST-00356,2025-09-22,South,Consumer,8638.98,2531.63,1
ORD-2028280,CUST-00037,2025-02-27,South,Consumer,2655.8,806.24,1
ORD-2028281,CUST-00449,2025-05-05,Central,Consumer,9598.06,1227.1,1
ORD-2028282,CUST-00054,2025-03-28,West,Consumer,15315.369999999999,4088.67,2
ORD-2028283,CUST-00757,2025-09-14,Central,Consumer,5699.13,1194.71,2
ORD-2028284,CUST-00695,2025-03-26,East,Corporate,2186.32,-185.34,1
ORD-2028285,CUST-00180,2023-03-27,Central,Consumer,5678.35,1474.4,1
ORD-2028286,CUST-00572,2024-11-10,West,Consumer,355.26,110.77,1
ORD-2028287,CUST-00470,2025-02-11,South,Consumer,799.15,139.05,2
ORD-2028288,CUST-00649,2025-04-24,South,Home Office,5919.91,105.2,1
ORD-2028289,CUST-00396,2024-10-20,South,Consumer,200.53,35.79,1
ORD-2028290,CUST-00157,2024-12-18,East,Consumer,1960.56,839.56,1
ORD-2028291,CUST-00525,2024-10-28,West,Consumer,1894.68,309.82,1
ORD-2028292,CUST-00066,2024-02-08,West,Corporate,1118.73,300.44,1
ORD-2028293,CUST-00485,2025-06-19,West,Consumer,3200.8,1225.29,2
ORD-2028294,CUST-00179,2023-11-18,South,Home Office,72.78,45.66,1
ORD-2028295,CUST-00561,2024-10-15,Central,Consumer,1082.72,403.16999999999996,3
ORD-2028296,CUST-00667,2025-03-14,Central,Consumer,706.74,130.58,1
ORD-2028297,CUST-00089,2023-03-01,South,Corporate,6445.62,1263.68,1
ORD-2028298,CUST-00330,2025-07-21,Central,Consumer,140.9,41.2,1
ORD-2028299,CUST-00599,2023-11-21,Central,Home Office,758.8,138.43,1
ORD-2028300,CUST-00139,2024-10-22,West,Consumer,7391.02,658.0,1
ORD-2028301,CUST-00468,2024-09-22,Central,Corporate,864.54,352.54,1
ORD-2028302,CUST-00548,2024-11-28,Central,Home Office,334.3,84.61,1
ORD-2028303,CUST-00291,2024-07-31,South,Consumer,3868.52,413.45,2
ORD-2028304,CUST-00671,2025-10-12,South,Home Office,3212.76,807.11,2
ORD-2028305,CUST-00423,2025-05-29,South,Consumer,159.05,32.31,1
ORD-2028306,CUST-00510,2025-07-19,East,Consumer,3414.6,1213.1,1
ORD-2028307,CUST-00114,2024-04-24,West,Consumer,121.3,30.86,1
ORD-2028308,CUST-00021,2023-10-15,Central,Corporate,12048.800000000001,4092.8,2
ORD-2028309,CUST-00045,2023-11-14,East,Consumer,484.14,161.11,1
ORD-2028310,CUST-00723,2024-11-15,South,Corporate,2675.97,513.1,1
ORD-2028311,CUST-00707,2025-05-03,East,Consumer,334.3,92.67,1
ORD-2028312,CUST-00651,2025-06-27,West,Corporate,2497.5200000000004,498.21,2
ORD-2028313,CUST-00166,2025-07-24,South,Corporate,2055.04,782.11,1
ORD-2028314,CUST-00435,2023-12-31,West,Corporate,257.79,-11.11,1
ORD-2028315,CUST-00646,2025-04-06,West,Consumer,659.0,-395.02,1
ORD-2028316,CUST-00552,2023-03-30,West,Consumer,2036.12,634.85,2
ORD-2028317,CUST-00094,2024-11-11,West,Consumer,290.52,-77.52,1
ORD-2028318,CUST-00718,2025-10-07,West,Corporate,965.12,283.0,2
ORD-2028319,CUST-00135,2024-08-18,South,Consumer,7395.95,620.29,2
ORD-2028320,CUST-00143,2025-09-07,West,Corporate,3736.87,413.45,3
ORD-2028321,CUST-00721,2024-12-20,East,Corporate,1250.01,183.96,2
ORD-2028322,CUST-00404,2024-12-14,South,Corporate,1322.54,324.98999999999995,2
ORD-2028323,CUST-00305,2025-03-27,Central,Consumer,326.59000000000003,122.21000000000001,2
ORD-2028324,CUST-00457,2024-09-24,East,Corporate,9897.45,1975.02,2
ORD-2028325,CUST-00789,2024-03-04,Central,Consumer,468.02,136.28,1
ORD-2028326,CUST-00098,2025-09-12,Central,Corporate,318.6,115.64,2
ORD-2028327,CUST-00618,2025-04-06,West,Corporate,129.68,27.7,1
ORD-2028328,CUST-00274,2025-09-20,South,Corporate,483.47,99.16,2
ORD-2028329,CUST-00095,2023-11-08,South,Corporate,444.63,95.22,1
ORD-2028330,CUST-00350,2024-08-28,East,Corporate,26521.47,6876.34,3
ORD-2028331,CUST-00453,2023-08-07,West,Home Office,2537.72,623.49,1
ORD-2028332,CUST-00173,2024-12-12,South,Consumer,98.78,17.97,1
ORD-2028333,CUST-00334,2023-03-01,South,Consumer,9828.95,347.48,1
ORD-2028334,CUST-00522,2025-09-02,East,Corporate,84.0,20.57,1
ORD-2028335,CUST-00479,2025-03-25,Central,Corporate,4609.33,976.9699999999999,3
ORD-2028336,CUST-00592,2024-06-14,South,Corporate,3616.65,781.72,1
ORD-2028337,CUST-00676,2023-11-15,Central,Consumer,2149.8,690.3000000000001,2
ORD-2028338,CUST-00337,2025-11-23,South,Consumer,3875.02,1192.42,2
ORD-2028339,CUST-00352,2024-02-20,East,Consumer,1404.2,551.74,1
ORD-2028340,CUST-00412,2024-02-24,East,Consumer,8.48,2.36,1
ORD-2028341,CUST-00468,2024-04-07,Central,Corporate,1087.51,414.99,1
ORD-2028342,CUST-00088,2025-08-25,West,Consumer,446.0,-189.39,1
ORD-2028343,CUST-00257,2024-11-01,Central,Home Office,407.35,125.34,1
ORD-2028344,CUST-00143,2023-11-26,West,Corporate,658.68,242.55,1
ORD-2028345,CUST-00316,2023-12-05,Central,Consumer,1499.0,150.14000000000001,2
ORD-2028346,CUST-00783,2025-05-08,East,Consumer,172.0,60.58,1
ORD-2028347,CUST-00483,2025-06-06,West,Home Office,4983.48,1785.7199999999998,2
ORD-2028348,CUST-00357,2024-04-02,East,Consumer,1065.78,380.1,1
ORD-2028349,CUST-00468,2025-07-05,Central,Corporate,157.13,6.27,1
ORD-2028350,CUST-00547,2025-09-26,West,Corporate,1462.83,193.87,1
ORD-2028351,CUST-00360,2024-06-21,Central,Consumer,7423.65,1938.85,1
ORD-2028352,CUST-00371,2024-06-03,West,Consumer,1067.11,-314.38,1
ORD-2028353,CUST-00574,2024-01-21,East,Home Office,8105.360000000001,-1854.54,2
ORD-2028354,CUST-00052,2025-02-04,East,Home Office,2198.49,732.79,2
ORD-2028355,CUST-00444,2023-10-15,West,Consumer,77.64,30.45,1
ORD-2028356,CUST-00452,2023-02-11,South,Consumer,2427.99,351.42999999999995,2
ORD-2028357,CUST-00618,2025-09-22,West,Corporate,20.53,7.16,1
ORD-2028358,CUST-00790,2023-10-03,East,Corporate,5092.25,1563.02,1
ORD-2028359,CUST-00646,2025-02-07,West,Consumer,5075.44,1259.28,1
ORD-2028360,CUST-00418,2025-06-20,East,Consumer,564.83,206.56,1
ORD-2028361,CUST-00141,2024-09-21,South,Home Office,982.24,215.88,2
ORD-2028362,CUST-00488,2023-11-28,Central,Consumer,6073.1,2008.8,1
ORD-2028363,CUST-00673,2023-07-28,Central,Consumer,520.41,204.13,1
ORD-2028364,CUST-00753,2025-07-06,East,Consumer,4180.47,867.86,1
ORD-2028365,CUST-00666,2025-02-12,Central,Home Office,2097.48,709.2,2
ORD-2028366,CUST-00155,2025-07-18,West,Consumer,109.78,40.7,1
ORD-2028367,CUST-00582,2024-05-21,South,Corporate,235.92,100.4,1
ORD-2028368,CUST-00705,2025-04-26,East,Consumer,3050.78,796.55,1
ORD-2028369,CUST-00556,2023-06-24,Central,Home Office,466.86,53.08,1
ORD-2028370,CUST-00561,2024-10-06,Central,Consumer,156.43,19.77,1
ORD-2028371,CUST-00413,2024-07-24,West,Home Office,1421.01,493.34,1
ORD-2028372,CUST-00523,2024-04-15,East,Corporate,1400.4,233.62,1
ORD-2028373,CUST-00240,2025-01-01,Central,Home Office,1139.4,370.37,1
ORD-2028374,CUST-00070,2024-08-01,West,Consumer,6818.58,2214.2,1
ORD-2028375,CUST-00667,2024-10-27,Central,Consumer,2005.66,653.6,2
ORD-2028376,CUST-00760,2023-07-21,Central,Corporate,824.53,164.9,1
ORD-2028377,CUST-00691,2025-02-17,South,Consumer,2986.05,716.99,1
ORD-2028378,CUST-00273,2023-07-11,East,Home Office,522.44,219.97,1
ORD-2028379,CUST-00074,2024-11-06,East,Consumer,378.98,116.06,1
ORD-2028380,CUST-00228,2024-04-09,Central,Consumer,1321.15,361.47,1
ORD-2028381,CUST-00681,2024-04-18,Central,Consumer,4847.32,783.1700000000001,2
ORD-2028382,CUST-00535,2025-07-07,Central,Corporate,12252.019999999999,1635.54,2
ORD-2028383,CUST-00775,2025-07-02,South,Consumer,1590.46,618.27,2
ORD-2028384,CUST-00279,2025-08-30,East,Consumer,9871.09,2721.23,2
ORD-2028385,CUST-00455,2025-02-16,Central,Consumer,1029.14,249.78,2
ORD-2028386,CUST-00641,2024-03-21,Central,Consumer,2169.99,228.02,1
ORD-2028387,CUST-00193,2024-08-15,Central,Consumer,1029.16,220.57,1
ORD-2028388,CUST-00773,2025-08-06,East,Consumer,2131.52,144.85,1
ORD-2028389,CUST-00491,2024-07-01,South,Consumer,401.85,138.88,1
ORD-2028390,CUST-00004,2025-08-22,West,Consumer,494.1,204.67,2
ORD-2028391,CUST-00025,2023-12-06,South,Corporate,354.47,-174.77,1
ORD-2028392,CUST-00707,2025-08-09,East,Consumer,8347.310000000001,2360.82,2
ORD-2028393,CUST-00528,2024-07-28,East,Home Office,2378.64,712.45,1
ORD-2028394,CUST-00621,2025-01-01,West,Home Office,7520.55,1847.39,2
ORD-2028395,CUST-00635,2023-08-10,East,Consumer,1302.73,338.29,1
ORD-2028396,CUST-00348,2025-01-05,South,Consumer,603.99,179.33,1
ORD-2028397,CUST-00647,2025-04-06,West,Consumer,1284.4,575.72,1
ORD-2028398,CUST-00757,2025-01-20,Central,Consumer,716.0,319.22,1
ORD-2028399,CUST-00144,2023-07-28,West,Home Office,6002.589999999999,766.6199999999999,2
ORD-2028400,CUST-00621,2025-04-30,West,Home Office,5322.3,1825.49,1
ORD-2028401,CUST-00255,2025-06-04,Central,Home Office,2288.23,477.69,1
ORD-2028402,CUST-00263,2025-04-20,West,Consumer,201.4,88.0,1
ORD-2028403,CUST-00342,2025-01-14,West,Consumer,911.83,3.31,1
ORD-2028404,CUST-00694,2025-11-21,South,Consumer,466.56,120.23,1
ORD-2028405,CUST-00021,2023-12-26,Central,Corporate,1194.42,238.46,1
ORD-2028406,CUST-00359,2023-03-05,East,Consumer,6473.66,1299.79,2
ORD-2028407,CUST-00554,2025-04-01,West,Consumer,6684.64,1973.38,1
ORD-2028408,CUST-00090,2023-11-29,South,Corporate,13501.449999999999,123.81999999999971,2
ORD-2028409,CUST-00643,2025-05-15,South,Corporate,3210.2299999999996,116.9,3
ORD-2028410,CUST-00759,2025-08-02,East,Consumer,3045.26,685.49,1
ORD-2028411,CUST-00071,2025-05-02,South,Consumer,90.18,24.18,1
ORD-2028412,CUST-00132,2025-05-02,Central,Corporate,238.58,3.91,1
ORD-2028413,CUST-00784,2023-09-23,East,Consumer,1497.72,412.07,1
ORD-2028414,CUST-00165,2025-07-21,West,Corporate,65.99,19.28,1
ORD-2028415,CUST-00066,2025-02-10,West,Corporate,15240.4,4606.68,2
ORD-2028416,CUST-00766,2024-10-19,South,Home Office,5781.74,1378.07,1
ORD-2028417,CUST-00715,2024-12-06,South,Home Office,7673.88,1679.48,3
ORD-2028418,CUST-00535,2024-11-21,Central,Corporate,662.98,188.48999999999998,2
ORD-2028419,CUST-00455,2023-09-04,Central,Consumer,10289.53,1890.4,2
ORD-2028420,CUST-00740,2025-12-18,South,Corporate,1670.78,551.73,2
ORD-2028421,CUST-00535,2024-05-13,Central,Corporate,12975.5,3052.41,1
ORD-2028422,CUST-00535,2024-02-20,Central,Corporate,159.0,48.53,1
ORD-2028423,CUST-00681,2025-12-26,Central,Consumer,8625.28,2426.14,1
ORD-2028424,CUST-00533,2025-03-31,East,Consumer,430.59,-37.6,1
ORD-2028425,CUST-00418,2025-07-26,East,Consumer,488.85,159.76,1
ORD-2028426,CUST-00320,2025-09-29,South,Home Office,593.64,147.62,2
ORD-2028427,CUST-00418,2024-10-24,East,Consumer,62.1,7.35,1
ORD-2028428,CUST-00432,2024-09-08,Central,Corporate,1085.9899999999998,303.28000000000003,2
ORD-2028429,CUST-00295,2023-05-07,Central,Home Office,78.21,24.19,1
ORD-2028430,CUST-00372,2025-06-21,Central,Corporate,5435.92,1626.58,1
ORD-2028431,CUST-00649,2025-07-28,South,Home Office,2525.4,498.33,1
ORD-2028432,CUST-00346,2025-01-29,West,Consumer,9.7,-0.2,1
ORD-2028433,CUST-00025,2023-04-29,South,Corporate,1446.66,487.82,1
ORD-2028434,CUST-00232,2024-08-14,South,Corporate,185.5,49.93,1
ORD-2028435,CUST-00190,2023-12-01,West,Consumer,21.9,7.4,1
ORD-2028436,CUST-00644,2024-12-20,West,Corporate,3035.2,1316.22,1
ORD-2028437,CUST-00374,2024-04-22,West,Corporate,656.16,166.69,1
ORD-2028438,CUST-00229,2023-07-11,Central,Corporate,702.3,154.26,2
ORD-2028439,CUST-00653,2025-05-30,East,Consumer,7221.81,1162.38,2
ORD-2028440,CUST-00017,2024-06-14,Central,Consumer,387.4,53.54,1
ORD-2028441,CUST-00145,2025-07-31,South,Consumer,126.0,44.12,1
ORD-2028442,CUST-00667,2024-03-23,Central,Consumer,478.6,77.75,1
ORD-2028443,CUST-00454,2024-02-09,East,Home Office,458.24,84.65,1
ORD-2028444,CUST-00624,2024-12-21,West,Consumer,8119.969999999999,977.1600000000001,2
ORD-2028445,CUST-00678,2025-06-19,East,Consumer,3836.98,-746.76,1
ORD-2028446,CUST-00759,2024-03-03,East,Consumer,9715.61,3747.23,2
ORD-2028447,CUST-00054,2024-07-22,West,Consumer,515.97,98.69,2
ORD-2028448,CUST-00648,2025-03-24,Central,Corporate,612.38,98.33,1
ORD-2028449,CUST-00578,2024-06-20,Central,Consumer,7414.77,3117.06,1
ORD-2028450,CUST-00174,2025-04-06,Central,Corporate,1053.6,243.34,2
ORD-2028451,CUST-00753,2025-03-20,East,Consumer,309.98,71.25,1
ORD-2028452,CUST-00333,2024-12-15,West,Consumer,7644.209999999999,-4289.610000000001,2
ORD-2028453,CUST-00711,2025-09-18,Central,Consumer,3419.84,477.36,2
ORD-2028454,CUST-00499,2025-03-14,South,Consumer,13498.4,2587.14,1
ORD-2028455,CUST-00436,2024-10-18,East,Corporate,539.26,105.65,1
ORD-2028456,CUST-00134,2024-06-30,Central,Corporate,4573.08,885.41,2
ORD-2028457,CUST-00734,2025-04-11,South,Corporate,2785.5,591.61,2
ORD-2028458,CUST-00461,2025-07-09,Central,Corporate,1811.88,628.38,2
ORD-2028459,CUST-00003,2024-10-15,Central,Corporate,2531.66,410.86,1
ORD-2028460,CUST-00016,2025-01-20,South,Consumer,205.81,80.14,2
ORD-2028461,CUST-00630,2025-02-03,West,Consumer,7425.1,1819.05,1
ORD-2028462,CUST-00137,2024-07-10,Central,Consumer,275.2,21.46,1
ORD-2028463,CUST-00494,2023-11-26,Central,Consumer,14578.35,5443.4,3
ORD-2028464,CUST-00556,2025-07-12,Central,Home Office,3996.67,5.9,1
ORD-2028465,CUST-00227,2025-07-17,South,Corporate,1299.55,267.77,2
ORD-2028466,CUST-00472,2023-09-08,South,Consumer,3013.0,476.55,1
ORD-2028467,CUST-00199,2024-12-15,West,Home Office,3471.2,584.63,2
ORD-2028468,CUST-00762,2024-10-02,Central,Corporate,4837.4,1047.43,1
ORD-2028469,CUST-00693,2024-11-29,South,Consumer,797.58,329.72,1
ORD-2028470,CUST-00234,2025-02-11,South,Consumer,9155.939999999999,2911.25,2
ORD-2028471,CUST-00436,2023-11-12,East,Corporate,82.9,-9.59,1
ORD-2028472,CUST-00414,2025-03-13,East,Corporate,1821.93,466.87,1
ORD-2028473,CUST-00770,2024-10-04,West,Consumer,6073.1,1606.82,1
ORD-2028474,CUST-00326,2024-05-20,East,Consumer,9866.52,616.99,1
ORD-2028475,CUST-00466,2025-07-09,South,Home Office,3580.71,233.58,1
ORD-2028476,CUST-00750,2024-12-28,East,Home Office,638.05,132.36,1
ORD-2028477,CUST-00138,2025-02-08,East,Consumer,2657.48,-689.9799999999999,2
ORD-2028478,CUST-00454,2025-08-10,East,Home Office,2061.62,560.61,2
ORD-2028479,CUST-00085,2025-06-24,Central,Consumer,115.27,15.28,1
ORD-2028480,CUST-00507,2025-05-09,Central,Consumer,18328.260000000002,5072.400000000001,3
ORD-2028481,CUST-00301,2025-03-06,West,Consumer,495.99,131.19,1
ORD-2028482,CUST-00776,2024-05-30,South,Corporate,164.98,53.23,1
ORD-2028483,CUST-00345,2025-01-23,South,Consumer,3551.22,930.77,1
ORD-2028484,CUST-00108,2025-06-18,Central,Corporate,1778.0,766.06,1
ORD-2028485,CUST-00673,2025-09-18,Central,Consumer,2942.01,1074.01,1
ORD-2028486,CUST-00661,2024-09-17,East,Home Office,1001.22,151.09,1
ORD-2028487,CUST-00570,2025-09-14,Central,Consumer,599.55,116.68,1
ORD-2028488,CUST-00611,2024-10-16,South,Corporate,227.88,60.0,1
ORD-2028489,CUST-00216,2024-06-12,West,Corporate,1961.34,625.41,1
ORD-2028490,CUST-00527,2024-05-06,South,Consumer,8204.49,1161.56,2
ORD-2028491,CUST-00037,2024-08-29,South,Consumer,5242.31,252.71,1
ORD-2028492,CUST-00164,2024-11-19,West,Corporate,1554.57,359.58,2
ORD-2028493,CUST-00753,2025-01-30,East,Consumer,7414.77,2828.02,1
ORD-2028494,CUST-00602,2024-07-07,South,Consumer,117.96,-41.95,1
ORD-2028495,CUST-00190,2024-11-11,West,Consumer,966.06,-34.39,1
ORD-2028496,CUST-00091,2024-05-04,West,Corporate,2169.99,296.48,1
ORD-2028497,CUST-00766,2024-11-21,South,Home Office,2525.4,569.19,1
ORD-2028498,CUST-00092,2025-06-12,South,Corporate,1175.0,337.94,2
ORD-2028499,CUST-00211,2024-10-17,West,Corporate,3215.3700000000003,1412.4299999999998,2
ORD-2028500,CUST-00149,2024-11-03,South,Corporate,4373.45,1594.79,2
ORD-2028501,CUST-00004,2025-01-05,West,Consumer,4985.38,1160.21,2
ORD-2028502,CUST-00258,2024-07-09,East,Consumer,142.8,6.98,1
ORD-2028503,CUST-00784,2024-05-19,East,Consumer,10.26,-5.47,1
ORD-2028504,CUST-00279,2025-02-14,East,Consumer,9011.58,3352.04,2
ORD-2028505,CUST-00419,2023-07-24,West,Corporate,2942.01,1102.1,1
ORD-2028506,CUST-00609,2023-05-13,South,Corporate,313.8,112.37,1
ORD-2028507,CUST-00454,2025-10-12,East,Home Office,791.94,154.01,1
ORD-2028508,CUST-00607,2024-04-04,West,Home Office,2080.73,255.44,1
ORD-2028509,CUST-00539,2024-08-15,Central,Home Office,9191.38,2716.15,1
ORD-2028510,CUST-00502,2023-07-01,Central,Consumer,2109.1,42.9,1
ORD-2028511,CUST-00530,2024-09-10,South,Corporate,2268.65,356.16,1
ORD-2028512,CUST-00647,2025-12-06,West,Consumer,720.45,252.9,1
ORD-2028513,CUST-00580,2024-04-11,East,Consumer,625.14,219.76,1
ORD-2028514,CUST-00642,2025-04-10,South,Corporate,229.75,25.35,1
ORD-2028515,CUST-00119,2025-09-30,East,Consumer,7195.05,-1323.59,1
ORD-2028516,CUST-00554,2025-01-06,West,Consumer,2457.83,826.44,2
ORD-2028517,CUST-00600,2025-05-25,Central,Consumer,11291.83,3068.97,1
ORD-2028518,CUST-00248,2025-07-13,West,Consumer,7303.77,2247.04,2
ORD-2028519,CUST-00701,2025-09-17,Central,Consumer,5481.4,1615.13,1
ORD-2028520,CUST-00253,2025-10-10,East,Corporate,132.7,32.18,1
ORD-2028521,CUST-00202,2024-06-29,South,Corporate,783.9,-113.98,1
ORD-2028522,CUST-00696,2024-11-07,West,Consumer,113.94,41.83,1
ORD-2028523,CUST-00203,2024-09-06,West,Home Office,10394.91,1053.8200000000002,3
ORD-2028524,CUST-00345,2023-07-27,South,Consumer,10660.03,2739.91,1
ORD-2028525,CUST-00301,2024-03-12,West,Consumer,65.7,5.94,1
ORD-2028526,CUST-00718,2025-07-10,West,Corporate,10781.6,3713.7,1
ORD-2028527,CUST-00380,2024-02-12,West,Home Office,2297.52,917.85,1
ORD-2028528,CUST-00570,2025-02-27,Central,Consumer,1251.31,231.79999999999998,2
ORD-2028529,CUST-00644,2024-12-13,West,Corporate,241.68,43.66,1
ORD-2028530,CUST-00511,2024-06-04,South,Corporate,522.94,-87.16,1
ORD-2028531,CUST-00761,2024-11-20,East,Consumer,1381.41,416.88,2
ORD-2028532,CUST-00650,2023-11-27,South,Consumer,405.81,71.01,1
ORD-2028533,CUST-00330,2025-05-07,Central,Consumer,168.42000000000002,33.06,2
ORD-2028534,CUST-00766,2025-05-06,South,Home Office,601.95,109.56,3
ORD-2028535,CUST-00435,2024-12-21,West,Corporate,4018.5,1019.34,1
ORD-2028536,CUST-00021,2025-12-07,Central,Corporate,7423.65,1432.04,1
ORD-2028537,CUST-00213,2025-05-17,South,Home Office,3451.8,1280.86,1
ORD-2028538,CUST-00508,2025-10-30,East,Consumer,1961.34,415.26,1
ORD-2028539,CUST-00133,2024-02-05,East,Consumer,1232.0,60.370000000000005,2
ORD-2028540,CUST-00485,2023-11-18,West,Consumer,1774.1,526.58,1
ORD-2028541,CUST-00297,2024-09-29,South,Corporate,1111.86,145.01999999999998,2
ORD-2028542,CUST-00440,2024-01-12,West,Consumer,116.46,42.91,1
ORD-2028543,CUST-00001,2025-04-21,East,Consumer,6684.64,1908.96,1
ORD-2028544,CUST-00685,2025-03-18,East,Home Office,6074.28,2282.63,1
ORD-2028545,CUST-00297,2024-11-07,South,Corporate,13543.23,6013.79,2
ORD-2028546,CUST-00113,2025-02-01,Central,Consumer,4278.54,797.71,2
ORD-2028547,CUST-00363,2025-07-18,East,Consumer,9464.33,2855.1899999999996,3
ORD-2028548,CUST-00405,2023-07-25,West,Consumer,84.91,13.7,1
ORD-2028549,CUST-00524,2024-09-06,South,Consumer,1526.4,381.34999999999997,3
ORD-2028550,CUST-00435,2024-03-04,West,Corporate,17741.0,7533.31,1
ORD-2028551,CUST-00040,2025-11-03,Central,Corporate,2673.86,51.44,1
ORD-2028552,CUST-00700,2025-06-30,East,Consumer,418.36,65.05,1
ORD-2028553,CUST-00381,2024-11-30,East,Consumer,1461.29,541.45,2
ORD-2028554,CUST-00063,2024-05-26,West,Home Office,3510.5,1188.16,1
ORD-2028555,CUST-00624,2025-04-15,West,Consumer,801.2299999999999,196.64999999999998,2
ORD-2028556,CUST-00537,2025-06-11,West,Home Office,9407.51,3584.56,1
ORD-2028557,CUST-00530,2025-06-03,South,Corporate,43.67,11.5,1
ORD-2028558,CUST-00355,2025-03-02,South,Corporate,2289.44,-30.61,1
ORD-2028559,CUST-00338,2023-11-25,West,Consumer,42.0,16.65,1
ORD-2028560,CUST-00441,2023-06-15,South,Consumer,8531.36,580.85,2
ORD-2028561,CUST-00045,2025-06-04,East,Consumer,4703.46,1783.73,2
ORD-2028562,CUST-00248,2024-09-24,West,Consumer,2636.0,627.03,1
ORD-2028563,CUST-00794,2025-08-06,South,Home Office,4724.44,157.87,1
ORD-2028564,CUST-00540,2024-02-03,East,Consumer,3783.5699999999997,1087.97,2
ORD-2028565,CUST-00347,2024-12-28,South,Consumer,1520.8300000000002,374.20000000000005,2
ORD-2028566,CUST-00182,2025-05-15,East,Consumer,2318.8,201.04,2
ORD-2028567,CUST-00609,2023-12-22,South,Corporate,9238.77,3605.75,1
ORD-2028568,CUST-00213,2025-01-15,South,Home Office,878.8,340.63,1
ORD-2028569,CUST-00138,2024-01-31,East,Consumer,2415.02,601.6800000000001,3
ORD-2028570,CUST-00133,2023-03-07,East,Consumer,3370.35,1461.42,1
ORD-2028571,CUST-00598,2024-11-18,South,Consumer,355.29,151.63,1
ORD-2028572,CUST-00527,2023-07-28,South,Consumer,248.7,-43.17,1
ORD-2028573,CUST-00058,2025-06-16,East,Consumer,3270.63,1229.63,1
ORD-2028574,CUST-00093,2025-06-01,South,Corporate,443.08,108.34,1
ORD-2028575,CUST-00519,2024-09-24,West,Consumer,1189.32,449.67,1
ORD-2028576,CUST-00472,2024-10-18,South,Consumer,4688.16,958.48,1
ORD-2028577,CUST-00562,2024-07-24,East,Consumer,1797.26,-175.08,1
ORD-2028578,CUST-00148,2025-07-13,East,Consumer,314.03000000000003,28.52,2
ORD-2028579,CUST-00596,2025-10-03,South,Consumer,3334.7200000000003,218.95999999999998,2
ORD-2028580,CUST-00756,2024-09-12,West,Consumer,101.45,31.57,1
ORD-2028581,CUST-00495,2025-01-01,West,Corporate,84.2,8.71,1
ORD-2028582,CUST-00163,2025-08-20,West,Corporate,7148.0,2046.96,2
ORD-2028583,CUST-00554,2025-06-19,West,Consumer,1162.1,186.41,1
ORD-2028584,CUST-00280,2025-08-23,East,Consumer,4645.92,54.84,1
ORD-2028585,CUST-00045,2024-04-05,East,Consumer,5588.36,939.5899999999999,2
ORD-2028586,CUST-00251,2025-04-04,East,Consumer,2458.51,608.47,1
ORD-2028587,CUST-00725,2025-07-21,South,Consumer,798.66,310.26,2
ORD-2028588,CUST-00339,2025-09-04,East,Consumer,127.74,7.56,1
ORD-2028589,CUST-00694,2025-08-25,South,Consumer,1194.42,433.83,1
ORD-2028590,CUST-00421,2025-04-24,South,Consumer,60.36,17.9,1
ORD-2028591,CUST-00429,2024-01-20,East,Home Office,2005.32,411.46,1
ORD-2028592,CUST-00003,2025-01-09,Central,Corporate,988.65,241.82,1
ORD-2028593,CUST-00523,2023-09-11,East,Corporate,133.02,52.72,1
ORD-2028594,CUST-00087,2024-09-19,East,Consumer,330.11,88.17,2
ORD-2028595,CUST-00400,2024-06-18,West,Corporate,666.75,-256.35,1
ORD-2028596,CUST-00213,2025-04-20,South,Home Office,11859.76,3383.9,1
ORD-2028597,CUST-00323,2023-08-17,Central,Consumer,3370.35,707.09,1
ORD-2028598,CUST-00441,2023-12-29,South,Consumer,77.64,21.53,1
ORD-2028599,CUST-00010,2024-12-19,East,Home Office,590.3,-25.41,1
ORD-2028600,CUST-00234,2025-02-23,South,Consumer,17295.87,5661.45,3
ORD-2028601,CUST-00794,2024-01-17,South,Home Office,240.9,61.5,1
ORD-2028602,CUST-00051,2025-12-14,South,Consumer,1196.5,507.7,1
ORD-2028603,CUST-00262,2025-06-03,East,Home Office,3558.5699999999997,282.35,2
ORD-2028604,CUST-00263,2023-05-17,West,Consumer,105.0,16.14,1
ORD-2028605,CUST-00311,2023-11-12,Central,Home Office,715.53,67.46,1
ORD-2028606,CUST-00561,2025-06-16,Central,Consumer,948.69,374.58,1
ORD-2028607,CUST-00203,2025-05-22,West,Home Office,84.91,31.97,1
ORD-2028608,CUST-00385,2023-10-29,East,Home Office,7088.969999999999,2346.67,2
ORD-2028609,CUST-00528,2024-12-17,East,Home Office,4043.84,319.52,1
ORD-2028610,CUST-00263,2024-08-10,West,Consumer,2010.33,856.33,1
ORD-2028611,CUST-00766,2025-07-27,South,Home Office,153.3,33.19,1
ORD-2028612,CUST-00789,2024-11-19,Central,Consumer,1474.4,527.65,1
ORD-2028613,CUST-00099,2024-02-12,Central,Consumer,2825.68,1242.99,1
ORD-2028614,CUST-00280,2024-07-31,East,Consumer,3129.01,401.33,2
ORD-2028615,CUST-00175,2025-05-21,Central,Home Office,549.89,94.07000000000001,2
ORD-2028616,CUST-00154,2025-03-13,West,Home Office,117.16999999999999,36.64,2
ORD-2028617,CUST-00410,2025-04-12,East,Home Office,4179.52,1727.81,1
ORD-2028618,CUST-00467,2025-12-03,East,Home Office,0.0,2505.13,1
ORD-2028619,CUST-00354,2024-07-29,West,Consumer,1206.3200000000002,191.31,2
ORD-2028620,CUST-00221,2025-07-20,East,Corporate,227.88,89.95,1
ORD-2028621,CUST-00227,2023-09-16,South,Corporate,402.8,113.35,1
ORD-2028622,CUST-00795,2025-11-20,West,Home Office,2463.67,686.31,1
ORD-2028623,CUST-00744,2024-02-18,West,Corporate,3683.8,405.36,2
ORD-2028624,CUST-00062,2025-04-08,Central,Consumer,1761.96,381.95,2
ORD-2028625,CUST-00535,2025-08-13,Central,Corporate,606.66,76.1,1
ORD-2028626,CUST-00381,2024-12-10,East,Consumer,107.1,28.95,1
ORD-2028627,CUST-00564,2023-08-15,East,Consumer,322.76,69.33,1
ORD-2028628,CUST-00492,2025-02-03,South,Home Office,3097.97,1152.6299999999999,2
ORD-2028629,CUST-00711,2025-03-26,Central,Consumer,2460.52,840.64,1
ORD-2028630,CUST-00057,2024-11-04,Central,Home Office,4701.96,754.88,1
ORD-2028631,CUST-00287,2025-04-23,East,Consumer,14.78,6.15,1
ORD-2028632,CUST-00791,2024-07-17,East,Consumer,18143.07,3170.43,2
ORD-2028633,CUST-00149,2023-12-28,South,Corporate,24.17,-2.69,1
ORD-2028634,CUST-00104,2025-07-19,East,Consumer,6734.4,2203.59,1
ORD-2028635,CUST-00598,2025-03-24,South,Consumer,7576.2,2897.76,1
ORD-2028636,CUST-00629,2023-12-24,Central,Corporate,3425.92,-1305.7,1
ORD-2028637,CUST-00549,2025-06-01,Central,Home Office,3595.79,1074.34,1
ORD-2028638,CUST-00627,2023-06-10,West,Home Office,17741.0,6986.07,1
ORD-2028639,CUST-00569,2024-11-11,Central,Corporate,1207.58,495.24,1
ORD-2028640,CUST-00108,2023-07-11,Central,Corporate,3583.26,1017.96,1
ORD-2028641,CUST-00502,2025-08-28,Central,Consumer,221.32,47.55,1
ORD-2028642,CUST-00628,2025-07-07,West,Consumer,78.57,3.84,1
ORD-2028643,CUST-00695,2025-04-13,East,Corporate,995.9399999999999,340.65,2
ORD-2028644,CUST-00202,2023-09-27,South,Corporate,1897.0,666.43,1
ORD-2028645,CUST-00104,2023-09-20,East,Consumer,1440.9,386.47,1
ORD-2028646,CUST-00633,2025-08-01,West,Consumer,581.73,111.57,1
ORD-2028647,CUST-00211,2024-08-09,West,Corporate,2311.92,861.32,1
ORD-2028648,CUST-00031,2023-12-13,West,Home Office,3181.5200000000004,985.74,2
ORD-2028649,CUST-00666,2025-10-20,Central,Home Office,6151.3,1419.14,1
ORD-2028650,CUST-00420,2025-03-24,Central,Consumer,3222.81,706.15,1
ORD-2028651,CUST-00269,2025-02-11,Central,Consumer,244.41,90.09,1
ORD-2028652,CUST-00006,2025-05-31,South,Home Office,6876.679999999999,1627.9099999999999,2
ORD-2028653,CUST-00036,2025-06-11,East,Consumer,15914.210000000001,4102.32,3
ORD-2028654,CUST-00643,2025-12-03,South,Corporate,8128.07,2031.1200000000001,2
ORD-2028655,CUST-00410,2025-05-28,East,Home Office,4416.97,1689.73,2
ORD-2028656,CUST-00126,2025-01-11,Central,Consumer,4279.05,1643.29,2
ORD-2028657,CUST-00292,2024-03-07,West,Home Office,388.2,162.59,1
ORD-2028658,CUST-00140,2025-04-10,West,Corporate,85.65,35.08,1
ORD-2028659,CUST-00092,2025-01-21,South,Corporate,455.76,132.13,1
ORD-2028660,CUST-00225,2025-01-14,Central,Home Office,428.25,175.24,1
ORD-2028661,CUST-00453,2025-07-26,West,Home Office,12826.09,3952.0899999999997,2
ORD-2028662,CUST-00178,2025-11-05,East,Corporate,484.14,77.44,1
ORD-2028663,CUST-00280,2023-05-07,East,Consumer,293.31,45.52,1
ORD-2028664,CUST-00399,2023-08-15,West,Corporate,3911.6,1215.31,1
ORD-2028665,CUST-00348,2024-05-26,South,Consumer,3760.11,771.47,1
ORD-2028666,CUST-00104,2024-08-13,East,Consumer,306.61,20.19,1
ORD-2028667,CUST-00037,2024-05-14,South,Consumer,1790.27,485.5,2
ORD-2028668,CUST-00036,2025-06-10,East,Consumer,12158.47,171.57999999999993,2
ORD-2028669,CUST-00287,2025-04-07,East,Consumer,7423.65,1120.02,1
ORD-2028670,CUST-00589,2024-04-16,South,Consumer,6060.96,1679.0,1
ORD-2028671,CUST-00106,2023-12-02,South,Corporate,2696.28,986.81,1
ORD-2028672,CUST-00639,2024-03-27,South,Consumer,2220.5,83.64,1
ORD-2028673,CUST-00584,2024-05-24,East,Consumer,84.0,29.32,1
ORD-2028674,CUST-00003,2023-12-04,Central,Corporate,593.19,139.82,1
ORD-2028675,CUST-00027,2024-08-28,West,Consumer,5616.8,1232.89,1
ORD-2028676,CUST-00162,2025-01-23,Central,Consumer,2273.62,580.51,1
ORD-2028677,CUST-00050,2025-07-14,South,Corporate,513.11,184.98,2
ORD-2028678,CUST-00438,2023-10-26,South,Home Office,0.0,625.29,1
ORD-2028679,CUST-00037,2024-12-31,South,Consumer,464.84,103.77,1
ORD-2028680,CUST-00650,2025-04-03,South,Consumer,14273.05,3524.21,1
ORD-2028681,CUST-00410,2024-05-23,East,Home Office,6978.73,2868.95,1
ORD-2028682,CUST-00596,2025-09-10,South,Consumer,19192.879999999997,5940.88,2
ORD-2028683,CUST-00612,2025-07-11,West,Corporate,1008.63,296.86,1
ORD-2028684,CUST-00420,2025-06-25,Central,Consumer,2788.9700000000003,980.27,2
ORD-2028685,CUST-00746,2025-12-11,West,Consumer,4048.86,1117.6100000000001,2
ORD-2028686,CUST-00794,2025-02-20,South,Home Office,305.02,31.16,1
ORD-2028687,CUST-00293,2024-12-17,South,Consumer,256.95,41.62,1
ORD-2028688,CUST-00104,2024-03-15,East,Consumer,294.88,128.32,1
ORD-2028689,CUST-00299,2025-11-12,West,Corporate,4765.74,936.02,1
ORD-2028690,CUST-00183,2025-06-02,West,Consumer,331.17,70.65,1
ORD-2028691,CUST-00438,2024-07-14,South,Home Office,133.72,40.25,1
ORD-2028692,CUST-00310,2023-12-18,East,Consumer,46.78,-19.25,1
ORD-2028693,CUST-00402,2023-08-06,South,Consumer,1315.5,388.97,2
ORD-2028694,CUST-00621,2025-04-02,West,Home Office,5139.32,1029.43,1
ORD-2028695,CUST-00222,2023-10-08,West,Consumer,153.92,11.19,1
ORD-2028696,CUST-00441,2024-12-12,South,Consumer,2812.95,476.12,1
ORD-2028697,CUST-00274,2024-04-22,South,Corporate,592.67,202.05,1
ORD-2028698,CUST-00636,2025-08-25,Central,Corporate,8418.0,3045.94,1
ORD-2028699,CUST-00525,2024-04-14,West,Consumer,484.14,154.15,1
ORD-2028700,CUST-00004,2025-01-25,West,Consumer,194.1,35.45,1
ORD-2028701,CUST-00537,2025-06-27,West,Home Office,2525.4,516.24,1
ORD-2028702,CUST-00142,2024-09-04,East,Corporate,2867.82,783.13,2
ORD-2028703,CUST-00593,2025-04-05,East,Corporate,1101.34,226.52,1
ORD-2028704,CUST-00469,2024-11-26,East,Consumer,62.57,10.42,1
ORD-2028705,CUST-00331,2024-05-11,Central,Consumer,697.26,161.44,1
ORD-2028706,CUST-00569,2023-09-27,Central,Corporate,1172.36,440.06,1
ORD-2028707,CUST-00691,2024-08-29,South,Consumer,9343.470000000001,3308.15,2
ORD-2028708,CUST-00632,2024-08-29,West,Corporate,283.86,56.19,1
ORD-2028709,CUST-00450,2024-09-16,West,Home Office,6523.650000000001,2158.1400000000003,2
ORD-2028710,CUST-00592,2024-12-16,South,Corporate,14681.2,5728.17,2
ORD-2028711,CUST-00343,2024-02-19,Central,Home Office,94.5,5.77,1
ORD-2028712,CUST-00640,2025-08-26,South,Consumer,30.81,10.86,1
ORD-2028713,CUST-00668,2024-12-15,South,Corporate,2163.37,667.9599999999999,3
ORD-2028714,CUST-00109,2024-11-27,West,Consumer,1039.6299999999999,178.1,2
ORD-2028715,CUST-00196,2024-11-22,East,Consumer,90.18,18.36,1
ORD-2028716,CUST-00219,2025-07-06,West,Consumer,118.43,52.55,1
ORD-2028717,CUST-00140,2024-04-23,West,Corporate,3806.58,1336.88,1
ORD-2028718,CUST-00323,2025-05-19,Central,Consumer,17041.36,7475.82,3
ORD-2028719,CUST-00159,2024-02-18,Central,Corporate,10751.44,3416.09,1
ORD-2028720,CUST-00491,2023-11-11,South,Consumer,4281.99,671.99,2
ORD-2028721,CUST-00079,2023-12-24,Central,Corporate,980.2,208.63,2
ORD-2028722,CUST-00219,2025-06-29,West,Consumer,2178.69,549.36,2
ORD-2028723,CUST-00544,2025-01-15,East,Consumer,1362.23,367.59,2
ORD-2028724,CUST-00328,2025-08-15,East,Consumer,439.12,31.54,1
ORD-2028725,CUST-00349,2024-06-19,East,Corporate,10871.84,3346.54,1
ORD-2028726,CUST-00647,2025-12-01,West,Consumer,297.0,58.42,2
ORD-2028727,CUST-00791,2025-01-29,East,Consumer,2823.37,939.27,2
ORD-2028728,CUST-00467,2023-07-16,East,Home Office,717.9,138.72,1
ORD-2028729,CUST-00066,2025-03-13,West,Corporate,1361.64,516.19,1
ORD-2028730,CUST-00081,2025-01-23,South,Consumer,2150.29,-103.36,1
ORD-2028731,CUST-00777,2025-03-03,West,Consumer,6548.11,1747.1599999999999,2
ORD-2028732,CUST-00554,2025-07-07,West,Consumer,2041.24,313.4,2
ORD-2028733,CUST-00613,2023-04-19,South,Consumer,2215.37,2.000000000000007,2
ORD-2028734,CUST-00553,2024-02-29,South,Consumer,6228.24,-425.45,1
ORD-2028735,CUST-00148,2024-08-08,East,Consumer,3806.58,1558.66,1
ORD-2028736,CUST-00372,2024-04-03,Central,Corporate,13605.38,2591.79,2
ORD-2028737,CUST-00647,2023-05-05,West,Consumer,106.59,14.98,1
ORD-2028738,CUST-00695,2025-01-09,East,Corporate,14783.23,3984.08,1
ORD-2028739,CUST-00196,2024-11-05,East,Consumer,6592.79,969.04,3
ORD-2028740,CUST-00491,2024-07-22,South,Consumer,488.85,105.95,1
ORD-2028741,CUST-00133,2023-05-29,East,Consumer,14354.689999999999,2775.69,2
ORD-2028742,CUST-00770,2025-09-09,West,Consumer,11030.96,3198.99,1
ORD-2028743,CUST-00208,2025-03-07,South,Consumer,112.72,40.86,1
ORD-2028744,CUST-00596,2024-12-11,South,Consumer,4701.96,1177.74,1
ORD-2028745,CUST-00190,2023-11-20,West,Consumer,79.5,20.73,1
ORD-2028746,CUST-00505,2025-01-31,West,Home Office,3951.18,1031.95,1
ORD-2028747,CUST-00536,2025-07-27,East,Consumer,5224.09,1134.65,2
ORD-2028748,CUST-00270,2024-10-12,Central,Consumer,11816.97,3801.33,1
ORD-2028749,CUST-00660,2025-08-25,West,Corporate,621.0,174.04,1
ORD-2028750,CUST-00710,2023-11-25,West,Consumer,1344.38,419.89,1
ORD-2028751,CUST-00691,2025-09-05,South,Consumer,9287.77,594.9100000000001,2
ORD-2028752,CUST-00271,2024-11-11,West,Consumer,520.41,212.4,1
ORD-2028753,CUST-00607,2023-10-22,West,Home Office,2194.25,-66.77,1
ORD-2028754,CUST-00462,2024-03-10,East,Corporate,742.51,248.22,1
ORD-2028755,CUST-00491,2025-06-06,South,Consumer,879.93,280.3,1
ORD-2028756,CUST-00398,2023-06-29,East,Consumer,1249.1,404.82,3
ORD-2028757,CUST-00495,2024-06-21,West,Corporate,3951.18,786.85,1
ORD-2028758,CUST-00108,2025-11-05,Central,Corporate,988.02,180.07,1
ORD-2028759,CUST-00337,2024-03-06,South,Consumer,2605.18,-1252.34,1
ORD-2028760,CUST-00148,2024-07-09,East,Consumer,109.17,24.3,1
ORD-2028761,CUST-00228,2025-08-30,Central,Consumer,46.78,-5.83,1
ORD-2028762,CUST-00104,2025-10-30,East,Consumer,594.66,239.58,1
ORD-2028763,CUST-00179,2025-11-08,South,Home Office,1075.05,717.61,2
ORD-2028764,CUST-00634,2023-11-02,West,Home Office,4138.5,708.82,2
ORD-2028765,CUST-00454,2023-11-18,East,Home Office,579.96,35.26,1
ORD-2028766,CUST-00022,2023-10-30,West,Consumer,2958.94,76.39000000000004,2
ORD-2028767,CUST-00639,2024-12-26,South,Consumer,6884.41,2205.54,2
ORD-2028768,CUST-00729,2025-06-22,West,Corporate,1474.4,414.86,1
ORD-2028769,CUST-00706,2025-05-18,Central,Corporate,1138.2,-304.02,1
ORD-2028770,CUST-00663,2024-07-07,East,Consumer,1826.26,74.96,1
ORD-2028771,CUST-00795,2025-10-09,West,Home Office,1518.56,302.17,2
ORD-2028772,CUST-00486,2024-09-05,East,Consumer,4177.9,791.47,1
ORD-2028773,CUST-00772,2024-07-01,South,Corporate,464.84,159.84,1
ORD-2028774,CUST-00766,2025-02-09,South,Home Office,9448.88,3251.55,1
ORD-2028775,CUST-00258,2023-10-18,East,Consumer,9361.130000000001,2452.72,2
ORD-2028776,CUST-00694,2024-03-24,South,Consumer,425.79,64.79,1
ORD-2028777,CUST-00643,2025-09-08,South,Corporate,5791.25,-865.9,1
ORD-2028778,CUST-00627,2025-07-19,West,Home Office,319.96,130.26,1
ORD-2028779,CUST-00718,2024-02-12,West,Corporate,708.94,112.36,1
ORD-2028780,CUST-00313,2025-07-15,East,Corporate,160.96,40.25,1
ORD-2028781,CUST-00330,2024-12-14,Central,Consumer,3200.4,374.75,1
ORD-2028782,CUST-00525,2024-02-05,West,Consumer,943.68,223.0,1
ORD-2028783,CUST-00601,2025-02-15,Central,Consumer,884.64,290.61,1
ORD-2028784,CUST-00705,2023-10-21,East,Consumer,483.0,134.34,1
ORD-2028785,CUST-00703,2024-11-12,East,Corporate,5982.32,2159.34,2
ORD-2028786,CUST-00592,2025-11-06,South,Corporate,2840.97,599.03,1
ORD-2028787,CUST-00769,2025-10-17,East,Corporate,837.55,205.36,1
ORD-2028788,CUST-00148,2024-12-19,East,Consumer,10278.64,4497.67,1
ORD-2028789,CUST-00766,2023-06-15,South,Home Office,14.84,2.83,1
ORD-2028790,CUST-00055,2024-03-31,West,Consumer,231.0,37.49,1
ORD-2028791,CUST-00459,2024-06-04,South,Consumer,12026.31,706.15,1
ORD-2028792,CUST-00071,2025-01-26,South,Consumer,3336.84,1049.91,2
ORD-2028793,CUST-00470,2025-03-16,South,Consumer,9379.64,1048.6,3
ORD-2028794,CUST-00320,2023-10-06,South,Home Office,118.42,22.4,1
ORD-2028795,CUST-00066,2024-12-21,West,Corporate,2812.95,795.06,1
ORD-2028796,CUST-00529,2025-05-28,South,Corporate,2678.6099999999997,548.48,2
ORD-2028797,CUST-00599,2024-07-11,Central,Home Office,856.5,324.66,1
ORD-2028798,CUST-00144,2025-01-15,West,Home Office,72.17,24.76,1
ORD-2028799,CUST-00570,2025-03-17,Central,Consumer,918.62,191.41,1
ORD-2028800,CUST-00148,2023-08-04,East,Consumer,6894.35,2184.89,1
ORD-2028801,CUST-00109,2023-11-18,West,Consumer,1603.67,168.8,2
ORD-2028802,CUST-00123,2023-04-13,Central,Consumer,668.6,223.57,1
ORD-2028803,CUST-00494,2025-08-02,Central,Consumer,7667.43,2528.8199999999997,2
ORD-2028804,CUST-00632,2024-09-01,West,Corporate,207.34,2.08,2
ORD-2028805,CUST-00492,2025-10-30,South,Home Office,107.1,17.95,1
ORD-2028806,CUST-00653,2023-12-06,East,Consumer,231.26,56.47,1
ORD-2028807,CUST-00490,2024-05-13,Central,Corporate,6684.64,1536.79,1
ORD-2028808,CUST-00646,2024-11-07,West,Consumer,326.89,84.07,1
ORD-2028809,CUST-00787,2024-08-29,East,Consumer,3838.15,452.355,2
ORD-2028810,CUST-00320,2024-10-02,South,Home Office,878.24,247.93,1
ORD-2028811,CUST-00127,2024-08-15,East,Home Office,1389.28,128.14,1
ORD-2028812,CUST-00108,2024-01-17,Central,Corporate,1074.3700000000001,307.08000000000004,2
ORD-2028813,CUST-00494,2025-08-27,Central,Consumer,10871.84,706.15,1
ORD-2028814,CUST-00452,2023-06-26,South,Consumer,2194.25,-199.77,1
ORD-2028815,CUST-00151,2025-02-20,South,Consumer,254.07999999999998,51.22,2
ORD-2028816,CUST-00707,2025-03-26,East,Consumer,4089.35,704.1700000000001,2
ORD-2028817,CUST-00769,2024-12-27,East,Corporate,5940.08,1259.39,1
ORD-2028818,CUST-00209,2024-08-13,West,Corporate,8504.119999999999,1220.27,2
ORD-2028819,CUST-00174,2024-04-05,Central,Corporate,1778.0,150.57,1
ORD-2028820,CUST-00180,2023-02-27,Central,Consumer,1262.02,27.2,1
ORD-2028821,CUST-00318,2025-05-02,Central,Consumer,275.2,56.9,1
ORD-2028822,CUST-00690,2025-06-18,South,Consumer,349.38,100.27,1
ORD-2028823,CUST-00491,2023-12-10,South,Consumer,9668.43,2047.14,1
ORD-2028824,CUST-00057,2025-02-08,Central,Home Office,261.97,-11.03,1
ORD-2028825,CUST-00396,2025-06-29,South,Consumer,162.58,59.51,1
ORD-2028826,CUST-00071,2023-10-01,South,Consumer,607.31,109.16,1
ORD-2028827,CUST-00335,2023-11-19,West,Consumer,4019.98,1212.8300000000002,2
ORD-2028828,CUST-00333,2025-11-18,West,Consumer,844.9399999999999,241.18,2
ORD-2028829,CUST-00530,2025-09-28,South,Corporate,2986.05,572.62,1
ORD-2028830,CUST-00453,2024-09-05,West,Home Office,6373.9400000000005,1949.26,2
ORD-2028831,CUST-00701,2025-11-07,Central,Consumer,2358.9300000000003,953.29,2
ORD-2028832,CUST-00014,2025-08-11,South,Home Office,2942.01,681.63,1
ORD-2028833,CUST-00625,2024-09-12,Central,Corporate,15.26,3.94,1
ORD-2028834,CUST-00021,2025-05-09,Central,Corporate,10461.28,2722.2400000000002,2
ORD-2028835,CUST-00253,2024-06-06,East,Corporate,1759.78,595.92,1
ORD-2028836,CUST-00705,2024-10-17,East,Consumer,168.0,72.88,1
ORD-2028837,CUST-00565,2023-12-16,South,Home Office,8049.6,1795.88,2
ORD-2028838,CUST-00144,2023-11-14,West,Home Office,10216.92,4265.23,2
ORD-2028839,CUST-00410,2024-07-28,East,Home Office,2627.71,465.5,3
ORD-2028840,CUST-00592,2025-09-06,South,Corporate,4457.44,1901.6200000000001,3
ORD-2028841,CUST-00757,2025-04-07,Central,Consumer,13325.04,3828.62,1
ORD-2028842,CUST-00519,2024-08-11,West,Consumer,11720.39,2323.93,1
ORD-2028843,CUST-00024,2024-07-31,South,Consumer,2376.03,666.95,1
ORD-2028844,CUST-00413,2023-07-21,West,Home Office,135.27,60.02,1
ORD-2028845,CUST-00132,2025-03-17,Central,Corporate,17.45,0.21,1
ORD-2028846,CUST-00044,2025-08-20,West,Consumer,1946.3200000000002,360.49,2
ORD-2028847,CUST-00494,2024-10-10,Central,Consumer,5446.56,1908.01,1
ORD-2028848,CUST-00628,2025-03-02,West,Consumer,473.72,151.79,1
ORD-2028849,CUST-00036,2024-08-27,East,Consumer,4441.01,1397.01,1
ORD-2028850,CUST-00635,2024-12-25,East,Consumer,988.02,427.21,1
ORD-2028851,CUST-00577,2024-01-26,South,Consumer,7488.6,1854.8,1
ORD-2028852,CUST-00613,2024-11-17,South,Consumer,7873.82,2409.69,2
ORD-2028853,CUST-00202,2024-08-19,South,Corporate,2055.04,619.83,1
ORD-2028854,CUST-00325,2025-05-17,South,Consumer,355.29,-1.38,1
ORD-2028855,CUST-00099,2024-06-01,Central,Consumer,833.57,160.05,1
ORD-2028856,CUST-00197,2023-06-02,West,Corporate,7248.41,801.05,2
ORD-2028857,CUST-00252,2024-04-26,West,Home Office,2306.5,681.31,1
ORD-2028858,CUST-00262,2025-03-30,East,Home Office,44.34,16.04,1
ORD-2028859,CUST-00146,2024-02-14,South,Consumer,33.43,-14.47,1
ORD-2028860,CUST-00155,2024-08-20,West,Consumer,1897.0,664.68,1
ORD-2028861,CUST-00722,2025-04-03,South,Consumer,2400.3,156.82,1
ORD-2028862,CUST-00635,2025-07-30,East,Consumer,947.34,417.63,1
ORD-2028863,CUST-00281,2025-03-07,West,Consumer,5264.15,1092.27,1
ORD-2028864,CUST-00764,2023-12-05,South,Consumer,1296.81,306.72,1
ORD-2028865,CUST-00197,2025-06-13,West,Corporate,732.33,120.57,1
ORD-2028866,CUST-00336,2024-08-22,South,Corporate,4031.79,1610.25,1
ORD-2028867,CUST-00655,2025-03-22,Central,Consumer,851.5999999999999,119.03,2
ORD-2028868,CUST-00366,2024-11-10,Central,Consumer,1887.36,791.03,1
ORD-2028869,CUST-00193,2023-12-05,Central,Consumer,4428.0,1851.71,2
ORD-2028870,CUST-00301,2025-03-21,West,Consumer,15.26,3.25,1
ORD-2028871,CUST-00414,2024-03-04,East,Corporate,60.65,12.24,1
ORD-2028872,CUST-00507,2025-12-05,Central,Consumer,395.4,-36.87,1
ORD-2028873,CUST-00335,2025-05-29,West,Consumer,1198.53,403.51,2
ORD-2028874,CUST-00359,2025-04-01,East,Consumer,7520.22,2944.38,1
ORD-2028875,CUST-00215,2024-07-05,Central,Consumer,726.21,197.37,1
ORD-2028876,CUST-00441,2024-09-20,South,Consumer,1545.78,308.51,2
ORD-2028877,CUST-00182,2025-02-18,East,Consumer,1537.8,191.54000000000002,2
ORD-2028878,CUST-00697,2025-11-11,Central,Consumer,110.86,37.09,1
ORD-2028879,CUST-00611,2025-11-23,South,Corporate,2123.28,801.94,1
ORD-2028880,CUST-00338,2024-11-15,West,Consumer,2513.89,714.0,2
ORD-2028881,CUST-00610,2025-10-01,South,Consumer,4000.5,1103.35,1
ORD-2028882,CUST-00003,2025-08-04,Central,Corporate,1097.8,189.64,1
ORD-2028883,CUST-00281,2023-10-27,West,Consumer,1584.99,685.62,1
ORD-2028884,CUST-00364,2025-02-19,South,Consumer,560.23,21.31,1
ORD-2028885,CUST-00392,2024-10-25,East,Consumer,984.24,397.56,1
ORD-2028886,CUST-00611,2023-05-08,South,Corporate,841.8,194.05,1
ORD-2028887,CUST-00772,2024-12-09,South,Corporate,225.83,73.51,1
ORD-2028888,CUST-00311,2025-02-24,Central,Home Office,851.3299999999999,313.18,2
ORD-2028889,CUST-00287,2024-05-31,East,Consumer,5922.24,706.15,1
ORD-2028890,CUST-00503,2024-10-07,South,Consumer,17.17,1.91,1
ORD-2028891,CUST-00230,2024-07-22,East,Corporate,621.0,107.48,1
ORD-2028892,CUST-00114,2025-06-17,West,Consumer,12848.3,2856.86,1
ORD-2028893,CUST-00772,2024-12-19,South,Corporate,574.83,194.38000000000002,2
ORD-2028894,CUST-00653,2025-01-22,East,Consumer,3414.6,1295.41,1
ORD-2028895,CUST-00770,2024-04-15,West,Consumer,1756.08,115.3,1
ORD-2028896,CUST-00181,2024-12-14,South,Consumer,2262.08,-244.73,2
ORD-2028897,CUST-00015,2025-03-10,Central,Consumer,6527.04,2039.04,3
ORD-2028898,CUST-00361,2024-09-13,South,Corporate,2677.85,441.48,2
ORD-2028899,CUST-00755,2024-06-05,Central,Consumer,164.91,-13.77,1
ORD-2028900,CUST-00111,2025-01-16,West,Consumer,9270.03,2732.72,2
ORD-2028901,CUST-00095,2025-03-23,South,Corporate,8386.54,19.52,1
ORD-2028902,CUST-00057,2025-04-06,Central,Home Office,3425.67,996.8399999999999,3
ORD-2028903,CUST-00621,2024-05-18,West,Home Office,13589.8,5219.21,1
ORD-2028904,CUST-00638,2025-05-11,West,Consumer,5322.110000000001,-76.49000000000001,2
ORD-2028905,CUST-00570,2025-08-21,Central,Consumer,103.1,16.48,1
ORD-2028906,CUST-00046,2024-12-26,South,Corporate,2798.44,773.7,3
ORD-2028907,CUST-00592,2025-06-23,South,Corporate,889.22,99.35,1
ORD-2028908,CUST-00373,2025-01-16,West,Corporate,984.24,384.98,1
ORD-2028909,CUST-00134,2024-12-16,Central,Corporate,21346.17,7716.05,3
ORD-2028910,CUST-00241,2025-02-21,East,Corporate,1305.5900000000001,291.02,2
ORD-2028911,CUST-00415,2023-06-04,East,Consumer,355.26,133.08,1
ORD-2028912,CUST-00270,2023-08-23,Central,Consumer,174.5,45.66,1
ORD-2028913,CUST-00778,2024-06-30,East,Consumer,889.26,293.33,1
ORD-2028914,CUST-00396,2024-02-21,South,Consumer,1240.65,249.95000000000002,2
ORD-2028915,CUST-00304,2025-06-04,South,Home Office,864.54,349.11,1
ORD-2028916,CUST-00551,2025-02-13,South,Consumer,120.09,45.35,1
ORD-2028917,CUST-00531,2024-08-14,Central,Consumer,614.63,-73.96,1
ORD-2028918,CUST-00002,2025-10-04,South,Home Office,3892.65,1199.17,1
ORD-2028919,CUST-00507,2025-03-22,Central,Consumer,1082.66,-34.29,1
ORD-2028920,CUST-00202,2024-09-18,South,Corporate,5633.84,2357.11,2
ORD-2028921,CUST-00308,2024-12-25,Central,Corporate,2146.59,708.4,1
ORD-2028922,CUST-00577,2023-10-21,South,Consumer,2347.03,531.69,3
ORD-2028923,CUST-00461,2025-07-10,Central,Corporate,296.55,17.41,1
ORD-2028924,CUST-00301,2024-07-14,West,Consumer,7439.25,2372.89,2
ORD-2028925,CUST-00141,2025-05-21,South,Home Office,244.41,60.19,1
ORD-2028926,CUST-00420,2024-10-21,Central,Consumer,586.62,107.76,1
ORD-2028927,CUST-00262,2025-01-02,East,Home Office,112.97,1.4,1
ORD-2028928,CUST-00732,2024-12-01,West,Consumer,13843.220000000001,3453.21,2
ORD-2028929,CUST-00440,2023-04-21,West,Consumer,576.36,-118.86,1
ORD-2028930,CUST-00695,2023-09-28,East,Corporate,1318.0,302.55,1
ORD-2028931,CUST-00320,2024-12-28,South,Home Office,552.0,134.57,1
ORD-2028932,CUST-00667,2025-03-02,Central,Consumer,11007.14,3134.21,3
ORD-2028933,CUST-00051,2023-09-09,South,Consumer,10781.6,3368.54,1
ORD-2028934,CUST-00246,2025-05-09,East,Home Office,1184.2,218.17,1
ORD-2028935,CUST-00065,2024-05-19,West,Corporate,81.47,21.93,1
ORD-2028936,CUST-00031,2025-08-26,West,Home Office,4736.73,1462.29,2
ORD-2028937,CUST-00740,2024-03-11,South,Corporate,800.97,122.27,1
ORD-2028938,CUST-00586,2025-02-06,South,Home Office,2254.23,896.85,3
ORD-2028939,CUST-00509,2023-12-31,West,Consumer,1032.89,278.87,2
ORD-2028940,CUST-00439,2023-12-24,East,Consumer,700.51,126.77,2
ORD-2028941,CUST-00472,2024-10-27,South,Consumer,5922.21,226.11,2
ORD-2028942,CUST-00524,2025-10-26,South,Consumer,466.86,45.66,1
ORD-2028943,CUST-00666,2024-08-20,Central,Home Office,355.29,-79.38,1
ORD-2028944,CUST-00492,2025-05-10,South,Home Office,1622.22,276.09,2
ORD-2028945,CUST-00611,2024-11-08,South,Corporate,77.64,13.04,1
ORD-2028946,CUST-00230,2025-03-17,East,Corporate,5940.08,348.1,1
ORD-2028947,CUST-00787,2023-09-20,East,Consumer,1968.42,116.93,1
ORD-2028948,CUST-00031,2023-03-18,West,Home Office,11015.06,1765.3000000000002,3
ORD-2028949,CUST-00318,2025-09-11,Central,Consumer,1075.47,286.45,1
ORD-2028950,CUST-00707,2023-10-13,East,Consumer,3224.93,923.57,1
ORD-2028951,CUST-00148,2025-04-15,East,Consumer,3754.35,882.37,2
ORD-2028952,CUST-00114,2025-03-29,West,Consumer,3367.2,1399.81,1
ORD-2028953,CUST-00301,2024-11-11,West,Consumer,1435.95,558.55,1
ORD-2028954,CUST-00356,2023-11-27,South,Consumer,9349.65,2067.91,2
ORD-2028955,CUST-00754,2025-01-02,South,Consumer,5465.79,994.06,1
ORD-2028956,CUST-00675,2024-06-15,Central,Home Office,947.36,157.87,1
ORD-2028957,CUST-00387,2023-12-25,East,Corporate,329.6,26.17,2
ORD-2028958,CUST-00783,2024-12-20,East,Consumer,5849.06,2176.67,1
ORD-2028959,CUST-00527,2025-03-24,South,Consumer,319.03,17.33,1
ORD-2028960,CUST-00701,2025-05-21,Central,Consumer,1284.83,352.19,1
ORD-2028961,CUST-00202,2024-02-09,South,Corporate,5381.389999999999,-2299.23,3
ORD-2028962,CUST-00408,2024-11-07,East,Consumer,338.98,81.3,1
ORD-2028963,CUST-00028,2024-05-21,South,Corporate,632.46,245.45,1
ORD-2028964,CUST-00005,2024-11-15,West,Home Office,1607.4,379.03,1
ORD-2028965,CUST-00576,2024-12-31,West,Corporate,8693.09,1173.23,1
ORD-2028966,CUST-00096,2025-05-13,West,Consumer,442.91,151.9,1
ORD-2028967,CUST-00452,2024-11-27,South,Consumer,3295.0,1320.28,1
ORD-2028968,CUST-00570,2024-03-31,Central,Consumer,225.83,50.8,1
ORD-2028969,CUST-00032,2025-07-29,East,Corporate,6766.43,334.635,1
ORD-2028970,CUST-00373,2024-11-16,West,Corporate,4246.64,-583.99,1
ORD-2028971,CUST-00560,2024-10-12,South,Consumer,3700.01,1066.82,2
ORD-2028972,CUST-00711,2025-04-30,Central,Consumer,548.9,209.87,1
ORD-2028973,CUST-00248,2023-03-14,West,Consumer,7520.22,2897.7,1
ORD-2028974,CUST-00784,2025-05-10,East,Consumer,21.0,7.23,1
ORD-2028975,CUST-00681,2024-05-08,Central,Consumer,468.02,118.55,1
ORD-2028976,CUST-00531,2023-07-11,Central,Consumer,3616.65,720.15,1
ORD-2028977,CUST-00322,2023-10-10,East,Consumer,9316.75,1737.1,2
ORD-2028978,CUST-00580,2025-06-17,East,Consumer,939.93,110.27,3
ORD-2028979,CUST-00657,2025-09-10,South,Home Office,7014.1900000000005,2568.65,2
ORD-2028980,CUST-00252,2025-02-07,West,Home Office,425.79,112.99,1
ORD-2028981,CUST-00795,2023-02-14,West,Home Office,4251.17,1318.23,1
ORD-2028982,CUST-00727,2025-03-13,Central,Consumer,185.5,35.53,1
ORD-2028983,CUST-00405,2025-06-06,West,Consumer,548.9,114.01,1
ORD-2028984,CUST-00592,2025-03-08,South,Corporate,7925.900000000001,192.8,2
ORD-2028985,CUST-00433,2025-11-19,South,Consumer,1316.15,584.51,1
ORD-2028986,CUST-00620,2024-11-11,East,Consumer,138.0,-87.52,1
ORD-2028987,CUST-00667,2024-06-05,Central,Consumer,6673.29,1069.12,1
ORD-2028988,CUST-00021,2024-11-11,Central,Corporate,3929.92,1138.57,2
ORD-2028989,CUST-00066,2025-11-03,West,Corporate,30.8,-9.76,1
ORD-2028990,CUST-00274,2024-12-19,South,Corporate,1474.4,231.1,1
ORD-2028991,CUST-00739,2025-10-07,Central,Consumer,4441.68,1143.22,1
ORD-2028992,CUST-00327,2023-10-02,East,Consumer,1326.96,416.28,1
ORD-2028993,CUST-00711,2023-06-20,Central,Consumer,4848.1,720.16,2
ORD-2028994,CUST-00387,2024-03-06,East,Corporate,6577.68,5481.35,2
ORD-2028995,CUST-00235,2025-01-18,West,Consumer,5222.54,971.6999999999999,3
ORD-2028996,CUST-00721,2025-11-02,East,Corporate,2429.24,968.76,1
ORD-2028997,CUST-00463,2025-12-06,Central,Corporate,3235.54,221.19,1
ORD-2028998,CUST-00295,2024-10-30,Central,Home Office,42.0,12.43,1
ORD-2028999,CUST-00042,2023-11-26,South,Consumer,6151.3,1383.94,1
ORD-2029000,CUST-00090,2025-12-13,South,Corporate,736.6500000000001,295.21000000000004,2
ORD-2029001,CUST-00112,2023-12-16,South,Corporate,6107.58,1637.52,2
ORD-2029002,CUST-00300,2023-03-08,East,Consumer,3619.75,-666.62,2
ORD-2029003,CUST-00500,2025-09-18,West,Consumer,2223.15,734.84,1
ORD-2029004,CUST-00255,2025-04-09,Central,Home Office,2844.49,982.1700000000001,2
ORD-2029005,CUST-00056,2024-10-03,East,Consumer,81.47,16.21,1
ORD-2029006,CUST-00216,2025-08-09,West,Corporate,8146.65,2648.33,3
ORD-2029007,CUST-00337,2023-06-04,South,Consumer,5552.96,1739.98,2
ORD-2029008,CUST-00795,2024-06-19,West,Home Office,5531.13,1820.0700000000002,2
ORD-2029009,CUST-00324,2023-03-31,South,Home Office,3892.65,1286.51,1
ORD-2029010,CUST-00071,2024-12-02,South,Consumer,492.12,106.46,1
ORD-2029011,CUST-00481,2025-05-06,West,Consumer,770.64,320.54,1
ORD-2029012,CUST-00740,2025-05-24,South,Corporate,2687.86,493.54,1
ORD-2029013,CUST-00639,2024-03-14,South,Consumer,355.29,79.38,1
ORD-2029014,CUST-00675,2025-08-08,Central,Home Office,9239.9,3346.2400000000002,2
ORD-2029015,CUST-00749,2024-06-17,West,Consumer,294.88,88.71,1
ORD-2029016,CUST-00523,2024-11-12,East,Corporate,6906.56,-1007.51,1
ORD-2029017,CUST-00796,2025-08-04,West,Consumer,1271.16,437.62,1
ORD-2029018,CUST-00033,2024-12-30,East,Corporate,5359.2300000000005,1405.09,2
ORD-2029019,CUST-00674,2024-03-04,East,Home Office,546.91,33.77,1
ORD-2029020,CUST-00691,2025-07-09,South,Consumer,2106.3,344.52,1
ORD-2029021,CUST-00738,2025-08-18,West,Consumer,8687.630000000001,2113.62,2
ORD-2029022,CUST-00399,2024-12-26,West,Corporate,4682.179999999999,917.01,3
ORD-2029023,CUST-00639,2024-08-25,South,Consumer,5657.34,-295.06,2
ORD-2029024,CUST-00162,2025-12-07,Central,Consumer,1159.51,180.31,1
ORD-2029025,CUST-00497,2025-05-20,East,Consumer,461.0,145.82999999999998,2
ORD-2029026,CUST-00293,2024-12-29,South,Consumer,1326.96,515.89,1
ORD-2029027,CUST-00492,2024-04-30,South,Home Office,6318.9,1730.67,1
ORD-2029028,CUST-00553,2025-01-12,South,Consumer,403.45,136.75,1
ORD-2029029,CUST-00284,2024-01-24,West,Consumer,422.62,79.0,2
ORD-2029030,CUST-00180,2025-02-08,Central,Consumer,197.1,52.39,1
ORD-2029031,CUST-00263,2025-05-31,West,Consumer,1627.06,259.28,2
ORD-2029032,CUST-00542,2025-06-08,East,Corporate,1348.14,356.99,1
ORD-2029033,CUST-00554,2024-11-25,West,Consumer,1078.16,316.38,1
ORD-2029034,CUST-00604,2025-04-28,East,Consumer,3159.09,504.9,1
ORD-2029035,CUST-00104,2025-09-06,East,Consumer,282.42,70.74,1
ORD-2029036,CUST-00660,2025-06-22,West,Corporate,6021.57,1833.22,2
ORD-2029037,CUST-00563,2024-08-20,West,Consumer,12148.56,4946.07,1
ORD-2029038,CUST-00029,2024-02-15,Central,Consumer,748.48,233.46,1
ORD-2029039,CUST-00274,2024-11-29,South,Corporate,5719.59,1710.88,2
ORD-2029040,CUST-00389,2023-12-28,South,Corporate,674.07,186.33,1
ORD-2029041,CUST-00295,2024-04-08,Central,Home Office,1511.74,78.35,1
ORD-2029042,CUST-00095,2025-07-13,South,Corporate,19.08,3.16,1
ORD-2029043,CUST-00175,2024-12-03,Central,Home Office,80.48,22.71,1
ORD-2029044,CUST-00024,2025-04-02,South,Consumer,1361.64,385.19,1
ORD-2029045,CUST-00074,2024-11-16,East,Consumer,1614.41,415.90999999999997,2
ORD-2029046,CUST-00218,2025-05-05,East,Consumer,2667.0,940.58,1
ORD-2029047,CUST-00661,2024-01-11,East,Home Office,4136.61,1364.63,1
ORD-2029048,CUST-00436,2023-12-19,East,Corporate,9288.48,2690.71,2
ORD-2029049,CUST-00352,2025-06-06,East,Consumer,392.95,36.28,1
ORD-2029050,CUST-00540,2024-07-04,East,Consumer,597.5799999999999,147.9,2
ORD-2029051,CUST-00446,2025-07-01,Central,Home Office,13164.06,3769.73,2
ORD-2029052,CUST-00106,2024-10-22,South,Corporate,15088.97,6529.48,2
ORD-2029053,CUST-00183,2023-08-15,West,Consumer,523.68,217.49,2
ORD-2029054,CUST-00183,2024-06-13,West,Consumer,428.25,90.48,1
ORD-2029055,CUST-00495,2025-03-31,West,Corporate,11867.689999999999,3096.27,3
ORD-2029056,CUST-00386,2024-01-25,East,Consumer,4022.79,611.44,1
ORD-2029057,CUST-00318,2025-08-27,Central,Consumer,333.93,61.87,2
ORD-2029058,CUST-00461,2023-08-15,Central,Corporate,8387.23,-366.36,1
ORD-2029059,CUST-00778,2024-12-02,East,Consumer,3315.69,986.75,1
ORD-2029060,CUST-00258,2024-07-27,East,Consumer,4236.96,1129.85,2
ORD-2029061,CUST-00431,2025-04-22,East,Corporate,770.85,125.55,1
ORD-2029062,CUST-00402,2025-05-12,South,Consumer,636.5,126.47,2
ORD-2029063,CUST-00586,2025-08-07,South,Home Office,109.85,25.76,1
ORD-2029064,CUST-00599,2025-04-10,Central,Home Office,5075.44,2045.83,1
ORD-2029065,CUST-00598,2023-11-14,South,Consumer,365.82,115.17999999999999,2
ORD-2029066,CUST-00167,2024-04-04,West,Corporate,11521.87,3625.65,2
ORD-2029067,CUST-00374,2024-07-23,West,Corporate,11693.36,3203.14,2
ORD-2029068,CUST-00653,2025-06-22,East,Consumer,9652.09,1475.8,1
ORD-2029069,CUST-00311,2023-02-06,Central,Home Office,753.8,-75.05,1
ORD-2029070,CUST-00791,2025-06-06,East,Consumer,1680.48,411.82,1
ORD-2029071,CUST-00300,2024-12-10,East,Consumer,8273.22,2353.74,1
ORD-2029072,CUST-00412,2025-07-02,East,Consumer,10271.689999999999,3196.51,2
ORD-2029073,CUST-00396,2024-12-28,South,Consumer,80.69,34.43,1
ORD-2029074,CUST-00359,2024-11-14,East,Consumer,118.55000000000001,36.47,2
ORD-2029075,CUST-00682,2024-03-10,East,Home Office,6586.22,1645.6899999999998,2
ORD-2029076,CUST-00133,2024-07-11,East,Consumer,82.12,13.18,1
ORD-2029077,CUST-00470,2023-12-17,South,Consumer,9668.43,2503.5,1
ORD-2029078,CUST-00507,2023-12-19,Central,Consumer,2812.95,677.68,1
ORD-2029079,CUST-00688,2023-08-18,Central,Corporate,1782.94,523.9300000000001,2
ORD-2029080,CUST-00502,2023-10-28,Central,Consumer,12095.37,2997.69,1
ORD-2029081,CUST-00770,2025-05-02,West,Consumer,2245.45,513.99,3
ORD-2029082,CUST-00700,2024-05-14,East,Consumer,14.42,45.66,1
ORD-2029083,CUST-00287,2024-05-22,East,Consumer,10798.72,617.66,1
ORD-2029084,CUST-00693,2024-12-02,South,Consumer,1792.51,102.0,1
ORD-2029085,CUST-00770,2025-01-27,West,Consumer,280.08,111.52,1
ORD-2029086,CUST-00211,2025-08-26,West,Corporate,2765.13,833.55,2
ORD-2029087,CUST-00503,2025-01-26,South,Consumer,861.18,101.72,1
ORD-2029088,CUST-00230,2024-11-16,East,Corporate,82.12,13.02,1
ORD-2029089,CUST-00530,2024-10-19,South,Corporate,16212.7,6039.33,2
ORD-2029090,CUST-00074,2024-12-29,East,Consumer,988.02,196.64,1
ORD-2029091,CUST-00600,2025-08-04,Central,Consumer,607.01,189.2,2
ORD-2029092,CUST-00348,2024-07-04,South,Consumer,3762.42,769.19,1
ORD-2029093,CUST-00487,2023-08-25,West,Consumer,1685.46,478.83000000000004,2
ORD-2029094,CUST-00026,2025-01-20,Central,Corporate,48.52,9.82,1
ORD-2029095,CUST-00570,2024-11-17,Central,Consumer,3512.16,539.3,1
ORD-2029096,CUST-00412,2024-06-11,East,Consumer,2240.6,23.15,1
ORD-2029097,CUST-00509,2024-01-10,West,Consumer,3402.14,774.45,2
ORD-2029098,CUST-00260,2025-02-27,Central,Consumer,0.0,146.84,1
ORD-2029099,CUST-00120,2025-08-03,East,Corporate,280.12,85.89,1
ORD-2029100,CUST-00361,2024-12-17,South,Corporate,6934.849999999999,670.3499999999999,2
ORD-2029101,CUST-00761,2024-11-23,East,Consumer,28.18,8.53,1
ORD-2029102,CUST-00187,2025-05-05,East,Consumer,10099.849999999999,619.58,2
ORD-2029103,CUST-00553,2025-10-01,South,Consumer,101.7,34.32,1
ORD-2029104,CUST-00045,2025-06-30,East,Consumer,247.68,45.18,1
ORD-2029105,CUST-00589,2023-09-26,South,Consumer,10962.8,4045.44,1
ORD-2029106,CUST-00196,2025-01-30,East,Consumer,5931.0,1682.57,2
ORD-2029107,CUST-00377,2023-11-02,Central,Corporate,400.96,47.75,1
ORD-2029108,CUST-00301,2024-06-25,West,Consumer,1386.65,441.24,2
ORD-2029109,CUST-00092,2023-02-27,South,Corporate,974.07,372.0,2
ORD-2029110,CUST-00282,2023-12-06,West,Consumer,1311.05,305.53000000000003,2
ORD-2029111,CUST-00287,2024-11-22,East,Consumer,9664.619999999999,1966.53,3
ORD-2029112,CUST-00432,2025-07-17,Central,Corporate,724.55,-24.11,1
ORD-2029113,CUST-00783,2024-04-06,East,Consumer,7366.9400000000005,3036.37,2
ORD-2029114,CUST-00392,2025-08-18,East,Consumer,7527.290000000001,1982.86,2
ORD-2029115,CUST-00734,2024-11-14,South,Corporate,2934.03,517.64,1
ORD-2029116,CUST-00386,2024-12-22,East,Consumer,1940.69,223.96,1
ORD-2029117,CUST-00087,2024-09-01,East,Consumer,878.04,151.55,1
ORD-2029118,CUST-00189,2024-07-30,East,Consumer,367.43,90.83,1
ORD-2029119,CUST-00336,2025-10-30,South,Corporate,10265.3,2340.33,1
ORD-2029120,CUST-00267,2024-05-25,West,Corporate,2294.53,559.38,3
ORD-2029121,CUST-00695,2025-03-12,East,Corporate,2961.12,530.37,1
ORD-2029122,CUST-00554,2023-12-10,West,Consumer,1203.74,174.26999999999998,2
ORD-2029123,CUST-00480,2024-01-24,East,Corporate,110.08,-1.41,1
ORD-2029124,CUST-00410,2025-06-16,East,Home Office,4765.74,1299.91,1
ORD-2029125,CUST-00326,2025-01-14,East,Consumer,5008.51,1311.67,2
ORD-2029126,CUST-00503,2025-10-26,South,Consumer,8312.85,2079.6800000000003,2
ORD-2029127,CUST-00103,2024-12-24,South,Home Office,15410.54,3892.53,2
ORD-2029128,CUST-00138,2025-09-08,East,Consumer,4212.6,721.98,1
ORD-2029129,CUST-00252,2025-04-26,West,Home Office,2898.2999999999997,823.6899999999999,2
ORD-2029130,CUST-00143,2024-04-08,West,Corporate,2018.48,343.14,3
ORD-2029131,CUST-00554,2023-06-29,West,Consumer,4800.639999999999,1231.37,2
ORD-2029132,CUST-00025,2025-04-14,South,Corporate,284.2,-89.18,1
ORD-2029133,CUST-00135,2025-02-27,South,Consumer,914.9499999999999,18.009999999999998,2
ORD-2029134,CUST-00722,2025-07-20,South,Consumer,3712.55,1016.99,1
ORD-2029135,CUST-00799,2024-06-30,West,Consumer,4136.61,971.09,1
ORD-2029136,CUST-00406,2023-10-08,Central,Consumer,12360.09,2362.44,2
ORD-2029137,CUST-00412,2024-04-21,East,Consumer,5446.56,2206.97,1
ORD-2029138,CUST-00624,2025-05-19,West,Consumer,63.25,-17.1,1
ORD-2029139,CUST-00036,2024-02-21,East,Consumer,7021.0,1451.88,1
ORD-2029140,CUST-00355,2023-05-09,South,Corporate,3852.69,610.32,2
ORD-2029141,CUST-00077,2025-09-14,West,Consumer,31.06,1.48,1
ORD-2029142,CUST-00331,2024-12-08,Central,Consumer,421.32,137.32999999999998,2
ORD-2029143,CUST-00791,2025-01-28,East,Consumer,4777.68,1965.77,1
ORD-2029144,CUST-00614,2024-07-30,West,Home Office,5263.92,24.21,1
ORD-2029145,CUST-00791,2023-11-15,East,Consumer,847.44,304.46,1
ORD-2029146,CUST-00609,2025-02-16,South,Corporate,1345.75,382.44000000000005,2
ORD-2029147,CUST-00502,2024-10-14,Central,Consumer,46.93,8.19,1
ORD-2029148,CUST-00614,2025-02-19,West,Home Office,4390.2,1716.78,1
ORD-2029149,CUST-00536,2025-07-14,East,Consumer,4493.16,-256.17,1
ORD-2029150,CUST-00387,2024-12-20,East,Corporate,1448.12,272.91999999999996,2
ORD-2029151,CUST-00238,2023-08-06,West,Corporate,278.9,-10.79,1
ORD-2029152,CUST-00431,2024-09-26,East,Corporate,8544.95,2596.92,2
ORD-2029153,CUST-00212,2025-02-05,Central,Corporate,4231.76,358.22,1
ORD-2029154,CUST-00405,2024-05-14,West,Consumer,1599.8,345.53,1
ORD-2029155,CUST-00120,2024-11-20,East,Corporate,367.33000000000004,124.97,2
ORD-2029156,CUST-00467,2024-04-23,East,Home Office,10660.03,863.51,1
ORD-2029157,CUST-00202,2025-03-27,South,Corporate,2506.74,973.51,1
ORD-2029158,CUST-00239,2024-08-02,West,Corporate,1017.8,214.47000000000003,2
ORD-2029159,CUST-00412,2025-08-23,East,Consumer,326.89,122.2,1
ORD-2029160,CUST-00138,2025-02-27,East,Consumer,4220.38,1395.1,3
ORD-2029161,CUST-00772,2025-05-07,South,Corporate,426.35,77.58,1
ORD-2029162,CUST-00370,2024-05-29,South,Corporate,0.0,77.02,1
ORD-2029163,CUST-00289,2024-05-25,Central,Corporate,4195.51,1106.43,2
ORD-2029164,CUST-00028,2024-11-06,South,Corporate,4031.79,618.62,1
ORD-2029165,CUST-00681,2025-06-13,Central,Consumer,2757.74,1062.74,1
ORD-2029166,CUST-00509,2024-11-02,West,Consumer,3036.55,530.9,1
ORD-2029167,CUST-00346,2025-09-25,West,Consumer,132.5,48.99,1
ORD-2029168,CUST-00202,2025-11-27,South,Corporate,6425.05,2159.02,2
ORD-2029169,CUST-00609,2024-11-16,South,Corporate,5187.99,1458.47,2
ORD-2029170,CUST-00762,2024-10-05,Central,Corporate,2871.15,442.97,2
ORD-2029171,CUST-00311,2024-05-13,Central,Home Office,988.5,380.44,1
ORD-2029172,CUST-00108,2025-04-28,Central,Corporate,841.8,316.09,1
ORD-2029173,CUST-00089,2025-07-01,South,Corporate,1152.72,378.58,1
ORD-2029174,CUST-00003,2023-07-03,Central,Corporate,244.42,-149.06,1
ORD-2029175,CUST-00607,2024-02-15,West,Home Office,692.5,227.29,1
ORD-2029176,CUST-00789,2024-07-29,Central,Consumer,6330.18,518.0999999999999,2
ORD-2029177,CUST-00795,2025-11-14,West,Home Office,2311.92,781.57,1
ORD-2029178,CUST-00636,2025-07-18,Central,Corporate,276.0,121.11,1
ORD-2029179,CUST-00137,2023-12-29,Central,Consumer,8383.619999999999,2398.06,3
ORD-2029180,CUST-00788,2024-05-08,Central,Home Office,63.0,2.01,1
ORD-2029181,CUST-00269,2024-05-16,Central,Consumer,1316.15,569.59,1
ORD-2029182,CUST-00273,2025-08-29,East,Home Office,2966.04,811.11,1
ORD-2029183,CUST-00563,2023-12-23,West,Consumer,2124.64,152.84,1
ORD-2029184,CUST-00044,2025-06-01,West,Consumer,473.68,122.5,1
ORD-2029185,CUST-00666,2025-06-27,Central,Home Office,19.08,3.08,1
ORD-2029186,CUST-00799,2024-03-31,West,Consumer,570.29,215.02,1
ORD-2029187,CUST-00626,2024-11-25,East,Consumer,5306.4,649.0699999999999,2
ORD-2029188,CUST-00633,2024-04-21,West,Consumer,30464.86,4808.455,3
ORD-2029189,CUST-00320,2024-12-15,South,Home Office,907.77,-96.14,1
ORD-2029190,CUST-00057,2024-11-25,Central,Home Office,5940.08,2405.82,1
ORD-2029191,CUST-00643,2025-01-14,South,Corporate,187.12,78.67,1
ORD-2029192,CUST-00493,2025-08-07,South,Consumer,690.5,195.98000000000002,2
ORD-2029193,CUST-00729,2025-02-19,West,Corporate,2148.54,830.17,1
ORD-2029194,CUST-00095,2024-10-24,South,Corporate,1889.68,480.1,1
ORD-2029195,CUST-00254,2025-10-29,West,Consumer,406.81,40.98,1
ORD-2029196,CUST-00295,2024-06-03,Central,Home Office,537.24,102.49000000000001,2
ORD-2029197,CUST-00559,2025-04-26,South,Consumer,2628.61,601.33,3
ORD-2029198,CUST-00639,2025-07-21,South,Consumer,100.8,-4.07,1
ORD-2029199,CUST-00770,2024-04-16,West,Consumer,6951.91,1545.27,2
ORD-2029200,CUST-00242,2025-05-02,Central,Corporate,119.65,33.97,1
ORD-2029201,CUST-00410,2024-02-01,East,Home Office,1322.73,382.87,2
ORD-2029202,CUST-00028,2025-02-20,South,Corporate,38.82,12.38,1
ORD-2029203,CUST-00208,2024-12-26,South,Consumer,2525.4,785.07,1
ORD-2029204,CUST-00307,2024-03-04,West,Corporate,309.98,103.88,1
ORD-2029205,CUST-00491,2024-02-26,South,Consumer,50.72,4.5,1
ORD-2029206,CUST-00393,2024-02-10,West,Consumer,3544.7,636.99,1
ORD-2029207,CUST-00300,2023-07-26,East,Consumer,810.9599999999999,176.31,2
ORD-2029208,CUST-00508,2025-03-12,East,Consumer,647.94,183.85000000000002,2
ORD-2029209,CUST-00667,2025-11-08,Central,Consumer,329.34,125.46,1
ORD-2029210,CUST-00200,2024-08-17,South,Corporate,9999.98,3057.3199999999997,3
ORD-2029211,CUST-00279,2023-09-05,East,Consumer,5875.1,1308.74,2
ORD-2029212,CUST-00576,2025-08-22,West,Corporate,6127.38,2721.1,1
ORD-2029213,CUST-00630,2024-05-13,West,Consumer,358.0,150.18,1
ORD-2029214,CUST-00666,2024-06-27,Central,Home Office,568.33,247.06,2
ORD-2029215,CUST-00177,2025-08-13,Central,Home Office,6159.18,1771.86,1
ORD-2029216,CUST-00443,2024-08-21,East,Consumer,4042.73,741.28,2
ORD-2029217,CUST-00720,2024-08-26,Central,Home Office,2738.23,685.86,3
ORD-2029218,CUST-00322,2024-06-27,East,Consumer,21191.03,7265.139999999999,2
ORD-2029219,CUST-00358,2025-05-17,South,Home Office,18.25,-1.39,1
ORD-2029220,CUST-00791,2024-11-02,East,Consumer,4420.35,748.68,1
ORD-2029221,CUST-00092,2024-01-11,South,Corporate,492.12,214.22,1
ORD-2029222,CUST-00576,2025-06-14,West,Corporate,383.95,-136.53,1
ORD-2029223,CUST-00687,2025-08-25,West,Corporate,1873.18,467.64,1
ORD-2029224,CUST-00128,2025-12-09,South,Home Office,3610.9800000000005,570.34,2
ORD-2029225,CUST-00582,2025-03-16,South,Corporate,6546.51,1024.65,2
ORD-2029226,CUST-00392,2024-11-23,East,Consumer,143.71,31.86,1
ORD-2029227,CUST-00690,2024-04-09,South,Consumer,9548.64,1375.6599999999999,2
ORD-2029228,CUST-00727,2025-09-29,Central,Consumer,615.13,215.02,1
ORD-2029229,CUST-00700,2024-04-10,East,Consumer,160.85,43.37,1
ORD-2029230,CUST-00055,2024-07-06,West,Consumer,243.75,59.6,1
ORD-2029231,CUST-00618,2024-10-04,West,Corporate,10363.92,4635.66,1
ORD-2029232,CUST-00742,2024-07-13,South,Corporate,2808.4,758.4,1
ORD-2029233,CUST-00508,2024-04-24,East,Consumer,1961.34,697.67,1
ORD-2029234,CUST-00495,2025-03-08,West,Corporate,1607.53,293.5,2
ORD-2029235,CUST-00042,2024-11-18,South,Consumer,164.04,30.29,1
ORD-2029236,CUST-00691,2025-04-19,South,Consumer,625.14,183.61,1
ORD-2029237,CUST-00043,2024-07-25,Central,Corporate,13479.48,3272.17,1
ORD-2029238,CUST-00258,2025-02-18,East,Consumer,3690.78,1473.03,1
ORD-2029239,CUST-00746,2024-04-20,West,Consumer,14144.98,3980.1800000000003,3
ORD-2029240,CUST-00766,2025-03-27,South,Home Office,3506.55,753.69,2
ORD-2029241,CUST-00795,2025-01-30,West,Home Office,9448.88,2002.04,1
ORD-2029242,CUST-00396,2024-12-03,South,Consumer,18354.0,6851.86,2
ORD-2029243,CUST-00147,2024-06-19,East,Consumer,131.39,24.34,1
ORD-2029244,CUST-00407,2025-09-15,West,Corporate,5335.139999999999,1305.73,2
ORD-2029245,CUST-00081,2024-11-18,South,Consumer,15966.9,4129.7,1
ORD-2029246,CUST-00700,2025-05-09,East,Consumer,265.39,-79.26,1
ORD-2029247,CUST-00463,2024-05-11,Central,Corporate,3036.55,659.62,1
ORD-2029248,CUST-00333,2025-03-23,West,Consumer,26.6,8.19,1
ORD-2029249,CUST-00066,2024-01-30,West,Corporate,1324.53,255.38,2
ORD-2029250,CUST-00334,2023-07-18,South,Consumer,8153.88,3026.72,1
ORD-2029251,CUST-00695,2025-03-31,East,Corporate,2572.8,669.43,3
ORD-2029252,CUST-00575,2024-09-23,East,Consumer,2644.37,386.58000000000004,3
ORD-2029253,CUST-00066,2025-04-29,West,Corporate,2846.1,739.8900000000001,3
ORD-2029254,CUST-00134,2023-10-24,Central,Corporate,135.27,58.26,1
ORD-2029255,CUST-00323,2023-05-14,Central,Consumer,615.28,106.78,1
ORD-2029256,CUST-00079,2023-03-14,Central,Corporate,7142.4,1920.81,2
ORD-2029257,CUST-00755,2024-11-20,Central,Consumer,6540.31,2056.82,2
ORD-2029258,CUST-00532,2024-08-20,East,Consumer,4371.0599999999995,1231.36,2
ORD-2029259,CUST-00074,2025-05-10,East,Consumer,1332.3,265.52,1
ORD-2029260,CUST-00639,2025-04-29,South,Consumer,1435.95,514.17,1
ORD-2029261,CUST-00301,2023-12-06,West,Consumer,1333.89,551.4,1
ORD-2029262,CUST-00202,2025-07-19,South,Corporate,13.36,1.24,1
ORD-2029263,CUST-00472,2024-01-11,South,Consumer,2541.78,808.19,1
ORD-2029264,CUST-00010,2025-03-28,East,Home Office,1276.09,434.08,1
ORD-2029265,CUST-00387,2025-12-01,East,Corporate,11981.76,2773.33,1
ORD-2029266,CUST-00681,2025-06-12,Central,Consumer,486.88,123.11,1
ORD-2029267,CUST-00749,2024-03-26,West,Consumer,4858.48,1781.91,1
ORD-2029268,CUST-00279,2025-10-10,East,Consumer,947.36,241.6,1
ORD-2029269,CUST-00527,2025-01-21,South,Consumer,8489.6,2359.0899999999997,2
ORD-2029270,CUST-00187,2023-11-12,East,Consumer,47.07,11.600000000000001,2
ORD-2029271,CUST-00462,2024-07-10,East,Corporate,3269.0199999999995,1051.31,2
ORD-2029272,CUST-00211,2025-06-29,West,Corporate,4.24,0.73,1
ORD-2029273,CUST-00473,2023-02-03,West,Home Office,449.6,52.46,2
ORD-2029274,CUST-00143,2023-10-06,West,Corporate,186.3,67.75,1
ORD-2029275,CUST-00759,2024-04-07,East,Consumer,162.58,71.13,1
ORD-2029276,CUST-00711,2024-12-01,Central,Consumer,309.6,116.09,1
ORD-2029277,CUST-00275,2025-01-07,West,Corporate,186.34,-49.79,1
ORD-2029278,CUST-00627,2025-05-03,West,Home Office,29.56,7.06,1
ORD-2029279,CUST-00075,2025-08-13,Central,Consumer,889.0,393.58,1
ORD-2029280,CUST-00603,2025-07-16,Central,Consumer,10363.92,2106.2,1
ORD-2029281,CUST-00232,2024-06-15,South,Corporate,4049.52,1676.34,1
ORD-2029282,CUST-00108,2024-08-29,Central,Corporate,14827.43,1301.33,1
ORD-2029283,CUST-00554,2024-02-02,West,Consumer,980.67,245.51,1
ORD-2029284,CUST-00392,2024-04-20,East,Consumer,5271.07,1892.02,2
ORD-2029285,CUST-00437,2025-01-04,Central,Corporate,72.78,22.8,1
ORD-2029286,CUST-00431,2024-11-19,East,Corporate,3854.49,921.85,1
ORD-2029287,CUST-00051,2025-02-23,South,Consumer,2871.9,1104.44,1
ORD-2029288,CUST-00045,2023-09-17,East,Consumer,1633.46,235.22000000000003,2
ORD-2029289,CUST-00495,2024-10-04,West,Corporate,1078.16,277.67,1
ORD-2029290,CUST-00508,2025-09-04,East,Consumer,828.94,231.3,1
ORD-2029291,CUST-00044,2024-05-14,West,Consumer,1357.96,294.73,2
ORD-2029292,CUST-00310,2024-08-11,East,Consumer,670.04,86.35,1
ORD-2029293,CUST-00503,2024-11-10,South,Consumer,1671.16,320.34,1
ORD-2029294,CUST-00535,2024-04-07,Central,Corporate,1610.48,553.76,1
ORD-2029295,CUST-00667,2023-08-08,Central,Consumer,78.21,12.64,1
ORD-2029296,CUST-00348,2023-10-23,South,Consumer,1152.72,193.68,1
ORD-2029297,CUST-00452,2024-06-23,South,Consumer,1289.62,377.58000000000004,2
ORD-2029298,CUST-00480,2023-12-02,East,Corporate,1712.96,472.75,2
ORD-2029299,CUST-00257,2024-08-19,Central,Home Office,1633.97,341.89,1
ORD-2029300,CUST-00047,2025-04-20,West,Home Office,1671.16,669.95,1
ORD-2029301,CUST-00003,2024-01-15,Central,Corporate,589.76,158.73,1
ORD-2029302,CUST-00675,2025-07-26,Central,Home Office,280.68,-89.71,1
ORD-2029303,CUST-00167,2024-07-18,West,Corporate,8417.33,2672.4500000000003,2
ORD-2029304,CUST-00515,2024-10-25,South,Home Office,4175.0599999999995,1201.16,2
ORD-2029305,CUST-00480,2024-09-08,East,Corporate,47.31,14.15,1
ORD-2029306,CUST-00329,2025-10-06,East,Consumer,1632.99,276.14000000000004,2
ORD-2029307,CUST-00672,2025-05-01,Central,Corporate,9465.710000000001,2278.13,2
ORD-2029308,CUST-00571,2023-05-25,South,Consumer,2325.64,556.19,2
ORD-2029309,CUST-00021,2025-09-16,Central,Corporate,5190.2,1421.83,1
ORD-2029310,CUST-00627,2025-09-27,West,Home Office,7576.2,1270.4,1
ORD-2029311,CUST-00420,2023-10-14,Central,Consumer,1116.81,486.96,2
ORD-2029312,CUST-00284,2025-01-23,West,Consumer,5390.8,1616.64,1
ORD-2029313,CUST-00596,2025-10-09,South,Consumer,1783.98,397.1,1
ORD-2029314,CUST-00562,2023-07-02,East,Consumer,286.4,103.88,1
ORD-2029315,CUST-00256,2023-12-01,East,Consumer,1694.88,-713.19,1
ORD-2029316,CUST-00790,2024-03-09,East,Corporate,14963.84,5149.4,3
ORD-2029317,CUST-00530,2024-04-26,South,Corporate,2419.07,637.34,1
ORD-2029318,CUST-00499,2025-06-19,South,Consumer,929.68,232.95,1
ORD-2029319,CUST-00058,2024-11-21,East,Consumer,6934.56,368.56999999999994,2
ORD-2029320,CUST-00227,2024-09-22,South,Corporate,15964.3,3376.9700000000003,2
ORD-2029321,CUST-00370,2024-10-30,South,Corporate,4042.75,1119.21,2
ORD-2029322,CUST-00516,2024-12-02,East,Home Office,1333.89,590.04,1
ORD-2029323,CUST-00425,2024-11-20,West,Corporate,43.67,-13.02,1
ORD-2029324,CUST-00621,2024-11-09,West,Home Office,3312.65,751.97,2
ORD-2029325,CUST-00215,2024-04-04,Central,Consumer,2227.53,383.53,1
ORD-2029326,CUST-00574,2025-03-04,East,Home Office,709.45,114.07,2
ORD-2029327,CUST-00657,2024-05-12,South,Home Office,9135.81,2680.0,3
ORD-2029328,CUST-00621,2025-01-12,West,Home Office,4350.820000000001,902.12,2
ORD-2029329,CUST-00624,2024-03-04,West,Consumer,2368.9,693.49,1
ORD-2029330,CUST-00711,2024-08-18,Central,Consumer,4921.04,804.88,1
ORD-2029331,CUST-00068,2024-09-02,West,Home Office,8537.06,2593.83,2
ORD-2029332,CUST-00570,2025-04-07,Central,Consumer,4297.08,941.77,1
ORD-2029333,CUST-00777,2025-03-02,West,Consumer,10.18,2.03,1
ORD-2029334,CUST-00475,2025-09-10,Central,Corporate,138.5,45.38,1
ORD-2029335,CUST-00181,2025-09-25,South,Consumer,91.24,-12.93,1
ORD-2029336,CUST-00800,2025-05-14,West,Corporate,310.56,120.81,1
ORD-2029337,CUST-00145,2023-11-02,South,Consumer,601.74,269.88,1
ORD-2029338,CUST-00274,2025-08-13,South,Corporate,205.3,74.48,1
ORD-2029339,CUST-00144,2024-03-01,West,Home Office,1070.39,250.44,1
ORD-2029340,CUST-00387,2025-07-14,East,Corporate,14698.83,4655.25,1
ORD-2029341,CUST-00347,2023-11-01,South,Consumer,679.63,242.33,2
ORD-2029342,CUST-00410,2024-06-17,East,Home Office,360.72,107.55,1
ORD-2029343,CUST-00749,2024-01-08,West,Consumer,987.74,313.52,2
ORD-2029344,CUST-00400,2025-07-01,West,Corporate,598.25,256.49,1
ORD-2029345,CUST-00426,2025-03-22,East,Consumer,674.92,225.67000000000002,2
ORD-2029346,CUST-00711,2024-06-25,Central,Consumer,332.52,90.13,2
ORD-2029347,CUST-00658,2024-04-02,Central,Consumer,114.56,-4.23,1
ORD-2029348,CUST-00198,2024-09-28,East,Corporate,6194.28,1500.83,3
ORD-2029349,CUST-00009,2025-08-19,East,Consumer,1179.52,184.98,1
ORD-2029350,CUST-00513,2025-07-03,South,Home Office,507.1,163.29,2
ORD-2029351,CUST-00682,2025-03-07,East,Home Office,12254.37,2326.85,2
ORD-2029352,CUST-00456,2025-08-13,Central,Consumer,777.1099999999999,168.58,2
ORD-2029353,CUST-00178,2024-09-09,East,Corporate,7402.8,2210.51,1
ORD-2029354,CUST-00604,2024-04-28,East,Consumer,12.13,2.6,1
ORD-2029355,CUST-00547,2024-06-22,West,Corporate,20.53,3.36,1
ORD-2029356,CUST-00467,2023-08-18,East,Home Office,94.5,-36.14,1
ORD-2029357,CUST-00694,2025-11-17,South,Consumer,6539.87,-203.81000000000006,3
ORD-2029358,CUST-00636,2024-12-30,Central,Corporate,7734.74,2985.09,1
ORD-2029359,CUST-00547,2024-11-10,West,Corporate,1096.28,348.28,1
ORD-2029360,CUST-00542,2025-11-02,East,Corporate,10184.5,3082.92,1
ORD-2029361,CUST-00540,2025-03-04,East,Consumer,1044.11,158.48,2
ORD-2029362,CUST-00435,2023-06-28,West,Corporate,17.45,2.82,1
ORD-2029363,CUST-00387,2025-03-16,East,Corporate,9138.72,365.37,1
ORD-2029364,CUST-00579,2025-07-30,South,Consumer,683.64,225.92,1
ORD-2029365,CUST-00503,2024-09-03,South,Consumer,9234.89,2823.24,3
ORD-2029366,CUST-00410,2024-12-10,East,Home Office,1208.35,396.35,1
ORD-2029367,CUST-00104,2025-02-24,East,Consumer,2723.28,975.5,1
ORD-2029368,CUST-00574,2025-10-14,East,Home Office,103.46,45.86,1
ORD-2029369,CUST-00528,2024-04-01,East,Home Office,695.74,156.92000000000002,2
ORD-2029370,CUST-00279,2024-08-08,East,Consumer,4763.2,1620.3700000000001,2
ORD-2029371,CUST-00291,2025-04-02,South,Consumer,6659.0,917.11,1
ORD-2029372,CUST-00203,2025-02-25,West,Home Office,728.02,20.97,1
ORD-2029373,CUST-00772,2024-04-01,South,Corporate,79.72999999999999,32.31,2
ORD-2029374,CUST-00693,2025-05-18,South,Consumer,8697.11,1631.43,2
ORD-2029375,CUST-00464,2024-01-10,West,Corporate,2344.08,658.26,1
ORD-2029376,CUST-00332,2025-05-26,West,Consumer,561.36,92.48,1
ORD-2029377,CUST-00600,2025-03-30,Central,Consumer,5892.6,1675.6,1
ORD-2029378,CUST-00436,2024-06-01,East,Corporate,2016.45,-197.48999999999998,2
ORD-2029379,CUST-00786,2024-11-06,Central,Corporate,2401.83,351.54,1
ORD-2029380,CUST-00048,2025-02-10,South,Corporate,6134.39,2383.2400000000002,2
ORD-2029381,CUST-00034,2025-03-15,Central,Corporate,293.29,93.4,1
ORD-2029382,CUST-00471,2025-11-03,Central,Corporate,903.9,40.67,1
ORD-2029383,CUST-00169,2024-11-15,West,Consumer,552.0,166.14,1
ORD-2029384,CUST-00498,2024-11-04,West,Consumer,71.6,25.32,1
ORD-2029385,CUST-00633,2024-03-13,West,Consumer,10543.220000000001,1977.61,2
ORD-2029386,CUST-00111,2024-12-09,West,Consumer,2723.28,560.18,1
ORD-2029387,CUST-00364,2024-11-24,South,Consumer,1054.1,449.92,1
ORD-2029388,CUST-00563,2025-07-03,West,Consumer,444.63,138.28,1
ORD-2029389,CUST-00673,2025-01-07,Central,Consumer,227.32,77.57,1
ORD-2029390,CUST-00412,2025-06-27,East,Consumer,132.7,45.92,1
ORD-2029391,CUST-00173,2025-08-20,South,Consumer,1255.2,293.12,1
ORD-2029392,CUST-00486,2024-02-28,East,Consumer,1495.81,228.05,1
ORD-2029393,CUST-00379,2025-02-18,West,Corporate,3308.04,1104.55,2
ORD-2029394,CUST-00624,2023-10-29,West,Consumer,4044.42,1643.6,1
ORD-2029395,CUST-00459,2024-11-25,South,Consumer,4371.81,662.9,2
ORD-2029396,CUST-00227,2024-12-17,South,Corporate,8153.88,3171.53,1
ORD-2029397,CUST-00615,2025-01-12,Central,Consumer,596.1800000000001,155.57999999999998,2
ORD-2029398,CUST-00429,2024-05-27,East,Home Office,3231.3399999999997,132.95999999999998,2
ORD-2029399,CUST-00148,2024-11-24,East,Consumer,812.6099999999999,261.99,2
ORD-2029400,CUST-00466,2025-03-29,South,Home Office,758.95,141.44,1
ORD-2029401,CUST-00766,2024-11-05,South,Home Office,4878.950000000001,949.87,2
ORD-2029402,CUST-00576,2024-11-21,West,Corporate,13921.2,5645.45,2
ORD-2029403,CUST-00247,2025-08-17,South,Consumer,442.91,142.81,1
ORD-2029404,CUST-00580,2024-04-21,East,Consumer,7881.41,1167.59,2
ORD-2029405,CUST-00232,2024-10-10,South,Corporate,728.77,-156.43,1
ORD-2029406,CUST-00447,2025-03-27,West,Consumer,988.65,399.46,1
ORD-2029407,CUST-00436,2023-10-19,East,Corporate,828.94,143.17,1
ORD-2029408,CUST-00203,2025-01-06,West,Home Office,182.49,32.39,1
ORD-2029409,CUST-00285,2025-08-20,West,Corporate,2986.05,1100.88,1
ORD-2029410,CUST-00759,2024-04-06,East,Consumer,4271.01,1236.27,2
ORD-2029411,CUST-00206,2024-11-25,West,Corporate,4718.49,1852.08,1
ORD-2029412,CUST-00649,2025-02-03,South,Home Office,1398.32,183.20999999999998,2
ORD-2029413,CUST-00546,2023-03-20,East,Consumer,1607.4,384.02,1
ORD-2029414,CUST-00439,2025-09-14,East,Consumer,9718.38,3763.1,2
ORD-2029415,CUST-00109,2023-08-16,West,Consumer,2676.4,1039.5,2
ORD-2029416,CUST-00171,2025-06-28,East,Consumer,847.44,184.67,1
ORD-2029417,CUST-00148,2025-01-24,East,Consumer,606.66,180.33,1
ORD-2029418,CUST-00487,2024-11-19,West,Consumer,867.4300000000001,190.11,2
ORD-2029419,CUST-00783,2025-02-24,East,Consumer,1800.81,418.81,1
ORD-2029420,CUST-00704,2024-07-18,East,Corporate,512.73,-71.72,1
ORD-2029421,CUST-00025,2023-07-14,South,Corporate,73.94,6.32,1
ORD-2029422,CUST-00222,2024-10-03,West,Consumer,483.0,111.08,1
ORD-2029423,CUST-00133,2025-05-23,East,Consumer,1446.08,509.63,2
ORD-2029424,CUST-00786,2025-05-31,Central,Corporate,4810.41,-280.3299999999999,3
ORD-2029425,CUST-00194,2024-10-21,West,Corporate,8386.54,232.48,1
ORD-2029426,CUST-00167,2024-08-12,West,Corporate,121.3,42.32,1
ORD-2029427,CUST-00508,2024-12-25,East,Consumer,4569.36,1061.75,1
ORD-2029428,CUST-00460,2025-09-08,East,Consumer,599.55,201.84,1
ORD-2029429,CUST-00185,2024-04-12,West,Home Office,9857.509999999998,1433.3700000000001,2
ORD-2029430,CUST-00547,2023-11-20,West,Corporate,113.32,35.92,2
ORD-2029431,CUST-00077,2023-07-28,West,Consumer,10269.41,2750.75,2
ORD-2029432,CUST-00018,2023-12-05,East,Corporate,2796.55,-483.54,1
ORD-2029433,CUST-00066,2024-07-13,West,Corporate,2055.04,830.5,1
ORD-2029434,CUST-00300,2024-07-13,East,Consumer,1480.56,659.44,1
ORD-2029435,CUST-00786,2024-12-31,Central,Corporate,655.77,11.47999999999999,3
ORD-2029436,CUST-00452,2023-06-10,South,Consumer,7645.4400000000005,1821.72,2
ORD-2029437,CUST-00616,2023-08-31,Central,Consumer,1349.51,478.64,3
ORD-2029438,CUST-00263,2025-09-01,West,Consumer,39.42,9.8,1
ORD-2029439,CUST-00590,2024-12-13,South,Corporate,720.45,186.06,1
ORD-2029440,CUST-00775,2024-01-25,South,Consumer,1906.3,145.47,1
ORD-2029441,CUST-00292,2025-09-26,West,Home Office,13415.11,4989.56,2
ORD-2029442,CUST-00800,2024-01-19,West,Corporate,1177.9,343.19,1
ORD-2029443,CUST-00524,2024-05-03,South,Consumer,3134.3,78.96000000000001,2
ORD-2029444,CUST-00611,2025-01-13,South,Corporate,7673.96,1352.95,1
ORD-2029445,CUST-00207,2023-11-04,South,Home Office,7488.6,2904.92,1
ORD-2029446,CUST-00527,2025-02-27,South,Consumer,10393.11,2628.17,1
ORD-2029447,CUST-00424,2025-01-21,Central,Corporate,2689.31,1071.9,2
ORD-2029448,CUST-00769,2024-05-23,East,Corporate,90.1,29.27,1
ORD-2029449,CUST-00724,2024-03-14,East,Consumer,83.76,-16.46,1
ORD-2029450,CUST-00326,2025-05-20,East,Consumer,1783.98,797.29,1
ORD-2029451,CUST-00763,2024-10-18,South,Corporate,219.56,53.19,1
ORD-2029452,CUST-00710,2024-02-01,West,Consumer,1027.52,183.96,1
ORD-2029453,CUST-00489,2024-09-14,South,Consumer,3134.64,1277.29,1
ORD-2029454,CUST-00066,2024-12-25,West,Corporate,1259.73,-652.0699999999999,3
ORD-2029455,CUST-00135,2025-07-07,South,Consumer,1279.84,278.69,1
ORD-2029456,CUST-00063,2024-08-10,West,Home Office,1300.51,404.88,2
ORD-2029457,CUST-00087,2024-11-08,East,Consumer,13788.7,2255.2,1
ORD-2029458,CUST-00787,2024-10-02,East,Consumer,423.72,169.0,1
ORD-2029459,CUST-00178,2025-11-24,East,Corporate,753.8,193.41,1
ORD-2029460,CUST-00565,2025-01-13,South,Home Office,338.91,89.21,1
ORD-2029461,CUST-00523,2025-02-13,East,Corporate,10842.519999999999,4870.63,2
ORD-2029462,CUST-00516,2023-02-09,East,Home Office,12136.66,2984.27,2
ORD-2029463,CUST-00173,2024-11-22,South,Consumer,12985.52,795.4799999999999,2
ORD-2029464,CUST-00480,2024-07-13,East,Corporate,14571.89,-204.43000000000006,3
ORD-2029465,CUST-00509,2024-09-07,West,Consumer,9082.85,3747.55,1
ORD-2029466,CUST-00472,2024-01-20,South,Consumer,4385.12,1837.32,1
ORD-2029467,CUST-00153,2025-04-15,South,Consumer,1244.96,18.8,1
ORD-2029468,CUST-00592,2024-03-29,South,Corporate,668.6,218.05,1
ORD-2029469,CUST-00061,2024-06-20,South,Corporate,236.84,51.04,1
ORD-2029470,CUST-00490,2024-07-20,Central,Corporate,10798.72,1200.36,1
ORD-2029471,CUST-00361,2025-07-04,South,Corporate,405.81,166.48,1
ORD-2029472,CUST-00206,2023-08-13,West,Corporate,6427.3,948.84,3
ORD-2029473,CUST-00651,2024-03-04,West,Corporate,4304.9800000000005,-1065.48,2
ORD-2029474,CUST-00146,2024-03-09,South,Consumer,3595.79,1298.21,1
ORD-2029475,CUST-00753,2025-03-05,East,Consumer,9615.06,1515.03,2
ORD-2029476,CUST-00710,2023-09-24,West,Consumer,7841.080000000001,1718.52,2
ORD-2029477,CUST-00295,2025-03-09,Central,Home Office,353.37,-81.43,1
ORD-2029478,CUST-00254,2023-05-22,West,Consumer,56.97,-24.52,1
ORD-2029479,CUST-00109,2024-03-23,West,Consumer,15555.33,4908.48,2
ORD-2029480,CUST-00737,2024-11-19,Central,Consumer,3403.8599999999997,586.36,2
ORD-2029481,CUST-00511,2024-05-24,South,Corporate,7205.099999999999,1136.74,2
ORD-2029482,CUST-00031,2024-08-06,West,Home Office,14491.34,4769.89,2
ORD-2029483,CUST-00424,2024-12-06,Central,Corporate,7465.63,2482.12,2
ORD-2029484,CUST-00068,2025-02-06,West,Home Office,988.5,365.51,1
ORD-2029485,CUST-00475,2024-01-18,Central,Corporate,8444.63,3176.96,3
ORD-2029486,CUST-00422,2023-09-13,Central,Corporate,13366.04,2433.92,2
ORD-2029487,CUST-00067,2024-05-13,South,Corporate,1191.26,388.41,2
ORD-2029488,CUST-00656,2024-10-31,Central,Corporate,6956.450000000001,2686.42,2
ORD-2029489,CUST-00215,2025-03-26,Central,Consumer,22613.47,9294.09,2
ORD-2029490,CUST-00445,2023-10-17,Central,Consumer,1193.29,354.03,2
ORD-2029491,CUST-00525,2024-12-30,West,Consumer,5938.92,1280.76,1
ORD-2029492,CUST-00772,2025-06-15,South,Corporate,2426.65,267.67,1
ORD-2029493,CUST-00411,2025-01-19,East,Consumer,5364.21,900.41,2
ORD-2029494,CUST-00738,2025-02-14,West,Consumer,2687.86,1116.98,1
ORD-2029495,CUST-00291,2023-04-18,South,Consumer,1435.95,499.38,1
ORD-2029496,CUST-00692,2023-11-02,South,Corporate,6012.32,2408.87,2
ORD-2029497,CUST-00195,2023-10-04,South,Consumer,7673.96,3340.37,1
ORD-2029498,CUST-00578,2024-02-23,Central,Consumer,13616.359999999999,2444.17,2
ORD-2029499,CUST-00070,2025-06-21,West,Consumer,2089.76,488.82,1
ORD-2029500,CUST-00792,2025-11-07,West,Consumer,1037.45,278.87,2
ORD-2029501,CUST-00768,2024-09-27,West,Consumer,1176.34,88.31,1
ORD-2029502,CUST-00365,2024-12-27,East,Home Office,1396.1699999999998,293.82,3
ORD-2029503,CUST-00433,2025-02-13,South,Consumer,10781.6,1791.73,1
ORD-2029504,CUST-00494,2024-06-01,Central,Consumer,137.6,56.64,1
ORD-2029505,CUST-00223,2024-05-22,Central,Home Office,106.01,34.12,1
ORD-2029506,CUST-00552,2023-10-12,West,Consumer,34.4,-13.5,1
ORD-2029507,CUST-00571,2025-10-14,South,Consumer,166.37,12.01,1
ORD-2029508,CUST-00435,2024-11-05,West,Corporate,1726.96,119.67000000000002,2
ORD-2029509,CUST-00124,2023-11-30,West,Corporate,8212.24,2279.54,1
ORD-2029510,CUST-00740,2025-07-22,South,Corporate,7381.570000000001,-3610.38,2
ORD-2029511,CUST-00093,2024-07-10,South,Corporate,13.36,1.75,1
ORD-2029512,CUST-00513,2024-09-23,South,Home Office,639.3199999999999,175.22000000000003,2
ORD-2029513,CUST-00081,2024-02-12,South,Consumer,702.1,129.4,1
ORD-2029514,CUST-00120,2025-09-13,East,Corporate,859.42,11.01,1
ORD-2029515,CUST-00019,2025-02-07,South,Consumer,217.39,17.96,1
ORD-2029516,CUST-00299,2025-11-21,West,Corporate,1177.9,357.58,1
ORD-2029517,CUST-00525,2025-10-29,West,Consumer,737.87,239.93,1
ORD-2029518,CUST-00431,2025-08-29,East,Corporate,12227.43,2261.81,2
ORD-2029519,CUST-00552,2024-11-12,West,Consumer,403.45,74.34,1
ORD-2029520,CUST-00553,2024-07-01,South,Consumer,2100.8,558.74,2
ORD-2029521,CUST-00113,2025-04-22,Central,Consumer,1727.35,313.21999999999997,2
ORD-2029522,CUST-00051,2025-03-20,South,Consumer,161.38,67.37,1
ORD-2029523,CUST-00509,2024-02-26,West,Consumer,3961.78,936.89,1
ORD-2029524,CUST-00533,2024-03-26,East,Consumer,11335.14,3217.63,3
ORD-2029525,CUST-00461,2024-09-27,Central,Corporate,7624.92,2613.2999999999997,3
ORD-2029526,CUST-00202,2025-05-31,South,Corporate,1228.55,211.0,2
ORD-2029527,CUST-00653,2025-12-05,East,Consumer,6370.72,-813.8000000000001,2
ORD-2029528,CUST-00062,2025-03-13,Central,Consumer,2812.95,1003.96,1
ORD-2029529,CUST-00516,2024-07-16,East,Home Office,4927.34,1526.05,1
ORD-2029530,CUST-00100,2025-09-04,East,Consumer,471.16,188.55,1
ORD-2029531,CUST-00535,2024-08-15,Central,Corporate,84.0,26.04,1
ORD-2029532,CUST-00347,2024-03-11,South,Consumer,5781.33,573.29,2
ORD-2029533,CUST-00589,2024-08-13,South,Consumer,1029.16,278.29,1
ORD-2029534,CUST-00045,2025-08-27,East,Consumer,569.7,177.71,1
ORD-2029535,CUST-00458,2025-02-23,Central,Home Office,9.54,-2.46,1
ORD-2029536,CUST-00117,2025-02-16,East,Consumer,10781.6,2003.46,1
ORD-2029537,CUST-00557,2025-09-15,Central,Corporate,1026.53,357.92,1
ORD-2029538,CUST-00099,2024-09-13,Central,Consumer,8502.6,1452.25,2
ORD-2029539,CUST-00061,2025-06-23,South,Corporate,5399.36,2212.84,1
ORD-2029540,CUST-00582,2025-02-06,South,Corporate,13136.73,3576.05,2
ORD-2029541,CUST-00054,2023-11-10,West,Consumer,360.72,118.8,1
ORD-2029542,CUST-00183,2024-02-12,West,Consumer,10380.4,1625.95,1
ORD-2029543,CUST-00666,2024-03-28,Central,Home Office,354.47,107.81,1
ORD-2029544,CUST-00653,2023-08-20,East,Consumer,8461.26,1648.04,2
ORD-2029545,CUST-00691,2024-12-25,South,Consumer,118.42,20.38,1
ORD-2029546,CUST-00268,2024-06-15,West,Home Office,1660.36,211.8,2
ORD-2029547,CUST-00436,2024-01-12,East,Corporate,6719.65,2650.51,1
ORD-2029548,CUST-00624,2025-02-19,West,Consumer,4312.64,1654.77,1
ORD-2029549,CUST-00108,2024-05-12,Central,Corporate,162.97,34.95,1
ORD-2029550,CUST-00593,2025-08-28,East,Corporate,2961.12,1254.76,1
ORD-2029551,CUST-00077,2025-10-30,West,Consumer,4221.41,1871.0600000000002,2
ORD-2029552,CUST-00732,2024-11-23,West,Consumer,4187.86,944.81,3
ORD-2029553,CUST-00523,2025-02-08,East,Corporate,4.24,1.86,1
ORD-2029554,CUST-00410,2024-11-10,East,Home Office,3046.82,1174.24,2
ORD-2029555,CUST-00404,2024-06-15,South,Corporate,1032.08,457.67,1
ORD-2029556,CUST-00148,2023-04-30,East,Consumer,1108.74,247.16,2
ORD-2029557,CUST-00283,2025-05-04,Central,Consumer,413.2,105.66,2
ORD-2029558,CUST-00596,2023-12-15,South,Consumer,5997.46,347.99,3
ORD-2029559,CUST-00445,2023-12-28,Central,Consumer,10798.72,4036.53,1
ORD-2029560,CUST-00436,2025-04-15,East,Corporate,309.6,111.75,1
ORD-2029561,CUST-00162,2025-08-08,Central,Consumer,33.6,3.52,1
ORD-2029562,CUST-00565,2024-07-14,South,Home Office,2156.32,878.16,1
ORD-2029563,CUST-00323,2025-04-13,Central,Consumer,1925.89,525.3599999999999,2
ORD-2029564,CUST-00149,2024-07-17,South,Corporate,2222.5,612.83,1
ORD-2029565,CUST-00761,2025-01-02,East,Consumer,835.58,315.94,1
ORD-2029566,CUST-00420,2024-04-22,Central,Consumer,1141.83,218.32000000000002,2
ORD-2029567,CUST-00436,2023-11-16,East,Corporate,3583.26,948.23,1
ORD-2029568,CUST-00789,2025-10-17,Central,Consumer,3080.88,1027.92,1
ORD-2029569,CUST-00301,2024-09-19,West,Consumer,5990.88,1911.39,1
ORD-2029570,CUST-00760,2024-06-27,Central,Corporate,1910.95,425.98,1
ORD-2029571,CUST-00570,2024-04-01,Central,Consumer,2311.92,949.45,1
ORD-2029572,CUST-00517,2024-08-19,South,Consumer,877.27,140.47,1
ORD-2029573,CUST-00193,2023-03-15,Central,Consumer,139.75,28.87,1
ORD-2029574,CUST-00045,2025-02-13,East,Consumer,1400.4,395.3,1
ORD-2029575,CUST-00362,2023-12-28,South,Consumer,459.49,77.27000000000001,3
ORD-2029576,CUST-00006,2024-11-09,South,Home Office,3277.84,46.42999999999998,2
ORD-2029577,CUST-00059,2024-06-30,Central,Corporate,6674.240000000001,946.36,2
ORD-2029578,CUST-00491,2025-01-10,South,Consumer,14805.6,3537.62,1
ORD-2029579,CUST-00593,2023-11-28,East,Corporate,6740.7,2851.18,1
ORD-2029580,CUST-00141,2023-12-14,South,Home Office,1284.83,210.73,1
ORD-2029581,CUST-00599,2025-03-08,Central,Home Office,8273.22,1361.24,1
ORD-2029582,CUST-00766,2024-12-02,South,Home Office,4159.3,750.8399999999999,2
ORD-2029583,CUST-00606,2024-08-18,Central,Consumer,3190.23,1021.38,1
ORD-2029584,CUST-00636,2023-08-05,Central,Corporate,10484.04,2260.59,1
ORD-2029585,CUST-00573,2024-02-23,West,Consumer,1023.6899999999999,310.38,2
ORD-2029586,CUST-00184,2024-01-19,Central,Consumer,1214.62,341.51,1
ORD-2029587,CUST-00296,2025-05-12,Central,Consumer,1582.9,386.49,2
ORD-2029588,CUST-00766,2025-09-01,South,Home Office,180.36,49.2,1
ORD-2029589,CUST-00538,2025-07-20,East,Consumer,4829.22,1011.79,1
ORD-2029590,CUST-00640,2025-07-01,South,Consumer,263.48,43.72,1
ORD-2029591,CUST-00777,2024-08-16,West,Consumer,2824.2,1026.56,1
ORD-2029592,CUST-00190,2025-09-09,West,Consumer,155.28,41.96,1
ORD-2029593,CUST-00263,2025-06-30,West,Consumer,15995.34,3665.51,2
ORD-2029594,CUST-00528,2024-06-16,East,Home Office,185.94,53.69,1
ORD-2029595,CUST-00024,2023-08-30,South,Consumer,837.55,192.55,1
ORD-2029596,CUST-00472,2023-11-30,South,Consumer,133.02,25.79,1
ORD-2029597,CUST-00652,2024-12-11,Central,Consumer,244.41,-53.64,1
ORD-2029598,CUST-00503,2025-01-14,South,Consumer,32.19,5.11,1
ORD-2029599,CUST-00242,2025-11-27,Central,Corporate,928.08,265.25,2
ORD-2029600,CUST-00593,2024-06-17,East,Corporate,5822.06,-777.69,1
ORD-2029601,CUST-00120,2025-02-11,East,Corporate,44.34,8.72,1
ORD-2029602,CUST-00717,2025-03-26,Central,Consumer,40.58,13.53,1
ORD-2029603,CUST-00078,2025-06-12,East,Corporate,1459.66,534.13,1
ORD-2029604,CUST-00694,2025-05-01,South,Consumer,5858.41,1448.3899999999999,2
ORD-2029605,CUST-00412,2025-08-11,East,Consumer,820.2,209.82,1
ORD-2029606,CUST-00356,2025-03-13,South,Consumer,4858.48,934.18,1
ORD-2029607,CUST-00414,2025-01-13,East,Corporate,881.84,169.58,2
ORD-2029608,CUST-00167,2024-03-16,West,Corporate,7253.53,1617.22,2
ORD-2029609,CUST-00381,2024-10-06,East,Consumer,5328.4800000000005,1808.49,2
ORD-2029610,CUST-00686,2025-04-27,South,Corporate,14.84,4.75,1
ORD-2029611,CUST-00649,2025-09-01,South,Home Office,376.93,57.13,1
ORD-2029612,CUST-00138,2025-05-21,East,Consumer,1063.41,-304.53,1
ORD-2029613,CUST-00551,2024-10-09,South,Consumer,3265.98,1117.94,2
ORD-2029614,CUST-00691,2025-09-19,South,Consumer,1286.54,298.4,2
ORD-2029615,CUST-00661,2025-04-11,East,Home Office,798.2,141.81,2
ORD-2029616,CUST-00354,2024-06-10,West,Consumer,9091.779999999999,2325.8500000000004,3
ORD-2029617,CUST-00044,2025-01-13,West,Consumer,293.31,87.44,1
ORD-2029618,CUST-00753,2024-04-21,East,Consumer,4741.18,1472.51,2
ORD-2029619,CUST-00326,2023-06-05,East,Consumer,8147.68,2871.25,2
ORD-2029620,CUST-00296,2024-11-18,Central,Consumer,4672.82,794.05,2
ORD-2029621,CUST-00619,2024-12-21,East,Consumer,2687.86,955.75,1
ORD-2029622,CUST-00215,2025-06-25,Central,Consumer,1521.46,439.74,2
ORD-2029623,CUST-00674,2025-04-11,East,Home Office,8625.28,3733.34,1
ORD-2029624,CUST-00062,2025-01-27,Central,Consumer,1881.29,460.27,3
ORD-2029625,CUST-00603,2024-03-11,Central,Consumer,14449.679999999998,5947.43,2
ORD-2029626,CUST-00775,2025-04-20,South,Consumer,4049.52,-1051.1,1
ORD-2029627,CUST-00797,2025-04-10,South,Consumer,127.37,38.51,2
ORD-2029628,CUST-00744,2025-06-01,West,Corporate,1903.29,356.76,1
ORD-2029629,CUST-00699,2023-06-21,East,Home Office,7997.8099999999995,923.125,2
ORD-2029630,CUST-00227,2025-01-17,South,Corporate,164.24,37.09,1
ORD-2029631,CUST-00775,2025-05-27,South,Consumer,7519.89,1493.54,1
ORD-2029632,CUST-00749,2023-12-29,West,Consumer,2019.46,547.85,2
ORD-2029633,CUST-00440,2025-07-21,West,Consumer,155.28,39.79,1
ORD-2029634,CUST-00332,2025-07-18,West,Consumer,1680.2,602.13,2
ORD-2029635,CUST-00089,2024-09-27,South,Corporate,1032.08,163.36,1
ORD-2029636,CUST-00490,2024-09-10,Central,Corporate,5255.45,1633.29,1
ORD-2029637,CUST-00573,2025-04-28,West,Consumer,8280.24,2403.84,2
ORD-2029638,CUST-00333,2024-07-27,West,Consumer,7634.2,2355.54,2
ORD-2029639,CUST-00335,2023-11-04,West,Consumer,7576.2,2074.53,1
ORD-2029640,CUST-00474,2023-11-28,West,Consumer,164.24,45.66,1
ORD-2029641,CUST-00027,2023-11-16,West,Consumer,674.07,200.15,1
ORD-2029642,CUST-00770,2024-12-10,West,Consumer,1348.14,291.51,1
ORD-2029643,CUST-00236,2023-10-29,Central,Consumer,9796.98,2659.0099999999998,2
ORD-2029644,CUST-00114,2025-09-28,West,Consumer,1152.72,202.28,1
ORD-2029645,CUST-00003,2023-08-21,Central,Corporate,1075.47,290.86,1
ORD-2029646,CUST-00691,2023-11-28,South,Consumer,3404.59,845.17,2
ORD-2029647,CUST-00694,2025-07-06,South,Consumer,146.32,22.43,1
ORD-2029648,CUST-00075,2023-04-28,Central,Consumer,155.28,55.65,1
ORD-2029649,CUST-00132,2025-02-14,Central,Corporate,168.0,64.27,1
ORD-2029650,CUST-00371,2025-01-04,West,Consumer,1078.16,240.93,1
ORD-2029651,CUST-00153,2024-10-22,South,Consumer,621.0,138.07,1
ORD-2029652,CUST-00600,2025-05-02,Central,Consumer,1096.28,445.22,1
ORD-2029653,CUST-00051,2025-10-20,South,Consumer,832.0799999999999,232.54000000000002,2
ORD-2029654,CUST-00453,2025-07-31,West,Home Office,1314.36,327.03,2
ORD-2029655,CUST-00311,2024-09-10,Central,Home Office,138.0,38.18,1
ORD-2029656,CUST-00387,2025-05-09,East,Corporate,387.4,49.2,1
ORD-2029657,CUST-00352,2025-08-03,East,Consumer,1774.1,514.56,1
ORD-2029658,CUST-00132,2025-07-31,Central,Corporate,2645.37,843.77,2
ORD-2029659,CUST-00182,2025-01-03,East,Consumer,2334.6899999999996,503.40999999999997,2
ORD-2029660,CUST-00056,2024-09-20,East,Consumer,1882.8,418.15,1
ORD-2029661,CUST-00094,2025-11-16,West,Consumer,313.8,61.91,1
ORD-2029662,CUST-00788,2025-06-19,Central,Home Office,432.27,178.94,1
ORD-2029663,CUST-00228,2024-06-03,Central,Consumer,14657.54,2429.96,1
ORD-2029664,CUST-00255,2025-04-29,Central,Home Office,4758.9400000000005,395.93,2
ORD-2029665,CUST-00104,2024-05-28,East,Consumer,4539.82,1134.97,2
ORD-2029666,CUST-00616,2023-10-20,Central,Consumer,236.86,91.93,1
ORD-2029667,CUST-00744,2025-06-15,West,Corporate,12230.82,3722.19,1
ORD-2029668,CUST-00641,2025-07-24,Central,Consumer,1205.55,441.67,1
ORD-2029669,CUST-00503,2025-03-08,South,Consumer,14016.3,2299.3,2
ORD-2029670,CUST-00655,2023-12-11,Central,Consumer,120.72,38.94,1
ORD-2029671,CUST-00333,2025-04-02,West,Consumer,5986.62,2000.55,2
ORD-2029672,CUST-00693,2023-08-24,South,Consumer,2808.4,55.06,1
ORD-2029673,CUST-00647,2024-08-24,West,Consumer,8904.32,900.23,2
ORD-2029674,CUST-00001,2024-08-27,East,Consumer,291.21999999999997,20.560000000000002,2
ORD-2029675,CUST-00406,2024-12-12,Central,Consumer,4954.42,2073.16,3
ORD-2029676,CUST-00216,2023-07-06,West,Corporate,6523.1,835.42,1
ORD-2029677,CUST-00068,2025-06-02,West,Home Office,496.08,373.825,2
ORD-2029678,CUST-00682,2025-01-24,East,Home Office,923.01,297.35,2
ORD-2029679,CUST-00004,2025-07-14,West,Consumer,135.26,-43.23,1
ORD-2029680,CUST-00599,2024-04-29,Central,Home Office,3073.14,500.42,1
ORD-2029681,CUST-00794,2024-09-08,South,Home Office,549.25,82.76,1
ORD-2029682,CUST-00403,2024-12-24,West,Home Office,539.27,54.33,1
ORD-2029683,CUST-00303,2025-11-05,East,Consumer,13479.48,3886.62,1
ORD-2029684,CUST-00499,2025-05-06,South,Consumer,737.2,268.6,1
ORD-2029685,CUST-00651,2025-06-22,West,Corporate,1139.4,440.58,1
ORD-2029686,CUST-00198,2024-10-05,East,Corporate,4673.26,1053.75,2
ORD-2029687,CUST-00206,2025-05-07,West,Corporate,6217.5599999999995,-770.03,2
ORD-2029688,CUST-00500,2023-11-15,West,Consumer,348.63,114.48,1
ORD-2029689,CUST-00758,2025-02-20,West,Consumer,14.84,4.44,1
ORD-2029690,CUST-00246,2023-02-10,East,Home Office,1211.49,217.16,2
ORD-2029691,CUST-00310,2025-06-24,East,Consumer,3079.59,706.15,1
ORD-2029692,CUST-00795,2023-02-23,West,Home Office,283.86,78.46,1
ORD-2029693,CUST-00146,2025-08-30,South,Consumer,1296.81,141.62,1
ORD-2029694,CUST-00063,2025-04-14,West,Home Office,4136.61,1277.04,1
ORD-2029695,CUST-00488,2023-08-15,Central,Consumer,6701.34,1761.3000000000002,2
ORD-2029696,CUST-00023,2024-04-13,East,Consumer,13362.57,3595.24,1
ORD-2029697,CUST-00148,2025-07-17,East,Consumer,5260.95,843.92,2
ORD-2029698,CUST-00508,2025-04-13,East,Consumer,13803.779999999999,4803.99,3
ORD-2029699,CUST-00537,2025-09-01,West,Home Office,10764.140000000001,3260.5,2
ORD-2029700,CUST-00423,2025-07-25,South,Consumer,840.24,299.46,1
ORD-2029701,CUST-00313,2024-09-23,East,Corporate,227.09,25.59,1
ORD-2029702,CUST-00479,2024-11-14,Central,Corporate,768.46,161.03,1
ORD-2029703,CUST-00527,2025-08-30,South,Consumer,13589.26,2546.81,2
ORD-2029704,CUST-00650,2024-10-02,South,Consumer,350.61,146.45,2
ORD-2029705,CUST-00643,2024-09-21,South,Corporate,12230.82,5267.35,1
ORD-2029706,CUST-00542,2024-11-21,East,Corporate,14783.23,2949.25,1
ORD-2029707,CUST-00717,2024-08-07,Central,Consumer,1333.89,257.51,1
ORD-2029708,CUST-00677,2025-02-09,Central,Consumer,7301.27,2494.5,2
ORD-2029709,CUST-00108,2024-09-11,Central,Corporate,11402.4,282.4499999999998,2
ORD-2029710,CUST-00769,2023-06-13,East,Corporate,852.62,177.59,1
ORD-2029711,CUST-00715,2025-05-07,South,Home Office,11291.83,4104.36,1
ORD-2029712,CUST-00262,2025-03-03,East,Home Office,730.22,220.18,2
ORD-2029713,CUST-00019,2023-11-29,South,Consumer,45.09,14.61,1
ORD-2029714,CUST-00498,2023-05-02,West,Consumer,464.84,80.46,1
ORD-2029715,CUST-00363,2025-03-17,East,Consumer,2595.1,1126.8,1
ORD-2029716,CUST-00611,2024-12-24,South,Corporate,14192.8,4737.48,1
ORD-2029717,CUST-00435,2024-12-26,West,Corporate,9866.52,1855.07,1
ORD-2029718,CUST-00063,2024-08-21,West,Home Office,19692.51,5520.59,2
ORD-2029719,CUST-00202,2024-09-22,South,Corporate,8063.58,1557.84,1
ORD-2029720,CUST-00707,2025-11-09,East,Consumer,7108.8099999999995,-1834.1499999999999,2
ORD-2029721,CUST-00037,2025-04-27,South,Consumer,34.9,9.42,1
ORD-2029722,CUST-00600,2024-12-24,Central,Consumer,2055.04,722.06,1
ORD-2029723,CUST-00236,2025-10-10,Central,Consumer,84.54,16.27,1
ORD-2029724,CUST-00377,2025-05-04,Central,Corporate,6471.81,1686.29,2
ORD-2029725,CUST-00438,2023-08-10,South,Home Office,2568.8,803.16,1
ORD-2029726,CUST-00206,2024-11-12,West,Corporate,1025.46,222.55,1
ORD-2029727,CUST-00532,2025-10-17,East,Consumer,236.84,40.52,1
ORD-2029728,CUST-00569,2024-02-28,Central,Corporate,1778.52,607.16,1
ORD-2029729,CUST-00068,2025-03-01,West,Home Office,66.86,29.25,1
ORD-2029730,CUST-00307,2025-01-11,West,Corporate,2297.52,977.09,1
ORD-2029731,CUST-00607,2023-10-17,West,Home Office,13479.48,4211.96,1
ORD-2029732,CUST-00592,2024-12-10,South,Corporate,2973.3,642.82,1
ORD-2029733,CUST-00449,2024-04-01,Central,Consumer,1172.36,45.66,1
ORD-2029734,CUST-00630,2024-02-16,West,Consumer,1095.28,277.59,2
ORD-2029735,CUST-00087,2024-07-24,East,Consumer,8883.36,2486.3,1
ORD-2029736,CUST-00096,2025-10-06,West,Consumer,2493.7,731.64,2
ORD-2029737,CUST-00535,2025-07-11,Central,Corporate,527.2,-21.78,1
ORD-2029738,CUST-00569,2025-04-27,Central,Corporate,5224.4,2105.59,1
ORD-2029739,CUST-00656,2025-03-01,Central,Corporate,138.0,47.29,1
ORD-2029740,CUST-00148,2025-11-15,East,Consumer,366.62,34.89,1
ORD-2029741,CUST-00429,2024-11-21,East,Home Office,1882.8,483.63,1
ORD-2029742,CUST-00538,2024-12-18,East,Consumer,557.74,140.53,1
ORD-2029743,CUST-00183,2024-12-26,West,Consumer,8878.4,1529.63,2
ORD-2029744,CUST-00429,2025-04-15,East,Home Office,6621.8,-1503.6000000000001,2
ORD-2029745,CUST-00524,2025-02-26,South,Consumer,0.0,227.65,1
ORD-2029746,CUST-00180,2024-09-23,Central,Consumer,769.86,166.98,2
ORD-2029747,CUST-00309,2024-02-27,West,Consumer,1583.21,265.52,2
ORD-2029748,CUST-00180,2024-12-30,Central,Consumer,1166.12,431.16,1
ORD-2029749,CUST-00722,2024-10-14,South,Consumer,574.38,237.34,1
ORD-2029750,CUST-00196,2024-08-22,East,Consumer,1176.8,440.81,1
ORD-2029751,CUST-00101,2024-11-03,South,Corporate,5294.27,1351.4299999999998,2
ORD-2029752,CUST-00036,2025-06-02,East,Consumer,4031.79,637.33,1
ORD-2029753,CUST-00042,2023-07-27,South,Consumer,2457.35,486.2,1
ORD-2029754,CUST-00156,2025-03-09,Central,Consumer,221.32,91.26,1
ORD-2029755,CUST-00502,2025-03-11,Central,Consumer,787.6,278.75,1
ORD-2029756,CUST-00015,2024-07-21,Central,Consumer,5132.65,1858.89,1
ORD-2029757,CUST-00234,2025-10-11,South,Consumer,338.91,138.8,1
ORD-2029758,CUST-00051,2023-06-03,South,Consumer,2871.21,552.92,1
ORD-2029759,CUST-00333,2024-04-09,West,Consumer,1318.0,152.15,1
ORD-2029760,CUST-00044,2024-05-30,West,Consumer,14133.13,5840.34,1
ORD-2029761,CUST-00501,2024-08-03,East,Consumer,10914.529999999999,968.85,2
ORD-2029762,CUST-00563,2024-10-20,West,Consumer,2543.11,858.84,1
ORD-2029763,CUST-00599,2024-01-18,Central,Home Office,706.74,313.46,1
ORD-2029764,CUST-00183,2025-08-26,West,Consumer,293.29,47.11,1
ORD-2029765,CUST-00697,2024-11-30,Central,Consumer,13887.369999999999,4084.74,3
ORD-2029766,CUST-00565,2024-07-20,South,Home Office,2520.72,398.0,1
ORD-2029767,CUST-00051,2024-07-19,South,Consumer,766.99,-15.61,1
ORD-2029768,CUST-00364,2024-09-27,South,Consumer,2091.44,372.38,1
ORD-2029769,CUST-00622,2023-08-25,West,Corporate,240.8,62.38,1
ORD-2029770,CUST-00257,2025-05-14,Central,Home Office,1679.22,308.02000000000004,2
ORD-2029771,CUST-00311,2023-03-20,Central,Home Office,1065.78,463.61,1
ORD-2029772,CUST-00514,2024-02-29,South,Home Office,2800.8,652.52,1
ORD-2029773,CUST-00049,2025-07-14,Central,Consumer,6302.55,1072.6,1
ORD-2029774,CUST-00775,2024-08-09,South,Consumer,1302.73,366.37,1
ORD-2029775,CUST-00145,2024-07-13,South,Consumer,11563.47,4070.15,1
ORD-2029776,CUST-00027,2025-02-16,West,Consumer,2240.64,718.51,1
ORD-2029777,CUST-00003,2023-07-14,Central,Corporate,273.0,99.25999999999999,2
ORD-2029778,CUST-00329,2023-11-09,East,Consumer,2126.82,603.57,1
ORD-2029779,CUST-00709,2024-11-08,West,Home Office,7995.02,1332.71,1
ORD-2029780,CUST-00661,2024-07-27,East,Home Office,4049.52,1516.05,1
ORD-2029781,CUST-00730,2025-01-22,Central,Home Office,1297.55,309.95,1
ORD-2029782,CUST-00440,2024-05-04,West,Consumer,20187.57,8565.17,2
ORD-2029783,CUST-00373,2025-07-21,West,Corporate,15167.57,3808.25,1
ORD-2029784,CUST-00316,2024-05-12,Central,Consumer,7692.97,1879.3000000000002,2
ORD-2029785,CUST-00043,2025-05-14,Central,Corporate,2812.95,746.29,1
ORD-2029786,CUST-00729,2023-05-17,West,Corporate,2106.3,860.55,1
ORD-2029787,CUST-00412,2024-07-16,East,Consumer,260.7,107.67,1
ORD-2029788,CUST-00380,2024-04-05,West,Home Office,2611.99,635.1600000000001,3
ORD-2029789,CUST-00427,2025-02-22,South,Corporate,2699.68,718.41,1
ORD-2029790,CUST-00644,2025-10-09,West,Corporate,1464.67,318.71,1
ORD-2029791,CUST-00183,2025-04-14,West,Consumer,1160.95,294.47,2
ORD-2029792,CUST-00580,2024-02-06,East,Consumer,8305.49,2432.69,3
ORD-2029793,CUST-00580,2023-11-18,East,Consumer,9017.46,2127.73,2
ORD-2029794,CUST-00686,2024-12-07,South,Corporate,3940.51,807.6800000000001,2
ORD-2029795,CUST-00004,2025-04-13,West,Consumer,11877.84,3518.54,1
ORD-2029796,CUST-00142,2024-04-20,East,Corporate,5132.65,1501.67,1
ORD-2029797,CUST-00393,2023-09-29,West,Consumer,589.76,140.43,1
ORD-2029798,CUST-00688,2024-10-25,Central,Corporate,848.57,239.42,2
ORD-2029799,CUST-00773,2023-07-05,East,Consumer,845.31,-147.76,1
ORD-2029800,CUST-00491,2023-06-17,South,Consumer,10137.560000000001,-1987.91,2
ORD-2029801,CUST-00178,2025-02-20,East,Corporate,2959.96,1089.08,1
ORD-2029802,CUST-00151,2023-09-14,South,Consumer,1790.36,553.92,1
ORD-2029803,CUST-00525,2024-08-25,West,Consumer,3970.4,1216.88,2
ORD-2029804,CUST-00178,2025-04-22,East,Corporate,2246.72,623.74,1
ORD-2029805,CUST-00456,2025-09-23,Central,Consumer,9431.099999999999,1105.29,2
ORD-2029806,CUST-00674,2023-04-26,East,Home Office,547.74,169.71,1
ORD-2029807,CUST-00320,2025-07-18,South,Home Office,757.89,-45.46,1
ORD-2029808,CUST-00310,2025-09-01,East,Consumer,1090.42,311.2,2
ORD-2029809,CUST-00036,2024-12-07,East,Consumer,4264.2,-278.3,2
ORD-2029810,CUST-00211,2025-08-21,West,Corporate,2803.23,870.82,3
ORD-2029811,CUST-00570,2024-04-12,Central,Consumer,788.36,229.72,2
ORD-2029812,CUST-00295,2025-08-01,Central,Home Office,1033.88,-68.51,1
ORD-2029813,CUST-00134,2024-01-16,Central,Corporate,1184.3,185.96,1
ORD-2029814,CUST-00085,2024-11-05,Central,Consumer,3712.55,1658.14,1
ORD-2029815,CUST-00075,2025-02-28,Central,Consumer,225.45,72.23,1
ORD-2029816,CUST-00536,2024-07-27,East,Consumer,16332.03,3103.1,1
ORD-2029817,CUST-00503,2023-07-13,South,Consumer,10396.2,1927.9,1
ORD-2029818,CUST-00430,2023-03-04,Central,Consumer,6766.43,1328.41,1
ORD-2029819,CUST-00414,2024-11-02,East,Corporate,1194.42,453.66,1
ORD-2029820,CUST-00132,2024-07-27,Central,Corporate,80.56,33.7,1
ORD-2029821,CUST-00414,2025-06-19,East,Corporate,980.67,286.23,1
ORD-2029822,CUST-00051,2025-06-05,South,Consumer,4493.16,1355.58,1
ORD-2029823,CUST-00746,2025-07-27,West,Consumer,195.54,80.96,1
ORD-2029824,CUST-00051,2025-08-12,South,Consumer,6981.2300000000005,1174.01,2
ORD-2029825,CUST-00352,2024-07-27,East,Consumer,1208.35,366.6,1
ORD-2029826,CUST-00001,2024-03-17,East,Consumer,959.2,255.43,1
ORD-2029827,CUST-00638,2023-11-16,West,Consumer,280.68,75.66,1
ORD-2029828,CUST-00140,2025-04-21,West,Corporate,2655.8,547.35,1
ORD-2029829,CUST-00745,2024-12-21,South,Consumer,3414.6,1040.07,1
ORD-2029830,CUST-00041,2025-11-08,East,Home Office,215.92000000000002,47.19,2
ORD-2029831,CUST-00661,2025-08-23,East,Home Office,4756.43,-2786.11,1
ORD-2029832,CUST-00535,2023-12-14,Central,Corporate,943.68,417.69,1
ORD-2029833,CUST-00205,2024-08-18,West,Home Office,4390.2,334.635,1
ORD-2029834,CUST-00168,2025-09-21,East,Consumer,5962.66,1887.57,3
ORD-2029835,CUST-00292,2024-03-10,West,Home Office,6327.52,-575.23,2
ORD-2029836,CUST-00667,2025-03-15,Central,Consumer,4838.15,1479.55,1
ORD-2029837,CUST-00694,2023-08-06,South,Consumer,131.4,55.43,1
ORD-2029838,CUST-00146,2024-10-28,South,Consumer,2391.42,-351.96000000000004,2
ORD-2029839,CUST-00291,2024-02-10,South,Consumer,4293.18,1334.44,1
ORD-2029840,CUST-00196,2025-03-28,East,Consumer,69.0,11.27,1
ORD-2029841,CUST-00103,2025-02-21,South,Home Office,877.8900000000001,233.16,2
ORD-2029842,CUST-00529,2025-07-16,South,Corporate,10471.22,3564.9100000000003,2
ORD-2029843,CUST-00283,2025-04-17,Central,Consumer,2652.48,1100.25,2
ORD-2029844,CUST-00185,2023-07-15,West,Home Office,161.12,45.66,1
ORD-2029845,CUST-00695,2024-07-31,East,Corporate,93.56,38.47,1
ORD-2029846,CUST-00611,2024-10-15,South,Corporate,143.2,28.05,1
ORD-2029847,CUST-00624,2024-11-10,West,Consumer,5849.06,2579.7,1
ORD-2029848,CUST-00037,2023-12-04,South,Consumer,1024.38,158.22,1
ORD-2029849,CUST-00735,2025-04-01,East,Home Office,11859.76,2645.54,1
ORD-2029850,CUST-00476,2023-10-02,South,Home Office,3756.06,553.16,1
ORD-2029851,CUST-00418,2023-07-15,East,Consumer,629.27,142.05,2
ORD-2029852,CUST-00006,2025-06-12,South,Home Office,8650.62,3336.13,2
ORD-2029853,CUST-00718,2025-03-17,West,Corporate,821.53,236.6,2
ORD-2029854,CUST-00449,2025-04-03,Central,Consumer,690.0,193.33,1
ORD-2029855,CUST-00666,2024-08-20,Central,Home Office,2157.06,50.67,1
ORD-2029856,CUST-00535,2025-09-16,Central,Corporate,627.6,182.61,1
ORD-2029857,CUST-00646,2025-02-18,West,Consumer,11563.619999999999,3981.4400000000005,2
ORD-2029858,CUST-00569,2025-06-13,Central,Corporate,947.44,286.63,1
ORD-2029859,CUST-00742,2025-05-06,South,Corporate,13498.4,5988.47,1
ORD-2029860,CUST-00185,2025-01-20,West,Home Office,1421.01,451.68,1
ORD-2029861,CUST-00167,2024-08-14,West,Corporate,1680.48,734.0,1
ORD-2029862,CUST-00582,2024-02-13,South,Corporate,21.2,3.38,1
ORD-2029863,CUST-00415,2024-11-19,East,Consumer,2498.7,673.05,2
ORD-2029864,CUST-00494,2023-12-27,Central,Consumer,473.68,108.12,1
ORD-2029865,CUST-00578,2024-08-23,Central,Consumer,1146.1100000000001,188.18,2
ORD-2029866,CUST-00452,2024-05-21,South,Consumer,100.8,9.06,1
ORD-2029867,CUST-00639,2023-11-25,South,Consumer,3852.98,1247.5,3
ORD-2029868,CUST-00262,2025-07-30,East,Home Office,2157.06,333.48,1
ORD-2029869,CUST-00693,2023-12-27,South,Consumer,16.96,7.04,1
ORD-2029870,CUST-00087,2025-06-11,East,Consumer,3408.99,-3.16,2
ORD-2029871,CUST-00519,2023-07-26,West,Consumer,164.24,43.75,1
ORD-2029872,CUST-00712,2025-10-21,Central,Consumer,1120.32,209.3,1
ORD-2029873,CUST-00208,2025-06-09,South,Consumer,5398.7,399.44999999999993,2
ORD-2029874,CUST-00269,2024-07-20,Central,Consumer,270.54,80.47,1
ORD-2029875,CUST-00254,2025-01-19,West,Consumer,841.8,251.04,1
ORD-2029876,CUST-00467,2024-12-30,East,Home Office,1843.75,64.94999999999999,2
ORD-2029877,CUST-00342,2025-04-27,West,Consumer,106.0,47.18,1
ORD-2029878,CUST-00087,2025-10-15,East,Consumer,973.76,240.97,3
ORD-2029879,CUST-00714,2024-04-09,South,Home Office,2528.62,102.05000000000001,2
ORD-2029880,CUST-00171,2024-07-22,East,Consumer,10858.470000000001,3748.82,2
ORD-2029881,CUST-00440,2025-04-23,West,Consumer,856.5,366.09,1
ORD-2029882,CUST-00491,2025-09-04,South,Consumer,82.12,21.93,1
ORD-2029883,CUST-00038,2024-12-24,South,Consumer,2351.06,617.15,2
ORD-2029884,CUST-00075,2025-01-24,Central,Consumer,3640.18,606.61,2
ORD-2029885,CUST-00782,2025-05-29,Central,Consumer,242.07,62.05,1
ORD-2029886,CUST-00542,2025-06-20,East,Corporate,759.0,211.51,1
ORD-2029887,CUST-00034,2024-11-04,Central,Corporate,387.13,64.7,2
ORD-2029888,CUST-00644,2023-12-12,West,Corporate,4420.35,1915.59,1
ORD-2029889,CUST-00421,2025-07-18,South,Consumer,1450.53,518.1,2
ORD-2029890,CUST-00061,2024-11-28,South,Corporate,1891.0500000000002,503.75,2
ORD-2029891,CUST-00555,2025-12-07,South,Home Office,962.1800000000001,304.20000000000005,2
ORD-2029892,CUST-00413,2023-02-03,West,Home Office,10083.060000000001,3361.29,2
ORD-2029893,CUST-00171,2025-07-03,East,Consumer,2010.1399999999999,306.35,3
ORD-2029894,CUST-00704,2023-12-14,East,Corporate,825.72,-246.97,1
ORD-2029895,CUST-00236,2023-06-04,Central,Consumer,1048.58,25.46,3
ORD-2029896,CUST-00234,2024-09-28,South,Consumer,3425.92,756.2,1
ORD-2029897,CUST-00221,2023-06-01,East,Corporate,94.87,36.2,1
ORD-2029898,CUST-00622,2024-07-17,West,Corporate,2516.48,805.1600000000001,3
ORD-2029899,CUST-00577,2023-03-22,South,Consumer,3786.5200000000004,97.13,2
ORD-2029900,CUST-00722,2025-06-03,South,Consumer,8435.0,264.81,2
ORD-2029901,CUST-00188,2024-11-24,West,Consumer,22999.399999999998,6245.72,3
ORD-2029902,CUST-00639,2024-10-19,South,Consumer,3174.78,476.14,2
ORD-2029903,CUST-00474,2025-06-29,West,Consumer,10339.88,2512.09,2
ORD-2029904,CUST-00255,2024-11-16,Central,Home Office,219.7,88.87,1
ORD-2029905,CUST-00036,2024-05-27,East,Consumer,275.2,32.48,1
ORD-2029906,CUST-00661,2023-10-31,East,Home Office,1547.29,391.07,2
ORD-2029907,CUST-00200,2024-11-20,South,Corporate,419.73,92.54,2
ORD-2029908,CUST-00516,2024-06-20,East,Home Office,935.6,179.05,1
ORD-2029909,CUST-00453,2025-08-04,West,Home Office,656.33,282.29999999999995,2
ORD-2029910,CUST-00003,2023-10-09,Central,Corporate,2942.01,706.85,1
ORD-2029911,CUST-00796,2025-03-15,West,Consumer,1400.4,604.93,1
ORD-2029912,CUST-00656,2025-09-22,Central,Corporate,109.85,43.86,1
ORD-2029913,CUST-00405,2024-11-08,West,Consumer,1073.1299999999999,304.35,2
ORD-2029914,CUST-00554,2025-09-25,West,Consumer,1360.4,243.78,2
ORD-2029915,CUST-00396,2024-12-15,South,Consumer,753.8,67.54,1
ORD-2029916,CUST-00607,2025-03-06,West,Home Office,72.8,5.58,1
ORD-2029917,CUST-00108,2024-05-23,Central,Corporate,4177.9,709.03,1
ORD-2029918,CUST-00370,2024-10-31,South,Corporate,329.55,73.04,1
ORD-2029919,CUST-00274,2024-05-27,South,Corporate,3334.08,855.02,3
ORD-2029920,CUST-00384,2025-03-23,East,Corporate,2858.74,799.0400000000001,2
ORD-2029921,CUST-00376,2025-02-24,East,Home Office,2723.28,1109.53,1
ORD-2029922,CUST-00116,2023-05-10,Central,Consumer,18119.809999999998,4900.5,3
ORD-2029923,CUST-00787,2024-09-14,East,Consumer,1756.08,560.19,1
ORD-2029924,CUST-00012,2025-02-06,South,Corporate,3212.33,744.12,2
ORD-2029925,CUST-00006,2025-07-28,South,Home Office,6978.73,2576.66,1
ORD-2029926,CUST-00306,2025-01-04,East,Corporate,109.85,35.22,1
ORD-2029927,CUST-00507,2025-10-15,Central,Consumer,274.48,101.36,2
ORD-2029928,CUST-00148,2025-07-27,East,Consumer,10783.58,2184.83,1
ORD-2029929,CUST-00439,2025-01-19,East,Consumer,1541.28,299.41,1
ORD-2029930,CUST-00592,2024-06-07,South,Corporate,200.48,5.19,1
ORD-2029931,CUST-00074,2025-02-01,East,Consumer,1634.45,-318.26,1
ORD-2029932,CUST-00791,2025-09-23,East,Consumer,592.15,258.82,1
ORD-2029933,CUST-00275,2025-10-24,West,Corporate,13512.08,3504.88,2
ORD-2029934,CUST-00527,2025-05-25,South,Consumer,2808.4,836.67,1
ORD-2029935,CUST-00090,2024-06-23,South,Corporate,4493.36,1509.48,2
ORD-2029936,CUST-00579,2024-09-07,South,Consumer,5374.89,1018.45,1
ORD-2029937,CUST-00679,2024-05-23,Central,Corporate,638.05,70.08,1
ORD-2029938,CUST-00084,2023-07-22,South,Consumer,674.07,293.02,1
ORD-2029939,CUST-00104,2024-03-11,East,Consumer,118.43,21.37,1
ORD-2029940,CUST-00230,2025-05-01,East,Corporate,1076.85,186.43,1
ORD-2029941,CUST-00007,2025-06-06,East,Consumer,7861.71,1960.48,2
ORD-2029942,CUST-00792,2025-04-17,West,Consumer,10177.88,1862.13,3
ORD-2029943,CUST-00494,2025-06-22,Central,Consumer,6334.0,1621.18,2
ORD-2029944,CUST-00501,2023-12-27,East,Consumer,7425.1,1398.47,1
ORD-2029945,CUST-00770,2024-04-24,West,Consumer,5736.82,653.3,1
ORD-2029946,CUST-00671,2024-02-28,South,Home Office,610.22,151.08,1
ORD-2029947,CUST-00656,2024-07-02,Central,Corporate,7583.78,-1833.04,1
ORD-2029948,CUST-00277,2024-12-20,West,Home Office,588.95,145.54,1
ORD-2029949,CUST-00274,2025-03-17,South,Corporate,1654.65,547.75,2
ORD-2029950,CUST-00236,2023-03-02,Central,Consumer,2667.0,615.53,1
ORD-2029951,CUST-00284,2025-12-21,West,Consumer,2975.94,743.595,2
ORD-2029952,CUST-00302,2024-01-29,South,Consumer,367.43,77.12,1
ORD-2029953,CUST-00113,2023-04-01,Central,Consumer,251.26,-10.93,1
ORD-2029954,CUST-00291,2023-10-26,South,Consumer,3813.48,1199.26,1
ORD-2029955,CUST-00370,2024-08-22,South,Corporate,12.72,4.69,1
ORD-2029956,CUST-00255,2025-02-24,Central,Home Office,3268.9,1266.55,1
ORD-2029957,CUST-00140,2025-02-13,West,Corporate,6127.47,-30.810000000000002,2
ORD-2029958,CUST-00306,2025-05-31,East,Corporate,7021.0,1973.34,1
ORD-2029959,CUST-00402,2025-01-18,South,Consumer,1098.5,493.24,1
ORD-2029960,CUST-00591,2024-04-20,South,Corporate,5228.6,458.44,1
ORD-2029961,CUST-00580,2024-08-26,East,Consumer,10326.28,70.28,1
ORD-2029962,CUST-00168,2025-05-26,East,Consumer,8870.5,3676.44,1
ORD-2029963,CUST-00037,2023-09-30,South,Consumer,842.89,305.44,2
ORD-2029964,CUST-00252,2023-12-02,West,Home Office,5132.65,2212.42,1
ORD-2029965,CUST-00133,2023-12-17,East,Consumer,14847.3,4686.02,1
ORD-2029966,CUST-00326,2025-05-07,East,Consumer,12267.21,4967.87,2
ORD-2029967,CUST-00789,2024-11-08,Central,Consumer,2139.98,584.5500000000001,2
ORD-2029968,CUST-00148,2024-06-25,East,Consumer,1824.08,407.90999999999997,2
ORD-2029969,CUST-00262,2025-01-21,East,Home Office,12059.08,5162.68,1
ORD-2029970,CUST-00594,2023-10-30,South,Consumer,1962.38,-592.02,1
ORD-2029971,CUST-00422,2025-02-19,Central,Corporate,216.81,43.39,1
ORD-2029972,CUST-00041,2024-07-24,East,Home Office,4251.17,1417.15,1
ORD-2029973,CUST-00136,2025-01-02,West,Consumer,309.98,85.09,1
ORD-2029974,CUST-00755,2023-08-25,Central,Consumer,2055.04,784.37,1
ORD-2029975,CUST-00082,2025-09-02,West,Consumer,116.46,44.16,1
ORD-2029976,CUST-00521,2025-06-14,West,Consumer,576.36,196.2,1
ORD-2029977,CUST-00643,2024-10-09,South,Corporate,5938.92,2047.61,1
ORD-2029978,CUST-00217,2025-01-05,East,Corporate,4210.92,1620.5700000000002,2
ORD-2029979,CUST-00594,2025-06-28,South,Consumer,2311.92,582.23,1
ORD-2029980,CUST-00142,2025-02-13,East,Corporate,127.74,23.22,1
ORD-2029981,CUST-00234,2024-11-03,South,Consumer,76.65,-13.02,1
ORD-2029982,CUST-00257,2024-11-12,Central,Home Office,4040.64,80.9,1
ORD-2029983,CUST-00798,2024-06-01,West,Corporate,607.31,215.99,1
ORD-2029984,CUST-00180,2024-08-17,Central,Consumer,3927.66,977.7,2
ORD-2029985,CUST-00105,2024-11-01,South,Consumer,597.21,262.72,1
ORD-2029986,CUST-00746,2024-03-27,West,Consumer,191.62,25.19,1
ORD-2029987,CUST-00137,2024-05-28,Central,Consumer,1312.32,436.49,1
ORD-2029988,CUST-00705,2025-02-06,East,Consumer,326.89,80.68,1
ORD-2029989,CUST-00531,2024-08-06,Central,Consumer,9652.09,1646.95,1
ORD-2029990,CUST-00480,2025-08-08,East,Corporate,501.2,178.16,1
ORD-2029991,CUST-00612,2024-12-23,West,Corporate,24814.48,5963.849999999999,3
ORD-2029992,CUST-00596,2025-06-16,South,Consumer,716.4300000000001,199.72,3
ORD-2029993,CUST-00090,2024-03-03,South,Corporate,1275.9099999999999,493.49,3
ORD-2029994,CUST-00800,2024-10-04,West,Corporate,2830.5,574.97,2
ORD-2029995,CUST-00759,2024-06-02,East,Consumer,1999.35,358.3,3
ORD-2029996,CUST-00718,2025-02-01,West,Corporate,5922.24,898.87,1
ORD-2029997,CUST-00508,2025-04-18,East,Consumer,593.1,55.13,1
ORD-2029998,CUST-00432,2023-08-02,Central,Corporate,271.74,43.91,1
ORD-2029999,CUST-00441,2025-10-31,South,Consumer,1166.7,361.59999999999997,2
ORD-2030000,CUST-00011,2025-08-06,Central,Corporate,1672.19,-262.38,1
ORD-2030001,CUST-00413,2025-07-29,West,Home Office,215.67,93.66,1
ORD-2030002,CUST-00508,2025-03-09,East,Consumer,850.73,-114.75,1
ORD-2030003,CUST-00536,2024-04-09,East,Consumer,360.72,161.41,1
ORD-2030004,CUST-00272,2023-12-09,East,Corporate,9927.86,-19.19,1
ORD-2030005,CUST-00393,2024-08-29,West,Consumer,2089.76,-121.27,1
ORD-2030006,CUST-00522,2024-06-10,East,Corporate,6012.37,561.56,1
ORD-2030007,CUST-00356,2025-03-02,South,Consumer,59.12,16.19,1
ORD-2030008,CUST-00772,2025-02-05,South,Corporate,6073.1,1351.0,1
ORD-2030009,CUST-00576,2023-12-11,West,Corporate,11072.44,3289.07,2
ORD-2030010,CUST-00001,2023-08-06,East,Consumer,33.6,-0.07,1
ORD-2030011,CUST-00021,2025-02-16,Central,Corporate,109.5,45.87,1
ORD-2030012,CUST-00565,2025-02-10,South,Home Office,750.52,81.39,2
ORD-2030013,CUST-00341,2025-04-24,Central,Consumer,10265.3,2004.27,1
ORD-2030014,CUST-00678,2025-09-11,East,Consumer,1053.65,97.54,1
ORD-2030015,CUST-00144,2025-03-09,West,Home Office,3897.34,930.02,2
ORD-2030016,CUST-00010,2024-07-21,East,Home Office,307.64,59.49,1
ORD-2030017,CUST-00319,2025-05-19,South,Corporate,61.59,15.14,1
ORD-2030018,CUST-00600,2024-10-07,Central,Consumer,270.62,65.25,2
ORD-2030019,CUST-00782,2024-05-14,Central,Consumer,2845.29,833.25,2
ORD-2030020,CUST-00708,2025-03-28,Central,Consumer,1138.2,290.82,1
ORD-2030021,CUST-00404,2025-03-23,South,Corporate,623.25,164.2,1
ORD-2030022,CUST-00654,2025-11-23,South,Consumer,742.51,318.89,1
ORD-2030023,CUST-00058,2025-04-20,East,Consumer,1458.83,446.655,2
ORD-2030024,CUST-00473,2025-12-09,West,Home Office,144.09,23.64,1
ORD-2030025,CUST-00744,2023-11-21,West,Corporate,3600.45,365.38,1
ORD-2030026,CUST-00326,2025-09-07,East,Consumer,558.99,235.23000000000002,2
ORD-2030027,CUST-00770,2025-07-04,West,Consumer,707.76,176.2,1
ORD-2030028,CUST-00182,2025-03-22,East,Consumer,2578.2,1123.0,2
ORD-2030029,CUST-00085,2025-01-05,Central,Consumer,4312.64,-174.83,1
ORD-2030030,CUST-00435,2024-12-21,West,Corporate,466.86,46.22,1
ORD-2030031,CUST-00726,2025-11-05,East,Corporate,381.35,105.16,1
ORD-2030032,CUST-00257,2023-10-03,Central,Home Office,7278.95,-931.69,3
ORD-2030033,CUST-00648,2024-06-23,Central,Corporate,3365.01,530.75,2
ORD-2030034,CUST-00141,2025-02-02,South,Home Office,21.0,5.77,1
ORD-2030035,CUST-00609,2023-12-22,South,Corporate,800.1,241.77,1
ORD-2030036,CUST-00461,2024-09-21,Central,Corporate,1229.99,44.02999999999999,2
ORD-2030037,CUST-00146,2024-06-26,South,Consumer,212.94,-4.490000000000002,3
ORD-2030038,CUST-00589,2024-09-18,South,Consumer,159.98,32.17,1
ORD-2030039,CUST-00582,2024-09-23,South,Corporate,13325.04,3190.52,1
ORD-2030040,CUST-00428,2025-07-14,South,Consumer,9781.86,1807.05,2
ORD-2030041,CUST-00185,2023-05-22,West,Home Office,829.5600000000001,150.83,2
ORD-2030042,CUST-00107,2025-02-20,South,Consumer,5748.57,1719.76,1
ORD-2030043,CUST-00770,2025-05-29,West,Consumer,1138.2,-555.49,1
ORD-2030044,CUST-00535,2024-07-04,Central,Corporate,1237.16,360.5,2
ORD-2030045,CUST-00652,2025-01-17,Central,Consumer,2311.92,1035.71,1
ORD-2030046,CUST-00570,2025-02-01,Central,Consumer,2667.78,1106.6,1
ORD-2030047,CUST-00669,2024-07-22,South,Consumer,11473.64,3354.42,1
ORD-2030048,CUST-00138,2025-08-28,East,Consumer,85.16,13.35,1
ORD-2030049,CUST-00412,2023-09-07,East,Consumer,14.84,3.55,1
ORD-2030050,CUST-00546,2025-09-14,East,Consumer,19.71,2.82,1
ORD-2030051,CUST-00082,2023-11-26,West,Consumer,336.82,82.48,1
ORD-2030052,CUST-00127,2025-04-07,East,Home Office,1208.35,463.93,2
ORD-2030053,CUST-00519,2023-07-03,West,Consumer,6170.870000000001,1443.82,2
ORD-2030054,CUST-00697,2025-07-07,Central,Consumer,111.69,4.13,1
ORD-2030055,CUST-00537,2025-04-17,West,Home Office,14133.13,5394.58,1
ORD-2030056,CUST-00036,2025-10-29,East,Consumer,7290.3099999999995,2983.77,2
ORD-2030057,CUST-00779,2025-06-02,West,Consumer,14948.78,3782.86,1
ORD-2030058,CUST-00112,2024-01-07,South,Corporate,5922.24,430.32,1
ORD-2030059,CUST-00191,2023-11-15,Central,Home Office,24.14,0.7,1
ORD-2030060,CUST-00786,2025-11-05,Central,Corporate,5747.67,2382.24,2
ORD-2030061,CUST-00624,2025-05-14,West,Consumer,2297.52,834.26,1
ORD-2030062,CUST-00756,2025-12-03,West,Consumer,2605.18,-435.46,1
ORD-2030063,CUST-00651,2025-04-06,West,Corporate,5616.8,985.36,1
ORD-2030064,CUST-00532,2024-10-31,East,Consumer,622.48,76.84,1
ORD-2030065,CUST-00234,2025-04-22,South,Consumer,6075.61,1099.6799999999998,2
ORD-2030066,CUST-00269,2025-05-05,Central,Consumer,143.2,47.86,1
ORD-2030067,CUST-00763,2024-01-11,South,Corporate,755.86,118.44,2
ORD-2030068,CUST-00694,2025-05-05,South,Consumer,1517.6,649.14,1
ORD-2030069,CUST-00293,2023-11-25,South,Consumer,172.0,41.53,1
ORD-2030070,CUST-00306,2025-05-26,East,Corporate,44.32,7.65,1
ORD-2030071,CUST-00245,2024-07-15,Central,Corporate,988.02,149.83,1
ORD-2030072,CUST-00268,2023-10-24,West,Home Office,957.2,418.36,1
ORD-2030073,CUST-00694,2024-08-15,South,Consumer,109.49,-31.68,1
ORD-2030074,CUST-00006,2025-05-09,South,Home Office,28.18,9.54,1
ORD-2030075,CUST-00361,2024-12-09,South,Corporate,1949.58,-945.12,1
ORD-2030076,CUST-00760,2025-05-30,Central,Corporate,3936.83,317.47,1
ORD-2030077,CUST-00447,2025-10-10,West,Consumer,1778.52,788.63,1
ORD-2030078,CUST-00376,2024-01-25,East,Home Office,8466.76,2740.53,1
ORD-2030079,CUST-00257,2023-10-15,Central,Home Office,1925.3500000000001,723.85,2
ORD-2030080,CUST-00061,2024-09-29,South,Corporate,1778.0,702.84,1
ORD-2030081,CUST-00183,2025-09-10,West,Consumer,10287.199999999999,4437.53,2
ORD-2030082,CUST-00071,2024-11-17,South,Consumer,296.9,77.09,2
ORD-2030083,CUST-00104,2025-07-24,East,Consumer,534.88,115.82,1
ORD-2030084,CUST-00138,2024-12-03,East,Consumer,4492.46,743.2099999999999,2
ORD-2030085,CUST-00251,2025-05-05,East,Consumer,47.3,0.61,1
ORD-2030086,CUST-00006,2024-07-07,South,Home Office,8087.69,2811.97,1
ORD-2030087,CUST-00766,2024-05-10,South,Home Office,372.6,78.5,1
ORD-2030088,CUST-00103,2025-09-26,South,Home Office,342.17,-137.28,1
ORD-2030089,CUST-00312,2025-08-09,Central,Corporate,4136.61,777.73,1
ORD-2030090,CUST-00705,2025-01-12,East,Consumer,10.6,1.63,1
ORD-2030091,CUST-00085,2024-12-19,Central,Consumer,3557.04,1167.94,1
ORD-2030092,CUST-00404,2025-02-04,South,Corporate,4084.92,1652.45,1
ORD-2030093,CUST-00682,2024-12-14,East,Home Office,6978.73,2350.52,1
ORD-2030094,CUST-00461,2024-01-10,Central,Corporate,3063.69,-2131.14,1
ORD-2030095,CUST-00178,2023-12-13,East,Corporate,515.66,94.63999999999999,2
ORD-2030096,CUST-00600,2025-06-28,Central,Consumer,3112.3799999999997,967.26,2
ORD-2030097,CUST-00556,2025-03-09,Central,Home Office,14142.5,3954.27,2
ORD-2030098,CUST-00297,2024-05-16,South,Corporate,439.02,164.74,1
ORD-2030099,CUST-00043,2024-06-06,Central,Corporate,782.16,259.0,1
ORD-2030100,CUST-00004,2025-01-03,West,Consumer,4390.2,660.81,1
ORD-2030101,CUST-00666,2023-12-04,Central,Home Office,2125.58,-448.15,1
ORD-2030102,CUST-00263,2024-06-25,West,Consumer,8770.24,3892.9,1
ORD-2030103,CUST-00110,2023-07-04,Central,Consumer,7644.74,1906.44,1
ORD-2030104,CUST-00430,2025-06-22,Central,Consumer,2481.29,446.3,1
ORD-2030105,CUST-00742,2024-11-10,South,Corporate,3580.14,561.8000000000001,2
ORD-2030106,CUST-00004,2025-01-18,West,Consumer,290.48,56.99,1
ORD-2030107,CUST-00050,2025-09-07,South,Corporate,3813.48,1604.06,1
ORD-2030108,CUST-00347,2024-02-26,South,Consumer,2749.31,189.06,1
ORD-2030109,CUST-00553,2024-09-16,South,Consumer,111.3,-20.43,1
ORD-2030110,CUST-00396,2025-03-01,South,Consumer,3630.8,205.5,2
ORD-2030111,CUST-00718,2024-09-27,West,Corporate,1651.44,258.97,1
ORD-2030112,CUST-00042,2025-08-21,South,Consumer,10962.8,3068.55,1
ORD-2030113,CUST-00277,2025-10-19,West,Home Office,98.55,24.24,1
ORD-2030114,CUST-00288,2025-10-23,Central,Home Office,1804.44,615.23,1
ORD-2030115,CUST-00277,2025-09-23,West,Home Office,14227.11,2560.8,2
ORD-2030116,CUST-00406,2024-04-02,Central,Consumer,1250.3799999999999,212.25,2
ORD-2030117,CUST-00642,2024-01-28,South,Corporate,478.6,190.98,1
ORD-2030118,CUST-00262,2023-09-07,East,Home Office,3537.3199999999997,376.17,2
ORD-2030119,CUST-00607,2024-07-29,West,Home Office,1388.1599999999999,578.62,2
ORD-2030120,CUST-00121,2024-06-11,West,Home Office,302.8,-112.85,2
ORD-2030121,CUST-00463,2025-10-02,Central,Corporate,1188.02,43.63,1
ORD-2030122,CUST-00308,2024-09-24,Central,Corporate,685.4300000000001,126.4,2
ORD-2030123,CUST-00443,2025-04-15,East,Consumer,1417.88,532.83,1
ORD-2030124,CUST-00087,2024-12-16,East,Consumer,914.15,0.83,1
ORD-2030125,CUST-00768,2025-02-18,West,Consumer,6766.43,1268.49,1
ORD-2030126,CUST-00726,2024-02-27,East,Corporate,665.75,50.89,2
ORD-2030127,CUST-00666,2025-04-28,Central,Home Office,388.2,64.13,1
ORD-2030128,CUST-00715,2025-02-15,South,Home Office,3342.32,-1121.02,1
ORD-2030129,CUST-00121,2024-04-23,West,Home Office,171.3,70.66,1
ORD-2030130,CUST-00418,2025-05-03,East,Consumer,2568.8,1085.46,1
ORD-2030131,CUST-00262,2025-02-01,East,Home Office,10370.619999999999,249.01000000000002,2
ORD-2030132,CUST-00711,2025-10-17,Central,Consumer,2378.64,792.15,1
ORD-2030133,CUST-00156,2024-11-27,Central,Consumer,1097.8,370.2,1
ORD-2030134,CUST-00182,2025-06-03,East,Consumer,5582.98,690.48,1
ORD-2030135,CUST-00562,2024-03-20,East,Consumer,3414.6,1236.18,1
ORD-2030136,CUST-00070,2025-07-07,West,Consumer,328.08,126.53,1
ORD-2030137,CUST-00599,2025-02-09,Central,Home Office,2615.55,581.86,2
ORD-2030138,CUST-00219,2024-09-20,West,Consumer,2961.12,1313.94,1
ORD-2030139,CUST-00538,2023-11-08,East,Consumer,2942.01,700.95,1
ORD-2030140,CUST-00700,2025-10-13,East,Consumer,3172.15,1329.11,1
ORD-2030141,CUST-00503,2024-03-18,South,Consumer,293.29,16.62,1
ORD-2030142,CUST-00179,2025-04-16,South,Home Office,2368.35,410.16,1
ORD-2030143,CUST-00045,2025-11-28,East,Consumer,3132.81,959.34,3
ORD-2030144,CUST-00042,2024-08-04,South,Consumer,4246.64,566.74,1
ORD-2030145,CUST-00070,2024-09-03,West,Consumer,7043.65,2351.19,2
ORD-2030146,CUST-00480,2024-12-16,East,Corporate,972.77,287.99,2
ORD-2030147,CUST-00286,2025-11-20,South,Consumer,444.5,87.75,1
ORD-2030148,CUST-00202,2025-08-31,South,Corporate,236.84,105.79,1
ORD-2030149,CUST-00182,2024-05-09,East,Consumer,1798.16,388.37,1
ORD-2030150,CUST-00766,2023-12-06,South,Home Office,1336.26,482.46,1
ORD-2030151,CUST-00098,2025-04-08,Central,Corporate,3503.38,1321.94,1
ORD-2030152,CUST-00253,2023-06-17,East,Corporate,3139.05,916.79,2
ORD-2030153,CUST-00394,2024-01-01,Central,Consumer,2736.02,770.55,2
ORD-2030154,CUST-00001,2025-03-28,East,Consumer,0.0,86.68,1
ORD-2030155,CUST-00742,2023-11-08,South,Corporate,6609.450000000001,1892.6399999999999,2
ORD-2030156,CUST-00077,2024-12-08,West,Consumer,1959.88,-156.70999999999998,2
ORD-2030157,CUST-00557,2024-12-07,Central,Corporate,36.07,9.57,1
ORD-2030158,CUST-00512,2025-01-10,Central,Home Office,8875.96,1265.55,2
ORD-2030159,CUST-00652,2023-12-04,Central,Consumer,4076.94,1051.15,1
ORD-2030160,CUST-00532,2025-07-01,East,Consumer,18217.54,1089.01,2
ORD-2030161,CUST-00623,2024-07-17,East,Home Office,1326.96,350.29,1
ORD-2030162,CUST-00348,2024-07-16,South,Consumer,4858.48,1904.11,1
ORD-2030163,CUST-00407,2024-10-18,West,Corporate,1127.92,240.33,1
ORD-2030164,CUST-00574,2025-01-25,East,Home Office,476.01,173.38,2
ORD-2030165,CUST-00471,2024-10-27,Central,Corporate,1177.9,513.38,1
ORD-2030166,CUST-00425,2024-06-13,West,Corporate,9022.25,2022.35,2
ORD-2030167,CUST-00172,2023-11-24,East,Corporate,6891.16,2466.24,2
ORD-2030168,CUST-00211,2024-08-21,West,Corporate,1101.34,155.06,1
ORD-2030169,CUST-00292,2023-11-25,West,Home Office,327.87,23.15,2
ORD-2030170,CUST-00006,2024-09-24,South,Home Office,9238.77,771.82,1
ORD-2030171,CUST-00347,2025-07-03,South,Consumer,13788.7,5357.22,1
ORD-2030172,CUST-00002,2024-06-16,South,Home Office,1885.12,507.53000000000003,2
ORD-2030173,CUST-00467,2025-05-24,East,Home Office,4209.0,1371.89,1
ORD-2030174,CUST-00575,2023-03-12,East,Consumer,594.66,117.47,1
ORD-2030175,CUST-00466,2024-10-25,South,Home Office,1271.16,399.28,1
ORD-2030176,CUST-00569,2024-04-22,Central,Corporate,1501.01,612.1700000000001,2
ORD-2030177,CUST-00001,2024-04-22,East,Consumer,313.8,-48.17,1
ORD-2030178,CUST-00051,2024-03-21,South,Consumer,4901.9,1482.56,1
ORD-2030179,CUST-00571,2025-09-16,South,Consumer,14082.7,1422.74,3
ORD-2030180,CUST-00650,2025-08-04,South,Consumer,140.41,-6.18,1
ORD-2030181,CUST-00588,2025-06-14,East,Consumer,943.5799999999999,317.64,2
ORD-2030182,CUST-00541,2024-07-22,Central,Consumer,6159.18,1498.79,1
ORD-2030183,CUST-00578,2025-05-20,Central,Consumer,1338.49,207.35,2
ORD-2030184,CUST-00602,2024-08-06,South,Consumer,656.16,268.4,1
ORD-2030185,CUST-00593,2025-05-19,East,Corporate,2831.06,969.31,2
ORD-2030186,CUST-00601,2025-02-11,Central,Consumer,2523.9700000000003,378.27,2
ORD-2030187,CUST-00061,2025-03-22,South,Corporate,6357.25,315.52,2
ORD-2030188,CUST-00054,2024-08-26,West,Consumer,7520.22,1164.74,1
ORD-2030189,CUST-00296,2023-06-17,Central,Consumer,256.95,48.63,1
ORD-2030190,CUST-00436,2023-08-19,East,Corporate,3134.64,1330.42,1
ORD-2030191,CUST-00620,2023-06-30,East,Consumer,10029.7,1322.58,3
ORD-2030192,CUST-00274,2024-04-12,South,Corporate,5580.64,1342.0800000000002,3
ORD-2030193,CUST-00224,2024-06-24,East,Consumer,4446.3,1118.35,1
ORD-2030194,CUST-00633,2024-10-05,West,Consumer,710.58,287.15,1
ORD-2030195,CUST-00204,2024-09-12,Central,Corporate,2537.72,679.39,1
ORD-2030196,CUST-00661,2025-02-20,East,Home Office,1317.7199999999998,285.11999999999995,2
ORD-2030197,CUST-00147,2025-09-11,East,Consumer,5898.78,2210.11,2
ORD-2030198,CUST-00293,2025-09-24,South,Consumer,4588.610000000001,537.86,2
ORD-2030199,CUST-00331,2025-03-30,Central,Consumer,20.53,9.06,1
ORD-2030200,CUST-00248,2023-06-01,West,Consumer,2223.15,406.03,1
ORD-2030201,CUST-00003,2025-06-19,Central,Corporate,7900.01,-4863.55,2
ORD-2030202,CUST-00194,2024-11-25,West,Corporate,841.8,198.38,1
ORD-2030203,CUST-00275,2023-10-23,West,Corporate,607.31,168.2,1
ORD-2030204,CUST-00258,2023-01-12,East,Consumer,10988.300000000001,4500.97,2
ORD-2030205,CUST-00637,2024-05-18,East,Consumer,3389.76,511.33,1
ORD-2030206,CUST-00044,2025-08-02,West,Consumer,6358.0,1320.02,1
ORD-2030207,CUST-00320,2025-04-09,South,Home Office,1517.6,303.66,1
ORD-2030208,CUST-00037,2025-03-17,South,Consumer,297.33,66.59,1
ORD-2030209,CUST-00752,2024-08-20,East,Home Office,473.1,180.43,1
ORD-2030210,CUST-00641,2024-12-04,Central,Consumer,1142.34,280.17,1
ORD-2030211,CUST-00789,2025-11-01,Central,Consumer,3046.12,1249.55,2
ORD-2030212,CUST-00730,2024-03-14,Central,Home Office,1465.23,435.80999999999995,2
ORD-2030213,CUST-00260,2024-08-30,Central,Consumer,153.3,40.17,1
ORD-2030214,CUST-00566,2025-06-10,East,Consumer,828.94,306.49,1
ORD-2030215,CUST-00255,2025-03-31,Central,Home Office,4858.48,2062.61,1
ORD-2030216,CUST-00711,2025-11-05,Central,Consumer,593.1,186.33,1
ORD-2030217,CUST-00338,2025-10-11,West,Consumer,432.27,177.83,1
ORD-2030218,CUST-00309,2024-11-26,West,Consumer,2824.2,978.94,1
ORD-2030219,CUST-00733,2025-03-29,South,Consumer,65.7,20.16,1
ORD-2030220,CUST-00676,2024-04-26,Central,Consumer,653.78,114.54,1
ORD-2030221,CUST-00775,2023-12-22,South,Consumer,11015.28,1083.07,2
ORD-2030222,CUST-00057,2024-10-11,Central,Home Office,492.12,181.43,1
ORD-2030223,CUST-00202,2024-10-25,South,Corporate,10942.94,2647.0899999999997,2
ORD-2030224,CUST-00249,2024-06-05,South,Corporate,459.5,86.54,1
ORD-2030225,CUST-00352,2025-05-31,East,Consumer,78.21,-37.78,1
ORD-2030226,CUST-00396,2025-10-01,South,Consumer,450.9,107.7,1
ORD-2030227,CUST-00236,2024-08-12,Central,Consumer,11498.83,4978.349999999999,2
ORD-2030228,CUST-00641,2025-04-06,Central,Consumer,635.3,74.66,2
ORD-2030229,CUST-00183,2025-06-03,West,Consumer,758.95,68.5,1
ORD-2030230,CUST-00570,2025-07-07,Central,Consumer,2133.6,334.635,1
ORD-2030231,CUST-00688,2025-04-26,Central,Corporate,2780.04,154.87,1
ORD-2030232,CUST-00497,2023-07-29,East,Consumer,1355.0900000000001,383.75,2
ORD-2030233,CUST-00291,2025-01-12,South,Consumer,2510.4,237.28,1
ORD-2030234,CUST-00154,2025-11-02,West,Home Office,4553.780000000001,826.5799999999999,2
ORD-2030235,CUST-00108,2024-01-12,Central,Corporate,1670.3799999999999,150.03,2
ORD-2030236,CUST-00607,2024-02-19,West,Home Office,3159.45,-1872.65,1
ORD-2030237,CUST-00392,2024-08-11,East,Consumer,2987.9300000000003,210.14999999999998,2
ORD-2030238,CUST-00043,2025-08-24,Central,Corporate,16.96,5.07,1
ORD-2030239,CUST-00791,2023-12-27,East,Consumer,358.0,142.57,1
ORD-2030240,CUST-00547,2024-03-16,West,Corporate,3860.79,965.48,2
ORD-2030241,CUST-00681,2023-10-28,Central,Consumer,143.72,28.21,1
ORD-2030242,CUST-00363,2024-12-06,East,Consumer,2489.93,70.15,1
ORD-2030243,CUST-00769,2025-10-23,East,Corporate,2747.9800000000005,740.73,2
ORD-2030244,CUST-00166,2025-05-16,South,Corporate,4200.0,748.71,2
ORD-2030245,CUST-00152,2025-04-15,West,Consumer,3583.26,1032.44,1
ORD-2030246,CUST-00712,2025-03-28,Central,Consumer,1098.3,-4.3,1
ORD-2030247,CUST-00715,2025-06-22,South,Home Office,6997.17,2155.0299999999997,2
ORD-2030248,CUST-00412,2025-11-08,East,Consumer,4170.01,165.04,2
ORD-2030249,CUST-00104,2024-07-08,East,Consumer,6808.2,1526.53,1
ORD-2030250,CUST-00254,2025-07-26,West,Consumer,623.52,48.55,2
ORD-2030251,CUST-00614,2024-05-22,West,Home Office,517.8,194.47,2
ORD-2030252,CUST-00682,2025-02-14,East,Home Office,3691.38,855.22,2
ORD-2030253,CUST-00285,2025-10-23,West,Corporate,4124.82,-390.19,1
ORD-2030254,CUST-00053,2023-11-08,West,Corporate,7423.65,2561.41,1
ORD-2030255,CUST-00544,2025-01-20,East,Consumer,1701.69,567.97,2
ORD-2030256,CUST-00602,2025-01-15,South,Consumer,80.48,17.76,1
ORD-2030257,CUST-00352,2023-12-03,East,Consumer,80.69,17.5,1
ORD-2030258,CUST-00484,2025-12-25,South,Consumer,988.02,183.49,1
ORD-2030259,CUST-00793,2023-06-09,Central,Home Office,488.85,334.635,1
ORD-2030260,CUST-00202,2024-10-14,South,Corporate,1360.32,537.08,2
ORD-2030261,CUST-00474,2025-05-12,West,Consumer,778.53,-133.1,1
ORD-2030262,CUST-00503,2023-09-27,South,Consumer,1962.48,634.22,2
ORD-2030263,CUST-00453,2023-04-30,West,Home Office,605.86,134.59,2
ORD-2030264,CUST-00697,2023-12-29,Central,Consumer,790.42,49.49,1
ORD-2030265,CUST-00499,2024-09-10,South,Consumer,2237.0299999999997,402.13,2
ORD-2030266,CUST-00420,2023-06-26,Central,Consumer,3295.33,1278.48,2
ORD-2030267,CUST-00103,2024-09-11,South,Home Office,1278.31,318.48,1
ORD-2030268,CUST-00574,2025-10-18,East,Home Office,936.45,50.65,2
ORD-2030269,CUST-00107,2025-01-09,South,Consumer,913.1099999999999,247.3,2
ORD-2030270,CUST-00026,2025-04-08,Central,Corporate,3201.34,1127.74,1
ORD-2030271,CUST-00407,2023-12-15,West,Corporate,3262.64,64.18,1
ORD-2030272,CUST-00473,2024-12-24,West,Home Office,680.82,163.48,1
ORD-2030273,CUST-00800,2024-11-20,West,Corporate,286.4,34.21,1
ORD-2030274,CUST-00581,2023-10-02,East,Home Office,3247.7,658.85,3
ORD-2030275,CUST-00685,2025-01-27,East,Home Office,2723.28,654.96,1
ORD-2030276,CUST-00284,2024-10-09,West,Consumer,16340.9,2594.5299999999997,2
ORD-2030277,CUST-00421,2025-01-01,South,Consumer,4987.88,1556.68,3
ORD-2030278,CUST-00784,2024-09-06,East,Consumer,3155.67,186.1,1
ORD-2030279,CUST-00347,2024-06-22,South,Consumer,929.68,229.46,1
ORD-2030280,CUST-00651,2024-04-03,West,Corporate,3564.05,-1211.32,1
ORD-2030281,CUST-00436,2025-02-11,East,Corporate,117.95,-4.98,1
ORD-2030282,CUST-00183,2025-08-07,West,Consumer,2595.12,531.76,1
ORD-2030283,CUST-00480,2024-10-29,East,Corporate,1776.3,537.32,1
ORD-2030284,CUST-00181,2023-11-30,South,Consumer,6467.14,2481.01,1
ORD-2030285,CUST-00002,2024-05-23,South,Home Office,988.5,169.09,1
ORD-2030286,CUST-00195,2024-11-11,South,Consumer,3036.55,530.14,1
ORD-2030287,CUST-00159,2025-05-18,Central,Corporate,1610.48,429.15,1
ORD-2030288,CUST-00303,2023-10-13,East,Consumer,434.7,45.66,1
ORD-2030289,CUST-00711,2025-07-21,Central,Consumer,473.72,78.42,1
ORD-2030290,CUST-00318,2025-07-12,Central,Consumer,294.88,111.79,1
ORD-2030291,CUST-00682,2025-03-10,East,Home Office,13692.07,3459.4,2
ORD-2030292,CUST-00459,2025-10-08,South,Consumer,5652.62,-351.19,2
ORD-2030293,CUST-00004,2025-08-19,West,Consumer,3545.73,1045.48,3
ORD-2030294,CUST-00155,2024-09-30,West,Consumer,527.05,92.94,1
ORD-2030295,CUST-00753,2025-11-16,East,Consumer,5755.530000000001,1145.86,2
ORD-2030296,CUST-00498,2024-11-26,West,Consumer,1492.67,284.2,1
ORD-2030297,CUST-00752,2025-01-30,East,Home Office,353.01,16.21,2
ORD-2030298,CUST-00256,2025-10-19,East,Consumer,488.82000000000005,134.01999999999998,2
ORD-2030299,CUST-00586,2025-08-31,South,Home Office,589.76,166.78,1
ORD-2030300,CUST-00624,2024-10-11,West,Consumer,550.06,189.29999999999998,2
ORD-2030301,CUST-00786,2024-05-27,Central,Corporate,719.26,105.04,1
ORD-2030302,CUST-00016,2025-01-08,South,Consumer,87.88,4.2,1
ORD-2030303,CUST-00766,2024-12-21,South,Home Office,18593.7,3472.0299999999997,2
ORD-2030304,CUST-00322,2025-02-09,East,Consumer,1772.35,457.04,1
ORD-2030305,CUST-00677,2024-12-11,Central,Consumer,828.94,127.41,1
ORD-2030306,CUST-00450,2025-10-16,West,Home Office,9470.01,2519.89,3
ORD-2030307,CUST-00467,2024-06-26,East,Home Office,7449.7300000000005,1480.03,2
ORD-2030308,CUST-00293,2024-11-16,South,Consumer,1065.78,234.56,1
ORD-2030309,CUST-00667,2025-08-31,Central,Consumer,49.27,8.98,1
ORD-2030310,CUST-00215,2025-01-13,Central,Consumer,10351.22,-3286.65,2
ORD-2030311,CUST-00410,2024-12-31,East,Home Office,1253.34,391.78,1
ORD-2030312,CUST-00462,2025-09-28,East,Corporate,426.31,127.0,1
ORD-2030313,CUST-00605,2024-07-16,South,Corporate,26.6,9.64,1
ORD-2030314,CUST-00394,2024-06-20,Central,Consumer,227.32,28.32,1
ORD-2030315,CUST-00554,2024-10-27,West,Consumer,891.99,333.73,1
ORD-2030316,CUST-00405,2023-12-10,West,Consumer,7304.94,846.49,2
ORD-2030317,CUST-00536,2025-09-11,East,Consumer,7333.57,1539.77,2
ORD-2030318,CUST-00552,2025-02-16,West,Consumer,9.54,1.47,1
ORD-2030319,CUST-00579,2025-11-26,South,Consumer,2973.3,1278.2,1
ORD-2030320,CUST-00664,2024-11-14,East,Corporate,344.0,56.45,1
ORD-2030321,CUST-00445,2024-06-22,Central,Consumer,605.12,160.37,2
ORD-2030322,CUST-00159,2024-10-23,Central,Corporate,13491.22,1793.35,2
ORD-2030323,CUST-00554,2024-09-06,West,Consumer,4736.7,734.1,1
ORD-2030324,CUST-00064,2024-12-07,South,Consumer,6294.34,1389.49,2
ORD-2030325,CUST-00182,2025-03-14,East,Consumer,6680.41,2388.59,1
ORD-2030326,CUST-00643,2025-01-09,South,Corporate,568.31,71.52,1
ORD-2030327,CUST-00360,2025-05-20,Central,Consumer,143.98,38.21,1
ORD-2030328,CUST-00412,2024-09-25,East,Consumer,795.81,106.67999999999999,2
ORD-2030329,CUST-00793,2025-03-05,Central,Home Office,2812.95,986.2,1
ORD-2030330,CUST-00193,2025-05-17,Central,Consumer,452.83000000000004,138.26999999999998,2
ORD-2030331,CUST-00018,2025-06-11,East,Corporate,10566.55,3667.44,2
ORD-2030332,CUST-00091,2024-10-31,West,Corporate,3159.09,493.24,1
ORD-2030333,CUST-00202,2025-07-21,South,Corporate,29.56,10.05,1
ORD-2030334,CUST-00596,2025-10-30,South,Consumer,9142.0,2250.4300000000003,2
ORD-2030335,CUST-00627,2024-12-05,West,Home Office,21.2,4.9,1
ORD-2030336,CUST-00467,2024-10-30,East,Home Office,231.19,34.7,1
ORD-2030337,CUST-00211,2025-04-21,West,Corporate,4914.7,-839.73,1
ORD-2030338,CUST-00431,2023-07-20,East,Corporate,513.26,109.21,1
ORD-2030339,CUST-00011,2025-05-17,Central,Corporate,5940.08,1454.5,1
ORD-2030340,CUST-00556,2025-03-03,Central,Home Office,3779.36,334.635,1
ORD-2030341,CUST-00504,2024-06-03,South,Consumer,4441.68,1495.65,1
ORD-2030342,CUST-00020,2025-10-18,West,Home Office,2156.32,546.73,1
ORD-2030343,CUST-00657,2025-08-14,South,Home Office,1333.5,407.44,1
ORD-2030344,CUST-00621,2024-05-27,West,Home Office,118.24,21.62,1
ORD-2030345,CUST-00255,2023-12-10,Central,Home Office,10568.74,2694.37,2
ORD-2030346,CUST-00521,2025-03-29,West,Consumer,1439.82,389.83,1
ORD-2030347,CUST-00495,2024-04-27,West,Corporate,632.46,144.98,1
ORD-2030348,CUST-00116,2024-08-17,Central,Consumer,5243.5,1303.58,3
ORD-2030349,CUST-00159,2025-03-15,Central,Corporate,40.24,10.26,1
ORD-2030350,CUST-00559,2024-11-21,South,Consumer,57.48,-9.87,1
ORD-2030351,CUST-00755,2025-06-27,Central,Consumer,7849.2,2504.2200000000003,2
ORD-2030352,CUST-00479,2025-05-14,Central,Corporate,7069.98,1297.86,2
ORD-2030353,CUST-00470,2025-07-18,South,Consumer,1167.13,4275.02,2
ORD-2030354,CUST-00529,2024-12-21,South,Corporate,478.6,80.42,1
ORD-2030355,CUST-00364,2025-01-22,South,Consumer,8697.47,163.36,1
ORD-2030356,CUST-00047,2025-10-29,West,Home Office,1495.81,373.16,1
ORD-2030357,CUST-00326,2024-12-10,East,Consumer,12148.56,4037.69,1
ORD-2030358,CUST-00720,2025-07-09,Central,Home Office,124.95,8.17,1
ORD-2030359,CUST-00651,2024-08-04,West,Corporate,11563.47,3835.64,1
ORD-2030360,CUST-00748,2025-01-15,West,Corporate,279.94,96.69,1
ORD-2030361,CUST-00132,2025-11-12,Central,Corporate,1956.18,391.63,2
ORD-2030362,CUST-00420,2024-08-14,Central,Consumer,4455.06,680.54,1
ORD-2030363,CUST-00485,2023-11-13,West,Consumer,2283.3199999999997,585.1,2
ORD-2030364,CUST-00177,2023-11-29,Central,Home Office,2969.46,506.95,1
ORD-2030365,CUST-00167,2024-06-15,West,Corporate,7386.08,3090.35,2
ORD-2030366,CUST-00634,2025-09-25,West,Home Office,7934.02,1821.6399999999999,3
ORD-2030367,CUST-00548,2023-05-16,Central,Home Office,9703.44,580.26,1
ORD-2030368,CUST-00529,2024-12-16,South,Corporate,1764.5,123.84,1
ORD-2030369,CUST-00218,2024-11-25,East,Consumer,4493.16,-2913.67,1
ORD-2030370,CUST-00420,2025-01-10,Central,Consumer,143.71,33.44,1
ORD-2030371,CUST-00021,2024-05-30,Central,Corporate,181.26,45.66,1
ORD-2030372,CUST-00105,2025-07-05,South,Consumer,5583.91,468.51,1
ORD-2030373,CUST-00430,2024-01-18,Central,Consumer,4236.25,1354.58,2
ORD-2030374,CUST-00255,2024-11-25,Central,Home Office,4031.79,706.15,1
ORD-2030375,CUST-00775,2024-04-06,South,Consumer,4313.16,1119.47,2
ORD-2030376,CUST-00394,2025-12-15,Central,Consumer,8883.36,1498.63,1
ORD-2030377,CUST-00068,2025-04-08,West,Home Office,207.0,68.78,1
ORD-2030378,CUST-00015,2025-03-07,Central,Consumer,11049.49,-186.39,2
ORD-2030379,CUST-00594,2024-12-21,South,Consumer,120.64,21.89,1
ORD-2030380,CUST-00143,2024-02-25,West,Corporate,987.78,34.76,1
ORD-2030381,CUST-00154,2024-10-19,West,Home Office,2965.5,1304.65,1
ORD-2030382,CUST-00352,2023-03-14,East,Consumer,9796.75,2602.1,2
ORD-2030383,CUST-00215,2023-12-15,Central,Consumer,240.9,58.12,1
ORD-2030384,CUST-00506,2025-06-14,West,Corporate,2055.04,529.03,1
ORD-2030385,CUST-00405,2024-08-13,West,Consumer,586.62,185.83,1
ORD-2030386,CUST-00091,2024-11-20,West,Corporate,2738.38,-628.9399999999999,2
ORD-2030387,CUST-00636,2023-10-24,Central,Corporate,742.51,301.39,1
ORD-2030388,CUST-00354,2024-11-08,West,Consumer,1086.56,46.69,1
ORD-2030389,CUST-00503,2024-08-29,South,Consumer,1005.33,142.22,2
ORD-2030390,CUST-00003,2024-01-28,Central,Corporate,1700.47,-325.59,1
ORD-2030391,CUST-00510,2025-03-20,East,Consumer,3451.8,1470.87,1
ORD-2030392,CUST-00232,2025-05-27,South,Corporate,9231.289999999999,3471.35,2
ORD-2030393,CUST-00411,2025-04-15,East,Consumer,1076.85,323.76,1
ORD-2030394,CUST-00245,2024-11-02,Central,Corporate,9818.32,3037.02,3
ORD-2030395,CUST-00797,2023-04-15,South,Consumer,1027.52,170.42,1
ORD-2030396,CUST-00190,2024-12-03,West,Consumer,3246.05,205.92000000000004,3
ORD-2030397,CUST-00731,2024-05-13,Central,Home Office,199.45000000000002,40.480000000000004,2
ORD-2030398,CUST-00739,2025-04-07,Central,Consumer,229.96,18.4,1
ORD-2030399,CUST-00348,2024-02-19,South,Consumer,2995.44,1073.33,1
ORD-2030400,CUST-00253,2025-05-08,East,Corporate,835.58,273.02,1
ORD-2030401,CUST-00311,2025-04-09,Central,Home Office,7150.73,2970.7200000000003,2
ORD-2030402,CUST-00794,2025-08-27,South,Home Office,6740.12,2040.67,1
ORD-2030403,CUST-00507,2024-08-26,Central,Consumer,5709.87,2044.81,1
ORD-2030404,CUST-00450,2025-12-14,West,Home Office,478.6,183.05,1
ORD-2030405,CUST-00036,2023-06-30,East,Consumer,1026.15,266.82,2
ORD-2030406,CUST-00684,2025-07-02,South,Corporate,127.74,25.51,1
ORD-2030407,CUST-00068,2025-06-01,West,Home Office,7185.71,1523.65,1
ORD-2030408,CUST-00044,2025-07-31,West,Consumer,639.92,165.69,1
ORD-2030409,CUST-00223,2024-05-21,Central,Home Office,232.42,90.56,1
ORD-2030410,CUST-00396,2024-09-30,South,Consumer,1318.51,282.41,2
ORD-2030411,CUST-00718,2025-05-31,West,Corporate,438.48,181.7,2
ORD-2030412,CUST-00641,2025-01-21,Central,Consumer,2936.87,852.9200000000001,2
ORD-2030413,CUST-00165,2024-07-01,West,Corporate,3290.7599999999998,963.98,2
ORD-2030414,CUST-00304,2025-08-11,South,Home Office,1756.08,428.91,1
ORD-2030415,CUST-00633,2024-03-04,West,Consumer,2510.4,310.34,1
ORD-2030416,CUST-00436,2025-03-26,East,Corporate,284.16,22.29,1
ORD-2030417,CUST-00145,2024-03-20,South,Consumer,2507.71,648.64,1
ORD-2030418,CUST-00326,2025-02-16,East,Consumer,6159.18,1057.07,1
ORD-2030419,CUST-00510,2025-03-22,East,Consumer,4660.92,1783.28,1
ORD-2030420,CUST-00783,2025-06-27,East,Consumer,1892.17,-339.23,2
ORD-2030421,CUST-00539,2024-08-21,Central,Home Office,5274.42,1560.47,3
ORD-2030422,CUST-00014,2025-07-13,South,Home Office,2480.0,509.46999999999997,2
ORD-2030423,CUST-00576,2025-04-05,West,Corporate,592.81,205.15,1
ORD-2030424,CUST-00207,2024-08-24,South,Home Office,1272.0,359.81,2
ORD-2030425,CUST-00694,2025-04-16,South,Consumer,130.3,5.54,1
ORD-2030426,CUST-00313,2025-04-21,East,Corporate,1208.35,534.05,1
ORD-2030427,CUST-00166,2023-06-16,South,Corporate,169.18,26.36,1
ORD-2030428,CUST-00390,2025-04-25,East,Corporate,264.94,32.48,1
ORD-2030429,CUST-00211,2025-07-23,West,Corporate,3404.1,761.09,1
ORD-2030430,CUST-00195,2024-12-05,South,Consumer,6307.02,1898.37,2
ORD-2030431,CUST-00474,2025-06-07,West,Consumer,464.84,119.11,1
ORD-2030432,CUST-00622,2025-01-20,West,Corporate,4559.67,533.1099999999999,2
ORD-2030433,CUST-00674,2025-08-24,East,Home Office,137.6,60.27,1
ORD-2030434,CUST-00326,2024-05-07,East,Consumer,2824.2,674.95,1
ORD-2030435,CUST-00057,2025-02-28,Central,Home Office,1255.2,-50.37,1
ORD-2030436,CUST-00404,2024-06-20,South,Corporate,10484.04,3640.72,1
ORD-2030437,CUST-00359,2025-09-28,East,Consumer,1096.28,441.29,1
ORD-2030438,CUST-00164,2025-05-26,West,Corporate,4933.26,1436.43,1
ORD-2030439,CUST-00718,2024-09-04,West,Corporate,7967.71,3126.94,2
ORD-2030440,CUST-00784,2025-11-20,East,Consumer,2192.56,742.63,1
ORD-2030441,CUST-00045,2024-12-19,East,Consumer,2969.31,415.61,2
ORD-2030442,CUST-00646,2025-07-09,West,Consumer,656.16,136.44,1
ORD-2030443,CUST-00528,2023-12-07,East,Home Office,320.93,-15.97,1
ORD-2030444,CUST-00214,2024-04-20,West,Home Office,1046.05,73.88,1
ORD-2030445,CUST-00521,2024-08-02,West,Consumer,3137.16,71.13,1
ORD-2030446,CUST-00104,2024-01-21,East,Consumer,2970.04,1293.92,1
ORD-2030447,CUST-00057,2024-07-29,Central,Home Office,2918.11,819.25,2
ORD-2030448,CUST-00795,2024-10-13,West,Home Office,750.3399999999999,0.7999999999999998,2
ORD-2030449,CUST-00522,2025-09-20,East,Corporate,7414.77,3208.22,1
ORD-2030450,CUST-00209,2024-04-27,West,Corporate,3700.2200000000003,595.69,2
ORD-2030451,CUST-00375,2024-03-14,South,Consumer,1223.85,26.7,1
ORD-2030452,CUST-00766,2024-03-22,South,Home Office,887.9000000000001,117.12,3
ORD-2030453,CUST-00363,2025-08-27,East,Consumer,2675.97,1196.58,1
ORD-2030454,CUST-00720,2024-10-25,Central,Home Office,9668.43,1764.61,1
ORD-2030455,CUST-00697,2024-06-13,Central,Consumer,267.44,56.3,1
ORD-2030456,CUST-00280,2024-12-04,East,Consumer,4993.6,1543.86,2
ORD-2030457,CUST-00570,2025-08-03,Central,Consumer,38.82,7.47,1
ORD-2030458,CUST-00537,2024-10-17,West,Home Office,5996.54,1292.93,2
ORD-2030459,CUST-00624,2024-12-04,West,Consumer,800.1,-115.65,1
ORD-2030460,CUST-00301,2025-05-14,West,Consumer,13838.79,2984.4300000000003,2
ORD-2030461,CUST-00045,2025-02-22,East,Consumer,6031.94,1123.57,1
ORD-2030462,CUST-00143,2024-02-18,West,Corporate,1333.89,372.1,1
ORD-2030463,CUST-00506,2024-12-10,West,Corporate,552.0,246.21,1
ORD-2030464,CUST-00626,2024-11-12,East,Consumer,9580.14,2340.49,1
ORD-2030465,CUST-00617,2024-05-24,East,Corporate,7613.1,2723.06,2
ORD-2030466,CUST-00485,2025-05-19,West,Consumer,13079.029999999999,2662.67,2
ORD-2030467,CUST-00068,2025-01-22,West,Home Office,402.62,138.01,1
ORD-2030468,CUST-00015,2024-08-28,Central,Consumer,6011.3,138.17000000000002,2
ORD-2030469,CUST-00634,2024-11-03,West,Home Office,355.26,95.85,1
ORD-2030470,CUST-00453,2025-01-11,West,Home Office,2478.63,224.59,2
ORD-2030471,CUST-00634,2025-08-01,West,Home Office,6711.78,1219.75,2
ORD-2030472,CUST-00138,2025-09-06,East,Consumer,549.25,204.38,1
ORD-2030473,CUST-00336,2025-09-18,South,Corporate,289.8,-6.71,1
ORD-2030474,CUST-00740,2024-09-16,South,Corporate,5853.96,1097.41,2
ORD-2030475,CUST-00143,2025-03-02,West,Corporate,48.52,16.95,1
ORD-2030476,CUST-00053,2024-02-09,West,Corporate,1694.52,508.71,1
ORD-2030477,CUST-00533,2025-06-04,East,Consumer,1302.73,438.37,1
ORD-2030478,CUST-00491,2024-05-05,South,Consumer,9730.800000000001,3865.57,2
ORD-2030479,CUST-00766,2025-10-22,South,Home Office,770.85,322.66,1
ORD-2030480,CUST-00726,2025-08-15,East,Corporate,342.6,125.98,1
ORD-2030481,CUST-00611,2025-01-19,South,Corporate,4013.54,1132.5,2
ORD-2030482,CUST-00017,2024-09-11,Central,Consumer,6533.64,1284.09,2
ORD-2030483,CUST-00402,2025-10-24,South,Consumer,355.29,120.79,1
ORD-2030484,CUST-00718,2024-08-29,West,Corporate,341.62,70.97,1
ORD-2030485,CUST-00359,2024-07-06,East,Consumer,6204.63,943.4,2
ORD-2030486,CUST-00772,2025-10-01,South,Corporate,1403.72,103.43,1
ORD-2030487,CUST-00533,2025-01-22,East,Consumer,13498.4,4003.21,1
ORD-2030488,CUST-00089,2023-08-14,South,Corporate,439.12,76.1,1
ORD-2030489,CUST-00422,2025-08-21,Central,Corporate,492.12,98.11,1
ORD-2030490,CUST-00570,2023-11-09,Central,Consumer,1032.29,-84.12,2
ORD-2030491,CUST-00056,2025-02-19,East,Consumer,13439.3,4358.41,1
ORD-2030492,CUST-00281,2025-03-10,West,Consumer,1119.86,330.69,1
ORD-2030493,CUST-00586,2024-07-03,South,Home Office,208.56,78.65,1
ORD-2030494,CUST-00133,2024-04-02,East,Consumer,473.68,149.24,1
ORD-2030495,CUST-00286,2024-04-09,South,Consumer,2213.46,81.63,2
ORD-2030496,CUST-00565,2025-03-18,South,Home Office,1321.15,0.28,1
ORD-2030497,CUST-00626,2024-11-09,East,Consumer,25.2,-6.85,1
ORD-2030498,CUST-00430,2023-10-16,Central,Consumer,3270.63,499.75,1
ORD-2030499,CUST-00769,2025-09-20,East,Corporate,92.43,17.93,1
ORD-2030500,CUST-00746,2023-11-08,West,Consumer,11043.56,2072.71,3
ORD-2030501,CUST-00396,2024-08-10,South,Consumer,1515.83,258.77,2
ORD-2030502,CUST-00135,2024-04-08,South,Consumer,736.43,11.800000000000004,2
ORD-2030503,CUST-00624,2025-06-17,West,Consumer,3806.58,883.74,1
ORD-2030504,CUST-00202,2025-01-26,South,Corporate,2089.77,611.1999999999999,2
ORD-2030505,CUST-00681,2024-04-08,Central,Consumer,43.8,10.91,1
ORD-2030506,CUST-00487,2025-01-31,West,Consumer,2123.28,311.28,1
ORD-2030507,CUST-00326,2025-05-03,East,Consumer,873.39,117.84,1
ORD-2030508,CUST-00460,2024-06-17,East,Consumer,160.96,30.66,1
ORD-2030509,CUST-00439,2025-02-25,East,Consumer,4677.81,1289.74,1
ORD-2030510,CUST-00745,2024-03-27,South,Consumer,5139.32,1589.6,1
ORD-2030511,CUST-00180,2024-03-04,Central,Consumer,6766.43,2695.53,1
ORD-2030512,CUST-00749,2025-05-22,West,Consumer,4963.93,1290.65,1
ORD-2030513,CUST-00030,2025-10-09,West,Corporate,1334.3400000000001,160.51,2
ORD-2030514,CUST-00622,2023-01-22,West,Corporate,1408.5,119.66,2
ORD-2030515,CUST-00740,2023-12-23,South,Corporate,10833.76,3521.33,3
ORD-2030516,CUST-00326,2023-08-20,East,Consumer,120.72,42.63,1
ORD-2030517,CUST-00061,2025-07-29,South,Corporate,0.0,251.31,1
ORD-2030518,CUST-00651,2024-09-15,West,Corporate,3583.26,904.09,1
ORD-2030519,CUST-00681,2025-02-04,Central,Consumer,119.65,32.23,1
ORD-2030520,CUST-00274,2025-01-05,South,Corporate,1098.5,308.43,1
ORD-2030521,CUST-00430,2025-06-27,Central,Consumer,4897.46,1017.6400000000001,2
ORD-2030522,CUST-00653,2024-10-09,East,Consumer,478.6,105.88,1
ORD-2030523,CUST-00157,2025-01-15,East,Consumer,12356.35,1605.78,3
ORD-2030524,CUST-00512,2024-08-13,Central,Home Office,1065.87,310.28,1
ORD-2030525,CUST-00359,2024-11-19,East,Consumer,2297.52,759.34,1
ORD-2030526,CUST-00145,2025-05-30,South,Consumer,1421.01,436.93,1
ORD-2030527,CUST-00671,2024-09-05,South,Home Office,14976.9,3341.63,2
ORD-2030528,CUST-00267,2024-08-20,West,Corporate,4853.3,1285.62,1
ORD-2030529,CUST-00755,2023-12-25,Central,Consumer,1209.79,205.86,2
ORD-2030530,CUST-00471,2025-11-16,Central,Corporate,1107.32,12.11,1
ORD-2030531,CUST-00426,2023-02-16,East,Consumer,3214.8,562.91,1
ORD-2030532,CUST-00352,2025-11-27,East,Consumer,400.08000000000004,67.39999999999999,2
ORD-2030533,CUST-00330,2024-06-02,Central,Consumer,24.65,4.55,1
ORD-2030534,CUST-00658,2025-01-08,Central,Consumer,9238.77,2243.29,1
ORD-2030535,CUST-00554,2025-01-27,West,Consumer,30.81,-10.32,1
ORD-2030536,CUST-00624,2024-03-31,West,Consumer,5390.8,2089.04,1
ORD-2030537,CUST-00348,2025-02-16,South,Consumer,6479.23,-456.6,1
ORD-2030538,CUST-00214,2025-03-14,West,Home Office,5081.35,976.28,2
ORD-2030539,CUST-00068,2025-03-29,West,Home Office,105.41,-58.71,1
ORD-2030540,CUST-00627,2024-06-01,West,Home Office,473.67,104.67,1
ORD-2030541,CUST-00345,2024-10-11,South,Consumer,2411.83,641.5899999999999,2
ORD-2030542,CUST-00422,2024-05-11,Central,Corporate,2186.32,-74.73,1
ORD-2030543,CUST-00392,2023-11-24,East,Consumer,787.6,138.04,1
ORD-2030544,CUST-00359,2025-04-15,East,Consumer,322.24,134.36,1
ORD-2030545,CUST-00559,2024-07-07,South,Consumer,806.9,214.54,1
ORD-2030546,CUST-00502,2025-11-20,Central,Consumer,421.59,23.77,1
ORD-2030547,CUST-00783,2023-07-02,East,Consumer,1845.39,376.46,1
ORD-2030548,CUST-00111,2025-01-02,West,Consumer,131.4,47.67,1
ORD-2030549,CUST-00474,2023-04-30,West,Consumer,5399.36,1340.06,1
ORD-2030550,CUST-00054,2025-01-26,West,Consumer,450.9,128.38,1
ORD-2030551,CUST-00651,2025-10-05,West,Corporate,65.99,18.54,1
ORD-2030552,CUST-00506,2024-10-22,West,Corporate,1063.41,384.46,1
ORD-2030553,CUST-00356,2024-02-27,South,Consumer,2150.29,573.37,1
ORD-2030554,CUST-00650,2025-01-08,South,Consumer,248.39,41.69,2
ORD-2030555,CUST-00380,2023-09-08,West,Home Office,263.64,31.98,1
ORD-2030556,CUST-00187,2024-01-19,East,Consumer,184.77,25.76,1
ORD-2030557,CUST-00395,2023-10-03,Central,Consumer,3687.83,-529.05,2
ORD-2030558,CUST-00059,2025-11-17,Central,Corporate,560.15,54.5,1
ORD-2030559,CUST-00718,2025-01-07,West,Corporate,0.0,1008.12,1
ORD-2030560,CUST-00599,2024-10-07,Central,Home Office,4523.95,961.23,1
ORD-2030561,CUST-00619,2024-10-14,East,Consumer,7522.26,2397.03,3
ORD-2030562,CUST-00701,2025-09-23,Central,Consumer,16409.98,5298.57,2
ORD-2030563,CUST-00642,2025-09-02,South,Corporate,5660.0599999999995,1904.77,2
ORD-2030564,CUST-00359,2025-04-28,East,Consumer,824.53,196.81,1
ORD-2030565,CUST-00097,2025-03-01,East,Consumer,1184.45,182.19,1
ORD-2030566,CUST-00306,2025-03-24,East,Corporate,11781.72,2664.37,2
ORD-2030567,CUST-00755,2025-08-02,Central,Consumer,3399.2200000000003,1029.67,2
ORD-2030568,CUST-00766,2025-09-21,South,Home Office,13251.349999999999,4128.76,2
ORD-2030569,CUST-00622,2025-01-03,West,Corporate,6318.9,2400.12,1
ORD-2030570,CUST-00170,2025-02-28,East,Consumer,10492.19,2262.565,2
ORD-2030571,CUST-00161,2025-05-26,South,Consumer,7096.4,1523.52,1
ORD-2030572,CUST-00705,2025-08-28,East,Consumer,3623.25,819.8,2
ORD-2030573,CUST-00115,2023-11-19,Central,Consumer,3812.59,393.14,1
ORD-2030574,CUST-00485,2023-05-26,West,Consumer,326.71000000000004,50.1,2
ORD-2030575,CUST-00310,2025-11-26,East,Consumer,1599.8,591.06,1
ORD-2030576,CUST-00251,2025-04-13,East,Consumer,9227.550000000001,1997.9299999999998,3
ORD-2030577,CUST-00554,2023-09-16,West,Consumer,638.05,240.43,1
ORD-2030578,CUST-00770,2024-02-19,West,Consumer,119.65,43.65,1
ORD-2030579,CUST-00630,2025-05-04,West,Consumer,4473.86,1412.89,3
ORD-2030580,CUST-00405,2025-05-01,West,Consumer,3288.84,1452.68,1
ORD-2030581,CUST-00364,2025-01-27,South,Consumer,734.12,-127.66000000000001,2
ORD-2030582,CUST-00727,2024-10-21,Central,Consumer,3008.09,-1026.33,1
ORD-2030583,CUST-00480,2025-09-24,East,Corporate,10407.12,2630.12,1
ORD-2030584,CUST-00412,2025-08-11,East,Consumer,2634.12,1057.58,1
ORD-2030585,CUST-00558,2025-07-03,South,Consumer,13156.88,2262.04,2
ORD-2030586,CUST-00196,2025-10-01,East,Consumer,2297.52,727.75,1
ORD-2030587,CUST-00054,2023-12-31,West,Consumer,6734.4,2920.83,1
ORD-2030588,CUST-00691,2023-04-14,South,Consumer,4964.6,1410.44,2
ORD-2030589,CUST-00500,2025-08-05,West,Consumer,2686.86,669.0,2
ORD-2030590,CUST-00139,2024-10-23,West,Consumer,700.85,163.48,1
ORD-2030591,CUST-00246,2024-10-04,East,Home Office,23.85,4.45,1
ORD-2030592,CUST-00794,2024-11-05,South,Home Office,6167.18,1409.7,1
ORD-2030593,CUST-00519,2024-01-15,West,Consumer,213.64,52.12,2
ORD-2030594,CUST-00522,2025-05-30,East,Corporate,16.96,45.66,1
ORD-2030595,CUST-00061,2025-08-25,South,Corporate,80.69,25.8,1
ORD-2030596,CUST-00777,2025-07-16,West,Consumer,1421.01,455.74,1
ORD-2030597,CUST-00715,2024-11-22,South,Home Office,7433.8,2397.6,3
ORD-2030598,CUST-00452,2025-03-23,South,Consumer,835.58,-237.75,1
ORD-2030599,CUST-00255,2025-02-02,Central,Home Office,287.19,-166.53,1
ORD-2030600,CUST-00570,2024-11-26,Central,Consumer,271.74,83.89,1
ORD-2030601,CUST-00672,2025-10-17,Central,Corporate,467.8,76.06,1
ORD-2030602,CUST-00638,2024-04-24,West,Consumer,16683.449999999997,4527.17,2
ORD-2030603,CUST-00787,2023-04-05,East,Consumer,2276.4,455.75,1
ORD-2030604,CUST-00523,2025-03-11,East,Corporate,3079.59,-474.02,1
ORD-2030605,CUST-00262,2024-06-19,East,Home Office,387.4,59.8,1
ORD-2030606,CUST-00412,2025-07-29,East,Consumer,11890.46,3133.67,2
ORD-2030607,CUST-00657,2024-05-15,South,Home Office,6854.74,2382.33,2
ORD-2030608,CUST-00217,2024-08-24,East,Corporate,104.28,43.85,1
ORD-2030609,CUST-00190,2024-03-06,West,Consumer,75.6,18.27,1
ORD-2030610,CUST-00593,2023-07-30,East,Corporate,601.74,187.13,1
ORD-2030611,CUST-00368,2024-04-03,West,Consumer,258.21,18.0,1
ORD-2030612,CUST-00657,2025-05-21,South,Home Office,753.12,-281.93,1
ORD-2030613,CUST-00116,2023-11-05,Central,Consumer,4914.7,1518.52,1
ORD-2030614,CUST-00274,2024-03-26,South,Corporate,726.21,2518.04,2
ORD-2030615,CUST-00219,2023-02-03,West,Consumer,349.38,116.93,1
ORD-2030616,CUST-00570,2025-03-05,Central,Consumer,2569.66,816.85,1
ORD-2030617,CUST-00619,2024-04-22,East,Consumer,570.29,151.7,1
ORD-2030618,CUST-00380,2025-08-13,West,Home Office,138.08,-4.9,1
ORD-2030619,CUST-00399,2025-05-28,West,Corporate,7372.120000000001,3100.66,2
ORD-2030620,CUST-00107,2024-03-27,South,Consumer,6936.5,2110.8700000000003,2
ORD-2030621,CUST-00574,2024-04-20,East,Home Office,106.01,13.7,1
ORD-2030622,CUST-00795,2025-09-21,West,Home Office,102.71,33.13,1
ORD-2030623,CUST-00630,2023-12-07,West,Consumer,1127.92,62.57,1
ORD-2030624,CUST-00183,2024-03-25,West,Consumer,12013.84,3059.56,2
ORD-2030625,CUST-00508,2025-02-14,East,Consumer,443.08,67.74,1
ORD-2030626,CUST-00241,2025-03-11,East,Corporate,277.29,98.04,1
ORD-2030627,CUST-00029,2023-05-16,Central,Consumer,7102.25,2383.75,2
ORD-2030628,CUST-00148,2025-02-27,East,Consumer,288.18,104.02,1
ORD-2030629,CUST-00081,2025-04-25,South,Consumer,8233.01,1220.3500000000001,2
ORD-2030630,CUST-00163,2024-09-17,West,Corporate,501.3,107.77,1
ORD-2030631,CUST-00646,2025-01-16,West,Consumer,1140.08,347.33,2
ORD-2030632,CUST-00238,2024-04-11,West,Corporate,10380.810000000001,2986.8900000000003,2
ORD-2030633,CUST-00618,2025-10-24,West,Corporate,1946.3799999999999,554.13,3
ORD-2030634,CUST-00766,2024-12-01,South,Home Office,123.18,22.99,1
ORD-2030635,CUST-00475,2023-01-30,Central,Corporate,1841.38,579.1,2
ORD-2030636,CUST-00405,2025-07-04,West,Consumer,9677.33,1035.57,3
ORD-2030637,CUST-00612,2024-06-29,West,Corporate,249.61,49.489999999999995,2
ORD-2030638,CUST-00077,2024-11-28,West,Consumer,8464.18,2581.7400000000002,2
ORD-2030639,CUST-00356,2023-04-28,South,Consumer,21.9,9.12,1
ORD-2030640,CUST-00412,2025-05-12,East,Consumer,2223.15,467.02,1
ORD-2030641,CUST-00670,2024-11-13,East,Consumer,6682.59,1391.07,1
ORD-2030642,CUST-00656,2025-08-10,Central,Corporate,8094.43,917.86,1
ORD-2030643,CUST-00685,2024-06-18,East,Home Office,2132.3700000000003,606.74,2
ORD-2030644,CUST-00570,2024-11-14,Central,Consumer,1627.4299999999998,321.96000000000004,2
ORD-2030645,CUST-00437,2025-08-07,Central,Corporate,3886.78,-145.53,1
ORD-2030646,CUST-00667,2025-02-16,Central,Consumer,615.13,259.53,1
ORD-2030647,CUST-00700,2025-07-26,East,Consumer,201.03,-28.67,1
ORD-2030648,CUST-00402,2023-11-09,South,Consumer,240.7,54.62,1
ORD-2030649,CUST-00791,2025-04-13,East,Consumer,5990.88,1371.9,1
ORD-2030650,CUST-00701,2023-12-18,Central,Consumer,9652.09,2086.04,1
ORD-2030651,CUST-00423,2025-08-29,South,Consumer,2391.01,528.43,1
ORD-2030652,CUST-00057,2024-02-22,Central,Home Office,3396.92,1048.33,2
ORD-2030653,CUST-00183,2023-11-18,West,Consumer,1977.0,610.95,1
ORD-2030654,CUST-00627,2025-10-12,West,Home Office,8153.88,2841.46,1
ORD-2030655,CUST-00091,2023-09-07,West,Corporate,1014.39,189.17,2
ORD-2030656,CUST-00392,2024-12-23,East,Consumer,14273.05,5734.31,1
ORD-2030657,CUST-00499,2023-05-14,South,Consumer,1729.33,-463.43,2
ORD-2030658,CUST-00704,2025-01-12,East,Corporate,157.82,1.4,1
ORD-2030659,CUST-00683,2024-12-02,South,Home Office,588.95,180.8,1
ORD-2030660,CUST-00621,2024-12-23,West,Home Office,5498.62,1069.17,1
ORD-2030661,CUST-00337,2025-08-30,South,Consumer,1284.4,391.2,1
ORD-2030662,CUST-00116,2025-06-02,Central,Consumer,787.6,206.81,1
ORD-2030663,CUST-00547,2025-06-29,West,Corporate,5197.57,361.66,1
ORD-2030664,CUST-00148,2025-03-29,East,Consumer,650.78,-42.82,1
ORD-2030665,CUST-00464,2024-10-10,West,Corporate,309.98,133.41,1
ORD-2030666,CUST-00789,2025-06-04,Central,Consumer,1025.46,440.0,1
ORD-2030667,CUST-00454,2024-10-10,East,Home Office,6749.24,273.59999999999997,2
ORD-2030668,CUST-00528,2025-06-15,East,Home Office,1032.08,180.03,1
ORD-2030669,CUST-00554,2025-06-02,West,Consumer,355.29,91.99,1
ORD-2030670,CUST-00670,2024-04-24,East,Consumer,4077.38,703.54,2
ORD-2030671,CUST-00360,2025-10-22,Central,Consumer,4933.64,1826.29,2
ORD-2030672,CUST-00412,2024-12-19,East,Consumer,8153.88,1901.92,1
ORD-2030673,CUST-00146,2025-05-20,South,Consumer,6683.4,1816.61,2
ORD-2030674,CUST-00504,2024-01-13,South,Consumer,7402.8,1212.23,1
ORD-2030675,CUST-00243,2024-11-30,East,Consumer,9331.59,994.41,3
ORD-2030676,CUST-00420,2024-11-23,Central,Consumer,90.54,33.63,1
ORD-2030677,CUST-00622,2025-06-18,West,Corporate,537.49,123.43,1
ORD-2030678,CUST-00015,2024-10-16,Central,Consumer,9304.36,2618.31,2
ORD-2030679,CUST-00467,2025-02-06,East,Home Office,13799.89,3508.42,2
ORD-2030680,CUST-00144,2025-02-04,West,Home Office,3370.35,1244.31,1
ORD-2030681,CUST-00227,2025-08-08,South,Corporate,3467.76,980.48,2
ORD-2030682,CUST-00035,2025-02-03,South,Consumer,5488.96,954.0,2
ORD-2030683,CUST-00141,2023-10-22,South,Home Office,1792.4,654.8599999999999,2
ORD-2030684,CUST-00793,2025-07-19,Central,Home Office,299.12,-82.77,1
ORD-2030685,CUST-00799,2024-04-06,West,Consumer,154.8,40.31,1
ORD-2030686,CUST-00590,2024-11-16,South,Corporate,391.72,112.07,2
ORD-2030687,CUST-00503,2024-11-22,South,Consumer,857.34,132.54,1
ORD-2030688,CUST-00628,2025-03-11,West,Consumer,426.3,79.23,1
ORD-2030689,CUST-00718,2024-08-30,West,Corporate,2963.48,502.69999999999993,2
ORD-2030690,CUST-00430,2025-04-02,Central,Consumer,79.53,15.59,1
ORD-2030691,CUST-00036,2025-03-12,East,Consumer,120.35,27.08,1
ORD-2030692,CUST-00579,2023-10-21,South,Consumer,87.6,-54.95,1
ORD-2030693,CUST-00791,2025-02-19,East,Consumer,5414.12,2018.1999999999998,2
ORD-2030694,CUST-00211,2024-11-12,West,Corporate,1281.06,337.84999999999997,2
ORD-2030695,CUST-00387,2025-10-09,East,Corporate,4001.67,906.93,1
ORD-2030696,CUST-00296,2023-02-15,Central,Consumer,1179.52,215.85,1
ORD-2030697,CUST-00320,2025-02-26,South,Home Office,737.87,119.26,1
ORD-2030698,CUST-00592,2023-10-24,South,Corporate,338.1,-38.17,1
ORD-2030699,CUST-00310,2024-12-01,East,Consumer,2588.98,468.195,2
ORD-2030700,CUST-00759,2024-10-21,East,Consumer,1507.4699999999998,204.98999999999998,2
ORD-2030701,CUST-00641,2025-01-18,Central,Consumer,25076.66,4767.74,3
ORD-2030702,CUST-00027,2024-04-05,West,Consumer,3181.95,503.37,2
ORD-2030703,CUST-00660,2025-10-21,West,Corporate,241.68,67.69,1
ORD-2030704,CUST-00624,2025-04-24,West,Consumer,12193.150000000001,2821.6000000000004,3
ORD-2030705,CUST-00428,2023-09-15,South,Consumer,51.39,-11.15,1
ORD-2030706,CUST-00412,2023-12-30,East,Consumer,1798.16,462.89,1
ORD-2030707,CUST-00675,2025-05-16,Central,Home Office,240.8,48.33,1
ORD-2030708,CUST-00352,2025-02-24,East,Consumer,1243.15,73.56,2
ORD-2030709,CUST-00134,2025-06-11,Central,Corporate,1302.73,575.36,1
ORD-2030710,CUST-00257,2024-06-28,Central,Home Office,201.4,80.17,1
ORD-2030711,CUST-00217,2024-07-14,East,Corporate,1286.37,423.27,2
ORD-2030712,CUST-00556,2024-09-29,Central,Home Office,653.19,105.57,1
ORD-2030713,CUST-00148,2025-06-05,East,Consumer,18.11,6.04,1
ORD-2030714,CUST-00528,2025-03-29,East,Home Office,7466.8,1520.6200000000001,2
ORD-2030715,CUST-00388,2024-10-09,South,Consumer,5515.67,963.07,2
ORD-2030716,CUST-00678,2024-07-20,East,Consumer,7488.6,2365.69,1
ORD-2030717,CUST-00404,2025-07-18,South,Corporate,1826.26,314.64,1
ORD-2030718,CUST-00752,2025-06-26,East,Home Office,2623.46,999.7,3
ORD-2030719,CUST-00720,2025-03-05,Central,Home Office,2378.64,526.93,1
ORD-2030720,CUST-00153,2024-06-28,South,Consumer,527.05,143.49,2
ORD-2030721,CUST-00562,2024-08-10,East,Consumer,242.07,83.74,1
ORD-2030722,CUST-00180,2025-02-04,Central,Consumer,5406.17,978.21,1
ORD-2030723,CUST-00664,2025-03-22,East,Corporate,156.42,65.21,1
ORD-2030724,CUST-00522,2024-08-26,East,Corporate,4050.07,1454.1,2
ORD-2030725,CUST-00240,2025-05-24,Central,Home Office,73.0,3.92,1
ORD-2030726,CUST-00204,2024-02-07,Central,Corporate,5854.5,-1634.71,2
ORD-2030727,CUST-00357,2025-05-24,East,Consumer,5990.88,1273.2,1
ORD-2030728,CUST-00649,2024-02-05,South,Home Office,592.1,45.66,1
ORD-2030729,CUST-00646,2024-08-19,West,Consumer,439.12,145.91,1
ORD-2030730,CUST-00033,2025-02-27,East,Corporate,589.76,-21.54,1
ORD-2030731,CUST-00251,2025-02-09,East,Consumer,1782.02,267.38,1
ORD-2030732,CUST-00352,2025-04-17,East,Consumer,464.92,52.17,2
ORD-2030733,CUST-00486,2025-05-18,East,Consumer,19.08,5.77,1
ORD-2030734,CUST-00126,2025-01-30,Central,Consumer,8697.47,2492.74,1
ORD-2030735,CUST-00274,2025-05-20,South,Corporate,1107.23,239.99,1
ORD-2030736,CUST-00710,2025-05-31,West,Consumer,164.24,48.53,1
ORD-2030737,CUST-00396,2025-01-29,South,Consumer,106.0,26.55,1
ORD-2030738,CUST-00607,2024-08-12,West,Home Office,283.86,63.68,1
ORD-2030739,CUST-00404,2025-04-14,South,Corporate,2387.14,514.0,1
ORD-2030740,CUST-00387,2023-05-25,East,Corporate,4586.82,1790.4699999999998,2
ORD-2030741,CUST-00508,2024-07-05,East,Consumer,6568.22,1528.3100000000002,2
ORD-2030742,CUST-00213,2024-12-18,South,Home Office,286.77,86.97,1
ORD-2030743,CUST-00205,2024-11-12,West,Home Office,1120.32,485.57,1
ORD-2030744,CUST-00794,2023-10-29,South,Home Office,6332.950000000001,1957.13,3
ORD-2030745,CUST-00697,2025-07-25,Central,Consumer,60.86,1.13,1
ORD-2030746,CUST-00601,2023-12-25,Central,Consumer,1589.89,452.57,2
ORD-2030747,CUST-00109,2024-02-03,West,Consumer,2311.15,625.7700000000001,2
ORD-2030748,CUST-00029,2025-06-27,Central,Consumer,2675.97,1190.63,1
ORD-2030749,CUST-00146,2024-05-23,South,Consumer,2447.79,-84.73,2
ORD-2030750,CUST-00757,2023-10-06,Central,Consumer,697.17,214.23,1
ORD-2030751,CUST-00657,2024-12-04,South,Home Office,9635.44,1744.56,2
ORD-2030752,CUST-00432,2023-09-04,Central,Corporate,6147.24,1363.58,2
ORD-2030753,CUST-00777,2024-02-04,West,Consumer,787.6,275.98,1
ORD-2030754,CUST-00121,2025-09-11,West,Home Office,828.94,156.9,1
ORD-2030755,CUST-00462,2025-08-06,East,Corporate,25.13,7.63,1
ORD-2030756,CUST-00150,2024-11-04,East,Consumer,5683.400000000001,965.4699999999999,2
ORD-2030757,CUST-00255,2025-10-10,Central,Home Office,2557.82,-856.85,1
ORD-2030758,CUST-00758,2024-11-17,West,Consumer,68.8,20.68,1
ORD-2030759,CUST-00697,2023-07-23,Central,Consumer,11863.45,3206.93,2
ORD-2030760,CUST-00080,2025-03-16,Central,Consumer,180.36,31.6,1
ORD-2030761,CUST-00205,2024-10-23,West,Home Office,737.87,198.48,1
ORD-2030762,CUST-00491,2024-10-03,South,Consumer,6127.38,1092.79,1
ORD-2030763,CUST-00053,2024-04-07,West,Corporate,11703.34,1410.45,2
ORD-2030764,CUST-00454,2024-09-27,East,Home Office,639.92,129.05,1
ORD-2030765,CUST-00485,2023-11-14,West,Consumer,16334.150000000001,6471.07,2
ORD-2030766,CUST-00236,2024-01-10,Central,Consumer,6107.6,1615.78,2
ORD-2030767,CUST-00239,2025-05-13,West,Corporate,461.37,-25.9,1
ORD-2030768,CUST-00188,2025-09-23,West,Consumer,592.1,216.93,1
ORD-2030769,CUST-00755,2025-07-14,Central,Consumer,1158.24,446.21000000000004,2
ORD-2030770,CUST-00320,2025-07-24,South,Home Office,1647.5,420.84,1
ORD-2030771,CUST-00485,2025-05-06,West,Consumer,733.23,270.15,1
ORD-2030772,CUST-00250,2025-03-13,East,Consumer,84.91,21.83,1
ORD-2030773,CUST-00574,2024-09-18,East,Home Office,9315.28,3195.6,2
ORD-2030774,CUST-00079,2024-07-06,Central,Corporate,7726.21,766.38,2
ORD-2030775,CUST-00061,2024-11-04,South,Corporate,2774.52,916.29,2
ORD-2030776,CUST-00607,2025-11-01,West,Home Office,141.93,45.66,1
ORD-2030777,CUST-00596,2025-01-13,South,Consumer,798.83,111.05,1
ORD-2030778,CUST-00216,2024-12-31,West,Corporate,1343.93,366.87,1
ORD-2030779,CUST-00291,2025-02-15,South,Consumer,361.04,103.67,1
ORD-2030780,CUST-00770,2024-05-18,West,Consumer,1096.28,213.68,1
ORD-2030781,CUST-00083,2025-05-14,East,Corporate,959.88,226.81,1
ORD-2030782,CUST-00150,2024-07-26,East,Consumer,803.7,186.85,1
ORD-2030783,CUST-00358,2024-11-04,South,Home Office,697.21,151.21,2
ORD-2030784,CUST-00231,2024-05-05,West,Home Office,2162.0499999999997,756.4499999999999,2
ORD-2030785,CUST-00530,2024-01-21,South,Corporate,2518.9,519.81,2
ORD-2030786,CUST-00565,2024-03-09,South,Home Office,374.24,70.11,1
ORD-2030787,CUST-00436,2023-11-19,East,Corporate,4420.35,705.61,1
ORD-2030788,CUST-00503,2025-03-02,South,Consumer,140.84,32.36,1
ORD-2030789,CUST-00359,2023-07-27,East,Consumer,625.51,236.92,2
ORD-2030790,CUST-00619,2024-03-26,East,Consumer,1061.64,179.7,1
ORD-2030791,CUST-00039,2024-07-26,West,Corporate,2118.6,831.58,1
ORD-2030792,CUST-00257,2024-05-17,Central,Home Office,3721.12,663.9000000000001,2
ORD-2030793,CUST-00560,2025-06-09,South,Consumer,580.31,36.62,1
ORD-2030794,CUST-00270,2025-01-09,Central,Consumer,2931.2599999999998,464.85,2
ORD-2030795,CUST-00066,2024-08-28,West,Corporate,770.85,187.43,1
ORD-2030796,CUST-00281,2025-07-07,West,Consumer,2042.46,671.04,1
ORD-2030797,CUST-00580,2024-12-31,East,Consumer,2790.6800000000003,437.07,2
ORD-2030798,CUST-00102,2025-08-27,East,Home Office,7160.84,1309.07,2
ORD-2030799,CUST-00593,2024-11-17,East,Corporate,180.36,42.97,1
ORD-2030800,CUST-00626,2024-04-20,East,Consumer,1457.42,220.52999999999997,2
ORD-2030801,CUST-00521,2023-03-20,West,Consumer,1965.13,680.63,1
ORD-2030802,CUST-00202,2025-03-01,South,Corporate,8252.66,3359.1200000000003,2
ORD-2030803,CUST-00651,2025-02-17,West,Corporate,154.05,56.42,1
ORD-2030804,CUST-00180,2025-01-11,Central,Consumer,66.25,-34.76,1
ORD-2030805,CUST-00725,2024-11-10,South,Consumer,1395.4199999999998,324.81,2
ORD-2030806,CUST-00577,2024-10-13,South,Consumer,2434.88,291.64000000000004,2
ORD-2030807,CUST-00048,2024-03-28,South,Corporate,2541.78,663.25,1
ORD-2030808,CUST-00648,2024-09-13,Central,Corporate,2553.1000000000004,607.14,2
ORD-2030809,CUST-00420,2025-05-22,Central,Consumer,291.5,60.05,1
ORD-2030810,CUST-00377,2025-08-30,Central,Corporate,18008.66,5760.87,2
ORD-2030811,CUST-00348,2023-11-05,South,Consumer,9282.72,1603.3999999999999,2
ORD-2030812,CUST-00500,2024-03-27,West,Consumer,2148.54,603.8,1
ORD-2030813,CUST-00593,2024-04-16,East,Corporate,1152.67,274.40999999999997,2
ORD-2030814,CUST-00718,2025-08-20,West,Corporate,12141.28,1216.5,2
ORD-2030815,CUST-00221,2025-06-12,East,Corporate,7423.65,2732.26,1
ORD-2030816,CUST-00516,2024-04-04,East,Home Office,2033.86,-672.3,1
ORD-2030817,CUST-00562,2023-06-26,East,Consumer,6797.5,2336.67,2
ORD-2030818,CUST-00552,2023-01-17,West,Consumer,2276.4,399.39,1
ORD-2030819,CUST-00410,2024-07-17,East,Home Office,83.76,7.19,1
ORD-2030820,CUST-00320,2024-08-13,South,Home Office,2346.98,618.1,2
ORD-2030821,CUST-00620,2023-04-04,East,Consumer,1106.3400000000001,372.37,2
ORD-2030822,CUST-00248,2024-01-29,West,Consumer,10250.22,554.77,1
ORD-2030823,CUST-00175,2025-01-22,Central,Home Office,835.58,247.91,1
ORD-2030824,CUST-00451,2025-07-23,South,Consumer,1379.34,404.70000000000005,2
ORD-2030825,CUST-00218,2025-05-29,East,Consumer,984.24,360.55,1
ORD-2030826,CUST-00033,2025-10-03,East,Corporate,5969.48,999.4,2
ORD-2030827,CUST-00045,2023-06-25,East,Consumer,7399.360000000001,994.1,2
ORD-2030828,CUST-00570,2024-05-09,Central,Consumer,7939.04,-2352.86,2
ORD-2030829,CUST-00783,2025-08-25,East,Consumer,707.08,203.07,2
ORD-2030830,CUST-00379,2024-10-27,West,Corporate,309.98,48.74,1
ORD-2030831,CUST-00122,2025-07-27,Central,Consumer,3005.96,796.01,2
ORD-2030832,CUST-00659,2024-03-28,East,Consumer,947.34,205.85,1
ORD-2030833,CUST-00214,2023-08-04,West,Home Office,768.46,178.08,1
ORD-2030834,CUST-00797,2025-04-25,South,Consumer,10484.04,1830.24,1
ORD-2030835,CUST-00466,2024-05-08,South,Home Office,11884.78,1934.81,3
ORD-2030836,CUST-00191,2025-03-08,Central,Home Office,1485.02,558.67,1
ORD-2030837,CUST-00412,2025-11-18,East,Consumer,6357.34,973.66,3
ORD-2030838,CUST-00274,2025-12-23,South,Corporate,387.4,106.66,1
ORD-2030839,CUST-00633,2025-05-30,West,Consumer,12697.74,2924.0,2
ORD-2030840,CUST-00085,2024-11-17,Central,Consumer,592.1,173.59,1
ORD-2030841,CUST-00691,2025-04-28,South,Consumer,2267.0299999999997,666.63,2
ORD-2030842,CUST-00622,2025-04-23,West,Corporate,6.36,2.01,1
ORD-2030843,CUST-00694,2025-04-19,South,Consumer,439.4,102.36,1
ORD-2030844,CUST-00717,2024-02-18,Central,Consumer,6692.06,1028.9,2
ORD-2030845,CUST-00189,2024-12-16,East,Consumer,227.88,74.66,1
ORD-2030846,CUST-00431,2025-05-04,East,Corporate,1607.4,129.61,1
ORD-2030847,CUST-00686,2024-12-31,South,Corporate,10376.94,2807.37,2
ORD-2030848,CUST-00310,2025-06-22,East,Consumer,418.36,98.29,1
ORD-2030849,CUST-00051,2024-01-08,South,Consumer,6123.6,1055.27,2
ORD-2030850,CUST-00236,2024-11-22,Central,Consumer,6127.38,1186.3,1
ORD-2030851,CUST-00200,2024-06-04,South,Corporate,100.6,36.59,1
ORD-2030852,CUST-00698,2025-10-30,Central,Corporate,1778.0,793.0,1
ORD-2030853,CUST-00387,2024-11-17,East,Corporate,513.9,196.57,1
ORD-2030854,CUST-00559,2024-11-20,South,Consumer,1568.45,68.31,1
ORD-2030855,CUST-00772,2024-05-05,South,Corporate,1995.42,659.23,2
ORD-2030856,CUST-00248,2024-11-13,West,Consumer,5938.92,2303.22,1
ORD-2030857,CUST-00620,2024-08-28,East,Consumer,4489.3099999999995,1083.63,2
ORD-2030858,CUST-00021,2025-09-29,Central,Corporate,842.04,309.17,1
ORD-2030859,CUST-00083,2025-04-08,East,Corporate,11030.96,3842.94,1
ORD-2030860,CUST-00137,2025-05-29,Central,Consumer,1109.48,174.9,2
ORD-2030861,CUST-00257,2024-05-30,Central,Home Office,2969.46,527.56,1
ORD-2030862,CUST-00333,2025-05-18,West,Consumer,6884.27,1920.7400000000002,2
ORD-2030863,CUST-00397,2024-10-07,East,Consumer,1459.3000000000002,405.62,2
ORD-2030864,CUST-00202,2025-10-20,South,Corporate,1012.78,58.779999999999994,2
ORD-2030865,CUST-00057,2025-06-28,Central,Home Office,1308.4,289.24,2
ORD-2030866,CUST-00554,2025-06-22,West,Consumer,9140.460000000001,3750.76,2
ORD-2030867,CUST-00022,2025-02-13,West,Consumer,1780.44,396.27,2
ORD-2030868,CUST-00653,2025-01-08,East,Consumer,74.07,13.86,2
ORD-2030869,CUST-00751,2024-07-12,South,Consumer,1621.84,365.72,1
ORD-2030870,CUST-00580,2024-06-01,East,Consumer,2537.72,780.72,1
ORD-2030871,CUST-00491,2025-02-14,South,Consumer,710.58,301.89,1
ORD-2030872,CUST-00535,2024-02-28,Central,Corporate,9215.460000000001,2526.25,2
ORD-2030873,CUST-00532,2023-08-20,East,Consumer,3735.4500000000003,975.6199999999999,2
ORD-2030874,CUST-00753,2023-09-25,East,Consumer,16286.16,3445.15,1
ORD-2030875,CUST-00773,2025-06-06,East,Consumer,4691.75,818.4399999999999,3
ORD-2030876,CUST-00355,2025-05-26,South,Corporate,741.88,-94.36999999999999,2
ORD-2030877,CUST-00507,2025-02-20,Central,Consumer,3628.61,552.0,1
ORD-2030878,CUST-00650,2024-09-24,South,Consumer,2498.99,697.19,2
ORD-2030879,CUST-00001,2025-01-25,East,Consumer,853.82,225.86,1
ORD-2030880,CUST-00436,2025-09-24,East,Corporate,14832.289999999999,3909.12,2
ORD-2030881,CUST-00533,2023-11-05,East,Consumer,947.44,409.45,1
ORD-2030882,CUST-00587,2024-11-12,Central,Consumer,1167.8,107.99,1
ORD-2030883,CUST-00301,2023-11-22,West,Consumer,4258.1,137.41,2
ORD-2030884,CUST-00242,2024-08-30,Central,Corporate,1096.35,91.58,2
ORD-2030885,CUST-00149,2024-07-08,South,Corporate,130.94,18.51,1
ORD-2030886,CUST-00461,2024-04-10,Central,Corporate,3597.06,590.98,2
ORD-2030887,CUST-00740,2024-12-07,South,Corporate,668.6,287.99,1
ORD-2030888,CUST-00718,2025-02-20,West,Corporate,4765.74,334.635,1
ORD-2030889,CUST-00294,2025-01-29,West,Consumer,1268.86,522.24,1
ORD-2030890,CUST-00211,2024-02-10,West,Corporate,5172.16,1492.61,1
ORD-2030891,CUST-00640,2025-10-02,South,Consumer,1673.5700000000002,481.65000000000003,2
ORD-2030892,CUST-00594,2024-12-08,South,Consumer,622.48,67.14,1
ORD-2030893,CUST-00420,2025-01-01,Central,Consumer,621.0,132.6,1
ORD-2030894,CUST-00320,2025-05-12,South,Home Office,693.4,175.53,2
ORD-2030895,CUST-00103,2024-10-12,South,Home Office,104.75,25.08,1
ORD-2030896,CUST-00637,2025-04-11,East,Consumer,48.52,19.46,1
ORD-2030897,CUST-00507,2023-08-30,Central,Consumer,8901.78,3820.32,2
ORD-2030898,CUST-00310,2025-06-06,East,Consumer,891.99,303.9,1
ORD-2030899,CUST-00739,2024-12-16,Central,Consumer,4233.47,1141.69,2
ORD-2030900,CUST-00537,2024-03-04,West,Home Office,1845.39,362.58,1
ORD-2030901,CUST-00751,2025-05-12,South,Consumer,11432.31,2671.8500000000004,2
ORD-2030902,CUST-00396,2023-02-12,South,Consumer,11545.14,4777.93,2
ORD-2030903,CUST-00379,2024-12-06,West,Corporate,1778.0,615.96,1
ORD-2030904,CUST-00757,2023-11-13,Central,Consumer,1157.39,369.96,1
ORD-2030905,CUST-00770,2025-03-09,West,Consumer,1166.12,431.2,1
ORD-2030906,CUST-00770,2025-02-25,West,Consumer,549.25,178.06,1
ORD-2030907,CUST-00661,2024-06-10,East,Home Office,240.8,98.14,1
ORD-2030908,CUST-00387,2024-11-25,East,Corporate,4701.96,1090.32,1
ORD-2030909,CUST-00178,2025-11-24,East,Corporate,4689.33,862.25,1
ORD-2030910,CUST-00313,2023-08-16,East,Corporate,2970.04,1216.42,1
ORD-2030911,CUST-00757,2025-05-11,Central,Consumer,456.23,96.17,1
ORD-2030912,CUST-00299,2025-09-21,West,Corporate,10340.53,2366.57,3
ORD-2030913,CUST-00618,2023-11-03,West,Corporate,747.88,142.74,2
ORD-2030914,CUST-00744,2023-08-03,West,Corporate,2274.83,521.88,2
ORD-2030915,CUST-00779,2025-10-25,West,Consumer,6875.33,1347.69,3
ORD-2030916,CUST-00764,2025-08-16,South,Consumer,184.77,36.29,1
ORD-2030917,CUST-00458,2025-04-30,Central,Home Office,26623.71,8551.72,3
ORD-2030918,CUST-00410,2024-03-26,East,Home Office,13375.349999999999,2581.03,2
ORD-2030919,CUST-00794,2024-01-10,South,Home Office,1444.8799999999999,323.37,2
ORD-2030920,CUST-00181,2024-07-25,South,Consumer,2470.7200000000003,966.14,2
ORD-2030921,CUST-00154,2025-05-22,West,Home Office,4618.53,1575.5,2
ORD-2030922,CUST-00773,2025-02-06,East,Consumer,5374.89,1466.1,1
ORD-2030923,CUST-00564,2025-01-01,East,Consumer,512.73,167.16,1
ORD-2030924,CUST-00441,2023-08-24,South,Consumer,172.91,-39.16,1
ORD-2030925,CUST-00107,2024-01-10,South,Consumer,2800.8,1230.99,1
ORD-2030926,CUST-00425,2024-12-14,West,Corporate,1024.97,295.35,2
ORD-2030927,CUST-00761,2025-07-13,East,Consumer,6424.15,1490.03,1
ORD-2030928,CUST-00496,2025-04-01,West,Home Office,9060.4,3723.14,2
ORD-2030929,CUST-00333,2025-09-29,West,Consumer,5465.79,883.44,1
ORD-2030930,CUST-00454,2024-12-24,East,Home Office,10132.529999999999,3263.96,2
ORD-2030931,CUST-00711,2023-03-09,Central,Consumer,473.72,165.21,1
ORD-2030932,CUST-00731,2025-04-15,Central,Home Office,11877.84,2506.94,1
ORD-2030933,CUST-00330,2025-04-28,Central,Consumer,6675.76,375.70000000000005,2
ORD-2030934,CUST-00502,2025-04-13,Central,Consumer,473.68,173.2,1
ORD-2030935,CUST-00227,2025-07-13,South,Corporate,1784.6799999999998,543.53,2
ORD-2030936,CUST-00377,2023-11-13,Central,Corporate,4903.81,903.6700000000001,2
ORD-2030937,CUST-00182,2025-03-28,East,Consumer,5190.2,1297.75,1
ORD-2030938,CUST-00438,2025-05-26,South,Home Office,189.0,79.03,1
ORD-2030939,CUST-00480,2025-07-02,East,Corporate,3328.96,606.89,2
ORD-2030940,CUST-00275,2023-11-25,West,Corporate,754.45,251.35,1
ORD-2030941,CUST-00220,2023-12-24,South,Consumer,1528.44,212.7,1
ORD-2030942,CUST-00129,2023-12-16,Central,Corporate,491.5,43.48,2
ORD-2030943,CUST-00112,2024-06-05,South,Corporate,1025.46,179.22,1
ORD-2030944,CUST-00580,2023-11-16,East,Consumer,175.2,70.04,1
ORD-2030945,CUST-00182,2024-08-06,East,Consumer,340.63,97.01,1
ORD-2030946,CUST-00096,2024-10-07,West,Consumer,9823.03,2957.37,2
ORD-2030947,CUST-00800,2023-11-16,West,Corporate,1278.31,210.78,1
ORD-2030948,CUST-00213,2023-10-05,South,Home Office,4718.49,1332.27,1
ORD-2030949,CUST-00718,2025-06-03,West,Corporate,428.25,163.95,1
ORD-2030950,CUST-00502,2024-01-11,Central,Consumer,2871.9,1036.96,1
ORD-2030951,CUST-00583,2025-04-20,East,Corporate,1428.41,166.59,1
ORD-2030952,CUST-00464,2024-09-21,West,Corporate,1093.16,424.34,1
ORD-2030953,CUST-00148,2025-06-28,East,Consumer,1179.52,312.44,1
ORD-2030954,CUST-00683,2025-09-20,South,Home Office,1333.5,294.47,1
ORD-2030955,CUST-00667,2025-10-15,Central,Consumer,10857.64,4537.5,2
ORD-2030956,CUST-00287,2025-02-23,East,Consumer,2825.68,958.15,1
ORD-2030957,CUST-00621,2025-04-19,West,Home Office,28.18,11.98,1
ORD-2030958,CUST-00448,2025-11-01,South,Corporate,260.05,89.85,2
ORD-2030959,CUST-00728,2024-11-02,East,Corporate,1887.36,594.42,1
ORD-2030960,CUST-00650,2023-12-11,South,Consumer,1907.8700000000001,325.75,2
ORD-2030961,CUST-00039,2024-08-16,West,Corporate,4649.16,444.27,2
ORD-2030962,CUST-00705,2024-09-08,East,Consumer,427.02,124.73,1
ORD-2030963,CUST-00777,2024-12-17,West,Consumer,208.56,45.14,1
ORD-2030964,CUST-00604,2024-11-13,East,Consumer,61.62,18.32,1
ORD-2030965,CUST-00099,2024-09-18,Central,Consumer,697.26,200.2,1
ORD-2030966,CUST-00651,2024-01-28,West,Corporate,11563.47,2762.7,1
ORD-2030967,CUST-00529,2024-01-20,South,Corporate,6073.1,2125.16,1
ORD-2030968,CUST-00275,2025-08-20,West,Corporate,68.8,26.13,1
ORD-2030969,CUST-00709,2024-05-24,West,Home Office,952.27,166.8,1
ORD-2030970,CUST-00467,2025-06-03,East,Home Office,1420.75,379.07,2
ORD-2030971,CUST-00690,2025-06-29,South,Consumer,10265.3,4565.84,1
ORD-2030972,CUST-00547,2024-09-27,West,Corporate,2451.4199999999996,554.61,2
ORD-2030973,CUST-00235,2024-08-20,West,Consumer,34.4,10.66,1
ORD-2030974,CUST-00786,2025-10-12,Central,Corporate,280.08,54.61,1
ORD-2030975,CUST-00472,2025-10-22,South,Consumer,5075.44,1081.43,1
ORD-2030976,CUST-00429,2025-09-16,East,Home Office,141.79,-22.490000000000002,2
ORD-2030977,CUST-00333,2025-09-29,West,Consumer,236.84,92.43,1
ORD-2030978,CUST-00108,2025-06-01,Central,Corporate,21490.11,5533.68,3
ORD-2030979,CUST-00562,2023-11-24,East,Consumer,124.95,1.07,1
ORD-2030980,CUST-00359,2025-01-07,East,Consumer,2148.54,366.78,1
ORD-2030981,CUST-00755,2023-08-14,Central,Consumer,359.43,76.98,2
ORD-2030982,CUST-00773,2025-06-17,East,Consumer,147.64,49.46,1
ORD-2030983,CUST-00622,2023-12-25,West,Corporate,126.0,26.09,1
ORD-2030984,CUST-00201,2025-04-23,West,Consumer,28.18,7.29,1
ORD-2030985,CUST-00585,2024-07-01,West,Consumer,82.56,23.7,1
ORD-2030986,CUST-00019,2025-02-17,South,Consumer,14133.13,4898.19,1
ORD-2030987,CUST-00666,2024-10-18,Central,Home Office,234.65,6.69,1
ORD-2030988,CUST-00410,2025-10-09,East,Home Office,889.0,295.5,1
ORD-2030989,CUST-00756,2023-09-22,West,Consumer,2090.54,513.09,2
ORD-2030990,CUST-00310,2024-06-29,East,Consumer,7123.07,2183.96,2
ORD-2030991,CUST-00215,2025-01-17,Central,Consumer,6390.93,1496.54,3
ORD-2030992,CUST-00797,2023-11-07,South,Consumer,977.7,420.75,1
ORD-2030993,CUST-00437,2023-12-08,Central,Corporate,10484.04,4192.28,1
ORD-2030994,CUST-00694,2025-11-05,South,Consumer,3596.75,1221.79,2
ORD-2030995,CUST-00730,2025-06-20,Central,Home Office,16474.92,3174.29,1
ORD-2030996,CUST-00430,2024-09-23,Central,Consumer,264.88,-1.53,1
ORD-2030997,CUST-00380,2025-07-27,West,Home Office,341.82,89.55,1
ORD-2030998,CUST-00456,2024-11-02,Central,Consumer,2845.36,-264.15000000000003,2
ORD-2030999,CUST-00684,2024-11-26,South,Corporate,6836.38,2575.81,2
ORD-2031000,CUST-00773,2025-10-29,East,Consumer,1029.16,325.88,1
ORD-2031001,CUST-00270,2024-11-04,Central,Consumer,90.18,16.07,1
ORD-2031002,CUST-00601,2023-11-10,Central,Consumer,7052.82,2907.44,2
ORD-2031003,CUST-00234,2023-07-02,South,Consumer,782.16,198.96,1
ORD-2031004,CUST-00503,2023-09-19,South,Consumer,252.61,92.39,1
ORD-2031005,CUST-00651,2025-02-07,West,Corporate,4339.08,962.4,2
ORD-2031006,CUST-00711,2025-11-28,Central,Consumer,987.78,189.48,1
ORD-2031007,CUST-00373,2025-03-06,West,Corporate,520.41,123.4,1
ORD-2031008,CUST-00302,2024-12-27,South,Consumer,6113.05,253.47,2
ORD-2031009,CUST-00209,2025-03-12,West,Corporate,11030.96,4852.63,1
ORD-2031010,CUST-00108,2024-11-29,Central,Corporate,391.08,169.84,1
ORD-2031011,CUST-00300,2024-11-22,East,Consumer,38.82,-21.8,1
ORD-2031012,CUST-00700,2025-11-05,East,Consumer,442.32,139.35,1
ORD-2031013,CUST-00347,2024-02-26,South,Consumer,2081.31,617.22,1
ORD-2031014,CUST-00262,2024-07-05,East,Home Office,1336.52,213.94,1
ORD-2031015,CUST-00602,2023-05-11,South,Consumer,76.09,4.46,1
ORD-2031016,CUST-00180,2024-03-22,Central,Consumer,109.85,20.05,1
ORD-2031017,CUST-00211,2024-11-01,West,Corporate,3552.81,-297.76,1
ORD-2031018,CUST-00756,2024-08-02,West,Consumer,710.5,-304.11,1
ORD-2031019,CUST-00066,2024-11-29,West,Corporate,63.36,25.369999999999997,2
ORD-2031020,CUST-00344,2025-07-14,Central,Consumer,2681.57,238.14,2
ORD-2031021,CUST-00479,2024-09-20,Central,Corporate,117.79,51.51,1
ORD-2031022,CUST-00190,2025-06-15,West,Consumer,8594.16,2828.42,1
ORD-2031023,CUST-00230,2024-12-26,East,Corporate,20204.96,4282.610000000001,2
ORD-2031024,CUST-00182,2025-09-18,East,Consumer,976.04,296.52,1
ORD-2031025,CUST-00281,2024-09-06,West,Consumer,2569.66,1081.96,1
ORD-2031026,CUST-00718,2025-04-04,West,Corporate,282.42,54.8,1
ORD-2031027,CUST-00359,2024-11-08,East,Consumer,645.15,26.82,1
ORD-2031028,CUST-00347,2023-12-08,South,Consumer,2774.7,-443.36999999999995,2
ORD-2031029,CUST-00318,2025-03-02,Central,Consumer,4288.0,1383.88,2
ORD-2031030,CUST-00773,2025-02-01,East,Consumer,514.58,-259.72,1
ORD-2031031,CUST-00095,2024-03-25,South,Corporate,102.61,31.36,1
ORD-2031032,CUST-00700,2025-08-26,East,Consumer,2075.85,-406.7,1
ORD-2031033,CUST-00269,2024-10-10,Central,Consumer,561.36,195.63,1
ORD-2031034,CUST-00769,2025-10-01,East,Corporate,5938.92,2329.8,1
ORD-2031035,CUST-00260,2024-12-29,Central,Consumer,7066.56,-3098.21,1
ORD-2031036,CUST-00067,2025-10-18,South,Corporate,588.17,-5.83,1
ORD-2031037,CUST-00431,2024-02-01,East,Corporate,3623.09,1129.8,2
ORD-2031038,CUST-00187,2024-11-06,East,Consumer,52.14,15.52,1
ORD-2031039,CUST-00614,2025-03-19,West,Home Office,599.55,138.69,1
ORD-2031040,CUST-00535,2024-11-15,Central,Corporate,2205.84,97.25,1
ORD-2031041,CUST-00562,2025-01-24,East,Consumer,1078.16,366.85,1
ORD-2031042,CUST-00160,2024-06-30,South,Consumer,2440.47,674.64,2
ORD-2031043,CUST-00578,2024-11-28,Central,Consumer,355.6,80.99,1
ORD-2031044,CUST-00257,2025-01-17,Central,Home Office,73.32,14.97,1
ORD-2031045,CUST-00800,2024-12-16,West,Corporate,60.65,22.3,1
ORD-2031046,CUST-00599,2025-03-13,Central,Home Office,4914.7,2156.02,1
ORD-2031047,CUST-00489,2025-04-30,South,Consumer,4300.58,-210.69,1
ORD-2031048,CUST-00696,2024-01-05,West,Consumer,4445.0,1535.26,1
ORD-2031049,CUST-00488,2024-05-06,Central,Consumer,240.9,99.04,1
ORD-2031050,CUST-00456,2025-05-28,Central,Consumer,5400.09,1525.1699999999998,2
ORD-2031051,CUST-00196,2024-09-14,East,Consumer,3764.6800000000003,-1039.1399999999999,2
ORD-2031052,CUST-00554,2024-02-03,West,Consumer,81.35,3.89,1
ORD-2031053,CUST-00308,2025-08-12,Central,Corporate,105.15,51.22,2
ORD-2031054,CUST-00040,2024-12-09,Central,Corporate,1400.4,553.59,1
ORD-2031055,CUST-00656,2025-08-17,Central,Corporate,742.51,318.88,1
ORD-2031056,CUST-00045,2025-07-12,East,Consumer,8314.49,2211.01,1
ORD-2031057,CUST-00549,2024-11-23,Central,Home Office,1200.15,142.89,1
ORD-2031058,CUST-00133,2024-11-21,East,Consumer,184.86,60.59,1
ORD-2031059,CUST-00359,2024-11-28,East,Consumer,5014.670000000001,1107.6,3
ORD-2031060,CUST-00693,2025-10-02,South,Consumer,1295.69,482.73,1
ORD-2031061,CUST-00074,2025-06-27,East,Consumer,8484.82,2139.77,3
ORD-2031062,CUST-00546,2023-10-18,East,Consumer,10813.41,2485.94,2
ORD-2031063,CUST-00503,2025-08-04,South,Consumer,3580.6,925.12,2
ORD-2031064,CUST-00697,2025-05-28,Central,Consumer,213.95,10.35,1
ORD-2031065,CUST-00144,2023-07-27,West,Home Office,10702.130000000001,2090.23,2
ORD-2031066,CUST-00648,2024-11-16,Central,Corporate,4957.11,406.94,2
ORD-2031067,CUST-00375,2025-08-13,South,Consumer,13589.8,4830.81,1
ORD-2031068,CUST-00356,2023-11-21,South,Consumer,231.82,3.85,1
ORD-2031069,CUST-00297,2025-10-10,South,Corporate,427.9,-1.88,1
ORD-2031070,CUST-00315,2025-05-02,East,Corporate,557.97,-290.68,2
ORD-2031071,CUST-00431,2024-07-06,East,Corporate,546.58,99.63,1
ORD-2031072,CUST-00085,2025-04-07,Central,Consumer,909.41,184.37,2
ORD-2031073,CUST-00353,2024-12-09,West,Consumer,1132.42,270.97,1
ORD-2031074,CUST-00532,2025-06-06,East,Consumer,640.27,197.62,2
ORD-2031075,CUST-00412,2024-03-06,East,Consumer,7488.6,-3078.95,1
ORD-2031076,CUST-00140,2025-01-17,West,Corporate,281.8,111.87,1
ORD-2031077,CUST-00298,2025-02-25,West,Corporate,710.52,224.38,1
ORD-2031078,CUST-00366,2023-11-25,Central,Consumer,244.57,38.11,1
ORD-2031079,CUST-00547,2025-06-12,West,Corporate,3666.4399999999996,1068.34,2
ORD-2031080,CUST-00721,2024-06-07,East,Corporate,683.64,289.11,1
ORD-2031081,CUST-00454,2024-08-04,East,Home Office,4777.68,813.48,1
ORD-2031082,CUST-00554,2023-11-18,West,Consumer,2748.12,989.31,2
ORD-2031083,CUST-00064,2023-11-05,South,Consumer,1284.83,318.73,1
ORD-2031084,CUST-00768,2024-05-13,West,Consumer,1333.89,513.48,1
ORD-2031085,CUST-00260,2025-04-30,Central,Consumer,1284.83,511.63,1
ORD-2031086,CUST-00291,2025-11-04,South,Consumer,2845.63,343.19,1
ORD-2031087,CUST-00183,2025-04-06,West,Consumer,3595.79,759.63,1
ORD-2031088,CUST-00068,2024-04-15,West,Home Office,360.72,97.78,1
ORD-2031089,CUST-00641,2025-10-23,Central,Consumer,103.2,21.28,1
ORD-2031090,CUST-00199,2024-05-15,West,Home Office,1295.69,500.0,1
ORD-2031091,CUST-00232,2025-06-18,South,Corporate,18827.19,6333.120000000001,2
ORD-2031092,CUST-00149,2025-11-26,South,Corporate,6607.120000000001,1993.77,2
ORD-2031093,CUST-00786,2024-12-12,Central,Corporate,4736.7,1430.85,1
ORD-2031094,CUST-00633,2024-04-14,West,Consumer,4168.3,226.13,1
ORD-2031095,CUST-00752,2025-03-22,East,Home Office,11981.76,3338.89,1
ORD-2031096,CUST-00694,2025-09-09,South,Consumer,1933.69,48.64,1
ORD-2031097,CUST-00726,2025-08-08,East,Corporate,2710.75,767.9300000000001,2
ORD-2031098,CUST-00400,2024-02-29,West,Corporate,2966.04,1024.43,1
ORD-2031099,CUST-00142,2024-02-27,East,Corporate,988.02,151.88,1
ORD-2031100,CUST-00269,2025-07-01,Central,Consumer,1183.96,252.94,2
ORD-2031101,CUST-00237,2024-12-08,Central,Corporate,878.24,73.53,1
ORD-2031102,CUST-00587,2025-06-11,Central,Consumer,6117.22,1584.62,2
ORD-2031103,CUST-00025,2023-12-20,South,Corporate,3166.25,700.04,2
ORD-2031104,CUST-00115,2024-10-18,Central,Consumer,5685.35,1930.01,2
ORD-2031105,CUST-00558,2023-11-17,South,Consumer,1621.84,606.37,1
ORD-2031106,CUST-00103,2025-08-08,South,Home Office,3194.74,436.12,2
ORD-2031107,CUST-00044,2024-09-10,West,Consumer,570.29,218.92,1
ORD-2031108,CUST-00089,2025-03-31,South,Corporate,398.2,122.34,2
ORD-2031109,CUST-00565,2024-06-20,South,Home Office,7.39,-2.29,1
ORD-2031110,CUST-00112,2025-05-30,South,Corporate,948.69,385.28,1
ORD-2031111,CUST-00121,2025-09-05,West,Home Office,3288.84,777.11,1
ORD-2031112,CUST-00190,2024-01-16,West,Consumer,1078.51,45.94,1
ORD-2031113,CUST-00612,2024-09-19,West,Corporate,6516.44,2745.45,2
ORD-2031114,CUST-00167,2025-07-03,West,Corporate,5940.08,1788.57,1
ORD-2031115,CUST-00036,2024-12-11,East,Consumer,1977.0,678.44,1
ORD-2031116,CUST-00725,2024-11-26,South,Consumer,2387.14,239.38,1
ORD-2031117,CUST-00703,2025-04-22,East,Corporate,12059.08,4945.49,1
ORD-2031118,CUST-00152,2025-07-21,West,Consumer,175.2,53.25,1
ORD-2031119,CUST-00217,2024-07-26,East,Corporate,14449.390000000001,4524.0,2
ORD-2031120,CUST-00155,2024-02-22,West,Consumer,1148.76,303.8,1
ORD-2031121,CUST-00590,2024-12-14,South,Corporate,1681.1599999999999,699.0799999999999,2
ORD-2031122,CUST-00206,2025-03-20,West,Corporate,9047.91,1677.99,1
ORD-2031123,CUST-00753,2023-12-20,East,Consumer,183.32,25.67,1
ORD-2031124,CUST-00667,2025-07-26,Central,Consumer,581.05,181.63,1
ORD-2031125,CUST-00488,2025-01-10,Central,Consumer,658.0,190.18,2
ORD-2031126,CUST-00005,2023-12-27,West,Home Office,171.3,67.45,1
ORD-2031127,CUST-00708,2023-09-08,Central,Consumer,1723.34,378.79,2
ORD-2031128,CUST-00596,2025-01-12,South,Consumer,2550.7,-1029.85,1
ORD-2031129,CUST-00639,2025-09-07,South,Consumer,6164.4800000000005,2035.36,3
ORD-2031130,CUST-00061,2025-09-28,South,Corporate,634.43,248.39,1
ORD-2031131,CUST-00578,2025-06-03,Central,Consumer,341.82,128.74,1
ORD-2031132,CUST-00651,2024-11-22,West,Corporate,187.12,59.55,1
ORD-2031133,CUST-00769,2023-04-14,East,Corporate,8504.61,1727.63,3
ORD-2031134,CUST-00480,2025-10-06,East,Corporate,568.4,-187.98,1
ORD-2031135,CUST-00420,2025-05-18,Central,Consumer,168.63,2.1,1
ORD-2031136,CUST-00353,2024-12-15,West,Consumer,331.2,-81.23,1
ORD-2031137,CUST-00574,2025-05-28,East,Home Office,2055.04,469.31,1
ORD-2031138,CUST-00742,2024-04-30,South,Corporate,1107.23,174.87,1
ORD-2031139,CUST-00495,2023-10-03,West,Corporate,5661.92,1514.4899999999998,2
ORD-2031140,CUST-00187,2024-12-01,East,Consumer,4024.18,961.8699999999999,2
ORD-2031141,CUST-00015,2024-11-20,Central,Consumer,13589.8,2053.46,1
ORD-2031142,CUST-00507,2025-09-09,Central,Consumer,6569.31,2474.82,1
ORD-2031143,CUST-00694,2025-06-02,South,Consumer,500.61,28.01,1
ORD-2031144,CUST-00057,2023-11-03,Central,Home Office,80.56,27.71,1
ORD-2031145,CUST-00326,2025-03-17,East,Consumer,12055.98,2558.69,3
ORD-2031146,CUST-00758,2025-04-12,West,Consumer,7314.99,2637.48,3
ORD-2031147,CUST-00415,2023-04-22,East,Consumer,21.0,3.6,1
ORD-2031148,CUST-00182,2025-05-20,East,Consumer,608.04,162.39999999999998,2
ORD-2031149,CUST-00291,2024-01-19,South,Consumer,1208.35,361.06,1
ORD-2031150,CUST-00337,2024-10-21,South,Consumer,560.16,170.57,1
ORD-2031151,CUST-00095,2024-10-24,South,Corporate,2902.07,720.4699999999999,2
ORD-2031152,CUST-00538,2025-11-01,East,Consumer,19.08,5.16,1
ORD-2031153,CUST-00491,2025-05-23,South,Consumer,4406.86,1523.8999999999999,2
ORD-2031154,CUST-00529,2025-03-04,South,Corporate,5900.18,463.99,2
ORD-2031155,CUST-00503,2025-07-11,South,Consumer,2537.72,1089.38,1
ORD-2031156,CUST-00014,2025-02-08,South,Home Office,5470.55,1255.46,2
ORD-2031157,CUST-00145,2025-11-09,South,Consumer,378.4,86.34,1
ORD-2031158,CUST-00140,2025-08-03,West,Corporate,4901.9,996.69,1
ORD-2031159,CUST-00077,2024-05-07,West,Consumer,334.3,97.8,1
ORD-2031160,CUST-00600,2023-10-21,Central,Consumer,988.02,219.67,1
ORD-2031161,CUST-00100,2025-04-19,East,Consumer,109.85,39.76,1
ORD-2031162,CUST-00547,2025-08-20,West,Corporate,10292.85,2462.57,3
ORD-2031163,CUST-00148,2024-12-18,East,Consumer,121.3,53.54,1
ORD-2031164,CUST-00097,2025-02-14,East,Consumer,2222.9,665.6099999999999,3
ORD-2031165,CUST-00138,2024-04-11,East,Consumer,185.76,29.67,1
ORD-2031166,CUST-00420,2023-10-27,Central,Consumer,6740.7,1882.67,1
ORD-2031167,CUST-00528,2025-08-26,East,Home Office,9238.77,3581.66,1
ORD-2031168,CUST-00654,2025-08-27,South,Consumer,3574.94,958.01,2
ORD-2031169,CUST-00104,2023-06-30,East,Consumer,527.05,486.15,2
ORD-2031170,CUST-00505,2023-11-16,West,Home Office,4177.5,419.27,1
ORD-2031171,CUST-00624,2025-09-01,West,Consumer,4853.39,1003.42,1
ORD-2031172,CUST-00257,2024-10-05,Central,Home Office,6740.7,2250.06,1
ORD-2031173,CUST-00066,2024-12-14,West,Corporate,1927.45,808.18,2
ORD-2031174,CUST-00133,2024-09-15,East,Consumer,6127.38,1849.35,1
ORD-2031175,CUST-00072,2025-08-07,East,Consumer,5251.92,1614.02,3
ORD-2031176,CUST-00711,2023-09-20,Central,Consumer,1048.4,-82.27,1
ORD-2031177,CUST-00310,2025-07-22,East,Consumer,959.28,108.59,1
ORD-2031178,CUST-00433,2025-07-27,South,Consumer,14638.42,5482.549999999999,3
ORD-2031179,CUST-00622,2024-01-12,West,Corporate,0.0,166.23,1
ORD-2031180,CUST-00304,2025-02-13,South,Home Office,132.5,28.36,1
ORD-2031181,CUST-00530,2024-04-25,South,Corporate,1578.24,415.38,2
ORD-2031182,CUST-00063,2025-10-16,West,Home Office,1876.25,722.6500000000001,2
ORD-2031183,CUST-00402,2025-02-14,South,Consumer,2378.64,992.56,1
ORD-2031184,CUST-00076,2024-07-19,West,Consumer,4284.12,697.55,2
ORD-2031185,CUST-00203,2023-04-28,West,Home Office,5730.200000000001,-439.69999999999993,3
ORD-2031186,CUST-00239,2024-08-06,West,Corporate,1709.28,373.53,2
ORD-2031187,CUST-00588,2025-09-16,East,Consumer,3159.45,678.79,1
ORD-2031188,CUST-00552,2024-10-24,West,Consumer,274.35,91.42,1
ORD-2031189,CUST-00610,2024-04-27,South,Consumer,3471.88,1105.03,2
ORD-2031190,CUST-00053,2025-01-02,West,Corporate,5678.35,1208.26,1
ORD-2031191,CUST-00795,2023-12-19,West,Home Office,3239.62,597.42,1
ORD-2031192,CUST-00047,2024-01-13,West,Home Office,1427.31,271.66999999999996,2
ORD-2031193,CUST-00666,2025-01-24,Central,Home Office,309.98,59.32,1
ORD-2031194,CUST-00603,2024-07-25,Central,Consumer,754.94,55.8,1
ORD-2031195,CUST-00490,2025-04-09,Central,Corporate,4851.72,301.72,1
ORD-2031196,CUST-00364,2025-09-22,South,Consumer,2615.12,498.11,1
ORD-2031197,CUST-00618,2025-05-23,West,Corporate,2716.31,684.71,2
ORD-2031198,CUST-00602,2025-11-20,South,Consumer,2222.5,898.92,1
ORD-2031199,CUST-00109,2025-02-20,West,Consumer,1205.55,414.56,1
ORD-2031200,CUST-00643,2025-02-21,South,Corporate,3712.55,856.18,1
ORD-2031201,CUST-00066,2023-07-31,West,Corporate,180.36,45.66,1
ORD-2031202,CUST-00414,2024-08-25,East,Corporate,5820.33,-1146.71,3
ORD-2031203,CUST-00528,2023-09-26,East,Home Office,831.04,74.52,1
ORD-2031204,CUST-00662,2025-10-30,Central,Corporate,4000.5,1458.15,1
ORD-2031205,CUST-00387,2024-09-27,East,Corporate,4619.38,1534.25,1
ORD-2031206,CUST-00196,2024-02-23,East,Consumer,16332.03,6808.69,1
ORD-2031207,CUST-00410,2025-04-13,East,Home Office,716.0,221.46,1
ORD-2031208,CUST-00206,2023-09-07,West,Corporate,217.51,79.02,1
ORD-2031209,CUST-00436,2025-04-30,East,Corporate,1148.76,200.29,1
ORD-2031210,CUST-00387,2024-11-27,East,Corporate,1863.6,175.66000000000003,2
ORD-2031211,CUST-00633,2024-11-28,West,Consumer,317.83000000000004,8.59,2
ORD-2031212,CUST-00198,2024-01-21,East,Corporate,1525.39,-422.8,1
ORD-2031213,CUST-00167,2024-07-04,West,Corporate,2842.02,461.6,1
ORD-2031214,CUST-00396,2024-03-28,South,Consumer,1148.72,-12.930000000000007,3
ORD-2031215,CUST-00045,2024-03-30,East,Consumer,2970.04,892.82,1
ORD-2031216,CUST-00188,2025-05-19,West,Consumer,1060.11,179.57,1
ORD-2031217,CUST-00291,2025-05-06,South,Consumer,583.0999999999999,185.67,3
ORD-2031218,CUST-00406,2025-03-24,Central,Consumer,378.48,96.75,1
ORD-2031219,CUST-00219,2024-11-11,West,Consumer,829.01,200.8,1
ORD-2031220,CUST-00463,2025-07-15,Central,Corporate,5322.3,2182.73,1
ORD-2031221,CUST-00704,2024-09-22,East,Corporate,1501.19,434.76,3
ORD-2031222,CUST-00448,2024-08-02,South,Corporate,11091.82,4864.25,2
ORD-2031223,CUST-00234,2024-12-06,South,Consumer,9928.18,2509.67,2
ORD-2031224,CUST-00054,2025-08-21,West,Consumer,889.65,208.33,1
ORD-2031225,CUST-00108,2024-04-28,Central,Corporate,280.08,93.61,1
ORD-2031226,CUST-00464,2025-01-01,West,Corporate,401.16,101.54,1
ORD-2031227,CUST-00559,2023-07-21,South,Consumer,37.23,12.41,1
ORD-2031228,CUST-00045,2025-10-30,East,Consumer,1936.1,593.6,2
ORD-2031229,CUST-00153,2024-12-11,South,Consumer,889.0,159.15,1
ORD-2031230,CUST-00262,2025-03-06,East,Home Office,104.75,35.35,1
ORD-2031231,CUST-00262,2025-12-16,East,Home Office,407.3,715.8199999999999,2
ORD-2031232,CUST-00770,2025-01-11,West,Consumer,5446.79,1313.2,2
ORD-2031233,CUST-00170,2025-07-26,East,Consumer,1186.2,130.86,1
ORD-2031234,CUST-00054,2024-06-25,West,Consumer,1065.87,263.45,1
ORD-2031235,CUST-00290,2023-10-06,West,Consumer,1361.64,383.81,1
ORD-2031236,CUST-00108,2024-11-11,Central,Corporate,1065.87,171.45,1
ORD-2031237,CUST-00104,2023-03-29,East,Consumer,5931.92,1711.1,1
ORD-2031238,CUST-00336,2023-12-10,South,Corporate,758.8,255.67,1
ORD-2031239,CUST-00255,2025-07-18,Central,Home Office,1026.81,143.07,2
ORD-2031240,CUST-00072,2023-04-25,East,Consumer,4619.38,-614.31,1
ORD-2031241,CUST-00498,2024-10-31,West,Consumer,5623.36,1178.58,2
ORD-2031242,CUST-00415,2025-12-04,East,Consumer,6899.41,2252.0200000000004,2
ORD-2031243,CUST-00064,2023-10-08,South,Consumer,6292.38,1606.63,1
ORD-2031244,CUST-00694,2025-07-13,South,Consumer,5616.8,2443.78,1
ORD-2031245,CUST-00234,2025-06-17,South,Consumer,235.58,92.22,1
ORD-2031246,CUST-00771,2025-04-19,Central,Consumer,5838.98,2036.3,1
ORD-2031247,CUST-00753,2024-12-23,East,Consumer,44.34,16.32,1
ORD-2031248,CUST-00359,2024-02-07,East,Consumer,2808.4,-62.08,1
ORD-2031249,CUST-00187,2024-06-26,East,Consumer,791.02,299.14,2
ORD-2031250,CUST-00674,2024-02-25,East,Home Office,840.22,128.47,1
ORD-2031251,CUST-00296,2023-09-25,Central,Consumer,138.0,48.91,1
ORD-2031252,CUST-00138,2024-12-27,East,Consumer,751.27,162.11,2
ORD-2031253,CUST-00455,2024-09-08,Central,Consumer,715.2700000000001,36.720000000000006,2
ORD-2031254,CUST-00409,2025-08-25,South,Consumer,15857.79,4110.52,2
ORD-2031255,CUST-00686,2024-05-16,South,Corporate,1404.2,523.85,1
ORD-2031256,CUST-00598,2025-01-30,South,Consumer,87.6,17.61,1
ORD-2031257,CUST-00703,2024-01-02,East,Corporate,10742.7,4802.19,1
ORD-2031258,CUST-00600,2024-02-10,Central,Consumer,0.0,62.82,1
ORD-2031259,CUST-00527,2025-01-15,South,Consumer,10142.91,2734.8500000000004,2
ORD-2031260,CUST-00413,2024-10-01,West,Home Office,402.8,122.82,1
ORD-2031261,CUST-00793,2023-12-27,Central,Home Office,286.77,113.92,1
ORD-2031262,CUST-00770,2025-07-17,West,Consumer,21.9,-6.11,1
ORD-2031263,CUST-00686,2025-05-25,South,Corporate,3069.7200000000003,900.1800000000001,2
ORD-2031264,CUST-00626,2024-07-22,East,Consumer,376.62,91.21,1
ORD-2031265,CUST-00480,2025-11-08,East,Corporate,11364.61,1812.2,2
ORD-2031266,CUST-00213,2025-06-27,South,Home Office,2660.4,638.82,2
ORD-2031267,CUST-00702,2024-05-27,Central,Consumer,593.19,152.32,1
ORD-2031268,CUST-00006,2025-08-26,South,Home Office,54.32,8.75,1
ORD-2031269,CUST-00187,2024-12-07,East,Consumer,9453.58,879.31,1
ORD-2031270,CUST-00333,2024-12-12,West,Consumer,6300.139999999999,1152.46,2
ORD-2031271,CUST-00486,2025-04-29,East,Consumer,97.04,43.18,1
ORD-2031272,CUST-00464,2025-04-05,West,Corporate,12164.1,2655.11,3
ORD-2031273,CUST-00146,2024-03-29,South,Consumer,15966.9,4277.02,1
ORD-2031274,CUST-00083,2024-03-20,East,Corporate,6041.889999999999,-896.98,2
ORD-2031275,CUST-00182,2025-04-17,East,Consumer,123.24,40.01,1
ORD-2031276,CUST-00287,2023-11-25,East,Consumer,2075.85,638.24,1
ORD-2031277,CUST-00010,2025-02-06,East,Home Office,8986.32,3945.74,1
ORD-2031278,CUST-00568,2025-02-04,East,Consumer,135.26,8.32,1
ORD-2031279,CUST-00203,2024-02-23,West,Home Office,385.42,-77.29,1
ORD-2031280,CUST-00288,2025-06-18,Central,Home Office,6073.1,1262.27,1
ORD-2031281,CUST-00274,2024-11-08,South,Corporate,14783.23,4777.09,1
ORD-2031282,CUST-00425,2025-02-07,West,Corporate,1446.66,-218.7,1
ORD-2031283,CUST-00693,2025-03-24,South,Consumer,5030.0,1116.16,2
ORD-2031284,CUST-00126,2025-07-22,Central,Consumer,161.12,50.58,1
ORD-2031285,CUST-00279,2023-12-03,East,Consumer,3912.74,859.96,1
ORD-2031286,CUST-00567,2023-09-08,East,Home Office,588.59,181.17,2
ORD-2031287,CUST-00042,2025-05-30,South,Consumer,3643.86,1134.37,1
ORD-2031288,CUST-00669,2025-09-25,South,Consumer,88.22,20.91,2
ORD-2031289,CUST-00772,2024-05-10,South,Corporate,3159.09,627.51,1
ORD-2031290,CUST-00501,2024-04-08,East,Consumer,837.55,303.54,1
ORD-2031291,CUST-00769,2025-07-23,East,Corporate,5390.8,1522.03,1
ORD-2031292,CUST-00342,2025-07-04,West,Consumer,12132.09,2608.55,1
ORD-2031293,CUST-00345,2024-05-12,South,Consumer,2118.6,787.3,1
ORD-2031294,CUST-00085,2025-02-10,Central,Consumer,7947.81,1602.3799999999999,2
ORD-2031295,CUST-00036,2023-12-26,East,Consumer,1205.55,318.13,1
ORD-2031296,CUST-00202,2025-09-18,South,Corporate,231.0,48.74,1
ORD-2031297,CUST-00399,2024-11-14,West,Corporate,500.01,172.8,2
ORD-2031298,CUST-00420,2024-05-29,Central,Consumer,2699.68,1203.13,1
ORD-2031299,CUST-00181,2024-02-17,South,Consumer,8024.9,2045.7599999999998,3
ORD-2031300,CUST-00503,2023-12-22,South,Consumer,212.0,61.69,1
ORD-2031301,CUST-00148,2025-03-10,East,Consumer,225.45,58.26,1
ORD-2031302,CUST-00268,2024-12-29,West,Home Office,3036.55,1075.51,1
ORD-2031303,CUST-00163,2025-10-20,West,Corporate,4483.75,304.46000000000004,2
ORD-2031304,CUST-00570,2025-07-07,Central,Consumer,790.42,174.93,1
ORD-2031305,CUST-00428,2024-10-29,South,Consumer,4346.25,1491.54,2
ORD-2031306,CUST-00600,2025-06-25,Central,Consumer,2501.04,656.52,2
ORD-2031307,CUST-00051,2025-05-24,South,Consumer,5238.84,1586.43,2
ORD-2031308,CUST-00353,2025-04-22,West,Consumer,2450.95,843.11,1
ORD-2031309,CUST-00775,2024-03-10,South,Consumer,471.84,125.39,1
ORD-2031310,CUST-00046,2024-06-23,South,Corporate,56.36,18.85,1
ORD-2031311,CUST-00347,2024-03-24,South,Consumer,2462.64,563.0,2
ORD-2031312,CUST-00038,2025-08-04,South,Consumer,1910.95,561.73,1
ORD-2031313,CUST-00121,2025-02-01,West,Home Office,957.2,346.09,1
ORD-2031314,CUST-00387,2024-05-03,East,Corporate,7406.62,2738.17,2
ORD-2031315,CUST-00133,2024-05-14,East,Consumer,1118.8400000000001,229.73,2
ORD-2031316,CUST-00430,2024-08-16,Central,Consumer,9762.23,1823.37,2
ORD-2031317,CUST-00743,2025-03-03,Central,Corporate,1484.73,585.21,1
ORD-2031318,CUST-00167,2024-11-20,West,Corporate,5540.45,533.99,2
ORD-2031319,CUST-00086,2024-08-17,Central,Consumer,1480.56,461.38,1
ORD-2031320,CUST-00666,2024-07-15,Central,Home Office,9675.279999999999,-333.17,3
ORD-2031321,CUST-00385,2025-02-25,East,Home Office,6002.94,1391.6,3
ORD-2031322,CUST-00707,2023-11-21,East,Consumer,2997.8599999999997,960.4699999999999,2
ORD-2031323,CUST-00255,2025-08-04,Central,Home Office,329.55,117.49,1
ORD-2031324,CUST-00511,2025-09-09,South,Corporate,8879.87,2572.06,1
ORD-2031325,CUST-00744,2024-11-23,West,Corporate,5353.68,412.30999999999995,2
ORD-2031326,CUST-00143,2025-10-15,West,Corporate,538.43,140.67,1
ORD-2031327,CUST-00649,2024-01-10,South,Home Office,572.22,193.62,2
ORD-2031328,CUST-00516,2025-07-03,East,Home Office,2532.15,454.53499999999997,2
ORD-2031329,CUST-00655,2024-10-20,Central,Consumer,4701.96,1260.19,1
ORD-2031330,CUST-00143,2025-09-08,West,Corporate,1447.19,218.8,3
ORD-2031331,CUST-00359,2025-08-31,East,Consumer,2382.79,538.91,2
ORD-2031332,CUST-00104,2024-12-08,East,Consumer,4401.320000000001,1440.95,2
ORD-2031333,CUST-00770,2025-05-04,West,Consumer,336.82,-71.35,1
ORD-2031334,CUST-00054,2025-04-26,West,Consumer,5392.56,1727.83,1
ORD-2031335,CUST-00056,2025-07-15,East,Consumer,2489.2,455.85,1
ORD-2031336,CUST-00718,2024-11-29,West,Corporate,1279.84,-56.54,1
ORD-2031337,CUST-00249,2025-10-07,South,Corporate,2250.5299999999997,824.2099999999999,3
ORD-2031338,CUST-00493,2024-08-11,South,Consumer,959.88,148.51,1
ORD-2031339,CUST-00234,2024-08-01,South,Consumer,296.34,98.29,1
ORD-2031340,CUST-00530,2024-03-09,South,Corporate,929.68,101.05,1
ORD-2031341,CUST-00158,2024-11-15,Central,Consumer,607.2,93.33,1
ORD-2031342,CUST-00382,2025-08-02,South,Home Office,185.76,25.42,1
ORD-2031343,CUST-00440,2024-11-25,West,Consumer,2073.71,739.81,2
ORD-2031344,CUST-00273,2025-05-21,East,Home Office,2808.4,1190.69,1
ORD-2031345,CUST-00207,2025-07-19,South,Home Office,1640.4,597.5,1
ORD-2031346,CUST-00113,2025-05-19,Central,Consumer,11307.99,2151.9,2
ORD-2031347,CUST-00577,2024-01-26,South,Consumer,2460.52,454.98,1
ORD-2031348,CUST-00141,2025-02-20,South,Home Office,236.55,60.38,1
ORD-2031349,CUST-00237,2025-03-15,Central,Corporate,12158.279999999999,5363.55,2
ORD-2031350,CUST-00275,2023-12-28,West,Corporate,781.57,-279.46,1
ORD-2031351,CUST-00378,2024-10-24,Central,Consumer,5345.03,917.21,1
ORD-2031352,CUST-00574,2024-12-31,East,Home Office,4390.2,1661.59,1
ORD-2031353,CUST-00356,2025-03-18,South,Consumer,5399.36,1200.39,1
ORD-2031354,CUST-00699,2025-09-13,East,Home Office,2819.92,739.55,2
ORD-2031355,CUST-00554,2024-05-25,West,Consumer,1484.73,486.69,1
ORD-2031356,CUST-00678,2024-12-23,East,Consumer,9647.74,652.85,2
ORD-2031357,CUST-00586,2025-03-13,South,Home Office,13479.48,3688.06,1
ORD-2031358,CUST-00125,2025-05-05,South,Consumer,455.76,174.76,1
ORD-2031359,CUST-00788,2025-10-11,Central,Home Office,742.08,244.04,1
ORD-2031360,CUST-00639,2024-11-19,South,Consumer,14848.24,5876.51,1
ORD-2031361,CUST-00474,2024-11-22,West,Consumer,1333.89,248.97,1
ORD-2031362,CUST-00140,2023-10-13,West,Corporate,14716.38,4654.02,2
ORD-2031363,CUST-00144,2025-09-05,West,Home Office,10484.04,1643.87,1
ORD-2031364,CUST-00504,2025-06-04,South,Consumer,5156.64,1202.94,1
ORD-2031365,CUST-00345,2025-07-21,South,Consumer,1349.84,588.6,1
ORD-2031366,CUST-00553,2025-10-13,South,Consumer,1020.4200000000001,193.31,3
ORD-2031367,CUST-00305,2023-06-30,Central,Consumer,1109.49,45.18,1
ORD-2031368,CUST-00425,2024-11-25,West,Corporate,3789.36,1499.29,1
ORD-2031369,CUST-00154,2024-11-19,West,Home Office,1006.57,177.54,1
ORD-2031370,CUST-00133,2023-07-10,East,Consumer,296.08,-117.26,1
ORD-2031371,CUST-00061,2025-09-30,South,Corporate,2222.63,334.08000000000004,2
ORD-2031372,CUST-00661,2024-08-21,East,Home Office,1607.4,561.1,1
ORD-2031373,CUST-00459,2024-11-22,South,Consumer,1791.63,645.16,1
ORD-2031374,CUST-00763,2024-01-15,South,Corporate,691.45,183.49,1
ORD-2031375,CUST-00611,2024-11-19,South,Corporate,162.97,20.96,1
ORD-2031376,CUST-00622,2025-04-02,West,Corporate,97.04,22.92,1
ORD-2031377,CUST-00422,2025-11-24,Central,Corporate,16969.1,5238.9400000000005,2
ORD-2031378,CUST-00656,2024-01-20,Central,Corporate,5375.72,1189.1,1
ORD-2031379,CUST-00759,2023-11-26,East,Consumer,315.63,105.71,1
ORD-2031380,CUST-00592,2024-11-11,South,Corporate,1256.1499999999999,111.89000000000001,2
ORD-2031381,CUST-00085,2024-11-26,Central,Consumer,983.38,230.26,2
ORD-2031382,CUST-00531,2025-09-03,Central,Consumer,4106.12,1197.26,1
ORD-2031383,CUST-00100,2025-06-27,East,Consumer,2812.95,508.48,1
ORD-2031384,CUST-00064,2024-11-20,South,Consumer,227.88,47.61,1
ORD-2031385,CUST-00569,2024-09-24,Central,Corporate,13599.189999999999,2202.55,2
ORD-2031386,CUST-00674,2025-03-22,East,Home Office,8167.61,3073.4,1
ORD-2031387,CUST-00134,2025-01-12,Central,Corporate,1029.16,340.36,1
ORD-2031388,CUST-00061,2025-07-30,South,Corporate,309.98,84.05,1
ORD-2031389,CUST-00711,2025-07-07,Central,Consumer,5775.66,1553.63,1
ORD-2031390,CUST-00107,2024-12-22,South,Consumer,599.46,-55.93,2
ORD-2031391,CUST-00036,2025-01-12,East,Consumer,522.94,48.22,1
ORD-2031392,CUST-00591,2025-01-07,South,Corporate,9733.37,2451.08,2
ORD-2031393,CUST-00684,2023-11-24,South,Corporate,702.1,261.29,1
ORD-2031394,CUST-00426,2025-05-17,East,Consumer,1093.16,-22.57,1
ORD-2031395,CUST-00444,2025-11-07,West,Consumer,6684.64,2408.14,1
ORD-2031396,CUST-00275,2025-05-26,West,Corporate,5990.88,2278.29,1
ORD-2031397,CUST-00196,2024-06-12,East,Consumer,3341.3,-2305.87,1
ORD-2031398,CUST-00616,2023-11-28,Central,Consumer,1307.56,198.14,1
ORD-2031399,CUST-00686,2025-01-08,South,Corporate,9318.38,1248.8,1
ORD-2031400,CUST-00262,2025-03-01,East,Home Office,7021.0,2706.94,1
ORD-2031401,CUST-00222,2025-03-04,West,Consumer,7451.94,1817.3000000000002,3
ORD-2031402,CUST-00219,2025-01-09,West,Consumer,513.76,106.69,1
ORD-2031403,CUST-00045,2024-12-21,East,Consumer,2409.3700000000003,198.52,2
ORD-2031404,CUST-00230,2024-07-17,East,Corporate,18.2,-11.73,1
ORD-2031405,CUST-00025,2025-04-14,South,Corporate,185.22,50.239999999999995,2
ORD-2031406,CUST-00639,2025-06-14,South,Consumer,151.2,24.14,1
ORD-2031407,CUST-00211,2025-10-05,West,Corporate,169.08,46.14,1
ORD-2031408,CUST-00565,2025-02-22,South,Home Office,1186.2,-223.49,1
ORD-2031409,CUST-00448,2024-12-12,South,Corporate,6792.41,2142.99,1
ORD-2031410,CUST-00677,2025-06-04,Central,Consumer,11847.47,4020.88,3
ORD-2031411,CUST-00770,2024-01-29,West,Consumer,4493.16,1578.7,1
ORD-2031412,CUST-00301,2025-03-31,West,Consumer,82.02,-12.65,1
ORD-2031413,CUST-00070,2023-08-06,West,Consumer,10468.2,2239.0,2
ORD-2031414,CUST-00611,2025-07-03,South,Corporate,1128.01,223.19,1
ORD-2031415,CUST-00020,2025-07-06,West,Home Office,7644.67,2543.7599999999998,2
ORD-2031416,CUST-00183,2025-03-23,West,Consumer,1847.75,671.83,1
ORD-2031417,CUST-00046,2023-11-16,South,Corporate,440.26,-19.979999999999997,2
ORD-2031418,CUST-00718,2023-11-21,West,Corporate,16127.519999999999,5400.13,2
ORD-2031419,CUST-00003,2025-05-10,Central,Corporate,3077.34,913.83,3
ORD-2031420,CUST-00410,2024-08-07,East,Home Office,707.76,276.57,1
ORD-2031421,CUST-00352,2024-12-08,East,Consumer,16286.16,3328.96,1
ORD-2031422,CUST-00533,2024-05-01,East,Consumer,8314.89,2600.54,1
ORD-2031423,CUST-00235,2023-12-27,West,Consumer,2053.06,626.92,1
ORD-2031424,CUST-00701,2025-06-03,Central,Consumer,1400.38,90.55,1
ORD-2031425,CUST-00600,2025-10-15,Central,Consumer,220.8,-4.73,1
ORD-2031426,CUST-00359,2024-01-19,East,Consumer,8807.35,3427.48,2
ORD-2031427,CUST-00292,2024-10-21,West,Home Office,8823.34,315.98,1
ORD-2031428,CUST-00656,2025-08-05,Central,Corporate,770.64,273.18,1
ORD-2031429,CUST-00618,2023-09-19,West,Corporate,143.1,33.65,1
ORD-2031430,CUST-00329,2023-05-25,East,Consumer,1008.63,447.58,1
ORD-2031431,CUST-00279,2024-12-28,East,Consumer,576.36,183.75,1
ORD-2031432,CUST-00037,2025-02-03,South,Consumer,957.2,145.64,1
ORD-2031433,CUST-00066,2024-05-30,West,Corporate,7723.1,1920.09,1
ORD-2031434,CUST-00047,2024-08-31,West,Home Office,799.9,182.69,1
ORD-2031435,CUST-00024,2023-07-26,South,Consumer,74.46,14.49,1
ORD-2031436,CUST-00132,2023-11-13,Central,Corporate,894.83,235.63,2
ORD-2031437,CUST-00691,2024-11-11,South,Consumer,1657.3000000000002,420.83000000000004,2
ORD-2031438,CUST-00647,2025-09-05,West,Consumer,1184.2,201.87,1
ORD-2031439,CUST-00682,2025-02-25,East,Home Office,46.93,-7.82,1
ORD-2031440,CUST-00508,2025-03-28,East,Consumer,132.96,3.02,1
ORD-2031441,CUST-00508,2024-06-23,East,Consumer,19.08,2.53,1
ORD-2031442,CUST-00103,2024-07-31,South,Home Office,313.8,69.39,1
ORD-2031443,CUST-00572,2025-10-11,West,Consumer,10393.11,3208.51,1
ORD-2031444,CUST-00228,2025-09-26,Central,Consumer,4451.86,1385.6499999999999,2
ORD-2031445,CUST-00430,2025-11-06,Central,Consumer,2689.72,558.46,2
ORD-2031446,CUST-00769,2024-12-14,East,Corporate,375.07,116.43,2
ORD-2031447,CUST-00699,2024-12-08,East,Home Office,2411.1,462.82,1
ORD-2031448,CUST-00192,2024-02-01,Central,Consumer,9191.38,2538.03,1
ORD-2031449,CUST-00600,2024-06-30,Central,Consumer,1317.06,468.12,1
ORD-2031450,CUST-00083,2023-05-12,East,Corporate,1278.31,418.92,1
ORD-2031451,CUST-00027,2024-11-20,West,Consumer,480.37,97.04,2
ORD-2031452,CUST-00027,2025-08-01,West,Consumer,7893.22,238.9,1
ORD-2031453,CUST-00142,2025-05-02,East,Corporate,1647.5,541.35,1
ORD-2031454,CUST-00570,2024-12-05,Central,Consumer,1680.48,603.26,1
ORD-2031455,CUST-00299,2024-05-15,West,Corporate,338.25,90.07000000000001,2
ORD-2031456,CUST-00013,2024-10-22,Central,Consumer,7083.21,2883.9,2
ORD-2031457,CUST-00794,2025-02-26,South,Home Office,2989.43,515.47,2
ORD-2031458,CUST-00440,2024-11-29,West,Consumer,8908.38,1976.24,1
ORD-2031459,CUST-00326,2025-06-19,East,Consumer,5190.2,2173.23,1
ORD-2031460,CUST-00430,2025-07-12,Central,Consumer,189.0,31.06,1
ORD-2031461,CUST-00431,2024-04-30,East,Corporate,3813.48,1603.12,1
ORD-2031462,CUST-00392,2025-11-21,East,Consumer,710.24,248.51,1
ORD-2031463,CUST-00503,2025-03-11,South,Consumer,592.15,133.53,1
ORD-2031464,CUST-00710,2025-04-22,West,Consumer,14273.05,2338.68,1
ORD-2031465,CUST-00251,2025-06-07,East,Consumer,3556.0,78.94,1
ORD-2031466,CUST-00405,2025-05-17,West,Consumer,2352.11,962.39,2
ORD-2031467,CUST-00003,2024-03-09,Central,Corporate,1123.18,295.58,3
ORD-2031468,CUST-00693,2024-08-12,South,Consumer,21.0,6.38,1
ORD-2031469,CUST-00255,2024-06-25,Central,Home Office,2169.99,713.92,1
ORD-2031470,CUST-00219,2023-11-19,West,Consumer,1159.51,347.43,1
ORD-2031471,CUST-00799,2025-07-21,West,Consumer,2276.4,1017.13,1
ORD-2031472,CUST-00485,2024-12-28,West,Consumer,93.85,29.17,1
ORD-2031473,CUST-00103,2025-01-25,South,Home Office,9231.98,1704.08,2
ORD-2031474,CUST-00218,2024-08-12,East,Consumer,891.99,165.84,1
ORD-2031475,CUST-00291,2025-02-09,South,Consumer,6682.59,1277.24,1
ORD-2031476,CUST-00792,2024-02-12,West,Consumer,4104.84,755.61,1
ORD-2031477,CUST-00359,2025-06-16,East,Consumer,537.7,-74.06,1
ORD-2031478,CUST-00189,2025-03-23,East,Consumer,505.46,170.82,1
ORD-2031479,CUST-00472,2025-10-07,South,Consumer,313.77,37.22,1
ORD-2031480,CUST-00333,2025-03-04,West,Consumer,1150.45,297.95,2
ORD-2031481,CUST-00048,2024-08-24,South,Corporate,3234.48,201.42,1
ORD-2031482,CUST-00694,2024-10-16,South,Consumer,516.94,49.48,1
ORD-2031483,CUST-00013,2025-11-07,Central,Consumer,5649.1900000000005,2319.51,2
ORD-2031484,CUST-00718,2024-06-25,West,Corporate,7181.150000000001,1975.9499999999998,2
ORD-2031485,CUST-00643,2023-07-14,South,Corporate,4076.94,-678.7,1
ORD-2031486,CUST-00062,2024-07-08,Central,Consumer,2741.34,498.78,2
ORD-2031487,CUST-00593,2025-03-13,East,Corporate,4884.81,1389.39,1
ORD-2031488,CUST-00624,2024-12-02,West,Consumer,118.24,28.37,1
ORD-2031489,CUST-00496,2025-02-07,West,Home Office,11719.539999999999,4533.219999999999,2
ORD-2031490,CUST-00480,2023-07-25,East,Corporate,2542.32,756.77,1
ORD-2031491,CUST-00045,2023-12-25,East,Consumer,501.2,118.55,1
ORD-2031492,CUST-00051,2025-04-07,South,Consumer,5535.889999999999,362.7,2
ORD-2031493,CUST-00596,2024-04-05,South,Consumer,3036.55,938.47,1
ORD-2031494,CUST-00085,2024-08-08,Central,Consumer,598.25,150.53,1
ORD-2031495,CUST-00200,2024-03-29,South,Corporate,1200.5,438.19,1
ORD-2031496,CUST-00412,2024-11-29,East,Consumer,1179.52,263.08,1
ORD-2031497,CUST-00139,2023-10-28,West,Consumer,4261.46,536.16,1
ORD-2031498,CUST-00641,2025-08-19,Central,Consumer,5245.27,1277.4099999999999,2
ORD-2031499,CUST-00651,2024-03-06,West,Corporate,4748.76,1776.23,2
ORD-2031500,CUST-00680,2025-09-15,South,Consumer,1253.34,490.94,1
ORD-2031501,CUST-00045,2024-11-12,East,Consumer,16378.33,5458.67,3
ORD-2031502,CUST-00356,2024-05-13,South,Consumer,94.62,18.92,1
ORD-2031503,CUST-00683,2024-12-28,South,Home Office,5849.06,2451.76,1
ORD-2031504,CUST-00299,2025-11-06,West,Corporate,11179.3,3578.0699999999997,2
ORD-2031505,CUST-00570,2023-12-18,Central,Consumer,891.99,241.46,1
ORD-2031506,CUST-00488,2024-02-12,Central,Consumer,7710.88,801.99,3
ORD-2031507,CUST-00284,2024-04-18,West,Consumer,310.56,59.77,1
ORD-2031508,CUST-00225,2025-02-28,Central,Home Office,835.58,348.33,1
ORD-2031509,CUST-00533,2025-03-24,East,Consumer,6127.38,1282.82,1
ORD-2031510,CUST-00108,2025-07-09,Central,Corporate,3583.26,1536.12,1
ORD-2031511,CUST-00693,2023-06-04,South,Consumer,9453.58,2399.35,1
ORD-2031512,CUST-00479,2025-08-19,Central,Corporate,141.93,27.31,1
ORD-2031513,CUST-00091,2025-03-07,West,Corporate,236.84,36.71,1
ORD-2031514,CUST-00575,2024-10-07,East,Consumer,986.65,287.06,1
ORD-2031515,CUST-00359,2025-02-01,East,Consumer,1568.45,39.34,1
ORD-2031516,CUST-00170,2024-08-27,East,Consumer,4321.07,469.97999999999996,2
ORD-2031517,CUST-00771,2024-11-20,Central,Consumer,3005.52,766.85,2
ORD-2031518,CUST-00590,2025-07-05,South,Corporate,3022.0499999999997,648.45,2
ORD-2031519,CUST-00491,2024-04-23,South,Consumer,911.83,-89.9,1
ORD-2031520,CUST-00686,2025-06-22,South,Corporate,9617.21,924.2,2
ORD-2031521,CUST-00449,2025-12-04,Central,Consumer,6397.290000000001,1174.6799999999998,2
ORD-2031522,CUST-00365,2024-01-02,East,Home Office,2359.2,619.06,1
ORD-2031523,CUST-00156,2024-08-06,Central,Consumer,1740.4699999999998,436.26,2
ORD-2031524,CUST-00132,2024-12-10,Central,Corporate,66.51,-40.79,1
ORD-2031525,CUST-00359,2025-09-25,East,Consumer,2207.93,512.02,2
ORD-2031526,CUST-00380,2025-04-30,West,Home Office,426.07000000000005,168.97,2
ORD-2031527,CUST-00599,2023-10-21,Central,Home Office,475.79,83.4,3
ORD-2031528,CUST-00365,2025-06-23,East,Home Office,1541.28,339.32,1
ORD-2031529,CUST-00491,2025-02-02,South,Consumer,2555.9700000000003,882.86,2
ORD-2031530,CUST-00671,2024-11-29,South,Home Office,725.01,-209.62,1
ORD-2031531,CUST-00795,2025-05-06,West,Home Office,7530.9400000000005,2698.2799999999997,2
ORD-2031532,CUST-00264,2024-11-08,South,Consumer,3057.9,1024.46,2
ORD-2031533,CUST-00722,2025-05-09,South,Consumer,6447.79,1774.07,2
ORD-2031534,CUST-00651,2025-03-29,West,Corporate,225.83,88.89,1
ORD-2031535,CUST-00057,2023-11-19,Central,Home Office,4001.67,1546.78,1
ORD-2031536,CUST-00273,2025-03-01,East,Home Office,567.22,167.81,2
ORD-2031537,CUST-00182,2024-11-20,East,Consumer,93.11,0.76,1
ORD-2031538,CUST-00542,2024-12-02,East,Corporate,2824.2,693.39,1
ORD-2031539,CUST-00459,2024-11-14,South,Consumer,3112.41,510.67,1
ORD-2031540,CUST-00411,2024-08-12,East,Consumer,1119.86,443.32,1
ORD-2031541,CUST-00621,2024-06-02,West,Home Office,536.37,165.05,3
ORD-2031542,CUST-00273,2023-05-30,East,Home Office,40.24,9.29,1
ORD-2031543,CUST-00311,2025-05-04,Central,Home Office,246.48,70.68,1
ORD-2031544,CUST-00695,2024-09-27,East,Corporate,135.89,27.520000000000003,2
ORD-2031545,CUST-00783,2024-03-15,East,Consumer,373.3,122.10000000000001,2
ORD-2031546,CUST-00627,2024-10-01,West,Home Office,1027.52,-588.87,1
ORD-2031547,CUST-00181,2024-03-26,South,Consumer,241.68,86.93,1
ORD-2031548,CUST-00092,2024-04-30,South,Corporate,72.78,19.46,1
ORD-2031549,CUST-00177,2024-09-17,Central,Home Office,2106.3,351.09,1
ORD-2031550,CUST-00352,2024-12-10,East,Consumer,2636.0,-87.18,1
ORD-2031551,CUST-00196,2025-08-10,East,Consumer,1746.4199999999998,242.5,2
ORD-2031552,CUST-00721,2024-05-19,East,Corporate,51.32,-23.56,1
ORD-2031553,CUST-00547,2024-11-06,West,Corporate,2042.46,346.13,1
ORD-2031554,CUST-00346,2025-01-20,West,Consumer,9512.86,4161.24,1
ORD-2031555,CUST-00222,2025-05-05,West,Consumer,2156.32,513.32,1
ORD-2031556,CUST-00311,2024-01-16,Central,Home Office,6511.38,1108.64,2
ORD-2031557,CUST-00396,2025-06-24,South,Consumer,2368.07,346.67999999999995,3
ORD-2031558,CUST-00582,2025-01-15,South,Corporate,109.78,26.76,1
ORD-2031559,CUST-00071,2025-08-07,South,Consumer,2042.46,431.01,1
ORD-2031560,CUST-00686,2025-02-21,South,Corporate,6794.9,2039.79,1
ORD-2031561,CUST-00104,2025-05-01,East,Consumer,1063.41,220.96,1
ORD-2031562,CUST-00215,2023-07-28,Central,Consumer,219.0,37.07,1
ORD-2031563,CUST-00795,2023-08-23,West,Home Office,10.6,1.7,1
ORD-2031564,CUST-00156,2025-01-28,Central,Consumer,12.13,3.78,1
ORD-2031565,CUST-00078,2023-10-24,East,Corporate,2517.31,593.52,2
ORD-2031566,CUST-00524,2024-04-26,South,Consumer,896.96,281.25,2
ORD-2031567,CUST-00324,2024-11-12,South,Home Office,102.55,36.73,1
ORD-2031568,CUST-00072,2024-10-20,East,Consumer,1040.52,118.12,2
ORD-2031569,CUST-00003,2024-10-28,Central,Corporate,253.62,46.49,1
ORD-2031570,CUST-00066,2024-02-25,West,Corporate,20562.129999999997,6165.889999999999,2
ORD-2031571,CUST-00432,2025-03-22,Central,Corporate,7539.320000000001,2378.6899999999996,2
ORD-2031572,CUST-00190,2024-12-29,West,Consumer,1426.3200000000002,152.87,2
ORD-2031573,CUST-00629,2024-04-21,Central,Corporate,9646.16,2168.64,2
ORD-2031574,CUST-00692,2024-05-17,South,Corporate,8204.28,2388.82,1
ORD-2031575,CUST-00117,2024-05-15,East,Consumer,584.3900000000001,190.66,2
ORD-2031576,CUST-00275,2023-12-04,West,Corporate,153.3,63.83,1
ORD-2031577,CUST-00121,2023-07-15,West,Home Office,13394.72,3856.95,3
ORD-2031578,CUST-00234,2023-09-29,South,Consumer,2829.5299999999997,706.98,2
ORD-2031579,CUST-00197,2023-12-17,West,Corporate,1584.99,406.59,1
ORD-2031580,CUST-00639,2025-03-11,South,Consumer,201.31,37.79,1
ORD-2031581,CUST-00282,2025-04-12,West,Consumer,154.8,-20.01,1
ORD-2031582,CUST-00412,2025-02-14,East,Consumer,1976.94,220.46,1
ORD-2031583,CUST-00551,2023-04-30,South,Consumer,6481.86,1028.71,1
ORD-2031584,CUST-00663,2025-04-26,East,Consumer,2687.86,695.89,1
ORD-2031585,CUST-00249,2025-01-10,South,Corporate,3557.04,618.15,1
ORD-2031586,CUST-00177,2024-11-11,Central,Home Office,2730.6800000000003,1165.25,2
ORD-2031587,CUST-00789,2025-01-05,Central,Consumer,2655.8,752.71,1
ORD-2031588,CUST-00262,2025-09-06,East,Home Office,286.4,45.66,1
ORD-2031589,CUST-00547,2024-08-04,West,Corporate,4311.86,1467.75,2
ORD-2031590,CUST-00554,2025-01-14,West,Consumer,2290.86,550.1,2
ORD-2031591,CUST-00426,2024-04-30,East,Consumer,2106.3,632.6,1
ORD-2031592,CUST-00187,2025-06-13,East,Consumer,7923.21,2964.72,2
ORD-2031593,CUST-00114,2025-08-11,West,Consumer,10369.4,2696.06,3
ORD-2031594,CUST-00405,2024-03-07,West,Consumer,15990.96,4162.21,2
ORD-2031595,CUST-00424,2025-02-06,Central,Corporate,758.19,265.49,1
ORD-2031596,CUST-00624,2025-04-11,West,Consumer,2227.53,939.33,1
ORD-2031597,CUST-00580,2025-02-03,East,Consumer,77.63,23.38,1
ORD-2031598,CUST-00730,2024-11-22,Central,Home Office,7576.2,483.59,1
ORD-2031599,CUST-00780,2025-03-06,South,Consumer,5543.26,863.24,1
ORD-2031600,CUST-00596,2025-08-14,South,Consumer,4496.9,207.65,1
ORD-2031601,CUST-00063,2025-09-07,West,Home Office,1825.53,298.04999999999995,2
ORD-2031602,CUST-00334,2024-07-10,South,Consumer,4792.35,1825.3,3
ORD-2031603,CUST-00502,2024-05-02,Central,Consumer,7824.530000000001,663.28,2
ORD-2031604,CUST-00489,2025-04-20,South,Consumer,1312.32,435.75,1
ORD-2031605,CUST-00148,2023-11-23,East,Consumer,2157.02,334.635,1
ORD-2031606,CUST-00484,2023-12-20,South,Consumer,1691.2199999999998,222.43,2
ORD-2031607,CUST-00287,2025-01-11,East,Consumer,1065.87,267.36,1
ORD-2031608,CUST-00276,2025-01-29,West,Consumer,889.0,192.14,1
ORD-2031609,CUST-00673,2024-10-19,Central,Consumer,11219.2,3100.7999999999997,3
ORD-2031610,CUST-00350,2025-05-10,East,Corporate,2335.59,823.21,1
ORD-2031611,CUST-00436,2023-10-28,East,Corporate,473.68,105.39,1
ORD-2031612,CUST-00466,2023-10-03,South,Home Office,3657.08,765.62,1
ORD-2031613,CUST-00466,2024-12-05,South,Home Office,3254.98,540.37,1
ORD-2031614,CUST-00180,2024-02-07,Central,Consumer,7900.21,1299.6299999999999,2
ORD-2031615,CUST-00494,2025-05-12,Central,Consumer,87.34,-3.16,1
ORD-2031616,CUST-00274,2023-10-20,South,Corporate,79.5,16.67,1
ORD-2031617,CUST-00535,2025-08-26,Central,Corporate,2420.2799999999997,773.63,2
ORD-2031618,CUST-00119,2025-06-30,East,Consumer,270.54,75.5,1
ORD-2031619,CUST-00796,2023-12-05,West,Consumer,1546.65,147.48000000000005,3
ORD-2031620,CUST-00624,2024-06-02,West,Consumer,16120.93,2256.29,2
ORD-2031621,CUST-00347,2025-04-22,South,Consumer,241.28,18.37,1
ORD-2031622,CUST-00250,2023-05-21,East,Consumer,6016.18,1257.68,1
ORD-2031623,CUST-00318,2024-02-26,Central,Consumer,159.0,56.46,1
ORD-2031624,CUST-00591,2024-09-23,South,Corporate,13479.48,4790.69,1
ORD-2031625,CUST-00535,2024-11-18,Central,Corporate,15503.039999999999,5367.5199999999995,2
ORD-2031626,CUST-00574,2025-11-25,East,Home Office,5163.49,295.38,2
ORD-2031627,CUST-00711,2024-12-23,Central,Consumer,607.31,132.38,1
ORD-2031628,CUST-00381,2025-07-07,East,Consumer,8273.22,1743.97,1
ORD-2031629,CUST-00547,2024-12-09,West,Corporate,320.99,83.07000000000001,2
ORD-2031630,CUST-00365,2023-10-05,East,Home Office,1026.53,250.56,1
ORD-2031631,CUST-00524,2025-01-31,South,Consumer,60.36,-9.79,1
ORD-2031632,CUST-00396,2025-04-20,South,Consumer,3623.58,70.55,1
ORD-2031633,CUST-00627,2025-03-30,West,Home Office,197.28,60.23,2
ORD-2031634,CUST-00003,2024-03-30,Central,Corporate,3727.44,945.47,2
ORD-2031635,CUST-00180,2023-02-04,Central,Consumer,2506.74,633.06,1
ORD-2031636,CUST-00243,2025-01-30,East,Consumer,697.8900000000001,-78.10000000000001,2
ORD-2031637,CUST-00762,2025-08-27,Central,Corporate,473.68,131.35,1
ORD-2031638,CUST-00420,2025-01-16,Central,Consumer,3268.9,1386.04,1
ORD-2031639,CUST-00300,2024-03-20,East,Consumer,2965.5,938.84,1
ORD-2031640,CUST-00333,2024-01-10,West,Consumer,12.13,3.96,1
ORD-2031641,CUST-00377,2024-06-17,Central,Corporate,2899.98,89.05999999999999,2
ORD-2031642,CUST-00697,2025-04-30,Central,Consumer,733.23,230.61,1
ORD-2031643,CUST-00772,2025-04-17,South,Corporate,1162.1,509.0,1
ORD-2031644,CUST-00681,2025-02-22,Central,Consumer,2672.51,820.65,1
ORD-2031645,CUST-00679,2025-01-18,Central,Corporate,1916.74,623.63,2
ORD-2031646,CUST-00165,2025-08-12,West,Corporate,6273.63,2721.98,2
ORD-2031647,CUST-00219,2024-09-08,West,Consumer,6487.75,1241.41,1
ORD-2031648,CUST-00491,2024-07-26,South,Consumer,1082.66,-96.33,1
ORD-2031649,CUST-00535,2023-06-11,Central,Corporate,726.21,210.23,1
ORD-2031650,CUST-00168,2024-12-11,East,Consumer,245.42000000000002,105.85000000000001,2
ORD-2031651,CUST-00609,2024-10-13,South,Corporate,378.94,-21.31,1
ORD-2031652,CUST-00167,2025-09-08,West,Corporate,5709.87,2377.06,1
ORD-2031653,CUST-00215,2025-07-19,Central,Consumer,381.35,128.47,1
ORD-2031654,CUST-00255,2025-10-01,Central,Home Office,7012.77,1655.51,2
ORD-2031655,CUST-00682,2024-08-02,East,Home Office,41.24,8.68,1
ORD-2031656,CUST-00599,2024-08-13,Central,Home Office,180.36,41.89,1
ORD-2031657,CUST-00437,2025-02-09,Central,Corporate,1091.72,160.39,2
ORD-2031658,CUST-00661,2024-01-17,East,Home Office,1736.26,214.29,2
ORD-2031659,CUST-00654,2025-06-14,South,Consumer,154.05,24.23,1
ORD-2031660,CUST-00320,2024-06-09,South,Home Office,105.0,45.66,1
ORD-2031661,CUST-00633,2024-07-23,West,Consumer,2584.71,424.9,1
ORD-2031662,CUST-00173,2023-10-14,South,Consumer,26.07,8.65,1
ORD-2031663,CUST-00418,2024-02-10,East,Consumer,478.6,141.42,1
ORD-2031664,CUST-00096,2025-08-29,West,Consumer,2269.85,238.19,3
ORD-2031665,CUST-00355,2024-07-10,South,Corporate,1120.32,336.7,1
ORD-2031666,CUST-00431,2024-05-09,East,Corporate,444.5,128.68,1
ORD-2031667,CUST-00066,2024-11-24,West,Corporate,2106.3,438.83,1
ORD-2031668,CUST-00387,2024-05-29,East,Corporate,7488.98,-1006.41,2
ORD-2031669,CUST-00532,2024-12-15,East,Consumer,98.86,29.04,1
ORD-2031670,CUST-00504,2025-06-14,South,Consumer,2973.5,1147.6999999999998,2
ORD-2031671,CUST-00047,2025-02-28,West,Home Office,13613.54,2743.05,2
ORD-2031672,CUST-00075,2025-04-07,Central,Consumer,1805.3400000000001,-74.08999999999997,2
ORD-2031673,CUST-00288,2025-04-28,Central,Home Office,832.21,233.23000000000002,2
ORD-2031674,CUST-00681,2025-08-04,Central,Consumer,948.69,358.71,1
ORD-2031675,CUST-00697,2025-04-27,Central,Consumer,200.58,75.25,1
ORD-2031676,CUST-00255,2025-08-23,Central,Home Office,106.0,43.86,1
ORD-2031677,CUST-00589,2025-06-01,South,Consumer,23.32,4.46,1
ORD-2031678,CUST-00480,2024-01-12,East,Corporate,2595.1,628.04,1
ORD-2031679,CUST-00790,2024-12-11,East,Corporate,1302.62,421.87,1
ORD-2031680,CUST-00074,2025-01-21,East,Consumer,60.65,10.55,1
ORD-2031681,CUST-00452,2025-02-26,South,Consumer,309.6,48.99,1
ORD-2031682,CUST-00491,2025-05-28,South,Consumer,668.46,96.54,1
ORD-2031683,CUST-00255,2025-02-16,Central,Home Office,8314.89,2384.83,1
ORD-2031684,CUST-00044,2023-11-07,West,Consumer,295.27,52.47,1
ORD-2031685,CUST-00045,2025-07-07,East,Consumer,6894.35,2427.87,1
ORD-2031686,CUST-00378,2025-04-28,Central,Consumer,21432.879999999997,352.13,3
ORD-2031687,CUST-00568,2023-09-06,East,Consumer,84.91,27.7,1
ORD-2031688,CUST-00573,2023-07-19,West,Consumer,1168.76,321.98,2
ORD-2031689,CUST-00148,2025-09-08,East,Consumer,7519.89,2372.67,1
ORD-2031690,CUST-00692,2025-01-28,South,Corporate,241.68,41.66,1
ORD-2031691,CUST-00310,2024-05-15,East,Consumer,7414.77,1129.35,1
ORD-2031692,CUST-00773,2025-02-14,East,Consumer,246.48,87.57,1
ORD-2031693,CUST-00096,2025-06-21,West,Consumer,4778.59,1933.49,3
ORD-2031694,CUST-00676,2024-08-26,Central,Consumer,6985.23,2295.66,2
ORD-2031695,CUST-00727,2024-09-01,Central,Consumer,247.78,33.22,1
ORD-2031696,CUST-00663,2025-02-13,East,Consumer,3034.33,1207.55,2
ORD-2031697,CUST-00652,2025-02-14,Central,Consumer,6973.12,2630.56,2
ORD-2031698,CUST-00297,2024-06-07,South,Corporate,450.9,86.13,1
ORD-2031699,CUST-00582,2024-06-24,South,Corporate,1153.6699999999998,240.1,2
ORD-2031700,CUST-00480,2023-11-07,East,Corporate,5201.58,780.75,2
ORD-2031701,CUST-00352,2024-12-23,East,Consumer,4044.42,1203.46,1
ORD-2031702,CUST-00795,2024-03-21,West,Home Office,17318.239999999998,5191.049999999999,2
ORD-2031703,CUST-00236,2023-12-29,Central,Consumer,76.42,45.66,1
ORD-2031704,CUST-00343,2023-03-07,Central,Home Office,3414.09,939.6099999999999,2
ORD-2031705,CUST-00722,2023-10-10,South,Consumer,2148.54,828.22,1
ORD-2031706,CUST-00235,2025-04-28,West,Consumer,2675.97,962.86,1
ORD-2031707,CUST-00132,2024-09-30,Central,Corporate,2042.46,872.12,1
ORD-2031708,CUST-00256,2024-06-24,East,Consumer,2530.67,609.5400000000001,2
ORD-2031709,CUST-00619,2025-02-21,East,Consumer,737.87,199.06,1
ORD-2031710,CUST-00693,2025-02-24,South,Consumer,14567.039999999999,3471.3900000000003,2
ORD-2031711,CUST-00093,2024-05-14,South,Corporate,407.35,91.43,1
ORD-2031712,CUST-00508,2025-08-18,East,Consumer,1569.0,588.52,1
ORD-2031713,CUST-00469,2025-09-09,East,Consumer,12347.24,3071.4900000000002,3
ORD-2031714,CUST-00547,2025-01-29,West,Corporate,11897.630000000001,3066.94,3
ORD-2031715,CUST-00547,2023-01-17,West,Corporate,5545.83,1727.37,2
ORD-2031716,CUST-00770,2024-12-22,West,Consumer,3159.09,491.5,1
ORD-2031717,CUST-00284,2025-11-01,West,Consumer,1008.63,374.99,1
ORD-2031718,CUST-00248,2025-08-28,West,Consumer,12985.05,4760.05,3
ORD-2031719,CUST-00481,2025-05-29,West,Consumer,14273.05,4771.33,1
ORD-2031720,CUST-00357,2025-06-04,East,Consumer,2076.66,532.51,3
ORD-2031721,CUST-00396,2024-09-29,South,Consumer,14125.49,3157.22,2
ORD-2031722,CUST-00057,2025-02-02,Central,Home Office,1155.96,-260.95,1
ORD-2031723,CUST-00125,2025-07-28,South,Consumer,710.52,314.45,1
ORD-2031724,CUST-00755,2024-05-27,Central,Consumer,334.3,92.92,1
ORD-2031725,CUST-00057,2023-07-25,Central,Home Office,847.03,288.15000000000003,2
ORD-2031726,CUST-00489,2024-04-20,South,Consumer,5187.78,1571.89,2
ORD-2031727,CUST-00615,2023-05-07,Central,Consumer,117.6,10.96,1
ORD-2031728,CUST-00007,2024-11-16,East,Consumer,2655.8,-542.55,1
ORD-2031729,CUST-00183,2024-03-08,West,Consumer,6682.59,1436.69,1
ORD-2031730,CUST-00310,2024-03-09,East,Consumer,3172.15,1420.76,1
ORD-2031731,CUST-00420,2024-05-25,Central,Consumer,488.85,123.2,1
ORD-2031732,CUST-00279,2024-12-11,East,Consumer,100.6,18.24,1
ORD-2031733,CUST-00530,2025-03-03,South,Corporate,4392.59,1456.92,3
ORD-2031734,CUST-00186,2025-07-03,West,Corporate,5228.6,182.75,1
ORD-2031735,CUST-00025,2023-07-08,South,Corporate,5991.389999999999,262.78999999999996,2
ORD-2031736,CUST-00001,2024-10-03,East,Consumer,118.43,50.82,1
ORD-2031737,CUST-00282,2023-10-22,West,Consumer,2042.46,848.15,1
ORD-2031738,CUST-00297,2024-04-10,South,Corporate,1284.4,258.41,1
ORD-2031739,CUST-00766,2025-07-08,South,Home Office,9703.44,2373.66,1
ORD-2031740,CUST-00042,2023-07-14,South,Consumer,250.6,15.66,1
ORD-2031741,CUST-00437,2025-09-06,Central,Corporate,168.0,41.12,1
ORD-2031742,CUST-00480,2024-01-20,East,Corporate,162.94,28.93,1
ORD-2031743,CUST-00572,2025-06-30,West,Consumer,2946.3,-148.73,1
ORD-2031744,CUST-00525,2024-09-18,West,Consumer,2394.75,479.24,3
ORD-2031745,CUST-00004,2024-12-07,West,Consumer,1060.11,455.56,1
ORD-2031746,CUST-00516,2025-07-13,East,Home Office,706.74,127.82,1
ORD-2031747,CUST-00264,2025-12-04,South,Consumer,3451.8,1470.07,1
ORD-2031748,CUST-00624,2025-06-21,West,Consumer,6950.79,706.15,1
ORD-2031749,CUST-00155,2025-02-21,West,Consumer,1404.2,216.35,1
ORD-2031750,CUST-00586,2025-07-14,South,Home Office,518.46,140.78,2
ORD-2031751,CUST-00509,2025-09-07,West,Consumer,2140.78,727.29,1
ORD-2031752,CUST-00532,2024-12-24,East,Consumer,4000.5,1735.52,1
ORD-2031753,CUST-00146,2023-10-17,South,Consumer,3775.43,518.81,1
ORD-2031754,CUST-00547,2024-09-04,West,Corporate,4581.200000000001,977.1899999999999,2
ORD-2031755,CUST-00600,2025-03-23,Central,Consumer,598.19,228.73,2
ORD-2031756,CUST-00409,2024-11-19,South,Consumer,13910.94,6187.67,2
ORD-2031757,CUST-00278,2024-05-24,South,Consumer,6577.68,1757.81,1
ORD-2031758,CUST-00140,2025-11-10,West,Corporate,508.35,169.55,1
ORD-2031759,CUST-00236,2024-12-29,Central,Consumer,325.88,-8.29,1
ORD-2031760,CUST-00621,2024-11-16,West,Home Office,10025.77,106.63999999999999,2
ORD-2031761,CUST-00337,2024-07-26,South,Consumer,838.1600000000001,169.45999999999998,2
ORD-2031762,CUST-00574,2024-12-09,East,Home Office,14847.3,3020.85,1
ORD-2031763,CUST-00603,2025-05-02,Central,Consumer,1601.76,-1.06,1
ORD-2031764,CUST-00552,2024-02-08,West,Consumer,1683.6,563.29,1
ORD-2031765,CUST-00551,2025-02-10,South,Consumer,3886.41,1430.68,2
ORD-2031766,CUST-00503,2025-04-26,South,Consumer,476.16999999999996,108.36,2
ORD-2031767,CUST-00430,2024-05-11,Central,Consumer,6749.2,1375.98,1
ORD-2031768,CUST-00165,2024-11-25,West,Corporate,309.98,137.7,1
ORD-2031769,CUST-00681,2024-04-17,Central,Consumer,1657.84,189.34,1
ORD-2031770,CUST-00773,2024-03-26,East,Consumer,447.18,99.85,2
ORD-2031771,CUST-00389,2023-09-30,South,Corporate,1511.74,107.18,1
ORD-2031772,CUST-00754,2023-09-11,South,Consumer,1415.52,450.68,1
ORD-2031773,CUST-00799,2025-01-04,West,Consumer,5514.59,1033.76,1
ORD-2031774,CUST-00405,2024-11-13,West,Consumer,423.72,177.58,1
ORD-2031775,CUST-00593,2024-11-29,East,Corporate,1657.9099999999999,354.05,2
ORD-2031776,CUST-00528,2024-12-12,East,Home Office,4701.96,2096.15,1
ORD-2031777,CUST-00196,2025-04-04,East,Consumer,11844.48,3762.01,1
ORD-2031778,CUST-00044,2023-02-20,West,Consumer,462.51,173.36,1
ORD-2031779,CUST-00378,2023-11-14,Central,Consumer,6970.099999999999,2463.46,2
ORD-2031780,CUST-00639,2023-11-11,South,Consumer,3657.08,890.61,1
ORD-2031781,CUST-00267,2024-11-27,West,Corporate,71.6,14.61,1
ORD-2031782,CUST-00636,2025-09-01,Central,Corporate,2970.04,471.1,1
ORD-2031783,CUST-00535,2025-08-19,Central,Corporate,22053.66,6980.21,3
ORD-2031784,CUST-00570,2023-04-17,Central,Consumer,636.07,198.97,1
ORD-2031785,CUST-00234,2024-05-14,South,Consumer,282.97,43.010000000000005,2
ORD-2031786,CUST-00392,2023-10-03,East,Consumer,241.28,63.65,1
ORD-2031787,CUST-00149,2024-03-11,South,Corporate,3111.5,1058.81,1
ORD-2031788,CUST-00202,2025-09-06,South,Corporate,4292.26,1685.55,3
ORD-2031789,CUST-00071,2025-06-14,South,Consumer,888.2,-144.83,1
ORD-2031790,CUST-00104,2025-09-14,East,Consumer,5689.52,-834.4000000000001,3
ORD-2031791,CUST-00178,2023-05-30,East,Corporate,7842.0,2044.3400000000001,2
ORD-2031792,CUST-00480,2023-11-20,East,Corporate,980.67,149.95,1
ORD-2031793,CUST-00365,2024-11-24,East,Home Office,2550.7,94.79,1
ORD-2031794,CUST-00218,2025-08-16,East,Consumer,5893.69,1221.6000000000001,2
ORD-2031795,CUST-00694,2024-12-21,South,Consumer,4412.38,756.29,1
ORD-2031796,CUST-00435,2023-08-28,West,Corporate,395.11,134.21,1
ORD-2031797,CUST-00744,2024-10-09,West,Corporate,3544.7,750.85,1
ORD-2031798,CUST-00520,2024-08-04,Central,Corporate,1277.3000000000002,368.74,2
ORD-2031799,CUST-00013,2024-04-07,Central,Consumer,280.68,104.45,1
ORD-2031800,CUST-00733,2024-12-20,South,Consumer,2266.8,280.84,2
ORD-2031801,CUST-00692,2025-06-13,South,Corporate,1359.04,401.65999999999997,2
ORD-2031802,CUST-00521,2024-07-08,West,Consumer,918.66,195.82999999999998,2
ORD-2031803,CUST-00441,2024-12-31,South,Consumer,1794.3700000000001,337.95000000000005,2
ORD-2031804,CUST-00377,2023-12-28,Central,Corporate,284.23,82.81,1
ORD-2031805,CUST-00403,2024-06-12,West,Home Office,119.65,37.62,1
ORD-2031806,CUST-00622,2025-03-11,West,Corporate,1312.32,583.2,1
ORD-2031807,CUST-00425,2025-05-11,West,Corporate,6778.86,2032.26,2
ORD-2031808,CUST-00146,2025-05-17,South,Consumer,351.3,88.02,1
ORD-2031809,CUST-00051,2023-11-27,South,Consumer,5190.2,1107.83,1
ORD-2031810,CUST-00104,2025-10-22,East,Consumer,753.12,-75.02,1
ORD-2031811,CUST-00207,2025-07-19,South,Home Office,11423.4,1114.58,1
ORD-2031812,CUST-00301,2025-04-10,West,Consumer,21.9,7.88,1
ORD-2031813,CUST-00715,2024-01-03,South,Home Office,427.02,101.52,1
ORD-2031814,CUST-00197,2024-10-11,West,Corporate,4260.18,787.76,2
ORD-2031815,CUST-00262,2023-07-14,East,Home Office,3552.81,568.55,1
ORD-2031816,CUST-00183,2024-12-03,West,Consumer,1652.1399999999999,302.37,2
ORD-2031817,CUST-00451,2024-10-06,South,Consumer,5221.08,1294.3300000000002,2
ORD-2031818,CUST-00507,2025-03-25,Central,Consumer,65.7,11.77,1
ORD-2031819,CUST-00438,2023-06-21,South,Home Office,13025.599999999999,4350.6,2
ORD-2031820,CUST-00766,2025-01-25,South,Home Office,5437.5199999999995,1161.8400000000001,2
ORD-2031821,CUST-00797,2025-06-17,South,Consumer,439.02,141.81,1
ORD-2031822,CUST-00677,2025-02-24,Central,Consumer,3529.1,468.7,2
ORD-2031823,CUST-00651,2023-10-20,West,Corporate,6792.21,1820.21,2
ORD-2031824,CUST-00301,2023-11-01,West,Consumer,3663.4,919.3,2
ORD-2031825,CUST-00480,2024-01-06,East,Corporate,5697.96,2081.11,2
ORD-2031826,CUST-00288,2023-08-22,Central,Home Office,280.68,71.23,1
ORD-2031827,CUST-00636,2025-02-07,Central,Corporate,654.64,134.38,2
ORD-2031828,CUST-00143,2025-04-13,West,Corporate,310.56,121.82,1
ORD-2031829,CUST-00180,2025-03-28,Central,Consumer,260.7,68.71,1
ORD-2031830,CUST-00037,2025-04-18,South,Consumer,2615.12,812.27,1
ORD-2031831,CUST-00502,2025-09-05,Central,Consumer,564.38,129.04000000000002,2
ORD-2031832,CUST-00563,2024-10-10,West,Consumer,5371.35,1869.68,1
ORD-2031833,CUST-00003,2025-05-13,Central,Corporate,5687.01,622.06,1
ORD-2031834,CUST-00424,2024-12-14,Central,Corporate,1503.98,315.57,1
ORD-2031835,CUST-00310,2024-03-04,East,Consumer,3975.0499999999997,1079.9099999999999,2
ORD-2031836,CUST-00643,2024-01-11,South,Corporate,5212.04,779.25,2
ORD-2031837,CUST-00037,2025-06-23,South,Consumer,6093.36,1611.74,2
ORD-2031838,CUST-00044,2025-03-05,West,Consumer,197.26,66.58,1
ORD-2031839,CUST-00507,2025-02-10,Central,Consumer,3623.4700000000003,394.26,2
ORD-2031840,CUST-00490,2024-10-06,Central,Corporate,2905.3799999999997,550.04,2
ORD-2031841,CUST-00670,2025-09-01,East,Consumer,1431.06,340.18,1
ORD-2031842,CUST-00491,2023-08-12,South,Consumer,1722.2599999999998,324.78000000000003,2
ORD-2031843,CUST-00766,2024-02-04,South,Home Office,9322.23,1266.7800000000002,3
ORD-2031844,CUST-00258,2024-05-23,East,Consumer,181.79000000000002,47.03,2
ORD-2031845,CUST-00326,2025-02-04,East,Consumer,3656.4700000000003,200.36,2
ORD-2031846,CUST-00788,2023-11-14,Central,Home Office,5330.02,-72.06,1
ORD-2031847,CUST-00087,2024-10-01,East,Consumer,1979.75,573.8000000000001,2
ORD-2031848,CUST-00646,2025-05-19,West,Consumer,736.3900000000001,161.93,2
ORD-2031849,CUST-00007,2024-11-09,East,Consumer,612.74,87.23,1
ORD-2031850,CUST-00405,2024-10-24,West,Consumer,34.5,-10.29,1
ORD-2031851,CUST-00132,2024-06-15,Central,Corporate,939.47,177.93,2
ORD-2031852,CUST-00494,2024-12-03,Central,Consumer,239.3,78.25,1
ORD-2031853,CUST-00647,2025-05-12,West,Consumer,1133.03,386.05,2
ORD-2031854,CUST-00033,2025-03-05,East,Corporate,2687.44,253.21,1
ORD-2031855,CUST-00139,2025-03-10,West,Consumer,9583.86,1463.07,2
ORD-2031856,CUST-00279,2024-08-04,East,Consumer,1025.46,230.12,1
ORD-2031857,CUST-00211,2023-09-22,West,Corporate,80.56,-20.9,1
ORD-2031858,CUST-00312,2024-05-05,Central,Corporate,839.18,235.23999999999998,3
ORD-2031859,CUST-00766,2025-07-10,South,Home Office,2411.1,-363.8,1
ORD-2031860,CUST-00078,2025-06-19,East,Corporate,1054.1,176.28,1
ORD-2031861,CUST-00352,2025-01-13,East,Consumer,3282.81,688.44,2
ORD-2031862,CUST-00381,2024-02-19,East,Consumer,1639.75,363.12,2
ORD-2031863,CUST-00229,2025-09-23,Central,Corporate,10644.6,3194.84,1
ORD-2031864,CUST-00227,2025-02-19,South,Corporate,3149.13,-4.680000000000007,3
ORD-2031865,CUST-00582,2025-03-31,South,Corporate,2005.39,175.68,1
ORD-2031866,CUST-00507,2023-12-24,Central,Consumer,271.74,88.38,1
ORD-2031867,CUST-00654,2025-08-07,South,Consumer,4366.88,1626.7700000000002,3
ORD-2031868,CUST-00334,2025-02-01,South,Consumer,389.04,52.72,1
ORD-2031869,CUST-00500,2024-07-28,West,Consumer,8470.48,3042.36,2
ORD-2031870,CUST-00715,2025-04-26,South,Home Office,0.0,24.43,1
ORD-2031871,CUST-00688,2024-10-11,Central,Corporate,48.52,17.76,1
ORD-2031872,CUST-00741,2025-10-19,South,Consumer,790.23,177.07,1
ORD-2031873,CUST-00219,2025-03-19,West,Consumer,6191.66,1485.17,3
ORD-2031874,CUST-00791,2025-06-28,East,Consumer,5912.38,423.12,1
ORD-2031875,CUST-00657,2024-11-19,South,Home Office,84.67,70.44999999999999,2
ORD-2031876,CUST-00644,2025-06-10,West,Corporate,3854.49,1182.82,1
ORD-2031877,CUST-00546,2025-01-28,East,Consumer,322.24,57.83,1
ORD-2031878,CUST-00790,2024-12-24,East,Corporate,593.1,84.11,1
ORD-2031879,CUST-00365,2025-01-18,East,Home Office,1596.69,261.74,1
ORD-2031880,CUST-00604,2025-07-25,East,Consumer,1065.87,354.69,1
ORD-2031881,CUST-00572,2025-06-22,West,Consumer,6577.68,2547.58,1
ORD-2031882,CUST-00599,2024-08-10,Central,Home Office,1139.4,241.91,1
ORD-2031883,CUST-00612,2023-11-26,West,Corporate,963.07,242.04,2
ORD-2031884,CUST-00156,2024-10-30,Central,Consumer,11677.95,706.15,1
ORD-2031885,CUST-00287,2023-07-21,East,Consumer,2454.46,698.15,2
ORD-2031886,CUST-00323,2024-08-31,Central,Consumer,3875.32,1453.56,1
ORD-2031887,CUST-00611,2023-11-17,South,Corporate,7425.1,1139.58,1
ORD-2031888,CUST-00586,2023-10-06,South,Home Office,6750.92,1881.4299999999998,2
ORD-2031889,CUST-00672,2024-05-06,Central,Corporate,746.05,-34.03,1
ORD-2031890,CUST-00639,2024-12-19,South,Consumer,68.8,23.71,1
ORD-2031891,CUST-00491,2025-10-17,South,Consumer,232.42,37.79,1
ORD-2031892,CUST-00113,2025-05-31,Central,Consumer,341.82,-176.09,1
ORD-2031893,CUST-00521,2025-09-23,West,Consumer,5940.08,2609.11,1
ORD-2031894,CUST-00711,2024-10-23,Central,Consumer,2126.82,685.71,1
ORD-2031895,CUST-00527,2025-05-06,South,Consumer,2194.25,-235.81,1
ORD-2031896,CUST-00718,2023-12-14,West,Corporate,119.65,28.97,1
ORD-2031897,CUST-00800,2024-02-03,West,Corporate,5680.91,896.5999999999999,3
ORD-2031898,CUST-00293,2025-07-13,South,Consumer,1349.84,292.4,1
ORD-2031899,CUST-00592,2024-07-30,South,Corporate,136.82,11.38,1
ORD-2031900,CUST-00444,2024-01-28,West,Consumer,3045.77,626.78,1
ORD-2031901,CUST-00380,2024-06-08,West,Home Office,330.06,83.96000000000001,2
ORD-2031902,CUST-00198,2023-10-11,East,Corporate,136.82,44.78,1
ORD-2031903,CUST-00202,2023-06-28,South,Corporate,984.24,265.29,1
ORD-2031904,CUST-00152,2023-05-02,West,Consumer,10781.6,2881.63,1
ORD-2031905,CUST-00516,2025-08-13,East,Home Office,549.25,131.7,1
ORD-2031906,CUST-00115,2023-11-28,Central,Consumer,155.28,41.24,1
ORD-2031907,CUST-00359,2024-12-07,East,Consumer,12119.380000000001,2167.06,2
ORD-2031908,CUST-00433,2025-03-13,South,Consumer,87.34,30.21,1
ORD-2031909,CUST-00363,2025-09-08,East,Consumer,52.14,10.93,1
ORD-2031910,CUST-00691,2025-03-05,South,Consumer,2302.19,-209.75,1
ORD-2031911,CUST-00366,2024-07-03,Central,Consumer,1517.6,-755.03,1
ORD-2031912,CUST-00067,2025-03-26,South,Corporate,227.04,-26.34,1
ORD-2031913,CUST-00795,2024-12-21,West,Home Office,10834.05,3305.95,2
ORD-2031914,CUST-00682,2025-11-04,East,Home Office,47.31,14.87,1
ORD-2031915,CUST-00537,2025-08-18,West,Home Office,21.83,3.21,1
ORD-2031916,CUST-00618,2025-07-16,West,Corporate,7898.4,2842.3199999999997,2
ORD-2031917,CUST-00104,2023-10-04,East,Consumer,378.4,75.45,1
ORD-2031918,CUST-00622,2023-11-26,West,Corporate,1568.45,16.44,1
ORD-2031919,CUST-00175,2025-11-01,Central,Home Office,3367.2,37.82,1
ORD-2031920,CUST-00408,2024-01-06,East,Consumer,2555.04,671.82,2
ORD-2031921,CUST-00148,2024-11-19,East,Consumer,12045.97,-3955.9399999999996,3
ORD-2031922,CUST-00614,2024-10-02,West,Home Office,15079.02,3731.1,2
ORD-2031923,CUST-00202,2023-11-01,South,Corporate,225.44,86.25,1
ORD-2031924,CUST-00209,2024-05-02,West,Corporate,65.18,-2.14,1
ORD-2031925,CUST-00089,2024-08-13,South,Corporate,5303.34,977.77,1
ORD-2031926,CUST-00591,2024-06-09,South,Corporate,11563.47,3769.3,1
ORD-2031927,CUST-00243,2024-12-06,East,Consumer,918.62,-45.89,1
ORD-2031928,CUST-00430,2024-12-04,Central,Consumer,521.77,178.20999999999998,3
ORD-2031929,CUST-00272,2024-04-19,East,Corporate,4261.46,83.56,1
ORD-2031930,CUST-00625,2025-12-03,Central,Corporate,463.12,182.08,2
ORD-2031931,CUST-00186,2024-06-24,West,Corporate,14133.13,6148.07,1
ORD-2031932,CUST-00758,2025-01-28,West,Consumer,4104.84,935.6,1
ORD-2031933,CUST-00262,2025-03-20,East,Home Office,6178.48,477.68,1
ORD-2031934,CUST-00083,2024-06-28,East,Corporate,345.82,-8.56,1
ORD-2031935,CUST-00199,2024-08-19,West,Home Office,7723.1,1738.0,1
ORD-2031936,CUST-00061,2024-04-24,South,Corporate,5391.79,1056.81,1
ORD-2031937,CUST-00391,2024-05-14,Central,Consumer,6380.46,1445.8899999999999,2
ORD-2031938,CUST-00206,2025-01-11,West,Corporate,1801.77,622.46,2
ORD-2031939,CUST-00711,2025-07-28,Central,Consumer,253.62,60.95,1
ORD-2031940,CUST-00429,2025-06-06,East,Home Office,881.06,315.89,2
ORD-2031941,CUST-00192,2023-08-27,Central,Consumer,977.7,316.96,1
ORD-2031942,CUST-00377,2025-05-14,Central,Corporate,1079.84,-138.51,2
ORD-2031943,CUST-00163,2025-08-22,West,Corporate,522.44,225.32,1
ORD-2031944,CUST-00148,2023-05-26,East,Consumer,4107.07,1295.18,2
ORD-2031945,CUST-00249,2024-05-09,South,Corporate,2186.37,-78.66000000000003,2
ORD-2031946,CUST-00088,2024-11-06,West,Consumer,6415.46,1140.89,2
ORD-2031947,CUST-00155,2024-12-02,West,Consumer,745.55,63.52999999999999,2
ORD-2031948,CUST-00757,2025-06-29,Central,Consumer,2089.76,909.94,1
ORD-2031949,CUST-00546,2024-10-12,East,Consumer,21.0,6.65,1
ORD-2031950,CUST-00742,2023-08-30,South,Corporate,175.95,51.62,1
ORD-2031951,CUST-00211,2023-12-09,West,Corporate,5938.92,2003.25,1
ORD-2031952,CUST-00691,2025-11-24,South,Consumer,3487.8599999999997,33.389999999999986,2
ORD-2031953,CUST-00297,2024-11-22,South,Corporate,444.63,155.97,1
ORD-2031954,CUST-00116,2024-02-11,Central,Consumer,55.47,13.18,2
ORD-2031955,CUST-00651,2025-01-01,West,Corporate,4964.7300000000005,634.67,2
ORD-2031956,CUST-00051,2024-10-20,South,Consumer,28.18,6.06,1
ORD-2031957,CUST-00333,2024-05-19,West,Consumer,343.68,8.76,1
ORD-2031958,CUST-00661,2024-11-28,East,Home Office,7.42,-1.25,1
ORD-2031959,CUST-00507,2024-12-08,Central,Consumer,21.2,7.57,1
ORD-2031960,CUST-00429,2023-12-22,East,Home Office,2337.2,171.99,2
ORD-2031961,CUST-00291,2023-11-17,South,Consumer,1969.48,680.96,2
ORD-2031962,CUST-00061,2025-04-18,South,Corporate,82.12,18.54,1
ORD-2031963,CUST-00794,2025-07-20,South,Home Office,1240.05,336.87,2
ORD-2031964,CUST-00146,2025-05-10,South,Consumer,130.35,53.97,1
ORD-2031965,CUST-00211,2024-02-11,West,Corporate,2.12,0.34,1
ORD-2031966,CUST-00195,2023-02-11,South,Consumer,4165.02,1035.47,2
ORD-2031967,CUST-00727,2024-11-12,Central,Consumer,984.24,251.39,1
ORD-2031968,CUST-00621,2025-11-02,West,Home Office,538.43,154.03,1
ORD-2031969,CUST-00381,2025-07-18,East,Consumer,69.25,8.38,1
ORD-2031970,CUST-00769,2025-06-03,East,Corporate,8017.54,1622.86,1
ORD-2031971,CUST-00045,2024-10-14,East,Consumer,18835.24,3470.2799999999997,3
ORD-2031972,CUST-00716,2024-12-12,South,Consumer,225.57,-2.87,1
ORD-2031973,CUST-00051,2024-08-09,South,Consumer,871.64,30.56,1
ORD-2031974,CUST-00321,2025-08-29,West,Consumer,4263.03,1619.51,1
ORD-2031975,CUST-00047,2023-10-01,West,Home Office,3404.1,1090.3,1
ORD-2031976,CUST-00800,2025-04-02,West,Corporate,277.29,100.72,1
ORD-2031977,CUST-00734,2025-09-24,South,Corporate,784.54,-6.4,1
ORD-2031978,CUST-00485,2025-07-26,West,Consumer,82.12,23.9,1
ORD-2031979,CUST-00181,2024-04-09,South,Consumer,1816.2,567.54,2
ORD-2031980,CUST-00225,2024-03-31,Central,Home Office,8993.81,706.15,1
ORD-2031981,CUST-00375,2024-03-16,South,Consumer,804.94,164.74,2
ORD-2031982,CUST-00264,2023-12-16,South,Consumer,1279.06,304.36,3
ORD-2031983,CUST-00020,2024-12-01,West,Home Office,100.12,13.6,1
ORD-2031984,CUST-00535,2024-11-16,Central,Corporate,5040.64,1033.29,2
ORD-2031985,CUST-00503,2025-02-04,South,Consumer,1333.89,313.1,1
ORD-2031986,CUST-00723,2024-04-05,South,Corporate,201.2,66.42,1
ORD-2031987,CUST-00397,2023-12-10,East,Consumer,10962.8,2307.22,1
ORD-2031988,CUST-00281,2024-03-10,West,Consumer,6930.8,2163.98,1
ORD-2031989,CUST-00425,2025-06-04,West,Corporate,659.1,295.18,1
ORD-2031990,CUST-00161,2025-10-25,South,Consumer,707.3000000000001,275.375,2
ORD-2031991,CUST-00509,2024-12-16,West,Consumer,3552.81,549.09,1
ORD-2031992,CUST-00624,2025-01-25,West,Consumer,3369.0,919.3499999999999,2
ORD-2031993,CUST-00132,2024-08-04,Central,Corporate,2871.9,819.74,1
ORD-2031994,CUST-00262,2025-07-06,East,Home Office,576.8199999999999,74.76,2
ORD-2031995,CUST-00697,2025-07-27,Central,Consumer,492.12,75.43,1
ORD-2031996,CUST-00420,2025-02-01,Central,Consumer,2119.46,630.8,2
ORD-2031997,CUST-00438,2025-08-09,South,Home Office,6912.54,1029.31,2
ORD-2031998,CUST-00592,2024-05-11,South,Corporate,2995.44,841.73,1
ORD-2031999,CUST-00480,2025-02-11,East,Corporate,612.56,156.58,2
ORD-2032000,CUST-00057,2024-12-30,Central,Home Office,6808.2,1310.92,1
ORD-2032001,CUST-00650,2024-10-04,South,Consumer,1595.12,236.12,1
ORD-2032002,CUST-00743,2025-08-03,Central,Corporate,2822.25,-132.07,1
ORD-2032003,CUST-00046,2024-01-26,South,Corporate,120.72,33.66,1
ORD-2032004,CUST-00101,2024-12-10,South,Corporate,601.74,252.17,1
ORD-2032005,CUST-00574,2025-06-07,East,Home Office,4050.88,1130.61,1
ORD-2032006,CUST-00499,2023-05-05,South,Consumer,42.46,-1.42,1
ORD-2032007,CUST-00311,2023-12-04,Central,Home Office,2103.08,412.63,2
ORD-2032008,CUST-00443,2024-10-05,East,Consumer,2965.8300000000004,852.4300000000001,2
ORD-2032009,CUST-00574,2025-04-03,East,Home Office,2723.28,184.48,1
ORD-2032010,CUST-00420,2024-07-04,Central,Consumer,3406.8,840.8199999999999,2
ORD-2032011,CUST-00113,2024-12-18,Central,Consumer,2020.32,511.6,1
ORD-2032012,CUST-00071,2024-09-12,South,Consumer,9138.72,706.15,1
ORD-2032013,CUST-00364,2025-01-27,South,Consumer,661.74,-122.88999999999999,2
ORD-2032014,CUST-00743,2024-10-22,Central,Corporate,1698.62,-4.39,1
ORD-2032015,CUST-00461,2025-04-01,Central,Corporate,3643.86,1029.52,1
ORD-2032016,CUST-00292,2024-07-21,West,Home Office,819.4100000000001,263.3,2
ORD-2032017,CUST-00727,2025-05-28,Central,Consumer,522.44,226.0,1
ORD-2032018,CUST-00319,2024-02-28,South,Corporate,275.56,92.96000000000001,3
ORD-2032019,CUST-00422,2023-12-25,Central,Corporate,2709.7200000000003,299.98,2
ORD-2032020,CUST-00095,2025-03-02,South,Corporate,136.88,-0.23,1
ORD-2032021,CUST-00600,2025-07-29,Central,Consumer,1376.23,441.28000000000003,3
ORD-2032022,CUST-00573,2024-02-25,West,Consumer,2259.36,186.24,1
ORD-2032023,CUST-00644,2024-10-02,West,Corporate,2222.5,369.03,1
ORD-2032024,CUST-00267,2025-08-17,West,Corporate,1141.97,383.66,1
ORD-2032025,CUST-00361,2025-02-10,South,Corporate,9703.44,4002.4,1
ORD-2032026,CUST-00141,2025-06-19,South,Home Office,119.65,25.64,1
ORD-2032027,CUST-00773,2025-02-24,East,Consumer,207.0,52.9,1
ORD-2032028,CUST-00068,2025-03-19,West,Home Office,12975.5,3968.44,1
ORD-2032029,CUST-00530,2024-03-13,South,Corporate,2178.62,392.67,1
ORD-2032030,CUST-00576,2025-08-13,West,Corporate,545.73,144.09,2
ORD-2032031,CUST-00134,2024-11-02,Central,Corporate,7520.22,2625.91,1
ORD-2032032,CUST-00301,2023-08-14,West,Consumer,345.0,121.27,1
ORD-2032033,CUST-00040,2025-05-12,Central,Corporate,3591.3399999999997,1463.66,2
ORD-2032034,CUST-00460,2025-10-20,East,Consumer,180.36,46.52,1
ORD-2032035,CUST-00796,2025-08-24,West,Consumer,279.5,44.89,1
ORD-2032036,CUST-00358,2025-10-06,South,Home Office,42.0,11.29,1
ORD-2032037,CUST-00794,2024-08-19,South,Home Office,2835.76,669.78,1
ORD-2032038,CUST-00104,2023-09-02,East,Consumer,1757.28,279.54,1
ORD-2032039,CUST-00323,2025-09-18,Central,Consumer,53.21,3.87,1
ORD-2032040,CUST-00722,2025-03-22,South,Consumer,9254.57,3146.67,2
ORD-2032041,CUST-00704,2025-04-08,East,Corporate,3303.09,863.23,2
ORD-2032042,CUST-00265,2024-03-12,South,Consumer,6315.3,1140.42,2
ORD-2032043,CUST-00554,2024-11-22,West,Consumer,4208.9800000000005,776.34,3
ORD-2032044,CUST-00711,2024-05-02,Central,Consumer,231.82,-8.97,1
ORD-2032045,CUST-00622,2024-12-09,West,Corporate,470.2,112.35,1
ORD-2032046,CUST-00512,2025-08-03,Central,Home Office,6431.38,1561.17,2
ORD-2032047,CUST-00132,2025-08-19,Central,Corporate,1783.98,535.15,1
ORD-2032048,CUST-00061,2024-02-06,South,Corporate,1194.42,474.95,1
ORD-2032049,CUST-00504,2025-02-13,South,Consumer,61.59,9.66,1
ORD-2032050,CUST-00414,2025-08-14,East,Corporate,8870.5,2895.48,1
ORD-2032051,CUST-00196,2024-08-06,East,Consumer,53.0,9.35,1
ORD-2032052,CUST-00238,2024-10-24,West,Corporate,3079.59,468.49,1
ORD-2032053,CUST-00323,2023-12-26,Central,Consumer,408.07,113.60999999999999,2
ORD-2032054,CUST-00412,2023-07-25,East,Consumer,538.43,189.42,1
ORD-2032055,CUST-00320,2024-10-15,South,Home Office,6284.030000000001,2097.88,2
ORD-2032056,CUST-00318,2023-09-29,Central,Consumer,208.13,-34.45,1
ORD-2032057,CUST-00095,2025-11-04,South,Corporate,76.09,17.21,1
ORD-2032058,CUST-00695,2025-02-19,East,Corporate,57.48,-2.2,1
ORD-2032059,CUST-00502,2023-08-02,Central,Consumer,93.56,19.82,1
ORD-2032060,CUST-00120,2023-11-24,East,Corporate,302.72,-0.4,1
ORD-2032061,CUST-00352,2024-12-10,East,Consumer,6374.139999999999,1718.4299999999998,2
ORD-2032062,CUST-00346,2025-10-19,West,Consumer,376.87,110.14999999999999,2
ORD-2032063,CUST-00495,2024-09-18,West,Corporate,1009.61,195.08999999999997,2
ORD-2032064,CUST-00502,2025-08-27,Central,Consumer,71.86,10.09,1
ORD-2032065,CUST-00528,2025-06-25,East,Home Office,1311.11,447.36,2
ORD-2032066,CUST-00570,2024-12-02,Central,Consumer,1027.52,276.18,1
ORD-2032067,CUST-00082,2024-10-25,West,Consumer,4390.95,953.1,2
ORD-2032068,CUST-00254,2024-01-02,West,Consumer,225.44,47.89,1
ORD-2032069,CUST-00015,2024-05-31,Central,Consumer,14977.2,6180.95,1
ORD-2032070,CUST-00379,2025-05-18,West,Corporate,3659.21,-350.9899999999999,2
ORD-2032071,CUST-00357,2025-05-19,East,Consumer,3108.15,-1740.69,2
ORD-2032072,CUST-00600,2024-07-02,Central,Consumer,770.85,306.78,1
ORD-2032073,CUST-00140,2025-05-30,West,Corporate,805.3299999999999,261.28,2
ORD-2032074,CUST-00516,2025-11-09,East,Home Office,4056.4500000000003,605.5500000000001,2
ORD-2032075,CUST-00255,2024-07-01,Central,Home Office,407.35,167.65,1
ORD-2032076,CUST-00311,2024-07-29,Central,Home Office,82.77,14.42,1
ORD-2032077,CUST-00590,2024-11-08,South,Corporate,1162.1,241.26,1
ORD-2032078,CUST-00061,2025-08-31,South,Corporate,4632.96,1587.84,3
ORD-2032079,CUST-00279,2024-01-01,East,Consumer,12077.4,4777.41,2
ORD-2032080,CUST-00321,2025-06-23,West,Consumer,2667.0,1027.77,1
ORD-2032081,CUST-00585,2025-06-06,West,Consumer,1281.46,223.34,2
ORD-2032082,CUST-00165,2023-05-24,West,Corporate,7488.6,2473.01,1
ORD-2032083,CUST-00764,2025-10-04,South,Consumer,10121.66,1541.22,2
ORD-2032084,CUST-00799,2024-08-30,West,Consumer,2816.81,1061.04,2
ORD-2032085,CUST-00661,2023-12-06,East,Home Office,164.67,-95.07,1
ORD-2032086,CUST-00248,2023-09-13,West,Consumer,307.64,73.82,1
ORD-2032087,CUST-00541,2025-06-04,Central,Consumer,78.21,45.66,1
ORD-2032088,CUST-00067,2024-09-21,South,Corporate,17057.01,6580.81,2
ORD-2032089,CUST-00700,2024-05-21,East,Consumer,13479.48,4739.08,1
ORD-2032090,CUST-00428,2024-02-17,South,Consumer,391.08,72.43,1
ORD-2032091,CUST-00146,2025-08-07,South,Consumer,632.46,132.99,1
ORD-2032092,CUST-00269,2025-08-22,Central,Consumer,2183.48,496.21,1
ORD-2032093,CUST-00649,2025-07-31,South,Home Office,5435.92,1326.24,1
ORD-2032094,CUST-00698,2023-10-18,Central,Corporate,2107.3,436.14,1
ORD-2032095,CUST-00431,2025-12-17,East,Corporate,566.94,92.42,2
ORD-2032096,CUST-00402,2024-11-14,South,Consumer,13004.869999999999,2199.52,3
ORD-2032097,CUST-00612,2023-11-21,West,Corporate,13355.880000000001,2958.4300000000003,2
ORD-2032098,CUST-00666,2023-12-08,Central,Home Office,7638.37,126.64,1
ORD-2032099,CUST-00621,2024-02-02,West,Home Office,33.96,-6.64,1
ORD-2032100,CUST-00314,2024-03-07,West,Home Office,767.03,149.51,2
ORD-2032101,CUST-00527,2024-08-14,South,Consumer,5516.62,978.23,2
ORD-2032102,CUST-00691,2025-04-17,South,Consumer,654.92,264.56,1
ORD-2032103,CUST-00130,2024-12-25,Central,Consumer,5520.06,1046.08,2
ORD-2032104,CUST-00319,2025-02-11,South,Corporate,2195.1,506.9,1
ORD-2032105,CUST-00051,2024-08-15,South,Consumer,11030.96,2541.15,1
ORD-2032106,CUST-00337,2024-01-15,South,Consumer,5617.27,1364.96,2
ORD-2032107,CUST-00624,2024-07-28,West,Consumer,13274.56,5572.58,3
ORD-2032108,CUST-00164,2025-06-21,West,Corporate,4859.42,1021.96,1
ORD-2032109,CUST-00446,2025-03-09,Central,Home Office,653.59,54.3,1
ORD-2032110,CUST-00037,2024-07-23,South,Consumer,3134.64,477.25,1
ORD-2032111,CUST-00718,2025-06-23,West,Corporate,14673.89,2857.56,2
ORD-2032112,CUST-00661,2024-05-01,East,Home Office,4441.68,1657.87,1
ORD-2032113,CUST-00434,2023-12-20,East,Corporate,215.67,46.21,1
ORD-2032114,CUST-00577,2024-08-09,South,Consumer,464.84,147.09,1
ORD-2032115,CUST-00083,2024-08-23,East,Corporate,10644.6,2071.97,1
ORD-2032116,CUST-00682,2024-09-04,East,Home Office,1025.46,260.64,1
ORD-2032117,CUST-00583,2025-05-20,East,Corporate,1256.6599999999999,418.4,2
ORD-2032118,CUST-00099,2025-01-02,Central,Consumer,6749.2,2948.29,1
ORD-2032119,CUST-00789,2025-10-03,Central,Consumer,7177.0,2884.77,2
ORD-2032120,CUST-00021,2024-12-03,Central,Corporate,34.4,5.38,1
ORD-2032121,CUST-00512,2024-04-05,Central,Home Office,215.58,72.88,1
ORD-2032122,CUST-00143,2025-02-15,West,Corporate,78.84,5.82,1
ORD-2032123,CUST-00590,2023-05-23,South,Corporate,443.08,140.45,1
ORD-2032124,CUST-00058,2024-12-17,East,Consumer,7067.23,2565.39,2
ORD-2032125,CUST-00066,2024-01-27,West,Corporate,425.36,-47.94,1
ORD-2032126,CUST-00388,2025-01-18,South,Consumer,297.59,-103.46,1
ORD-2032127,CUST-00795,2023-09-23,West,Home Office,7732.84,1886.39,3
ORD-2032128,CUST-00225,2024-11-30,Central,Home Office,822.02,53.2,1
ORD-2032129,CUST-00503,2025-04-30,South,Consumer,219.7,61.2,1
ORD-2032130,CUST-00430,2025-03-29,Central,Consumer,947.34,272.95,1
ORD-2032131,CUST-00680,2025-09-25,South,Consumer,17934.18,4701.66,2
ORD-2032132,CUST-00235,2025-05-29,West,Consumer,1100.6399999999999,206.67000000000002,2
ORD-2032133,CUST-00458,2025-08-12,Central,Home Office,885.94,198.9,3
ORD-2032134,CUST-00766,2025-04-28,South,Home Office,4420.35,1244.3,1
ORD-2032135,CUST-00272,2025-06-29,East,Corporate,349.38,77.46,1
ORD-2032136,CUST-00364,2024-05-06,South,Consumer,3112.41,702.97,1
ORD-2032137,CUST-00711,2023-07-07,Central,Consumer,5371.35,1478.48,1
ORD-2032138,CUST-00272,2024-09-07,East,Corporate,14192.8,2588.71,1
ORD-2032139,CUST-00311,2024-01-22,Central,Home Office,1119.86,335.1,1
ORD-2032140,CUST-00253,2024-01-29,East,Corporate,13325.04,4864.19,1
ORD-2032141,CUST-00653,2024-06-24,East,Consumer,8085.93,471.79,1
ORD-2032142,CUST-00752,2025-07-05,East,Home Office,1939.5300000000002,669.2800000000001,2
ORD-2032143,CUST-00516,2023-11-13,East,Home Office,473.68,186.19,1
ORD-2032144,CUST-00508,2025-07-12,East,Consumer,241.48,56.75,2
ORD-2032145,CUST-00320,2025-12-23,South,Home Office,4650.110000000001,1394.2800000000002,2
ORD-2032146,CUST-00008,2025-10-23,Central,Corporate,592.15,139.83,1
ORD-2032147,CUST-00144,2023-10-30,West,Home Office,14.78,4.91,1
ORD-2032148,CUST-00123,2024-12-17,Central,Consumer,1179.6,420.07,1
ORD-2032149,CUST-00095,2024-11-25,South,Corporate,4251.17,922.23,1
ORD-2032150,CUST-00534,2025-01-15,West,Corporate,235.7,21.39,1
ORD-2032151,CUST-00108,2025-10-30,Central,Corporate,951.31,244.25,2
ORD-2032152,CUST-00068,2024-10-05,West,Home Office,61.59,14.89,1
ORD-2032153,CUST-00311,2024-03-24,Central,Home Office,879.93,363.45,1
ORD-2032154,CUST-00204,2023-10-21,Central,Corporate,349.38,143.84,1
ORD-2032155,CUST-00120,2024-12-03,East,Corporate,16018.68,2027.29,2
ORD-2032156,CUST-00120,2025-10-28,East,Corporate,96.67,23.0,1
ORD-2032157,CUST-00211,2025-05-26,West,Corporate,1936.77,295.21,2
ORD-2032158,CUST-00441,2024-12-29,South,Consumer,1054.1,231.29,1
ORD-2032159,CUST-00618,2024-06-22,West,Corporate,6720.69,2958.9799999999996,2
ORD-2032160,CUST-00690,2023-08-02,South,Consumer,1757.28,379.15,1
ORD-2032161,CUST-00612,2025-04-23,West,Corporate,82.12,13.83,1
ORD-2032162,CUST-00512,2024-09-01,Central,Home Office,1694.88,730.39,1
ORD-2032163,CUST-00727,2024-11-07,Central,Consumer,2240.6,606.17,1
ORD-2032164,CUST-00431,2025-10-21,East,Corporate,3111.5,892.25,1
ORD-2032165,CUST-00518,2024-11-17,East,Consumer,1156.35,290.51,1
ORD-2032166,CUST-00339,2025-04-25,East,Consumer,9178.91,2569.05,1
ORD-2032167,CUST-00269,2025-06-15,Central,Consumer,2148.54,698.13,1
ORD-2032168,CUST-00272,2024-02-02,East,Corporate,52.14,9.07,1
ORD-2032169,CUST-00125,2025-05-03,South,Consumer,4493.16,868.39,1
ORD-2032170,CUST-00646,2024-03-03,West,Consumer,1892.6999999999998,732.75,2
ORD-2032171,CUST-00048,2024-06-23,South,Corporate,283.86,107.29,1
ORD-2032172,CUST-00552,2025-06-03,West,Consumer,1097.8,446.52,1
ORD-2032173,CUST-00694,2023-12-19,South,Consumer,13788.7,3990.24,1
ORD-2032174,CUST-00412,2024-06-20,East,Consumer,2983.59,828.97,2
ORD-2032175,CUST-00058,2025-05-12,East,Consumer,72.78,26.86,1
ORD-2032176,CUST-00356,2023-06-09,South,Consumer,1477.59,424.34,2
ORD-2032177,CUST-00280,2025-01-21,East,Consumer,4182.88,529.29,1
ORD-2032178,CUST-00791,2025-05-19,East,Consumer,3138.0,540.0,1
ORD-2032179,CUST-00566,2024-11-13,East,Consumer,3932.25,95.31,2
ORD-2032180,CUST-00592,2025-04-29,South,Corporate,1208.35,259.71,1
ORD-2032181,CUST-00428,2025-11-07,South,Consumer,5050.8,1153.04,1
ORD-2032182,CUST-00579,2024-03-31,South,Consumer,265.58,-28.18,1
ORD-2032183,CUST-00592,2023-06-14,South,Corporate,9668.43,3106.66,1
ORD-2032184,CUST-00057,2025-04-08,Central,Home Office,16332.03,4131.55,1
ORD-2032185,CUST-00183,2024-12-10,West,Consumer,4724.44,-507.88,1
ORD-2032186,CUST-00009,2025-05-20,East,Consumer,16.1,-0.76,1
ORD-2032187,CUST-00423,2023-11-21,South,Consumer,2965.5,934.34,1
ORD-2032188,CUST-00703,2025-05-01,East,Corporate,16514.67,5141.7699999999995,2
ORD-2032189,CUST-00503,2024-12-21,South,Consumer,446.39,126.44,1
ORD-2032190,CUST-00413,2024-05-14,West,Home Office,3080.88,1300.99,1
ORD-2032191,CUST-00746,2024-04-16,West,Consumer,2042.46,570.54,1
ORD-2032192,CUST-00144,2024-02-03,West,Home Office,683.64,230.56,1
ORD-2032193,CUST-00061,2025-05-13,South,Corporate,156.42,27.84,1
ORD-2032194,CUST-00738,2025-02-02,West,Consumer,71.86,-20.78,1
ORD-2032195,CUST-00722,2023-11-05,South,Consumer,8.48,-0.17,1
ORD-2032196,CUST-00558,2023-05-14,South,Consumer,8857.060000000001,3378.44,3
ORD-2032197,CUST-00202,2024-04-14,South,Corporate,80.48,23.09,1
ORD-2032198,CUST-00778,2024-12-14,East,Consumer,2087.89,517.05,2
ORD-2032199,CUST-00622,2024-06-02,West,Corporate,559.3,148.20999999999998,2
ORD-2032200,CUST-00551,2023-11-04,South,Consumer,9866.52,1856.33,1
ORD-2032201,CUST-00183,2023-11-21,West,Consumer,159.98,61.54,1
ORD-2032202,CUST-00425,2025-10-17,West,Corporate,5940.08,1228.14,1
ORD-2032203,CUST-00663,2025-06-12,East,Consumer,9437.91,3639.24,2
ORD-2032204,CUST-00693,2025-04-18,South,Consumer,45.09,20.22,1
ORD-2032205,CUST-00464,2023-11-02,West,Corporate,10.6,2.17,1
ORD-2032206,CUST-00432,2025-11-08,Central,Corporate,5990.88,1709.96,1
ORD-2032207,CUST-00570,2025-08-15,Central,Consumer,469.2,158.43,1
ORD-2032208,CUST-00436,2023-11-21,East,Corporate,11524.53,3175.58,2
ORD-2032209,CUST-00347,2024-07-02,South,Consumer,281.8,117.8,1
ORD-2032210,CUST-00068,2025-10-11,West,Home Office,443.08,91.19,1
ORD-2032211,CUST-00104,2025-01-06,East,Consumer,1695.41,-594.4,1
ORD-2032212,CUST-00619,2025-08-30,East,Consumer,4436.9,318.21000000000004,2
ORD-2032213,CUST-00024,2025-09-29,South,Consumer,1893.4,70.74,1
ORD-2032214,CUST-00045,2024-08-28,East,Consumer,841.3199999999999,60.47,2
ORD-2032215,CUST-00724,2024-11-25,East,Consumer,329.63,21.75,2
ORD-2032216,CUST-00575,2023-08-31,East,Consumer,935.6,378.26,1
ORD-2032217,CUST-00003,2025-03-07,Central,Corporate,5989.48,2051.58,2
ORD-2032218,CUST-00257,2025-06-29,Central,Home Office,66.51,12.31,1
ORD-2032219,CUST-00621,2024-01-30,West,Home Office,539.6,161.98,1
ORD-2032220,CUST-00347,2024-09-14,South,Consumer,6127.38,2335.89,1
ORD-2032221,CUST-00391,2024-04-10,Central,Consumer,1461.42,307.63,2
ORD-2032222,CUST-00382,2024-01-16,South,Home Office,513.76,-98.43,1
ORD-2032223,CUST-00167,2025-07-03,West,Corporate,2118.6,716.54,1
ORD-2032224,CUST-00592,2025-04-23,South,Corporate,13508.59,4777.49,2
ORD-2032225,CUST-00081,2025-04-20,South,Consumer,1148.76,355.77,1
ORD-2032226,CUST-00420,2023-06-13,Central,Consumer,1262.27,318.31,1
ORD-2032227,CUST-00142,2023-10-11,East,Corporate,2.12,0.45,1
ORD-2032228,CUST-00043,2024-05-27,Central,Corporate,164.04,41.07,1
ORD-2032229,CUST-00116,2024-11-26,Central,Consumer,680.82,123.8,1
ORD-2032230,CUST-00697,2024-11-15,Central,Consumer,5208.27,857.31,1
ORD-2032231,CUST-00146,2023-10-07,South,Consumer,1044.88,320.53,1
ORD-2032232,CUST-00227,2025-05-09,South,Corporate,24.26,8.76,1
ORD-2032233,CUST-00111,2024-10-12,West,Consumer,5241.89,1233.42,2
ORD-2032234,CUST-00600,2024-02-19,Central,Consumer,129.1,0.98,1
ORD-2032235,CUST-00369,2024-09-05,East,Consumer,50.25,13.83,1
ORD-2032236,CUST-00761,2025-06-25,East,Consumer,156.42,26.04,1
ORD-2032237,CUST-00542,2024-12-16,East,Corporate,5500.77,1633.62,2
ORD-2032238,CUST-00438,2024-11-13,South,Home Office,846.86,139.16,2
ORD-2032239,CUST-00535,2024-09-20,Central,Corporate,1404.2,295.12,1
ORD-2032240,CUST-00038,2025-05-25,South,Consumer,9969.720000000001,3015.13,2
ORD-2032241,CUST-00766,2023-10-30,South,Home Office,847.44,317.85,1
ORD-2032242,CUST-00769,2024-04-22,East,Corporate,3138.0,1283.55,1
ORD-2032243,CUST-00225,2023-07-14,Central,Home Office,101.45,6.77,1
ORD-2032244,CUST-00512,2025-08-13,Central,Home Office,14805.6,5159.18,1
ORD-2032245,CUST-00167,2025-02-08,West,Corporate,14.78,5.03,1
ORD-2032246,CUST-00452,2025-05-12,South,Consumer,5849.06,2173.28,1
ORD-2032247,CUST-00624,2025-06-18,West,Consumer,13747.86,5384.27,2
ORD-2032248,CUST-00758,2025-03-06,West,Consumer,253.76,-44.86,1
ORD-2032249,CUST-00276,2024-06-28,West,Consumer,1894.68,519.38,1
ORD-2032250,CUST-00569,2024-06-28,Central,Corporate,98.78,29.32,1
ORD-2032251,CUST-00586,2023-08-04,South,Home Office,9104.880000000001,-940.55,2
ORD-2032252,CUST-00182,2024-12-29,East,Consumer,1808.32,578.48,1
ORD-2032253,CUST-00512,2023-03-09,Central,Home Office,6601.98,2420.28,3
ORD-2032254,CUST-00535,2025-08-02,Central,Corporate,242.07,55.09,1
ORD-2032255,CUST-00621,2025-02-06,West,Home Office,421.64,105.22,1
ORD-2032256,CUST-00800,2025-02-14,West,Corporate,225.96,51.42,2
ORD-2032257,CUST-00037,2023-05-26,South,Consumer,62.81,16.5,1
ORD-2032258,CUST-00168,2023-12-16,East,Consumer,1186.28,370.27,2
ORD-2032259,CUST-00118,2025-08-29,East,Corporate,14847.3,2242.4,1
ORD-2032260,CUST-00133,2025-06-04,East,Consumer,1783.98,762.79,1
ORD-2032261,CUST-00378,2024-04-11,Central,Consumer,2467.95,-1534.44,2
ORD-2032262,CUST-00704,2025-06-03,East,Corporate,15167.57,3738.5,1
ORD-2032263,CUST-00373,2025-11-03,West,Corporate,947.36,282.56,1
ORD-2032264,CUST-00547,2024-09-24,West,Corporate,3583.26,593.25,1
ORD-2032265,CUST-00310,2023-12-29,East,Consumer,124.66,12.809999999999999,2
ORD-2032266,CUST-00262,2025-09-08,East,Home Office,228.12,18.46,1
ORD-2032267,CUST-00673,2025-01-17,Central,Consumer,435.73,-128.99,1
ORD-2032268,CUST-00535,2025-08-10,Central,Corporate,957.2,271.6,1
ORD-2032269,CUST-00288,2024-01-31,Central,Home Office,1138.2,373.31,1
ORD-2032270,CUST-00733,2023-11-03,South,Consumer,14479.57,2328.19,2
ORD-2032271,CUST-00412,2024-10-05,East,Consumer,1029.16,445.57,1
ORD-2032272,CUST-00155,2025-03-21,West,Consumer,2118.6,517.44,1
ORD-2032273,CUST-00404,2024-10-26,South,Corporate,1694.88,-907.38,1
ORD-2032274,CUST-00552,2024-11-20,West,Consumer,19880.55,5223.57,2
ORD-2032275,CUST-00301,2025-06-06,West,Consumer,5936.9,2147.87,2
ORD-2032276,CUST-00681,2025-08-18,Central,Consumer,14.84,4.18,1
ORD-2032277,CUST-00439,2024-11-07,East,Consumer,2506.74,414.48,1
ORD-2032278,CUST-00390,2024-09-28,East,Corporate,1211.34,377.01,2
ORD-2032279,CUST-00693,2024-11-01,South,Consumer,1918.9,721.63,2
ORD-2032280,CUST-00387,2023-08-17,East,Corporate,483.0,83.3,1
ORD-2032281,CUST-00343,2025-09-13,Central,Home Office,768.46,178.22,1
ORD-2032282,CUST-00083,2024-12-21,East,Corporate,674.07,297.84,1
ORD-2032283,CUST-00297,2024-12-09,South,Corporate,2871.9,598.2,1
ORD-2032284,CUST-00326,2025-09-14,East,Consumer,4960.900000000001,692.1,2
ORD-2032285,CUST-00148,2025-01-14,East,Consumer,3676.72,1135.3899999999999,2
ORD-2032286,CUST-00488,2025-02-06,Central,Consumer,8807.46,2579.5199999999995,3
ORD-2032287,CUST-00116,2023-10-11,Central,Consumer,2751.06,507.20000000000005,2
ORD-2032288,CUST-00183,2024-12-02,West,Consumer,943.68,256.96,1
ORD-2032289,CUST-00464,2024-10-24,West,Corporate,209.07999999999998,41.14,2
ORD-2032290,CUST-00219,2024-09-27,West,Consumer,129.34,45.66,1
ORD-2032291,CUST-00525,2024-11-03,West,Consumer,1263.78,479.17,1
ORD-2032292,CUST-00565,2024-11-28,South,Home Office,7080.429999999999,2126.18,2
ORD-2032293,CUST-00250,2025-07-04,East,Consumer,3177.87,934.02,3
ORD-2032294,CUST-00068,2024-12-04,West,Home Office,37.69,7.36,1
ORD-2032295,CUST-00409,2024-05-21,South,Consumer,4951.41,1709.47,3
ORD-2032296,CUST-00074,2023-04-07,East,Consumer,2699.68,594.2,1
ORD-2032297,CUST-00427,2024-06-19,South,Corporate,521.41,-7.12,1
ORD-2032298,CUST-00596,2025-01-07,South,Consumer,3813.48,829.63,1
ORD-2032299,CUST-00507,2023-12-21,Central,Consumer,10001.36,1716.3200000000002,2
ORD-2032300,CUST-00372,2025-04-07,Central,Corporate,6766.43,1921.37,1
ORD-2032301,CUST-00762,2025-02-11,Central,Corporate,63.0,25.28,1
ORD-2032302,CUST-00079,2025-06-16,Central,Corporate,9730.15,2447.3,2
ORD-2032303,CUST-00705,2025-02-24,East,Consumer,7445.9,696.64,1
ORD-2032304,CUST-00648,2025-03-12,Central,Corporate,395.37,41.88,2
ORD-2032305,CUST-00348,2024-04-13,South,Consumer,4173.4,901.73,1
ORD-2032306,CUST-00132,2025-11-02,Central,Corporate,10132.55,1894.99,2
ORD-2032307,CUST-00133,2025-11-14,East,Consumer,6766.570000000001,1590.52,3
ORD-2032308,CUST-00742,2024-08-31,South,Corporate,3129.8399999999997,1322.69,2
ORD-2032309,CUST-00192,2024-06-27,Central,Consumer,14848.24,6374.66,1
ORD-2032310,CUST-00701,2025-08-29,Central,Consumer,267.44,111.86,1
ORD-2032311,CUST-00418,2024-10-22,East,Consumer,44.34,10.94,1
ORD-2032312,CUST-00387,2025-06-17,East,Corporate,69.88,4.81,1
ORD-2032313,CUST-00507,2025-08-28,Central,Consumer,2970.04,622.46,1
ORD-2032314,CUST-00180,2025-11-04,Central,Consumer,206.42,7.49,1
ORD-2032315,CUST-00356,2025-05-30,South,Consumer,1738.1,-28.84,2
ORD-2032316,CUST-00757,2023-10-24,Central,Consumer,717.9,110.69,1
ORD-2032317,CUST-00196,2023-03-31,East,Consumer,16286.16,5520.85,1
ORD-2032318,CUST-00742,2024-10-03,South,Corporate,6150.55,2098.29,3
ORD-2032319,CUST-00796,2024-10-07,West,Consumer,3344.38,685.29,1
ORD-2032320,CUST-00045,2025-07-18,East,Consumer,61.59,17.13,1
ORD-2032321,CUST-00438,2025-06-24,South,Home Office,13727.23,3260.66,3
ORD-2032322,CUST-00143,2024-09-03,West,Corporate,11511.650000000001,3076.92,2
ORD-2032323,CUST-00508,2024-10-15,East,Consumer,2408.37,373.7,1
ORD-2032324,CUST-00794,2025-08-04,South,Home Office,2274.57,121.94,1
ORD-2032325,CUST-00718,2024-08-11,West,Corporate,473.67,122.85,1
ORD-2032326,CUST-00745,2025-06-24,South,Consumer,5144.18,250.0,2
ORD-2032327,CUST-00180,2025-09-23,Central,Consumer,17453.2,2902.99,2
ORD-2032328,CUST-00446,2024-08-22,Central,Home Office,770.64,140.97,1
ORD-2032329,CUST-00193,2025-01-25,Central,Consumer,1977.0,682.02,1
ORD-2032330,CUST-00719,2025-09-14,East,Consumer,559.88,187.74,1
ORD-2032331,CUST-00156,2025-11-04,Central,Consumer,64.44,14.91,1
ORD-2032332,CUST-00133,2024-03-01,East,Consumer,3374.29,1086.68,2
ORD-2032333,CUST-00007,2024-03-01,East,Consumer,8911.43,2520.11,1
ORD-2032334,CUST-00149,2024-06-22,South,Corporate,16286.16,6458.02,1
ORD-2032335,CUST-00156,2023-12-26,Central,Consumer,7372.459999999999,2778.64,2
ORD-2032336,CUST-00065,2025-07-11,West,Corporate,728.77,-124.73,1
ORD-2032337,CUST-00697,2024-09-16,Central,Consumer,2192.56,865.0,1
ORD-2032338,CUST-00633,2024-11-26,West,Consumer,6917.54,2074.22,3
ORD-2032339,CUST-00211,2024-09-11,West,Corporate,852.77,241.36999999999998,2
ORD-2032340,CUST-00635,2025-11-09,East,Consumer,38.82,15.98,1
ORD-2032341,CUST-00350,2024-07-15,East,Corporate,659.62,-39.0,1
ORD-2032342,CUST-00626,2024-05-22,East,Consumer,3951.18,949.47,1
ORD-2032343,CUST-00265,2025-08-17,South,Consumer,217.39,37.16,1
ORD-2032344,CUST-00467,2024-09-13,East,Home Office,947.36,218.58,1
ORD-2032345,CUST-00311,2024-05-08,Central,Home Office,11638.85,2146.2799999999997,2
ORD-2032346,CUST-00154,2024-07-15,West,Home Office,157.68,26.7,1
ORD-2032347,CUST-00486,2024-11-23,East,Consumer,21997.07,6460.47,2
ORD-2032348,CUST-00612,2023-11-08,West,Corporate,13362.57,2160.15,1
ORD-2032349,CUST-00614,2025-10-11,West,Home Office,55.2,16.71,1
ORD-2032350,CUST-00291,2024-08-19,South,Consumer,3358.77,1227.4,3
ORD-2032351,CUST-00430,2023-11-28,Central,Consumer,2284.06,329.04,2
ORD-2032352,CUST-00621,2023-09-10,West,Home Office,227.88,53.46,1
ORD-2032353,CUST-00047,2024-10-06,West,Home Office,3808.86,1038.5,2
ORD-2032354,CUST-00061,2025-01-07,South,Corporate,19.41,6.02,1
ORD-2032355,CUST-00309,2025-05-19,West,Consumer,3613.49,110.55,1
ORD-2032356,CUST-00183,2025-02-10,West,Consumer,6734.4,2934.95,1
ORD-2032357,CUST-00308,2024-06-04,Central,Corporate,103.2,28.95,1
ORD-2032358,CUST-00074,2023-11-26,East,Consumer,447.37,130.0,2
ORD-2032359,CUST-00491,2024-09-18,South,Consumer,6893.02,-2057.17,2
ORD-2032360,CUST-00548,2025-06-06,Central,Home Office,137.6,49.4,1
ORD-2032361,CUST-00643,2023-08-19,South,Corporate,683.64,169.83,1
ORD-2032362,CUST-00531,2025-03-11,Central,Consumer,304.6,89.77,2
ORD-2032363,CUST-00326,2025-07-24,East,Consumer,1076.85,45.66,1
ORD-2032364,CUST-00755,2024-12-05,Central,Consumer,11055.01,3378.3799999999997,2
ORD-2032365,CUST-00596,2024-10-09,South,Consumer,956.74,49.940000000000005,2
ORD-2032366,CUST-00436,2025-01-13,East,Corporate,137.6,57.99,1
ORD-2032367,CUST-00174,2023-12-28,Central,Corporate,1273.06,337.12,1
ORD-2032368,CUST-00530,2025-05-23,South,Corporate,16264.23,4511.08,2
ORD-2032369,CUST-00490,2024-03-10,Central,Corporate,93.17,28.77,1
ORD-2032370,CUST-00559,2023-08-09,South,Consumer,308.1,74.09,1
ORD-2032371,CUST-00633,2024-05-29,West,Consumer,2808.4,681.76,1
ORD-2032372,CUST-00735,2024-01-24,East,Home Office,402.8,139.52,1
ORD-2032373,CUST-00766,2025-09-04,South,Home Office,1961.34,714.34,1
ORD-2032374,CUST-00515,2024-06-14,South,Home Office,184.77,49.81,1
ORD-2032375,CUST-00775,2025-09-19,South,Consumer,4356.44,957.26,2
ORD-2032376,CUST-00730,2025-04-06,Central,Home Office,85.92,-17.48,1
ORD-2032377,CUST-00002,2025-05-15,South,Home Office,184.77,41.98,1
ORD-2032378,CUST-00524,2025-02-27,South,Consumer,5197.57,1561.05,1
ORD-2032379,CUST-00148,2025-10-14,East,Consumer,1474.4,244.46,1
ORD-2032380,CUST-00241,2025-07-21,East,Corporate,7236.780000000001,1543.2900000000002,3
ORD-2032381,CUST-00245,2025-03-15,Central,Corporate,1027.52,308.3,1
ORD-2032382,CUST-00404,2024-12-31,South,Corporate,2126.82,418.14,1
ORD-2032383,CUST-00006,2024-12-27,South,Home Office,189.0,39.15,1
ORD-2032384,CUST-00195,2024-11-10,South,Consumer,5435.92,1065.67,1
ORD-2032385,CUST-00028,2025-06-08,South,Corporate,3214.8,694.81,1
ORD-2032386,CUST-00531,2025-07-17,Central,Consumer,3073.14,544.34,1
ORD-2032387,CUST-00711,2025-11-02,Central,Consumer,475.54999999999995,103.97,2
ORD-2032388,CUST-00799,2025-01-19,West,Consumer,216.20999999999998,71.97,2
ORD-2032389,CUST-00373,2023-11-07,West,Corporate,1148.28,179.06,1
ORD-2032390,CUST-00213,2025-08-24,South,Home Office,540.36,191.88,2
ORD-2032391,CUST-00690,2025-11-15,South,Consumer,3424.9900000000002,526.86,3
ORD-2032392,CUST-00092,2024-12-29,South,Corporate,3030.48,185.59,1
ORD-2032393,CUST-00784,2024-04-04,East,Consumer,758.95,184.63,1
ORD-2032394,CUST-00583,2025-06-14,East,Corporate,329.34,100.42,1
ORD-2032395,CUST-00419,2025-10-05,West,Corporate,2667.78,723.5,1
ORD-2032396,CUST-00076,2024-06-09,West,Consumer,1271.16,335.05,1
ORD-2032397,CUST-00016,2024-11-16,South,Consumer,187.12,70.0,1
ORD-2032398,CUST-00449,2025-04-10,Central,Consumer,1017.02,45.66,1
ORD-2032399,CUST-00343,2025-05-16,Central,Home Office,403.45,180.13,1
ORD-2032400,CUST-00681,2024-05-19,Central,Consumer,85.51,10.82,1
ORD-2032401,CUST-00527,2025-04-25,South,Consumer,841.64,216.14,2
ORD-2032402,CUST-00359,2024-04-16,East,Consumer,12706.46,461.95,1
ORD-2032403,CUST-00185,2024-06-11,West,Home Office,1907.71,374.81,2
ORD-2032404,CUST-00402,2024-10-17,South,Consumer,340.63,122.94,1
ORD-2032405,CUST-00138,2024-11-25,East,Consumer,236.84,74.11,1
ORD-2032406,CUST-00546,2025-01-04,East,Consumer,16216.41,5053.48,2
ORD-2032407,CUST-00499,2025-05-25,South,Consumer,3036.55,1021.94,1
ORD-2032408,CUST-00653,2024-08-30,East,Consumer,4747.349999999999,532.49,2
ORD-2032409,CUST-00375,2024-12-23,South,Consumer,12059.08,2155.87,1
ORD-2032410,CUST-00227,2024-08-20,South,Corporate,718.65,121.5,2
ORD-2032411,CUST-00676,2024-12-28,Central,Consumer,2441.12,18.04,1
ORD-2032412,CUST-00566,2025-02-19,East,Consumer,92.97,3.62,1
ORD-2032413,CUST-00577,2025-08-08,South,Consumer,806.55,281.92,1
ORD-2032414,CUST-00436,2025-08-03,East,Corporate,13882.23,572.35,1
ORD-2032415,CUST-00703,2025-05-03,East,Corporate,885.82,44.21,1
ORD-2032416,CUST-00187,2025-09-23,East,Consumer,8.49,0.08,1
ORD-2032417,CUST-00332,2025-02-16,West,Consumer,879.93,364.93,1
ORD-2032418,CUST-00646,2024-12-18,West,Consumer,294.88,77.56,1
ORD-2032419,CUST-00107,2025-07-19,South,Consumer,2046.4499999999998,437.82,2
ORD-2032420,CUST-00651,2025-04-26,West,Corporate,757.3399999999999,218.4,2
ORD-2032421,CUST-00290,2024-11-05,West,Consumer,3367.2,-1970.7,1
ORD-2032422,CUST-00104,2024-12-24,East,Consumer,5262.14,-2140.5,1
ORD-2032423,CUST-00066,2025-05-20,West,Corporate,472.7,104.38,2
ORD-2032424,CUST-00681,2024-06-25,Central,Consumer,1152.72,505.62,1
ORD-2032425,CUST-00632,2024-12-23,West,Corporate,2463.67,63.47,1
ORD-2032426,CUST-00234,2024-09-14,South,Consumer,6808.2,1487.71,1
ORD-2032427,CUST-00095,2023-12-01,South,Corporate,690.0,157.33,1
ORD-2032428,CUST-00203,2025-06-04,West,Home Office,726.21,259.07,1
ORD-2032429,CUST-00180,2023-11-24,Central,Consumer,8594.16,2833.61,1
ORD-2032430,CUST-00599,2024-08-11,Central,Home Office,80.48,17.7,1
ORD-2032431,CUST-00180,2024-04-21,Central,Consumer,350.56,110.39,2
ORD-2032432,CUST-00180,2025-04-25,Central,Consumer,10380.4,4104.67,1
ORD-2032433,CUST-00032,2025-03-02,East,Corporate,3114.46,137.13,2
ORD-2032434,CUST-00492,2023-12-24,South,Home Office,188.74,34.71,1
ORD-2032435,CUST-00564,2024-07-27,East,Consumer,315.74,8.920000000000002,2
ORD-2032436,CUST-00533,2024-09-10,East,Consumer,5709.87,1280.82,1
ORD-2032437,CUST-00471,2024-07-21,Central,Corporate,9866.52,2944.87,1
ORD-2032438,CUST-00775,2025-07-21,South,Consumer,187.04,64.49000000000001,2
ORD-2032439,CUST-00396,2023-12-18,South,Consumer,2390.22,880.67,1
ORD-2032440,CUST-00693,2025-08-02,South,Consumer,3875.32,634.89,1
ORD-2032441,CUST-00528,2024-02-05,East,Home Office,11030.96,2337.63,1
ORD-2032442,CUST-00068,2024-11-23,West,Home Office,11359.7,2942.43,2
ORD-2032443,CUST-00653,2023-11-01,East,Consumer,1061.57,58.59,1
ORD-2032444,CUST-00485,2024-12-23,West,Consumer,878.24,213.39,1
ORD-2032445,CUST-00533,2024-10-21,East,Consumer,517.04,178.84,2
ORD-2032446,CUST-00148,2024-07-20,East,Consumer,9.54,-5.47,1
ORD-2032447,CUST-00362,2025-11-17,South,Consumer,2602.25,580.43,2
ORD-2032448,CUST-00706,2024-01-01,Central,Corporate,197.26,72.85,1
ORD-2032449,CUST-00180,2024-04-06,Central,Consumer,518.72,55.72,1
ORD-2032450,CUST-00001,2025-06-06,East,Consumer,164.04,37.96,1
ORD-2032451,CUST-00211,2024-08-11,West,Corporate,6264.990000000001,1977.11,3
ORD-2032452,CUST-00406,2024-12-16,Central,Consumer,10058.02,255.53,2
ORD-2032453,CUST-00662,2024-12-08,Central,Corporate,1136.3700000000001,350.57000000000005,2
ORD-2032454,CUST-00527,2025-11-23,South,Consumer,988.02,45.66,1
ORD-2032455,CUST-00740,2025-06-29,South,Corporate,130.35,52.05,1
ORD-2032456,CUST-00380,2024-05-24,West,Home Office,8693.960000000001,1740.19,2
ORD-2032457,CUST-00320,2023-10-24,South,Home Office,7257.42,1915.28,2
ORD-2032458,CUST-00190,2024-08-20,West,Consumer,6302.55,1489.3,1
ORD-2032459,CUST-00181,2025-03-21,South,Consumer,112.72,28.5,1
ORD-2032460,CUST-00600,2024-11-14,Central,Consumer,1977.23,809.93,2
ORD-2032461,CUST-00066,2024-02-17,West,Corporate,806.9,314.25,1
ORD-2032462,CUST-00202,2023-12-28,South,Corporate,2364.21,488.47,2
ORD-2032463,CUST-00711,2025-10-04,Central,Consumer,532.94,120.41,1
ORD-2032464,CUST-00480,2023-11-15,East,Corporate,702.1,290.16,1
ORD-2032465,CUST-00043,2023-04-10,Central,Corporate,1887.54,106.71,2
ORD-2032466,CUST-00575,2024-02-06,East,Consumer,9367.95,2521.96,2
ORD-2032467,CUST-00420,2025-08-27,Central,Consumer,10990.679999999998,3051.6000000000004,2
ORD-2032468,CUST-00691,2025-07-23,South,Consumer,6151.41,1559.3,2
ORD-2032469,CUST-00557,2023-11-18,Central,Corporate,7442.72,1088.86,2
ORD-2032470,CUST-00003,2025-03-26,Central,Corporate,3385.4700000000003,905.6800000000001,2
ORD-2032471,CUST-00172,2025-02-28,East,Corporate,72.78,11.16,1
ORD-2032472,CUST-00211,2025-05-11,West,Corporate,55.2,-3.13,1
ORD-2032473,CUST-00574,2025-01-12,East,Home Office,4890.93,1652.85,1
ORD-2032474,CUST-00422,2025-04-26,Central,Corporate,1253.34,478.04,1
ORD-2032475,CUST-00611,2024-08-09,South,Corporate,908.28,-190.72,1
ORD-2032476,CUST-00425,2024-12-17,West,Corporate,439.02,91.74,1
ORD-2032477,CUST-00269,2024-01-29,Central,Consumer,640.4,197.51,2
ORD-2032478,CUST-00083,2024-12-31,East,Corporate,13067.859999999999,3596.47,2
ORD-2032479,CUST-00168,2024-09-07,East,Consumer,2612.2,1063.64,1
ORD-2032480,CUST-00331,2023-09-21,Central,Consumer,13621.630000000001,3194.0,3
ORD-2032481,CUST-00455,2024-12-13,Central,Consumer,2240.64,-102.78,1
ORD-2032482,CUST-00757,2025-02-01,Central,Consumer,13325.04,3596.79,1
ORD-2032483,CUST-00198,2025-04-16,East,Corporate,6618.58,906.19,1
ORD-2032484,CUST-00545,2025-09-05,South,Consumer,8594.16,2655.08,1
ORD-2032485,CUST-00132,2024-11-30,Central,Corporate,4590.179999999999,762.84,2
ORD-2032486,CUST-00582,2025-04-28,South,Corporate,1501.78,596.23,2
ORD-2032487,CUST-00006,2024-05-16,South,Home Office,4701.96,912.72,1
ORD-2032488,CUST-00535,2025-01-29,Central,Corporate,1576.86,350.21,2
ORD-2032489,CUST-00138,2025-07-14,East,Consumer,3419.48,804.14,2
ORD-2032490,CUST-00148,2025-02-22,East,Consumer,2080.73,137.94,1
ORD-2032491,CUST-00461,2025-08-18,Central,Corporate,1417.88,261.2,1
ORD-2032492,CUST-00308,2023-10-16,Central,Corporate,28630.21,10205.619999999999,3
ORD-2032493,CUST-00393,2024-11-09,West,Consumer,9259.36,1627.6100000000001,2
ORD-2032494,CUST-00255,2024-08-16,Central,Home Office,467.8,204.33,1
ORD-2032495,CUST-00768,2025-07-31,West,Consumer,8883.36,2629.44,1
ORD-2032496,CUST-00236,2025-01-04,Central,Consumer,10501.31,3313.5600000000004,2
ORD-2032497,CUST-00446,2024-12-25,Central,Home Office,3414.6,994.11,1
ORD-2032498,CUST-00691,2025-08-24,South,Consumer,649.76,270.77000000000004,2
ORD-2032499,CUST-00542,2025-01-31,East,Corporate,7124.25,2100.44,2
ORD-2032500,CUST-00264,2024-11-07,South,Consumer,4031.79,-506.52,1
ORD-2032501,CUST-00455,2024-05-05,Central,Consumer,7284.0199999999995,782.4,2
ORD-2032502,CUST-00067,2024-07-17,South,Corporate,578.7,108.1,1
ORD-2032503,CUST-00451,2023-11-12,South,Consumer,3683.4,1385.03,2
ORD-2032504,CUST-00359,2024-01-07,East,Consumer,589.76,139.61,1
ORD-2032505,CUST-00618,2023-11-16,West,Corporate,942.15,156.22,1
ORD-2032506,CUST-00684,2025-09-26,South,Corporate,65.7,11.26,1
ORD-2032507,CUST-00166,2024-07-12,South,Corporate,2961.12,-492.07,1
ORD-2032508,CUST-00066,2025-12-12,West,Corporate,4943.849999999999,1709.1200000000001,2
ORD-2032509,CUST-00320,2024-09-05,South,Home Office,7284.9,2155.69,2
ORD-2032510,CUST-00440,2024-10-31,West,Consumer,5481.8099999999995,-1224.9099999999999,2
ORD-2032511,CUST-00310,2025-03-15,East,Consumer,12773.699999999999,4656.66,2
ORD-2032512,CUST-00512,2025-06-15,Central,Home Office,3780.88,1114.97,2
ORD-2032513,CUST-00420,2024-09-18,Central,Consumer,3471.24,674.96,2
ORD-2032514,CUST-00756,2025-01-20,West,Consumer,1885.64,-403.21999999999997,2
ORD-2032515,CUST-00337,2025-07-19,South,Consumer,522.44,187.76,1
ORD-2032516,CUST-00066,2025-04-14,West,Corporate,12063.88,3312.64,1
ORD-2032517,CUST-00251,2024-02-29,East,Consumer,2893.48,731.37,1
ORD-2032518,CUST-00499,2025-01-04,South,Consumer,2067.3,850.05,2
ORD-2032519,CUST-00211,2025-03-29,West,Corporate,7712.31,2486.41,2
ORD-2032520,CUST-00219,2024-12-06,West,Consumer,147.0,46.26,1
ORD-2032521,CUST-00277,2025-06-16,West,Home Office,6756.46,-722.87,1
ORD-2032522,CUST-00609,2025-09-20,South,Corporate,123.84,36.99,1
ORD-2032523,CUST-00758,2025-01-13,West,Consumer,402.8,74.89,1
ORD-2032524,CUST-00287,2024-04-26,East,Consumer,3076.61,75.83,2
ORD-2032525,CUST-00163,2024-12-10,West,Corporate,6766.43,1152.64,1
ORD-2032526,CUST-00348,2025-08-13,South,Consumer,119.25,17.84,1
ORD-2032527,CUST-00288,2025-07-30,Central,Home Office,10933.7,1106.53,1
ORD-2032528,CUST-00794,2024-04-09,South,Home Office,10798.72,3117.15,1
ORD-2032529,CUST-00387,2024-02-08,East,Corporate,733.23,154.75,1
ORD-2032530,CUST-00554,2024-12-18,West,Consumer,11084.52,3537.41,2
ORD-2032531,CUST-00733,2024-09-01,South,Consumer,85.16,25.69,1
ORD-2032532,CUST-00512,2024-04-03,Central,Home Office,5465.79,505.89,1
ORD-2032533,CUST-00204,2025-03-19,Central,Corporate,378.48,110.74,1
ORD-2032534,CUST-00500,2025-08-01,West,Consumer,13664.02,976.0899999999999,3
ORD-2032535,CUST-00332,2025-10-04,West,Consumer,8993.81,2235.7,1
ORD-2032536,CUST-00351,2024-03-16,Central,Consumer,241.68,64.52,1
ORD-2032537,CUST-00789,2025-06-13,Central,Consumer,20413.510000000002,7856.259999999999,2
ORD-2032538,CUST-00227,2025-01-30,South,Corporate,105.41,41.37,1
ORD-2032539,CUST-00391,2024-08-14,Central,Consumer,651.76,152.78,1
ORD-2032540,CUST-00134,2024-11-07,Central,Corporate,1894.83,608.06,2
ORD-2032541,CUST-00148,2024-06-04,East,Consumer,18153.059999999998,2799.41,2
ORD-2032542,CUST-00497,2023-07-10,East,Consumer,104.28,41.45,1
ORD-2032543,CUST-00612,2025-10-29,West,Corporate,353.37,108.31,1
ORD-2032544,CUST-00523,2024-11-27,East,Corporate,8290.66,1367.66,2
ORD-2032545,CUST-00270,2025-08-25,Central,Consumer,182.49,55.35,1
ORD-2032546,CUST-00051,2025-03-16,South,Consumer,21707.75,4929.19,2
ORD-2032547,CUST-00392,2024-05-02,East,Consumer,2753.5,532.81,2
ORD-2032548,CUST-00419,2025-02-03,West,Corporate,1665.05,157.24,1
ORD-2032549,CUST-00624,2025-03-10,West,Consumer,691.61,109.48,1
ORD-2032550,CUST-00525,2024-10-29,West,Consumer,72.17,4.74,1
ORD-2032551,CUST-00700,2025-08-20,East,Consumer,2525.4,725.03,1
ORD-2032552,CUST-00634,2025-07-01,West,Home Office,3770.69,71.25000000000001,2
ORD-2032553,CUST-00301,2025-07-24,West,Consumer,4967.48,552.19,1
ORD-2032554,CUST-00516,2025-11-04,East,Home Office,414.51,22.89,1
ORD-2032555,CUST-00610,2025-11-02,South,Consumer,4044.42,830.9,1
ORD-2032556,CUST-00769,2025-03-18,East,Corporate,2959.96,483.8,1
ORD-2032557,CUST-00351,2025-04-16,Central,Consumer,569.21,45.66,1
ORD-2032558,CUST-00529,2023-11-21,South,Corporate,8960.34,-2401.1499999999996,2
ORD-2032559,CUST-00323,2024-04-10,Central,Consumer,189.0,45.59,1
ORD-2032560,CUST-00601,2025-05-07,Central,Consumer,891.99,334.9,1
ORD-2032561,CUST-00730,2024-05-24,Central,Home Office,899.38,-178.4,1
ORD-2032562,CUST-00740,2024-03-10,South,Corporate,2927.0099999999998,1064.4099999999999,2
ORD-2032563,CUST-00133,2024-07-09,East,Consumer,10089.9,4247.38,2
ORD-2032564,CUST-00170,2025-08-30,East,Consumer,8883.36,2918.9,1
ORD-2032565,CUST-00616,2023-10-06,Central,Consumer,16082.5,5271.03,3
ORD-2032566,CUST-00516,2025-04-19,East,Home Office,948.69,343.23,1
ORD-2032567,CUST-00724,2025-04-01,East,Consumer,105.0,22.02,1
ORD-2032568,CUST-00258,2024-11-24,East,Consumer,442.32,93.19,1
ORD-2032569,CUST-00684,2024-11-13,South,Corporate,828.94,265.1,1
ORD-2032570,CUST-00559,2023-03-11,South,Consumer,320.93,60.12,1
ORD-2032571,CUST-00163,2024-11-02,West,Corporate,2168.7999999999997,299.68,2
ORD-2032572,CUST-00104,2024-10-10,East,Consumer,4299.91,998.39,1
ORD-2032573,CUST-00574,2025-09-22,East,Home Office,1685.57,282.01,2
ORD-2032574,CUST-00134,2025-05-15,Central,Corporate,40.28,15.65,1
ORD-2032575,CUST-00644,2025-09-21,West,Corporate,32.75,2.88,1
ORD-2032576,CUST-00461,2025-12-17,Central,Corporate,175.99,63.65,1
ORD-2032577,CUST-00397,2025-03-04,East,Consumer,2881.42,605.0699999999999,2
ORD-2032578,CUST-00224,2024-07-22,East,Consumer,355.6,-2.66,1
ORD-2032579,CUST-00791,2024-11-12,East,Consumer,813.47,144.07,1
ORD-2032580,CUST-00592,2025-07-01,South,Corporate,848.09,160.06,2
ORD-2032581,CUST-00630,2023-05-30,West,Consumer,1569.0,542.68,1
ORD-2032582,CUST-00622,2025-02-17,West,Corporate,4963.93,-1406.15,1
ORD-2032583,CUST-00485,2023-07-18,West,Consumer,12199.74,2404.63,2
ORD-2032584,CUST-00758,2025-05-25,West,Consumer,239.53,14.08,1
ORD-2032585,CUST-00485,2024-09-18,West,Consumer,576.36,204.01,1
ORD-2032586,CUST-00431,2025-09-10,East,Corporate,947.34,383.13,1
ORD-2032587,CUST-00222,2024-06-29,West,Consumer,5210.37,1900.87,1
ORD-2032588,CUST-00230,2025-01-15,East,Corporate,3112.41,816.62,1
ORD-2032589,CUST-00600,2025-08-24,Central,Consumer,4701.96,1195.99,1
ORD-2032590,CUST-00274,2025-05-27,South,Corporate,3222.81,542.95,1
ORD-2032591,CUST-00598,2025-06-13,South,Consumer,331.17,132.52,1
ORD-2032592,CUST-00767,2024-05-19,Central,Corporate,1066.8,287.11,1
ORD-2032593,CUST-00364,2024-03-12,South,Consumer,632.46,128.18,1
ORD-2032594,CUST-00077,2023-08-12,West,Consumer,195.26,32.54,2
ORD-2032595,CUST-00545,2024-02-01,South,Consumer,2480.9,249.62,2
ORD-2032596,CUST-00006,2025-05-06,South,Home Office,2842.02,933.88,1
ORD-2032597,CUST-00639,2024-07-12,South,Consumer,214.8,74.07,1
ORD-2032598,CUST-00435,2024-02-12,West,Corporate,3389.76,757.7,1
ORD-2032599,CUST-00410,2025-03-04,East,Home Office,1343.93,455.3,1
ORD-2032600,CUST-00472,2023-10-13,South,Consumer,843.28,136.95,1
ORD-2032601,CUST-00428,2025-07-17,South,Consumer,2615.12,456.37,1
ORD-2032602,CUST-00266,2025-11-12,Central,Corporate,488.22,40.25,1
ORD-2032603,CUST-00230,2024-06-12,East,Corporate,2517.05,-517.11,1
ORD-2032604,CUST-00345,2025-04-20,South,Consumer,2460.52,417.54,1
ORD-2032605,CUST-00717,2024-05-07,Central,Consumer,568.46,131.94,1
ORD-2032606,CUST-00108,2025-03-25,Central,Corporate,1960.56,-159.02,1
ORD-2032607,CUST-00267,2024-04-07,West,Corporate,118.24,24.97,1
ORD-2032608,CUST-00158,2025-04-14,Central,Consumer,5286.73,2061.33,2
ORD-2032609,CUST-00355,2024-07-25,South,Corporate,3344.38,228.09,1
ORD-2032610,CUST-00108,2024-03-18,Central,Corporate,967.47,258.84,1
ORD-2032611,CUST-00620,2023-06-19,East,Consumer,2966.04,848.49,1
ORD-2032612,CUST-00082,2025-08-13,West,Consumer,2716.16,585.7,2
ORD-2032613,CUST-00543,2025-09-21,East,Consumer,1536.57,93.9,1
ORD-2032614,CUST-00218,2025-06-22,East,Consumer,800.97,274.28,1
ORD-2032615,CUST-00395,2024-08-20,Central,Consumer,8273.22,1751.72,1
ORD-2032616,CUST-00167,2025-06-26,West,Corporate,201.4,38.16,1
ORD-2032617,CUST-00599,2024-05-21,Central,Home Office,14158.59,4392.860000000001,2
ORD-2032618,CUST-00766,2025-10-07,South,Home Office,5211.75,140.36999999999998,2
ORD-2032619,CUST-00182,2025-08-29,East,Consumer,9269.68,3314.4,2
ORD-2032620,CUST-00767,2025-09-11,Central,Corporate,733.23,52.55,1
ORD-2032621,CUST-00267,2025-02-15,West,Corporate,2835.76,996.56,1
ORD-2032622,CUST-00461,2024-03-17,Central,Corporate,1230.26,281.78,1
ORD-2032623,CUST-00574,2024-10-16,East,Home Office,34.2,5.82,1
ORD-2032624,CUST-00165,2024-12-24,West,Corporate,147.8,54.19,1
ORD-2032625,CUST-00368,2024-05-24,West,Consumer,1027.52,356.54,1
ORD-2032626,CUST-00057,2025-02-28,Central,Home Office,8207.29,2370.76,2
ORD-2032627,CUST-00570,2024-10-06,Central,Consumer,11511.699999999999,3401.54,2
ORD-2032628,CUST-00346,2023-11-24,West,Consumer,3296.32,527.58,2
ORD-2032629,CUST-00715,2023-12-22,South,Home Office,15663.36,4409.2699999999995,3
ORD-2032630,CUST-00222,2023-11-07,West,Consumer,530.06,45.66,1
ORD-2032631,CUST-00744,2025-04-11,West,Corporate,1887.36,783.53,1
ORD-2032632,CUST-00114,2025-02-17,West,Consumer,8505.939999999999,1944.23,2
ORD-2032633,CUST-00500,2024-11-09,West,Consumer,8.48,2.11,1
ORD-2032634,CUST-00255,2025-06-26,Central,Home Office,3556.0,988.53,1
ORD-2032635,CUST-00149,2023-09-24,South,Corporate,483.0,125.58,1
ORD-2032636,CUST-00074,2024-06-14,East,Consumer,164.24,65.33,1
ORD-2032637,CUST-00535,2025-08-11,Central,Corporate,592.1,206.56,1
ORD-2032638,CUST-00192,2023-04-16,Central,Consumer,1427.18,-390.35,1
ORD-2032639,CUST-00474,2023-03-12,West,Consumer,2943.57,649.46,1
ORD-2032640,CUST-00789,2024-07-17,Central,Consumer,898.63,12.2,1
ORD-2032641,CUST-00261,2024-01-03,South,Consumer,2458.51,164.36,1
ORD-2032642,CUST-00036,2024-03-11,East,Consumer,697.17,125.75,1
ORD-2032643,CUST-00116,2025-02-26,Central,Consumer,12793.35,4091.92,3
ORD-2032644,CUST-00098,2025-09-20,Central,Corporate,1569.0,569.5,1
ORD-2032645,CUST-00387,2024-12-11,East,Corporate,4251.17,1493.55,1
ORD-2032646,CUST-00608,2023-02-11,Central,Consumer,94.62,39.87,1
ORD-2032647,CUST-00243,2024-06-11,East,Consumer,2340.25,813.91,2
ORD-2032648,CUST-00120,2025-09-08,East,Corporate,3322.83,794.5799999999999,2
ORD-2032649,CUST-00525,2025-05-13,West,Consumer,1093.0,420.03999999999996,2
ORD-2032650,CUST-00249,2024-04-03,South,Corporate,3557.04,1481.38,1
ORD-2032651,CUST-00477,2023-12-29,South,Consumer,843.28,130.62,1
ORD-2032652,CUST-00755,2023-10-03,Central,Consumer,1065.87,408.02,1
ORD-2032653,CUST-00236,2025-02-12,Central,Consumer,3899.06,279.98,2
ORD-2032654,CUST-00425,2023-11-25,West,Corporate,1208.35,185.64,1
ORD-2032655,CUST-00651,2025-08-30,West,Corporate,1398.24,266.54,2
ORD-2032656,CUST-00566,2025-02-14,East,Consumer,309.98,74.49,1
ORD-2032657,CUST-00612,2025-03-12,West,Corporate,67.58,3.3,1
ORD-2032658,CUST-00624,2023-12-25,West,Consumer,710.52,181.52,1
ORD-2032659,CUST-00444,2024-11-22,West,Consumer,9512.86,3779.85,1
ORD-2032660,CUST-00441,2025-06-08,South,Consumer,2899.6499999999996,450.83000000000004,2
ORD-2032661,CUST-00589,2023-10-11,South,Consumer,224.56,39.01,2
ORD-2032662,CUST-00570,2025-09-28,Central,Consumer,6875.33,417.37,1
ORD-2032663,CUST-00547,2024-03-11,West,Corporate,159.11,55.6,2
ORD-2032664,CUST-00311,2023-06-18,Central,Home Office,12895.140000000001,2803.1000000000004,2
ORD-2032665,CUST-00667,2025-04-14,Central,Consumer,501.2,127.2,1
ORD-2032666,CUST-00195,2024-07-04,South,Consumer,329.5,129.81,1
ORD-2032667,CUST-00133,2024-01-24,East,Consumer,1809.23,635.22,2
ORD-2032668,CUST-00281,2025-02-03,West,Consumer,5608.58,724.0400000000001,2
ORD-2032669,CUST-00210,2024-02-12,South,Consumer,15910.08,6602.0599999999995,2
ORD-2032670,CUST-00541,2024-10-15,Central,Consumer,2995.44,-1243.49,1
ORD-2032671,CUST-00190,2025-06-08,West,Consumer,549.25,88.29,1
ORD-2032672,CUST-00535,2025-04-02,Central,Corporate,147.44,31.37,1
ORD-2032673,CUST-00425,2025-05-16,West,Corporate,8725.5,1959.24,1
ORD-2032674,CUST-00132,2025-06-17,Central,Corporate,2005.39,-70.79,1
ORD-2032675,CUST-00212,2024-06-07,Central,Corporate,752.4,265.76,2
ORD-2032676,CUST-00431,2025-11-12,East,Corporate,2645.55,873.49,1
ORD-2032677,CUST-00599,2024-12-31,Central,Home Office,8418.0,1611.8,1
ORD-2032678,CUST-00327,2024-11-22,East,Consumer,308.58,93.84,2
ORD-2032679,CUST-00191,2025-02-09,Central,Home Office,2569.66,787.86,1
ORD-2032680,CUST-00241,2025-05-16,East,Corporate,4179.52,1154.87,1
ORD-2032681,CUST-00075,2025-11-06,Central,Consumer,129.85,19.37,1
ORD-2032682,CUST-00025,2024-02-12,South,Corporate,5631.36,-59.289999999999964,2
ORD-2032683,CUST-00783,2025-01-22,East,Consumer,9082.85,2069.98,1
ORD-2032684,CUST-00076,2025-03-12,West,Consumer,246.48,108.3,1
ORD-2032685,CUST-00104,2025-04-16,East,Consumer,2037.6599999999999,360.39,2
ORD-2032686,CUST-00699,2025-08-09,East,Home Office,392.27,29.71,1
ORD-2032687,CUST-00541,2024-06-18,Central,Consumer,1258.02,389.87,2
ORD-2032688,CUST-00361,2024-09-20,South,Corporate,2595.1,597.45,1
ORD-2032689,CUST-00530,2024-12-01,South,Corporate,2055.04,547.32,1
ORD-2032690,CUST-00755,2024-02-18,Central,Consumer,219.0,58.64,1
ORD-2032691,CUST-00077,2023-04-12,West,Consumer,440.88,82.83,2
ORD-2032692,CUST-00202,2025-07-24,South,Corporate,7409.2,1219.96,2
ORD-2032693,CUST-00693,2025-07-04,South,Consumer,1476.36,614.04,1
ORD-2032694,CUST-00633,2025-01-02,West,Consumer,3565.0,769.34,2
ORD-2032695,CUST-00796,2025-01-16,West,Consumer,2986.05,1104.32,1
ORD-2032696,CUST-00258,2024-12-24,East,Consumer,7329.830000000001,1892.1899999999998,2
ORD-2032697,CUST-00762,2025-03-01,Central,Corporate,246.48,97.43,1
ORD-2032698,CUST-00280,2025-05-21,East,Consumer,8809.33,755.28,1
ORD-2032699,CUST-00583,2025-10-31,East,Corporate,7372.39,1806.11,2
ORD-2032700,CUST-00707,2025-01-28,East,Consumer,13014.66,2979.71,3
ORD-2032701,CUST-00143,2024-11-06,West,Corporate,1666.7700000000002,-158.62,2
ORD-2032702,CUST-00172,2025-06-17,East,Corporate,6978.73,2384.19,1
ORD-2032703,CUST-00481,2024-12-05,West,Consumer,3628.61,498.51,1
ORD-2032704,CUST-00681,2024-02-12,Central,Consumer,1205.55,481.63,1
ORD-2032705,CUST-00066,2024-04-11,West,Corporate,3564.05,139.47,1
ORD-2032706,CUST-00688,2024-10-21,Central,Corporate,183.32,33.5,1
ORD-2032707,CUST-00280,2025-11-01,East,Consumer,53.0,45.66,1
ORD-2032708,CUST-00335,2024-09-04,West,Consumer,12975.5,4903.23,1
ORD-2032709,CUST-00277,2025-03-13,West,Home Office,93.56,18.03,1
ORD-2032710,CUST-00730,2025-06-25,Central,Home Office,6914.18,1936.71,3
ORD-2032711,CUST-00106,2024-10-13,South,Corporate,2699.68,1085.67,1
ORD-2032712,CUST-00475,2024-04-21,Central,Corporate,3389.76,574.85,1
ORD-2032713,CUST-00125,2025-02-23,South,Consumer,3224.1400000000003,373.65,3
ORD-2032714,CUST-00750,2025-12-09,East,Home Office,598.25,117.38,1
ORD-2032715,CUST-00647,2025-01-19,West,Consumer,11030.96,-242.49,1
ORD-2032716,CUST-00192,2025-01-19,Central,Consumer,63.0,13.87,1
ORD-2032717,CUST-00245,2024-05-09,Central,Corporate,7429.530000000001,1399.63,2
ORD-2032718,CUST-00311,2025-09-06,Central,Home Office,6767.9,1330.39,1
ORD-2032719,CUST-00335,2025-07-30,West,Consumer,4734.9,952.82,2
ORD-2032720,CUST-00658,2024-06-14,Central,Consumer,3910.46,901.25,2
ORD-2032721,CUST-00467,2025-05-09,East,Home Office,1162.1,386.02,1
ORD-2032722,CUST-00356,2024-08-01,South,Consumer,12457.66,3691.52,2
ORD-2032723,CUST-00590,2023-08-26,South,Corporate,3268.51,833.98,2
ORD-2032724,CUST-00381,2024-04-22,East,Consumer,889.26,155.8,1
ORD-2032725,CUST-00104,2025-05-03,East,Consumer,3892.65,1020.31,1
ORD-2032726,CUST-00087,2025-03-30,East,Consumer,185.5,63.49,1
ORD-2032727,CUST-00268,2024-07-01,West,Home Office,1135.29,58.57,1
ORD-2032728,CUST-00496,2024-08-10,West,Home Office,735.46,198.07,1
ORD-2032729,CUST-00108,2025-06-30,Central,Corporate,1509.42,-232.38,1
ORD-2032730,CUST-00454,2024-10-22,East,Home Office,3024.0,854.2700000000001,2
ORD-2032731,CUST-00219,2024-05-21,West,Consumer,837.55,271.1,1
ORD-2032732,CUST-00570,2025-11-17,Central,Consumer,5515.48,2060.43,1
ORD-2032733,CUST-00027,2025-06-09,West,Consumer,14192.8,6294.48,1
ORD-2032734,CUST-00391,2024-11-27,Central,Consumer,392.1,53.910000000000004,2
ORD-2032735,CUST-00045,2024-05-15,East,Consumer,4853.39,1460.07,1
ORD-2032736,CUST-00271,2025-07-09,West,Consumer,4364.31,1681.98,2
ORD-2032737,CUST-00012,2024-12-09,South,Corporate,522.86,152.52,1
ORD-2032738,CUST-00392,2025-03-30,East,Consumer,2134.16,-140.26,3
ORD-2032739,CUST-00622,2025-04-09,West,Corporate,1185.35,361.47,1
ORD-2032740,CUST-00077,2025-04-11,West,Consumer,5190.2,-2366.69,1
ORD-2032741,CUST-00600,2024-08-07,Central,Consumer,4545.72,1481.08,1
ORD-2032742,CUST-00485,2025-07-29,West,Consumer,1326.96,568.13,1
ORD-2032743,CUST-00420,2025-04-17,Central,Consumer,1848.53,-91.89,1
ORD-2032744,CUST-00494,2024-12-20,Central,Consumer,11854.78,2285.23,2
ORD-2032745,CUST-00274,2025-09-24,South,Corporate,340.41,-199.36,1
ORD-2032746,CUST-00580,2025-03-10,East,Consumer,17083.74,5264.23,2
ORD-2032747,CUST-00633,2024-10-20,West,Consumer,6794.9,2260.08,1
ORD-2032748,CUST-00631,2025-09-21,Central,Corporate,143.2,43.7,1
ORD-2032749,CUST-00219,2024-03-23,West,Consumer,3056.42,477.26,1
ORD-2032750,CUST-00534,2025-01-27,West,Corporate,2937.56,675.23,2
ORD-2032751,CUST-00124,2025-08-28,West,Corporate,594.66,173.36,1
ORD-2032752,CUST-00412,2023-11-14,East,Consumer,5589.2,1362.35,2
ORD-2032753,CUST-00002,2025-11-16,South,Home Office,105.0,19.74,1
ORD-2032754,CUST-00160,2025-02-06,South,Consumer,569.7,154.21,1
ORD-2032755,CUST-00516,2025-09-01,East,Home Office,159.98,42.27,1
ORD-2032756,CUST-00701,2025-08-19,Central,Consumer,2965.5,1120.02,1
ORD-2032757,CUST-00044,2024-12-28,West,Consumer,246.48,79.33,1
ORD-2032758,CUST-00461,2024-06-14,Central,Corporate,331.58,64.13,1
ORD-2032759,CUST-00523,2024-05-07,East,Corporate,1796.3,563.29,2
ORD-2032760,CUST-00753,2024-10-08,East,Consumer,1063.41,337.21,1
ORD-2032761,CUST-00535,2024-11-09,Central,Corporate,3608.6000000000004,1011.28,2
ORD-2032762,CUST-00081,2024-07-02,South,Consumer,5271.950000000001,158.95,2
ORD-2032763,CUST-00122,2025-03-04,Central,Consumer,3386.3900000000003,640.69,2
ORD-2032764,CUST-00522,2023-11-16,East,Corporate,16.96,2.61,1
ORD-2032765,CUST-00180,2025-02-28,Central,Consumer,522.94,50.26,1
ORD-2032766,CUST-00749,2024-11-01,West,Consumer,659.0,253.39,1
ORD-2032767,CUST-00742,2025-03-30,South,Corporate,18283.1,4356.57,2
ORD-2032768,CUST-00766,2024-12-02,South,Home Office,280.08,45.95,1
ORD-2032769,CUST-00238,2024-05-17,West,Corporate,2717.96,1079.4,1
ORD-2032770,CUST-00586,2024-12-07,South,Home Office,186.34,-32.11,1
ORD-2032771,CUST-00541,2024-12-24,Central,Consumer,864.54,-130.71,1
ORD-2032772,CUST-00036,2025-09-26,East,Consumer,13.3,3.39,1
ORD-2032773,CUST-00218,2025-08-28,East,Consumer,217.51,73.84,1
ORD-2032774,CUST-00173,2025-07-09,South,Consumer,133.12,13.5,2
ORD-2032775,CUST-00303,2025-06-08,East,Consumer,8017.54,-2531.66,1
ORD-2032776,CUST-00767,2023-11-22,Central,Corporate,381.35,80.42,1
ORD-2032777,CUST-00682,2025-10-28,East,Home Office,316.23,127.41,1
ORD-2032778,CUST-00239,2025-05-08,West,Corporate,6808.2,2529.6,1
ORD-2032779,CUST-00436,2023-10-08,East,Corporate,19285.12,5683.6,3
ORD-2032780,CUST-00158,2023-12-26,Central,Consumer,10080.8,2961.89,1
ORD-2032781,CUST-00225,2023-08-24,Central,Home Office,1579.0,-62.31999999999999,2
ORD-2032782,CUST-00056,2024-07-24,East,Consumer,947.96,376.07,2
ORD-2032783,CUST-00527,2025-02-01,South,Consumer,9780.11,3591.01,2
ORD-2032784,CUST-00535,2024-12-24,Central,Corporate,499.76,116.99,2
ORD-2032785,CUST-00678,2023-05-26,East,Consumer,69.0,25.67,1
ORD-2032786,CUST-00700,2024-06-14,East,Consumer,7425.1,2343.67,1
ORD-2032787,CUST-00135,2025-06-05,South,Consumer,2717.96,1102.39,1
ORD-2032788,CUST-00606,2025-07-28,Central,Consumer,3946.61,-264.17,1
ORD-2032789,CUST-00108,2025-04-12,Central,Corporate,5559.3,2144.21,2
ORD-2032790,CUST-00307,2024-01-11,West,Corporate,1211.27,182.95000000000002,2
ORD-2032791,CUST-00428,2023-02-22,South,Consumer,9838.5,1776.4099999999999,2
ORD-2032792,CUST-00045,2024-12-28,East,Consumer,25.13,0.19,1
ORD-2032793,CUST-00133,2024-10-26,East,Consumer,7391.02,773.38,1
ORD-2032794,CUST-00219,2025-05-05,West,Consumer,535.33,112.78999999999999,2
ORD-2032795,CUST-00104,2023-04-22,East,Consumer,1506.24,-287.74,1
ORD-2032796,CUST-00755,2025-07-31,Central,Consumer,2118.6,843.42,1
ORD-2032797,CUST-00234,2023-06-24,South,Consumer,3800.26,652.3100000000001,2
ORD-2032798,CUST-00415,2024-08-24,East,Consumer,1504.04,222.32,1
ORD-2032799,CUST-00798,2025-07-08,West,Corporate,2081.31,773.84,1
ORD-2032800,CUST-00468,2023-12-24,Central,Corporate,949.44,192.04999999999998,2
