Order ID,Order Date,Year,Month,Month Number,Year-Month,Customer ID,Customer Name,Region,City,Category,Sub-Category,Product Name,Quantity,Unit Price,Discount,Sales,Profit,Profit Margin %,Order Value,Payment Method
ORD11754,2024-02-22,2024,Feb,2,2024-02,CUST0280,Anika Bose,West,Pune,Clothing,Running Shoes,Running Shoes,1,910.04,0.15,773.53,210.28,27.184466019417474,773.53,UPI
ORD10986,2024-10-09,2024,Oct,10,2024-10,CUST0061,Arjun Rao,South,Chennai,Furniture,Study Table,Study Table,1,4991.64,0.0,4991.64,1116.47,22.36679728506062,4991.64,Cash on Delivery
ORD10035,2024-06-20,2024,Jun,6,2024-06,CUST0087,Nikhil Reddy,North,Chandigarh,Furniture,Study Table,Study Table,1,4991.64,0.2,3993.31,118.14,2.9584480042871704,3993.31,Debit Card
ORD11248,2024-05-02,2024,May,5,2024-05,CUST0227,Ishaan Sharma,North,Jaipur,Home & Kitchen,LED Table Lamp,LED Table Lamp,1,2416.75,0.05,2295.91,913.33,39.78074053425439,2295.91,Cash on Delivery
ORD11915,2024-02-03,2024,Feb,2,2024-02,CUST0087,Nikhil Reddy,East,Kolkata,Furniture,Recliner Chair,Recliner Chair,1,2880.32,0.05,2736.3,838.86,30.656726236158317,2736.3,Cash on Delivery
ORD11922,2024-08-11,2024,Aug,8,2024-08,CUST0445,Ravi Das,West,Ahmedabad,Stationery,Desk Organizer,Desk Organizer,3,967.81,0.0,2613.09,1530.38,58.56591238725034,2613.09,Debit Card
ORD11057,2024-02-29,2024,Feb,2,2024-02,CUST0269,Ravi Mehta,North,Jaipur,Home & Kitchen,Water Bottle,Water Bottle,1,5018.72,0.15,4265.91,746.83,17.50693287012619,4265.91,Debit Card
ORD12197,2025-03-24,2025,Mar,3,2025-03,CUST0432,Kavya Mehta,North,Jaipur,Furniture,Bookshelf,Bookshelf,2,4584.81,0.05,8711.14,2100.71,24.115213393424973,8711.14,Debit Card
ORD10263,2024-10-27,2024,Oct,10,2024-10,CUST0095,Rohan Verma,West,Mumbai,Electronics,Portable SSD 1TB,Portable SSD 1TB,2,3916.61,0.15,6658.24,-141.76,-2.129091171240448,6658.24,Debit Card
ORD11166,2024-04-17,2024,Apr,4,2024-04,CUST0170,Pooja Verma,South,Hyderabad,Electronics,Smart Watch,Smart Watch,2,2319.17,0.0,4638.34,524.98,11.318273347792529,4638.34,Credit Card
ORD11594,2024-01-25,2024,Jan,1,2024-01,CUST0060,Rohan Mehta,North,Chandigarh,Furniture,Study Table,Study Table,1,4991.64,0.15,4242.89,367.72,8.666734230677676,4242.89,UPI
ORD10451,2024-03-19,2024,Mar,3,2024-03,CUST0444,Pooja Das,West,Ahmedabad,Electronics,Portable SSD 1TB,Portable SSD 1TB,1,3916.61,0.1,3524.95,124.95,3.544731130938028,3524.95,Debit Card
ORD10464,2024-12-30,2024,Dec,12,2024-12,CUST0178,Priya Kapoor,West,Pune,Electronics,Smart Watch,Smart Watch,1,2319.17,0.05,2203.21,146.53,6.650750495867394,2203.21,UPI
ORD11479,2025-01-02,2025,Jan,1,2025-01,CUST0360,Aarav Bose,North,Jaipur,Furniture,Sofa Cover,Sofa Cover,2,4703.54,0.0,9407.08,2926.28,31.107208613087167,9407.08,UPI
ORD10329,2025-03-22,2025,Mar,3,2025-03,CUST0432,Kavya Mehta,West,Mumbai,Stationery,Gel Pen Set,Gel Pen Set,1,4275.22,0.05,4061.46,1897.58,46.72162227376362,4061.46,Cash on Delivery
ORD10238,2025-01-29,2025,Jan,1,2025-01,CUST0259,Krishna Nair,West,Mumbai,Furniture,Bed Side Table,Bed Side Table,1,5828.58,0.0,5828.58,998.88,17.137621856438447,5828.58,Credit Card
ORD10524,2025-01-16,2025,Jan,1,2025-01,CUST0349,Vivaan Verma,West,Pune,Home & Kitchen,Air Fryer,Air Fryer,1,1319.46,0.0,1319.46,657.3,49.81583375017052,1319.46,Credit Card
ORD11288,2025-02-24,2025,Feb,2,2025-02,CUST0337,Neha Chatterjee,West,Pune,Clothing,Denim Jeans,Denim Jeans,2,2056.08,0.0,4112.16,1675.23,40.7384440294152,4112.16,Credit Card
ORD11965,2024-08-24,2024,Aug,8,2024-08,CUST0193,Ishaan Singh,North,Delhi,Furniture,Study Table,Study Table,2,4991.64,0.15,8485.79,735.44,8.666724017445636,8485.79,Cash on Delivery
ORD10218,2024-07-23,2024,Jul,7,2024-07,CUST0328,Pooja Kumar,East,Patna,Electronics,Noise Cancelling Headphones,Noise Cancelling Headphones,1,899.46,0.05,854.49,133.96,15.677187562171587,854.49,UPI
ORD11252,2024-04-17,2024,Apr,4,2024-04,CUST0413,Vihaan Verma,West,Mumbai,Electronics,Wireless Mouse,Wireless Mouse,1,4677.64,0.1,4209.88,472.45,11.222410139956484,4209.88,Debit Card
ORD10008,2024-05-12,2024,May,5,2024-05,CUST0062,Aditya Mehta,West,Ahmedabad,Electronics,Laptop Stand,Laptop Stand,1,4602.67,0.0,4602.67,637.51,13.850873514720801,4602.67,Net Banking
ORD10747,2025-03-16,2025,Mar,3,2025-03,CUST0329,Aadhya Verma,South,Hyderabad,Furniture,Study Table,Study Table,1,4991.64,0.1,4492.48,617.31,13.74096267540423,4492.48,Credit Card
ORD10505,2024-03-23,2024,Mar,3,2024-03,CUST0246,Pooja Singh,North,Chandigarh,Home & Kitchen,Water Bottle,Water Bottle,1,5018.72,0.05,4767.78,1248.7,26.19038630138136,4767.78,Credit Card
ORD10803,2024-11-09,2024,Nov,11,2024-11,CUST0160,Aditya Patel,West,Mumbai,Electronics,Laptop Stand,Laptop Stand,1,4602.67,0.1,4142.4,177.24,4.278679026651218,4142.4,Credit Card
ORD10052,2024-03-18,2024,Mar,3,2024-03,CUST0162,Vihaan Singh,South,Hyderabad,Electronics,Laptop Stand,Laptop Stand,1,4602.67,0.0,4602.67,637.51,13.850873514720801,4602.67,UPI
ORD10743,2024-09-25,2024,Sep,9,2024-09,CUST0435,Krishna Kapoor,North,Jaipur,Electronics,USB-C Charger,USB-C Charger,1,700.94,0.05,665.89,38.12,5.724669239664208,665.89,Cash on Delivery
ORD11535,2024-04-06,2024,Apr,4,2024-04,CUST0375,Unknown Customer,South,Bengaluru,Clothing,Men's T-Shirt,Men's T-Shirt,2,1052.59,0.05,1999.92,587.84,29.39317572702908,1999.92,UPI
ORD10906,2024-10-27,2024,Oct,10,2024-10,CUST0229,Divya Das,North,Jaipur,Electronics,Webcam HD,Webcam HD,1,2743.97,0.05,2606.77,518.88,19.905093276353494,2606.77,Debit Card
ORD10594,2024-03-03,2024,Mar,3,2024-03,CUST0351,Aarav Mehta,West,Pune,Clothing,Men's T-Shirt,Men's T-Shirt,2,1052.59,0.0,2105.18,693.1,32.923550480243975,2105.18,Credit Card
ORD10271,2024-09-13,2024,Sep,9,2024-09,CUST0311,Sanjay Kapoor,West,Ahmedabad,Clothing,Women's Kurti,Women's Kurti,1,4506.86,0.0,4506.86,1163.32,25.812206281091495,4506.86,Net Banking
ORD11545,2024-07-31,2024,Jul,7,2024-07,CUST0077,Arjun Kumar,North,Jaipur,Electronics,Portable SSD 1TB,Portable SSD 1TB,2,3916.61,0.0,7833.22,1033.22,13.190233390610759,7833.22,Debit Card
ORD10789,2024-02-04,2024,Feb,2,2024-02,CUST0267,Reyansh Kapoor,South,Bengaluru,Electronics,Laptop Stand,Laptop Stand,2,4602.67,0.05,8745.07,814.75,9.316677853922267,8745.07,Credit Card
ORD11518,2025-02-08,2025,Feb,2,2025-02,CUST0301,Arjun Bose,South,Chennai,Home & Kitchen,Non-Stick Pan,Non-Stick Pan,1,2707.34,0.0,2707.34,790.08,29.18288800076828,2707.34,UPI
ORD10572,2024-08-03,2024,Aug,8,2024-08,CUST0220,Meera Chatterjee,East,Patna,Clothing,Denim Jeans,Denim Jeans,1,2056.08,0.0,2056.08,837.62,40.73868721061438,2056.08,Credit Card
ORD11079,2024-08-26,2024,Aug,8,2024-08,CUST0261,Karan Bose,North,Delhi,Stationery,Gel Pen Set,Gel Pen Set,2,4275.22,0.0,8550.44,4222.67,49.38541174489266,8550.44,Credit Card
ORD11328,2024-04-01,2024,Apr,4,2024-04,CUST0256,Ravi Reddy,South,Chennai,Stationery,Gel Pen Set,Gel Pen Set,3,4275.22,0.05,12184.38,5692.73,46.721540201471065,12184.38,Credit Card
ORD10061,2024-03-21,2024,Mar,3,2024-03,CUST0312,Priya Nair,West,Pune,Electronics,Bluetooth Speaker,Bluetooth Speaker,3,5172.8,0.0,15518.4,2397.19,15.4474043715847,15518.4,Debit Card
ORD11589,2024-08-01,2024,Aug,8,2024-08,CUST0422,Pooja Iyer,West,Pune,Electronics,Wireless Mouse,Wireless Mouse,2,4677.64,0.1,8419.75,944.9,11.222423468630303,8419.75,Cash on Delivery
ORD12065,2024-07-24,2024,Jul,7,2024-07,CUST0117,Ishaan Patel,West,Pune,Electronics,Webcam HD,Webcam HD,1,2743.97,0.2,2195.18,107.29,4.887526307637643,2195.18,Debit Card
ORD11641,2024-08-05,2024,Aug,8,2024-08,CUST0072,Unknown Customer,South,Bengaluru,Furniture,Recliner Chair,Recliner Chair,1,2880.32,0.0,2880.32,982.88,34.123986223752915,2880.32,UPI
ORD10758,2024-05-04,2024,May,5,2024-05,CUST0163,Anika Mehta,North,Chandigarh,Home & Kitchen,Mixer Grinder,Mixer Grinder,1,4246.55,0.05,4034.22,1579.32,39.14808810625102,4034.22,Cash on Delivery
ORD11519,2024-10-19,2024,Oct,10,2024-10,CUST0284,Aadhya Rao,West,Mumbai,Clothing,Women's Kurti,Women's Kurti,1,4506.86,0.0,4506.86,1163.32,25.812206281091495,4506.86,Cash on Delivery
ORD10740,2024-07-01,2024,Jul,7,2024-07,CUST0057,Aarav Kapoor,North,Jaipur,Electronics,Noise Cancelling Headphones,Noise Cancelling Headphones,1,899.46,0.05,854.49,133.96,15.677187562171587,854.49,Debit Card
ORD11569,2025-03-13,2025,Mar,3,2025-03,CUST0276,Nikhil Rao,North,Delhi,Electronics,Portable SSD 1TB,Portable SSD 1TB,2,3916.61,0.0,7833.22,1033.22,13.190233390610759,7833.22,Credit Card
ORD11995,2024-08-09,2024,Aug,8,2024-08,CUST0308,Reyansh Mehta,North,Jaipur,Electronics,USB-C Charger,USB-C Charger,4,700.94,0.0,2803.76,292.68,10.438839272976288,2803.76,Credit Card
ORD11192,2024-03-23,2024,Mar,3,2024-03,CUST0276,Nikhil Rao,South,Chennai,Home & Kitchen,Mixer Grinder,Mixer Grinder,1,4246.55,0.0,3397.24,942.34,27.73839940657711,3397.24,UPI
ORD11071,2024-11-04,2024,Nov,11,2024-11,CUST0230,Arun Verma,North,Chandigarh,Electronics,Noise Cancelling Headphones,Noise Cancelling Headphones,1,899.46,0.1,809.51,88.98,10.991834566589667,809.51,Credit Card
ORD10397,2024-10-11,2024,Oct,10,2024-10,CUST0301,Arjun Bose,North,Delhi,Furniture,Office Chair,Office Chair,1,3394.32,0.0,3394.32,1144.69,33.72369134318509,3394.32,Credit Card
ORD10531,2024-12-27,2024,Dec,12,2024-12,CUST0253,Saanvi Iyer,North,Jaipur,Clothing,Formal Shirt,Formal Shirt,1,1477.42,0.0,1477.42,491.31,33.25459246524346,1477.42,Debit Card
ORD11129,2024-12-21,2024,Dec,12,2024-12,CUST0095,Rohan Verma,South,Bengaluru,Electronics,Laptop Stand,Laptop Stand,1,4602.67,0.15,3912.27,-52.89,-1.3519005590104978,3912.27,UPI
ORD12001,2025-03-17,2025,Mar,3,2025-03,CUST0431,Riya Joshi,North,Delhi,Clothing,Formal Shirt,Formal Shirt,2,1477.42,0.0,2954.84,982.62,33.25459246524346,2954.84,UPI
ORD12107,2024-03-09,2024,Mar,3,2024-03,CUST0350,Priya Kumar,East,Kolkata,Clothing,Women's Kurti,Women's Kurti,1,4506.86,0.0,4506.86,1163.32,25.812206281091495,4506.86,Debit Card
ORD11083,2024-05-08,2024,May,5,2024-05,CUST0202,Sai Chatterjee,West,Pune,Furniture,Office Chair,Office Chair,1,3394.32,0.0,3394.32,1144.69,33.72369134318509,3394.32,Credit Card
ORD11525,2024-05-05,2024,May,5,2024-05,CUST0289,Neha Rao,North,Jaipur,Clothing,Women's Kurti,Women's Kurti,1,4506.86,0.1,4056.17,712.63,17.569036800725808,4056.17,Debit Card
ORD10563,2024-08-31,2024,Aug,8,2024-08,CUST0031,Nikhil Gupta,South,Hyderabad,Clothing,Women's Kurti,Women's Kurti,1,4506.86,0.0,4506.86,1163.32,25.812206281091495,4506.86,Credit Card
ORD10998,2024-07-26,2024,Jul,7,2024-07,CUST0443,Vihaan Bose,South,Bengaluru,Stationery,Notebook Pack,Notebook Pack,1,4753.51,0.05,4515.83,2220.03,49.161062307482794,4515.83,Cash on Delivery
ORD10620,2024-07-14,2024,Jul,7,2024-07,CUST0084,Arjun Rao,West,Pune,Electronics,Smart Watch,Smart Watch,2,2319.17,0.05,4406.42,293.06,6.650750495867394,4406.42,Net Banking
ORD11427,2024-12-25,2024,Dec,12,2024-12,CUST0466,Anika Reddy,West,Ahmedabad,Furniture,Study Table,Study Table,2,4991.64,0.0,9983.28,2232.93,22.366697117580593,9983.28,Cash on Delivery
ORD10508,2024-07-20,2024,Jul,7,2024-07,CUST0285,Isha Kapoor,West,Pune,Electronics,Portable SSD 1TB,Portable SSD 1TB,1,3916.61,0.05,3720.78,320.78,8.621310585414884,3720.78,Credit Card
ORD11171,2024-11-19,2024,Nov,11,2024-11,CUST0340,Rohan Singh,North,Delhi,Clothing,Denim Jeans,Denim Jeans,1,2056.08,0.0,2056.08,837.62,40.73868721061438,2056.08,UPI
ORD10701,2024-06-13,2024,Jun,6,2024-06,CUST0044,Ravi Kumar,North,Jaipur,Home & Kitchen,Water Bottle,Water Bottle,2,5018.72,0.0,10037.44,2999.28,29.880925813753308,10037.44,Net Banking
ORD12181,2024-04-01,2024,Apr,4,2024-04,CUST0462,Aadhya Reddy,North,Jaipur,Clothing,Women's Kurti,Women's Kurti,2,4506.86,0.0,9013.72,2326.64,25.812206281091495,9013.72,Debit Card
ORD11683,2024-08-21,2024,Aug,8,2024-08,CUST0113,Divya Nair,West,Pune,Furniture,Bookshelf,Bookshelf,1,4584.81,0.2,3667.85,362.64,9.886991016535571,3667.85,Credit Card
ORD10055,2024-04-19,2024,Apr,4,2024-04,CUST0204,Divya Gupta,South,Hyderabad,Electronics,USB-C Charger,USB-C Charger,2,700.94,0.2,1121.5,-134.04,-11.951850200624163,1121.5,UPI
ORD10373,2024-04-27,2024,Apr,4,2024-04,CUST0235,Pooja Chatterjee,South,Chennai,Clothing,Women's Kurti,Women's Kurti,1,4506.86,0.05,4281.52,937.98,21.907640277284703,4281.52,Debit Card
ORD11467,2024-11-10,2024,Nov,11,2024-11,CUST0220,Meera Chatterjee,West,Mumbai,Electronics,USB-C Charger,USB-C Charger,3,700.94,0.0,2102.82,219.51,10.438839272976287,2102.82,Credit Card
ORD11705,2024-09-07,2024,Sep,9,2024-09,CUST0220,Meera Chatterjee,North,Chandigarh,Clothing,Running Shoes,Running Shoes,1,910.04,0.0,910.04,346.79,38.107116170717774,910.04,UPI
ORD11737,2024-02-11,2024,Feb,2,2024-02,CUST0069,Karan Verma,South,Hyderabad,Clothing,Denim Jeans,Denim Jeans,1,2056.08,0.1,1850.47,632.01,34.154025734002715,1850.47,Credit Card
ORD11168,2024-02-11,2024,Feb,2,2024-02,CUST0364,Arjun Sharma,East,Bhubaneswar,Furniture,Office Chair,Office Chair,1,3394.32,0.0,3394.32,1144.69,33.72369134318509,3394.32,Credit Card
ORD10420,2024-09-27,2024,Sep,9,2024-09,CUST0390,Aditya Rao,North,Chandigarh,Electronics,Wireless Mouse,Wireless Mouse,1,4677.64,0.15,3975.99,238.56,6.000015090581214,3975.99,Debit Card
ORD11356,2024-03-10,2024,Mar,3,2024-03,CUST0365,Sanjay Rao,North,Delhi,Furniture,Study Table,Study Table,1,4991.64,0.1,4492.48,617.31,13.74096267540423,4492.48,Credit Card
ORD11820,2024-07-11,2024,Jul,7,2024-07,CUST0102,Saanvi Bose,North,Delhi,Home & Kitchen,Storage Containers Set,Storage Containers Set,1,4142.6,0.0,3935.47,1719.44,43.690842516903956,3935.47,UPI
ORD11270,2024-06-20,2024,Jun,6,2024-06,CUST0249,Krishna Nair,East,Kolkata,Furniture,Bed Side Table,Bed Side Table,1,5828.58,0.0,5828.58,998.88,17.137621856438447,5828.58,UPI
ORD10577,2024-02-04,2024,Feb,2,2024-02,CUST0298,Divya Kapoor,North,Chandigarh,Home & Kitchen,Non-Stick Pan,Non-Stick Pan,1,2707.34,0.0,2707.34,790.08,29.18288800076828,2707.34,Cash on Delivery
ORD10047,2024-05-06,2024,May,5,2024-05,CUST0226,Nikhil Patel,South,Hyderabad,Electronics,Smart Watch,Smart Watch,1,2319.17,0.1,2087.25,30.57,1.4646065397053538,2087.25,Credit Card
ORD11643,2024-07-14,2024,Jul,7,2024-07,CUST0298,Divya Kapoor,South,Chennai,Electronics,Portable SSD 1TB,Portable SSD 1TB,1,3916.61,0.0,3916.61,516.61,13.190233390610759,3916.61,Cash on Delivery
ORD10233,2024-03-08,2024,Mar,3,2024-03,CUST0001,Isha Mehta,West,Ahmedabad,Furniture,Sofa Cover,Sofa Cover,1,4703.54,0.0,4703.54,1463.14,31.107208613087167,4703.54,Credit Card
ORD12189,2024-05-02,2024,May,5,2024-05,CUST0221,Kavya Sharma,South,Hyderabad,Home & Kitchen,Storage Containers Set,Storage Containers Set,1,4142.6,0.0,4142.6,1926.57,46.50630039105875,4142.6,UPI
ORD11734,2024-02-16,2024,Feb,2,2024-02,CUST0236,Sanjay Bose,South,Hyderabad,Clothing,Running Shoes,Running Shoes,1,910.04,0.0,910.04,346.79,38.107116170717774,910.04,UPI
ORD12146,2024-09-08,2024,Sep,9,2024-09,CUST0272,Vivaan Iyer,North,Delhi,Clothing,Denim Jeans,Denim Jeans,3,2056.08,0.0,6168.24,2512.85,40.73852508981493,6168.24,Net Banking
ORD10708,2024-09-03,2024,Sep,9,2024-09,CUST0444,Pooja Das,West,Mumbai,Clothing,Running Shoes,Running Shoes,1,910.04,0.0,910.04,346.79,38.107116170717774,910.04,Debit Card
ORD12066,2024-12-02,2024,Dec,12,2024-12,CUST0058,Myra Joshi,North,Delhi,Clothing,Running Shoes,Running Shoes,2,910.04,0.0,1729.08,602.58,34.84974668609897,1729.08,UPI
ORD10759,2024-07-12,2024,Jul,7,2024-07,CUST0172,Ravi Patel,West,Mumbai,Clothing,Women's Kurti,Women's Kurti,3,4506.86,0.0,13520.58,3489.97,25.812280242415635,13520.58,Debit Card
ORD11295,2024-09-14,2024,Sep,9,2024-09,CUST0052,Neha Iyer,South,Bengaluru,Electronics,Noise Cancelling Headphones,Noise Cancelling Headphones,1,899.46,0.0,899.46,178.93,19.893046939274676,899.46,UPI
ORD11760,2024-09-15,2024,Sep,9,2024-09,CUST0318,Kavya Singh,North,Jaipur,Stationery,Notebook Pack,Notebook Pack,2,4753.51,0.0,9507.02,4915.41,51.702952134317584,9507.02,UPI
ORD11825,2024-12-13,2024,Dec,12,2024-12,CUST0401,Arun Rao,North,Chandigarh,Clothing,Women's Kurti,Women's Kurti,1,4506.86,0.3,3154.8,-188.74,-5.98262964371751,3154.8,Debit Card
ORD10319,2024-10-24,2024,Oct,10,2024-10,CUST0235,Pooja Chatterjee,North,Chandigarh,Clothing,Men's T-Shirt,Men's T-Shirt,1,1052.59,0.1,947.33,241.29,25.470532971614958,947.33,UPI
ORD11125,2024-06-20,2024,Jun,6,2024-06,CUST0036,Karan Mehta,South,Bengaluru,Electronics,Wireless Mouse,Wireless Mouse,1,4677.64,0.1,4209.88,472.45,11.222410139956484,4209.88,UPI
ORD12171,2024-09-13,2024,Sep,9,2024-09,CUST0221,Kavya Sharma,West,Ahmedabad,Home & Kitchen,Water Bottle,Water Bottle,1,5018.72,0.1,4516.85,997.77,22.089952068366227,4516.85,Cash on Delivery
ORD10396,2024-04-08,2024,Apr,4,2024-04,CUST0293,Vihaan Rao,West,Ahmedabad,Electronics,USB-C Charger,USB-C Charger,1,700.94,0.0,700.94,73.17,10.438839272976288,700.94,Debit Card
ORD10688,2024-11-16,2024,Nov,11,2024-11,CUST0473,Ravi Patel,East,Kolkata,Home & Kitchen,Mixer Grinder,Mixer Grinder,1,4246.55,0.05,4034.22,1579.32,39.14808810625102,4034.22,UPI
ORD11727,2024-01-28,2024,Jan,1,2024-01,CUST0339,Sneha Singh,North,Delhi,Home & Kitchen,Storage Containers Set,Storage Containers Set,1,4142.6,0.15,3521.21,1305.18,37.06623575418677,3521.21,Debit Card
ORD11802,2024-05-05,2024,May,5,2024-05,CUST0196,Sneha Joshi,West,Ahmedabad,Home & Kitchen,Air Fryer,Air Fryer,2,1319.46,0.05,2506.97,1182.65,47.174477556572285,2506.97,Cash on Delivery
ORD10003,2024-04-26,2024,Apr,4,2024-04,CUST0318,Kavya Singh,North,Chandigarh,Home & Kitchen,Water Bottle,Water Bottle,1,5018.72,0.05,4767.78,1248.7,26.19038630138136,4767.78,Cash on Delivery
ORD11257,2024-01-02,2024,Jan,1,2024-01,CUST0226,Nikhil Patel,North,Jaipur,Electronics,Bluetooth Speaker,Bluetooth Speaker,1,5172.8,0.15,4396.88,23.14,0.526282272884409,4396.88,Cash on Delivery
ORD10691,2024-10-13,2024,Oct,10,2024-10,CUST0015,Unknown Customer,North,Jaipur,Home & Kitchen,Storage Containers Set,Storage Containers Set,1,4142.6,0.1,3728.34,1512.31,40.56255599006528,3728.34,UPI
ORD12085,2025-02-22,2025,Feb,2,2025-02,CUST0419,Aadhya Mehta,West,Ahmedabad,Clothing,Women's Kurti,Women's Kurti,1,4506.86,0.1,4056.17,712.63,17.569036800725808,4056.17,UPI
ORD11897,2024-08-02,2024,Aug,8,2024-08,CUST0301,Arjun Bose,West,Pune,Furniture,Recliner Chair,Recliner Chair,1,2880.32,0.0,2880.32,982.88,34.123986223752915,2880.32,Debit Card
ORD11019,2024-10-12,2024,Oct,10,2024-10,CUST0468,Aditya Kumar,East,Patna,Furniture,Bookshelf,Bookshelf,1,4584.81,0.15,3897.09,591.88,15.187742649002203,3897.09,Debit Card
ORD11943,2024-02-02,2024,Feb,2,2024-02,CUST0148,Aarav Mehta,East,Bhubaneswar,Electronics,Bluetooth Speaker,Bluetooth Speaker,1,5172.8,0.15,4396.88,23.14,0.526282272884409,4396.88,Net Banking
ORD11741,2024-10-23,2024,Oct,10,2024-10,CUST0433,Riya Mehta,West,Pune,Stationery,Gel Pen Set,Gel Pen Set,1,4275.22,0.2,3420.18,1256.3,36.73198486629359,3420.18,Credit Card
ORD10111,2024-03-27,2024,Mar,3,2024-03,CUST0397,Diya Kumar,South,Bengaluru,Clothing,Men's T-Shirt,Men's T-Shirt,1,1052.59,0.0,1052.59,346.55,32.923550480243975,1052.59,Credit Card
ORD11465,2024-06-18,2024,Jun,6,2024-06,CUST0111,Priya Nair,East,Patna,Furniture,Recliner Chair,Recliner Chair,1,2880.32,0.0,2880.32,982.88,34.123986223752915,2880.32,Net Banking
ORD10641,2024-09-24,2024,Sep,9,2024-09,CUST0463,Neha Gupta,West,Mumbai,Stationery,Gel Pen Set,Gel Pen Set,1,4275.22,0.05,4061.46,1897.58,46.72162227376362,4061.46,UPI
ORD10424,2024-10-28,2024,Oct,10,2024-10,CUST0298,Divya Kapoor,South,Chennai,Clothing,Women's Kurti,Women's Kurti,1,4506.86,0.05,4281.52,937.98,21.907640277284703,4281.52,UPI
ORD10877,2025-01-20,2025,Jan,1,2025-01,CUST0036,Karan Mehta,North,Delhi,Stationery,Sticky Notes,Sticky Notes,1,2834.66,0.05,2692.93,1378.36,51.1843976635115,2692.93,UPI
ORD11151,2024-04-11,2024,Apr,4,2024-04,CUST0197,Pooja Chatterjee,West,Pune,Home & Kitchen,Mixer Grinder,Mixer Grinder,2,4246.55,0.05,8068.44,3158.65,39.14821204594693,8068.44,Debit Card
ORD10763,2025-01-20,2025,Jan,1,2025-01,CUST0322,Nikhil Bose,North,Delhi,Electronics,Noise Cancelling Headphones,Noise Cancelling Headphones,1,899.46,0.1,809.51,88.98,10.991834566589667,809.51,Debit Card
ORD10846,2024-12-23,2024,Dec,12,2024-12,CUST0008,Meera Nair,North,Chandigarh,Home & Kitchen,LED Table Lamp,LED Table Lamp,1,2416.75,0.05,2295.91,913.33,39.78074053425439,2295.91,Credit Card
ORD10515,2024-06-19,2024,Jun,6,2024-06,CUST0034,Arjun Patel,North,Jaipur,Home & Kitchen,Storage Containers Set,Storage Containers Set,1,4142.6,0.0,4142.6,1926.57,46.50630039105875,4142.6,UPI
ORD10841,2024-09-01,2024,Sep,9,2024-09,CUST0143,Myra Das,South,Hyderabad,Clothing,Denim Jeans,Denim Jeans,1,2056.08,0.05,1953.28,734.82,37.61979849279162,1953.28,UPI
ORD12054,2024-03-11,2024,Mar,3,2024-03,CUST0201,Ananya Gupta,North,Delhi,Electronics,Laptop Stand,Laptop Stand,1,4602.67,0.2,3682.14,-283.02,-7.68629112418322,3682.14,UPI
ORD11804,2025-03-21,2025,Mar,3,2025-03,CUST0276,Nikhil Rao,East,Patna,Home & Kitchen,Non-Stick Pan,Non-Stick Pan,2,2707.34,0.0,5414.68,1580.17,29.183072683888984,5414.68,Net Banking
ORD10947,2024-09-03,2024,Sep,9,2024-09,CUST0078,Aadhya Singh,East,Bhubaneswar,Clothing,Winter Jacket,Winter Jacket,4,2896.9,0.05,11008.22,4665.54,42.38232884153842,11008.22,Cash on Delivery
ORD10029,2024-03-23,2024,Mar,3,2024-03,CUST0030,Divya Das,East,Bhubaneswar,Furniture,Office Chair,Office Chair,1,3394.32,0.0,3394.32,1144.69,33.72369134318509,3394.32,Credit Card
ORD10591,2024-06-24,2024,Jun,6,2024-06,CUST0423,Nikhil Rao,North,Chandigarh,Stationery,Gel Pen Set,Gel Pen Set,1,4275.22,0.0,4275.22,2111.34,49.385528697938355,4275.22,Debit Card
ORD11635,2024-05-22,2024,May,5,2024-05,CUST0109,Nikhil Reddy,West,Pune,Stationery,Gel Pen Set,Gel Pen Set,2,4275.22,0.1,7695.4,3367.63,43.76159783766926,7695.4,Credit Card
ORD10013,2024-07-17,2024,Jul,7,2024-07,CUST0301,Arjun Bose,West,Pune,Electronics,Bluetooth Speaker,Bluetooth Speaker,2,5172.8,0.15,8793.76,46.28,0.526282272884409,8793.76,UPI
ORD10507,2025-02-01,2025,Feb,2,2025-02,CUST0395,Diya Verma,West,Mumbai,Electronics,Smart Watch,Smart Watch,1,2319.17,0.1,2087.25,30.57,1.4646065397053538,2087.25,UPI
ORD11785,2024-12-27,2024,Dec,12,2024-12,CUST0142,Rohan Kumar,West,Ahmedabad,Furniture,Office Chair,Office Chair,2,3394.32,0.0,6788.64,2289.38,33.72369134318509,6788.64,Credit Card
ORD11514,2024-08-21,2024,Aug,8,2024-08,CUST0426,Ishaan Patel,North,Jaipur,Furniture,Recliner Chair,Recliner Chair,1,2880.32,0.05,2736.3,838.86,30.656726236158317,2736.3,Credit Card
ORD10195,2024-03-24,2024,Mar,3,2024-03,CUST0022,Aadhya Patel,North,Chandigarh,Electronics,Noise Cancelling Headphones,Noise Cancelling Headphones,1,899.46,0.05,854.49,133.96,15.677187562171587,854.49,Cash on Delivery
ORD11715,2024-11-24,2024,Nov,11,2024-11,CUST0029,Neha Gupta,North,Delhi,Electronics,Laptop Stand,Laptop Stand,2,4602.67,0.15,7824.54,-105.78,-1.3519005590104978,7824.54,Credit Card
ORD10260,2024-08-26,2024,Aug,8,2024-08,CUST0062,Aditya Mehta,West,Pune,Stationery,Sticky Notes,Sticky Notes,2,2834.66,0.2,4535.46,1906.32,42.03145877154687,4535.46,Credit Card
ORD11733,2024-10-18,2024,Oct,10,2024-10,CUST0288,Aditya Nair,North,Chandigarh,Clothing,Formal Shirt,Formal Shirt,3,1477.42,0.1,3989.03,1030.7,25.838361706981395,3989.03,UPI
ORD11230,2025-03-09,2025,Mar,3,2025-03,CUST0170,Pooja Verma,South,Bengaluru,Stationery,Desk Organizer,Desk Organizer,1,967.81,0.1,871.03,510.13,58.56629507594457,871.03,Debit Card
ORD11432,2024-06-14,2024,Jun,6,2024-06,CUST0105,Arjun Das,South,Bengaluru,Home & Kitchen,LED Table Lamp,LED Table Lamp,1,2416.75,0.0,2416.75,1034.17,42.791765801179274,2416.75,Credit Card
ORD11590,2024-12-26,2024,Dec,12,2024-12,CUST0089,Pooja Singh,South,Chennai,Clothing,Denim Jeans,Denim Jeans,3,2056.08,0.1,5551.42,1896.03,34.153964210958634,5551.42,Debit Card
ORD10839,2024-10-01,2024,Oct,10,2024-10,CUST0135,Arun Gupta,East,Kolkata,Home & Kitchen,Water Bottle,Water Bottle,1,5018.72,0.05,4767.78,1248.7,26.19038630138136,4767.78,Credit Card
ORD10343,2024-11-10,2024,Nov,11,2024-11,CUST0204,Divya Gupta,South,Hyderabad,Electronics,Noise Cancelling Headphones,Noise Cancelling Headphones,2,899.46,0.0,1798.92,357.86,19.893046939274676,1798.92,Debit Card
ORD11574,2024-03-11,2024,Mar,3,2024-03,CUST0339,Sneha Singh,South,Bengaluru,Electronics,Webcam HD,Webcam HD,1,2743.97,0.0,2743.97,656.08,23.90988239667344,2743.97,Credit Card
ORD10719,2024-11-22,2024,Nov,11,2024-11,CUST0054,Sanjay Rao,North,Chandigarh,Furniture,Sofa Cover,Sofa Cover,1,4703.54,0.2,3762.83,522.43,13.883964994432382,3762.83,UPI
ORD11325,2024-07-03,2024,Jul,7,2024-07,CUST0057,Aarav Kapoor,North,Delhi,Electronics,Portable SSD 1TB,Portable SSD 1TB,3,3916.61,0.1,10574.85,374.86,3.5448256949271144,10574.85,Credit Card
ORD11566,2024-07-17,2024,Jul,7,2024-07,CUST0300,Krishna Rao,West,Ahmedabad,Clothing,Winter Jacket,Winter Jacket,1,2896.9,0.0,2896.9,1311.23,45.263212399461494,2896.9,UPI
ORD11163,2024-09-05,2024,Sep,9,2024-09,CUST0219,Ravi Bose,West,Mumbai,Clothing,Denim Jeans,Denim Jeans,2,2056.08,0.3,2878.51,441.58,15.340575506077794,2878.51,Debit Card
ORD10241,2024-04-25,2024,Apr,4,2024-04,CUST0121,Pooja Bose,South,Chennai,Electronics,Noise Cancelling Headphones,Noise Cancelling Headphones,2,899.46,0.1,1619.03,177.97,10.992384328888285,1619.03,Credit Card
ORD10749,2024-11-11,2024,Nov,11,2024-11,CUST0020,Anika Kapoor,North,Chandigarh,Clothing,Running Shoes,Running Shoes,1,910.04,0.05,864.54,301.29,34.84974668609897,864.54,Debit Card
ORD12067,2024-01-12,2024,Jan,1,2024-01,CUST0429,Aditya Rao,South,Hyderabad,Furniture,Bookshelf,Bookshelf,1,4584.81,0.0,4584.81,1279.6,27.909553503852933,4584.81,Credit Card
ORD10706,2024-01-07,2024,Jan,1,2024-01,CUST0355,Pooja Sharma,West,Ahmedabad,Clothing,Men's T-Shirt,Men's T-Shirt,1,1052.59,0.15,894.7,188.66,21.08639767519839,894.7,Credit Card
ORD12000,2024-12-27,2024,Dec,12,2024-12,CUST0122,Reyansh Bose,North,Jaipur,Clothing,Running Shoes,Running Shoes,2,910.04,0.05,1729.08,602.58,34.84974668609897,1729.08,Net Banking
ORD11597,2024-04-23,2024,Apr,4,2024-04,CUST0129,Ravi Joshi,West,Ahmedabad,Home & Kitchen,Non-Stick Pan,Non-Stick Pan,1,2707.34,0.0,2707.34,790.08,29.18288800076828,2707.34,UPI
ORD11364,2024-06-07,2024,Jun,6,2024-06,CUST0016,Pooja Nair,West,Pune,Furniture,Bed Side Table,Bed Side Table,2,5828.58,0.05,11074.3,1414.89,12.77633800781991,11074.3,Cash on Delivery
ORD10790,2024-06-30,2024,Jun,6,2024-06,CUST0190,Divya Patel,West,Pune,Clothing,Running Shoes,Running Shoes,2,910.04,0.0,1820.08,693.58,38.107116170717774,1820.08,Cash on Delivery
ORD10376,2024-11-04,2024,Nov,11,2024-11,CUST0219,Ravi Bose,South,Hyderabad,Clothing,Women's Kurti,Women's Kurti,1,4506.86,0.15,3830.83,487.29,12.720219900126084,3830.83,Cash on Delivery
ORD11180,2024-01-14,2024,Jan,1,2024-01,CUST0138,Neha Chatterjee,North,Chandigarh,Electronics,Smart Watch,Smart Watch,1,2319.17,0.1,2087.25,30.57,1.4646065397053538,2087.25,Credit Card
ORD11133,2024-05-14,2024,May,5,2024-05,CUST0071,Meera Gupta,South,Hyderabad,Clothing,Winter Jacket,Winter Jacket,2,2896.9,0.15,4924.73,1753.39,35.603779293484116,4924.73,UPI
ORD10702,2025-02-20,2025,Feb,2,2025-02,CUST0389,Anika Sharma,South,Chennai,Electronics,Bluetooth Speaker,Bluetooth Speaker,3,5172.8,0.05,14742.48,1621.27,10.997267759562842,14742.48,Debit Card
ORD10197,2024-12-03,2024,Dec,12,2024-12,CUST0092,Aarav Bose,South,Chennai,Home & Kitchen,Water Bottle,Water Bottle,1,5018.72,0.1,4516.85,997.77,22.089952068366227,4516.85,UPI
ORD11947,2025-03-31,2025,Mar,3,2025-03,CUST0011,Sneha Iyer,South,Hyderabad,Stationery,Sticky Notes,Sticky Notes,1,2834.66,0.1,2551.19,1236.62,48.472281562721705,2551.19,UPI
ORD10825,2024-01-23,2024,Jan,1,2024-01,CUST0013,Sneha Chatterjee,West,Pune,Electronics,Webcam HD,Webcam HD,1,2743.97,0.0,2743.97,656.08,23.90988239667344,2743.97,UPI
ORD11986,2025-03-26,2025,Mar,3,2025-03,CUST0047,Meera Singh,West,Pune,Clothing,Running Shoes,Running Shoes,1,910.04,0.1,819.04,255.79,31.230464934557535,819.04,Debit Card
ORD11722,2024-09-27,2024,Sep,9,2024-09,CUST0193,Ishaan Singh,South,Hyderabad,Furniture,Study Table,Study Table,1,4991.64,0.1,4492.48,617.31,13.74096267540423,4492.48,Debit Card
ORD11359,2025-01-30,2025,Jan,1,2025-01,CUST0056,Isha Chatterjee,North,Delhi,Electronics,Wireless Mouse,Wireless Mouse,1,4677.64,0.15,3975.99,238.56,6.000015090581214,3975.99,Net Banking
ORD10280,2024-03-23,2024,Mar,3,2024-03,CUST0137,Diya Rao,South,Hyderabad,Furniture,Bed Side Table,Bed Side Table,2,5828.58,0.0,11657.16,1997.75,17.137536072250874,11657.16,UPI
ORD10059,2025-02-09,2025,Feb,2,2025-02,CUST0451,Vivaan Verma,South,Hyderabad,Electronics,Noise Cancelling Headphones,Noise Cancelling Headphones,1,899.46,0.0,899.46,178.93,19.893046939274676,899.46,Credit Card
ORD10326,2024-09-04,2024,Sep,9,2024-09,CUST0145,Nikhil Sharma,North,Chandigarh,Electronics,Smart Watch,Smart Watch,1,2319.17,0.0,2319.17,262.49,11.318273347792529,2319.17,Credit Card
ORD11883,2024-04-04,2024,Apr,4,2024-04,CUST0395,Diya Verma,West,Pune,Clothing,Formal Shirt,Formal Shirt,1,1477.42,0.0,1477.42,491.31,33.25459246524346,1477.42,Credit Card
ORD11770,2024-06-10,2024,Jun,6,2024-06,CUST0448,Anika Chatterjee,East,Bhubaneswar,Furniture,Recliner Chair,Recliner Chair,1,2880.32,0.05,2736.3,838.86,30.656726236158317,2736.3,UPI
ORD11123,2024-12-01,2024,Dec,12,2024-12,CUST0071,Meera Gupta,South,Hyderabad,Home & Kitchen,LED Table Lamp,LED Table Lamp,1,2416.75,0.1,2175.08,792.5,36.43544145502694,2175.08,UPI
ORD10159,2024-06-19,2024,Jun,6,2024-06,CUST0152,Ravi Rao,West,Ahmedabad,Home & Kitchen,Water Bottle,Water Bottle,2,5018.72,0.0,10037.44,2999.28,29.880925813753308,10037.44,UPI
ORD10992,2024-06-29,2024,Jun,6,2024-06,CUST0142,Rohan Kumar,West,Mumbai,Electronics,Noise Cancelling Headphones,Noise Cancelling Headphones,1,899.46,0.2,719.57,-0.96,-0.13341301054796612,719.57,Credit Card
ORD10342,2024-12-28,2024,Dec,12,2024-12,CUST0221,Kavya Sharma,North,Delhi,Electronics,Wireless Mouse,Wireless Mouse,1,4677.64,0.0,4443.76,706.33,15.894872810412805,4443.76,Credit Card
ORD11777,2024-02-17,2024,Feb,2,2024-02,CUST0323,Ananya Kapoor,East,Bhubaneswar,Home & Kitchen,Non-Stick Pan,Non-Stick Pan,1,2707.34,0.0,2707.34,790.08,29.18288800076828,2707.34,Net Banking
ORD10489,2024-09-18,2024,Sep,9,2024-09,CUST0077,Arjun Kumar,West,Pune,Electronics,Bluetooth Speaker,Bluetooth Speaker,1,5172.8,0.0,5172.8,799.06,15.447339931951745,5172.8,Credit Card
ORD10540,2024-10-11,2024,Oct,10,2024-10,CUST0246,Pooja Singh,North,Chandigarh,Clothing,Women's Kurti,Women's Kurti,2,4506.86,0.1,8112.35,1425.27,17.569138412420568,8112.35,Net Banking
ORD10722,2025-02-03,2025,Feb,2,2025-02,CUST0145,Nikhil Sharma,East,Patna,Home & Kitchen,Air Fryer,Air Fryer,1,1319.46,0.0,1319.46,657.3,49.81583375017052,1319.46,Debit Card
ORD11229,2024-05-29,2024,May,5,2024-05,CUST0397,Diya Kumar,North,Chandigarh,Clothing,Women's Kurti,Women's Kurti,1,4506.86,0.05,4281.52,937.98,21.907640277284703,4281.52,Net Banking
ORD10658,2024-09-15,2024,Sep,9,2024-09,CUST0105,Arjun Das,East,Kolkata,Electronics,Noise Cancelling Headphones,Noise Cancelling Headphones,2,899.46,0.0,1798.92,357.86,19.893046939274676,1798.92,Net Banking
ORD10738,2024-03-29,2024,Mar,3,2024-03,CUST0168,Riya Das,West,Mumbai,Furniture,Bookshelf,Bookshelf,1,4584.81,0.0,4584.81,1279.6,27.909553503852933,4584.81,Credit Card
ORD10413,2025-03-09,2025,Mar,3,2025-03,CUST0201,Ananya Gupta,North,Delhi,Electronics,Portable SSD 1TB,Portable SSD 1TB,1,3916.61,0.3,2741.63,-658.37,-24.01381659815511,2741.63,Cash on Delivery
ORD11612,2024-04-13,2024,Apr,4,2024-04,CUST0201,Ananya Gupta,South,Hyderabad,Electronics,Laptop Stand,Laptop Stand,1,4602.67,0.0,4602.67,637.51,13.850873514720801,4602.67,Net Banking
ORD12130,2025-01-29,2025,Jan,1,2025-01,CUST0408,Isha Kumar,East,Patna,Clothing,Men's T-Shirt,Men's T-Shirt,1,1052.59,0.0,1052.59,346.55,32.923550480243975,1052.59,Net Banking
ORD12133,2024-04-24,2024,Apr,4,2024-04,CUST0060,Rohan Mehta,North,Chandigarh,Clothing,Winter Jacket,Winter Jacket,1,2896.9,0.15,2462.37,876.7,35.60391005413484,2462.37,Net Banking
ORD12039,2024-04-02,2024,Apr,4,2024-04,CUST0402,Isha Gupta,North,Jaipur,Electronics,USB-C Charger,USB-C Charger,1,700.94,0.3,490.66,-137.11,-27.943993804263645,490.66,Debit Card
ORD10301,2024-03-16,2024,Mar,3,2024-03,CUST0042,Myra Joshi,North,Jaipur,Home & Kitchen,Non-Stick Pan,Non-Stick Pan,1,2707.34,0.0,2707.34,790.08,29.18288800076828,2707.34,UPI
ORD10025,2024-03-18,2024,Mar,3,2024-03,CUST0229,Divya Das,East,Patna,Furniture,Bookshelf,Bookshelf,1,4584.81,0.0,4584.81,1279.6,27.909553503852933,4584.81,Debit Card
ORD10207,2024-05-30,2024,May,5,2024-05,CUST0405,Aadhya Rao,North,Delhi,Home & Kitchen,Storage Containers Set,Storage Containers Set,1,4142.6,0.0,4142.6,1926.57,46.50630039105875,4142.6,UPI
ORD10807,2024-11-16,2024,Nov,11,2024-11,CUST0318,Kavya Singh,West,Pune,Electronics,Wireless Mouse,Wireless Mouse,2,4677.64,0.0,9355.28,1880.43,20.100200100905585,9355.28,UPI
ORD11362,2024-08-27,2024,Aug,8,2024-08,CUST0178,Priya Kapoor,South,Chennai,Clothing,Winter Jacket,Winter Jacket,1,2896.9,0.05,2752.06,1166.39,42.38243352252495,2752.06,Credit Card
ORD11038,2024-10-03,2024,Oct,10,2024-10,CUST0040,Ananya Kumar,North,Jaipur,Home & Kitchen,Air Fryer,Air Fryer,1,1319.46,0.05,1253.49,591.33,47.174688270349186,1253.49,Credit Card
ORD11122,2024-03-11,2024,Mar,3,2024-03,CUST0076,Ishaan Sharma,North,Chandigarh,Electronics,Webcam HD,Webcam HD,1,2743.97,0.1,2469.57,381.68,15.455322181594367,2469.57,Credit Card
ORD11337,2024-08-22,2024,Aug,8,2024-08,CUST0129,Ravi Joshi,West,Mumbai,Electronics,Smart Watch,Smart Watch,1,2319.17,0.1,2087.25,30.57,1.4646065397053538,2087.25,Debit Card
ORD11201,2024-10-31,2024,Oct,10,2024-10,CUST0341,Aarav Nair,West,Ahmedabad,Furniture,Study Table,Study Table,1,4991.64,0.1,4492.48,617.31,13.74096267540423,4492.48,UPI
ORD11137,2024-10-04,2024,Oct,10,2024-10,CUST0190,Divya Patel,North,Chandigarh,Electronics,Wireless Mouse,Wireless Mouse,1,4677.64,0.05,4443.76,706.33,15.894872810412805,4443.76,Credit Card
ORD10673,2024-06-02,2024,Jun,6,2024-06,CUST0246,Pooja Singh,West,Pune,Furniture,Recliner Chair,Recliner Chair,1,2880.32,0.0,2880.32,982.88,34.123986223752915,2880.32,UPI
ORD11666,2024-10-04,2024,Oct,10,2024-10,CUST0084,Arjun Rao,South,Hyderabad,Home & Kitchen,Non-Stick Pan,Non-Stick Pan,1,2707.34,0.0,2707.34,790.08,29.18288800076828,2707.34,Cash on Delivery
ORD10205,2025-01-31,2025,Jan,1,2025-01,CUST0172,Ravi Patel,East,Bhubaneswar,Electronics,Laptop Stand,Laptop Stand,1,4602.67,0.0,4142.4,177.24,4.278679026651218,4142.4,Cash on Delivery
ORD10044,2024-09-16,2024,Sep,9,2024-09,CUST0377,Vihaan Verma,West,Pune,Stationery,Desk Organizer,Desk Organizer,1,967.81,0.0,967.81,606.91,62.70962275653279,967.81,Credit Card
ORD10639,2024-08-10,2024,Aug,8,2024-08,CUST0228,Aarav Reddy,South,Chennai,Home & Kitchen,Mixer Grinder,Mixer Grinder,1,4246.55,0.2,3397.24,942.34,27.73839940657711,3397.24,Debit Card
ORD11043,2024-06-18,2024,Jun,6,2024-06,CUST0295,Myra Singh,East,Patna,Electronics,Smart Watch,Smart Watch,2,2319.17,0.0,4638.34,524.98,11.318273347792529,4638.34,Net Banking
ORD11376,2024-08-25,2024,Aug,8,2024-08,CUST0291,Anika Rao,South,Hyderabad,Electronics,Noise Cancelling Headphones,Noise Cancelling Headphones,1,899.46,0.1,809.51,88.98,10.991834566589667,809.51,Net Banking
ORD11181,2024-06-20,2024,Jun,6,2024-06,CUST0396,Meera Gupta,East,Kolkata,Home & Kitchen,Storage Containers Set,Storage Containers Set,1,4142.6,0.1,3728.34,1512.31,40.56255599006528,3728.34,UPI
ORD10242,2025-03-23,2025,Mar,3,2025-03,CUST0301,Arjun Bose,South,Hyderabad,Furniture,Study Table,Study Table,1,4991.64,0.0,4991.64,1116.47,22.36679728506062,4991.64,Credit Card
ORD10180,2024-02-01,2024,Feb,2,2024-02,CUST0174,Arjun Rao,South,Bengaluru,Clothing,Winter Jacket,Winter Jacket,1,2896.9,0.15,2462.37,876.7,35.60391005413484,2462.37,UPI
ORD11614,2025-01-08,2025,Jan,1,2025-01,CUST0285,Isha Kapoor,North,Delhi,Home & Kitchen,Air Fryer,Air Fryer,2,1319.46,0.2,2111.14,786.82,37.269911043322566,2111.14,UPI
ORD11968,2024-04-27,2024,Apr,4,2024-04,CUST0052,Neha Iyer,North,Delhi,Furniture,Bookshelf,Bookshelf,2,4584.81,0.05,8711.14,2100.71,24.115213393424973,8711.14,Credit Card
ORD10173,2024-07-04,2024,Jul,7,2024-07,CUST0219,Ravi Bose,West,Pune,Electronics,Wireless Mouse,Wireless Mouse,1,4677.64,0.0,4677.64,940.21,20.100093209396192,4677.64,UPI
ORD10811,2024-05-19,2024,May,5,2024-05,CUST0056,Isha Chatterjee,South,Hyderabad,Clothing,Women's Kurti,Women's Kurti,1,4506.86,0.1,4056.17,712.63,17.569036800725808,4056.17,UPI
ORD11262,2024-06-05,2024,Jun,6,2024-06,CUST0105,Arjun Das,North,Delhi,Home & Kitchen,LED Table Lamp,LED Table Lamp,1,2416.75,0.0,2416.75,1034.17,42.791765801179274,2416.75,UPI
ORD12003,2024-09-13,2024,Sep,9,2024-09,CUST0177,Aadhya Singh,West,Pune,Clothing,Formal Shirt,Formal Shirt,1,1477.42,0.1,1329.68,343.57,25.838547620480114,1329.68,UPI
ORD11023,2024-11-17,2024,Nov,11,2024-11,CUST0078,Aadhya Singh,East,Patna,Home & Kitchen,Mixer Grinder,Mixer Grinder,1,4246.55,0.0,4246.55,1791.65,42.190719525261684,4246.55,UPI
ORD11624,2024-09-01,2024,Sep,9,2024-09,CUST0036,Karan Mehta,North,Chandigarh,Clothing,Winter Jacket,Winter Jacket,1,2896.9,0.05,2752.06,1166.39,42.38243352252495,2752.06,Credit Card
ORD11839,2024-10-04,2024,Oct,10,2024-10,CUST0462,Aadhya Reddy,North,Chandigarh,Electronics,Wireless Mouse,Wireless Mouse,1,4677.64,0.05,4443.76,706.33,15.894872810412805,4443.76,Credit Card
ORD10548,2024-10-06,2024,Oct,10,2024-10,CUST0164,Rohan Kumar,North,Chandigarh,Furniture,Bed Side Table,Bed Side Table,1,5828.58,0.0,5828.58,998.88,17.137621856438447,5828.58,UPI
ORD10821,2024-08-04,2024,Aug,8,2024-08,CUST0397,Diya Kumar,West,Pune,Clothing,Men's T-Shirt,Men's T-Shirt,1,1052.59,0.05,999.96,293.92,29.39317572702908,999.96,Debit Card
ORD10442,2024-05-28,2024,May,5,2024-05,CUST0145,Nikhil Sharma,West,Pune,Electronics,Wireless Mouse,Wireless Mouse,2,4677.64,0.0,9355.28,1880.43,20.100200100905585,9355.28,UPI
ORD12110,2024-10-16,2024,Oct,10,2024-10,CUST0174,Arjun Rao,East,Patna,Home & Kitchen,Air Fryer,Air Fryer,2,1319.46,0.0,2638.92,1314.6,49.81583375017052,2638.92,UPI
ORD11341,2024-05-11,2024,May,5,2024-05,CUST0060,Rohan Mehta,North,Jaipur,Clothing,Formal Shirt,Formal Shirt,1,1477.42,0.2,1181.94,195.83,16.568522936866508,1181.94,Debit Card
ORD10100,2024-03-28,2024,Mar,3,2024-03,CUST0401,Arun Rao,West,Pune,Clothing,Denim Jeans,Denim Jeans,1,2056.08,0.0,2056.08,837.62,40.73868721061438,2056.08,UPI
ORD11310,2024-02-24,2024,Feb,2,2024-02,CUST0372,Vihaan Kapoor,South,Bengaluru,Home & Kitchen,Mixer Grinder,Mixer Grinder,2,4246.55,0.2,6794.48,1884.69,27.738546584874786,6794.48,Credit Card
ORD12117,2025-01-11,2025,Jan,1,2025-01,CUST0361,Ishaan Mehta,South,Bengaluru,Home & Kitchen,Air Fryer,Air Fryer,2,1319.46,0.1,2375.03,1050.71,44.23986223331916,2375.03,Net Banking
ORD11534,2024-10-05,2024,Oct,10,2024-10,CUST0245,Sneha Chatterjee,North,Jaipur,Home & Kitchen,Non-Stick Pan,Non-Stick Pan,1,2707.34,0.2,2165.87,248.61,11.478528258852103,2165.87,UPI
ORD10780,2024-07-29,2024,Jul,7,2024-07,CUST0475,Ananya Sharma,North,Delhi,Electronics,Portable SSD 1TB,Portable SSD 1TB,1,3916.61,0.05,3720.78,320.78,8.621310585414884,3720.78,Cash on Delivery
ORD11076,2024-04-07,2024,Apr,4,2024-04,CUST0125,Aarav Kapoor,North,Chandigarh,Home & Kitchen,Water Bottle,Water Bottle,2,5018.72,0.0,10037.44,2999.28,29.880925813753308,10037.44,Debit Card
ORD10072,2025-03-14,2025,Mar,3,2025-03,CUST0298,Divya Kapoor,South,Bengaluru,Electronics,Webcam HD,Webcam HD,1,2743.97,0.15,2332.37,244.48,10.482041871572692,2332.37,Debit Card
ORD10770,2024-06-05,2024,Jun,6,2024-06,CUST0095,Rohan Verma,East,Kolkata,Clothing,Men's T-Shirt,Men's T-Shirt,1,1052.59,0.0,1052.59,346.55,32.923550480243975,1052.59,UPI
ORD11224,2024-03-25,2024,Mar,3,2024-03,CUST0306,Neha Patel,North,Jaipur,Home & Kitchen,Non-Stick Pan,Non-Stick Pan,1,2707.34,0.0,2707.34,790.08,29.18288800076828,2707.34,Net Banking
ORD11245,2025-03-01,2025,Mar,3,2025-03,CUST0435,Krishna Kapoor,South,Chennai,Electronics,Wireless Mouse,Wireless Mouse,1,4677.64,0.05,4443.76,706.33,15.894872810412805,4443.76,Net Banking
ORD11078,2024-08-05,2024,Aug,8,2024-08,CUST0109,Nikhil Reddy,North,Jaipur,Home & Kitchen,Air Fryer,Air Fryer,2,1319.46,0.0,2638.92,1314.6,49.81583375017052,2638.92,Credit Card
ORD11049,2024-09-07,2024,Sep,9,2024-09,CUST0183,Isha Iyer,East,Bhubaneswar,Electronics,Bluetooth Speaker,Bluetooth Speaker,1,5172.8,0.05,4914.16,540.42,10.99719992837026,4914.16,Cash on Delivery
ORD10604,2025-02-18,2025,Feb,2,2025-02,CUST0014,Vivaan Iyer,East,Kolkata,Electronics,Smart Watch,Smart Watch,2,2319.17,0.0,4638.34,524.98,11.318273347792529,4638.34,Net Banking
ORD10876,2024-06-20,2024,Jun,6,2024-06,CUST0233,Aadhya Bose,South,Hyderabad,Clothing,Formal Shirt,Formal Shirt,2,1477.42,0.05,2807.1,834.88,29.741726336788858,2807.1,Net Banking
ORD11911,2024-07-06,2024,Jul,7,2024-07,CUST0056,Isha Chatterjee,North,Delhi,Clothing,Denim Jeans,Denim Jeans,1,2056.08,0.05,1953.28,734.82,37.61979849279162,1953.28,Credit Card
ORD11253,2024-12-23,2024,Dec,12,2024-12,CUST0170,Pooja Verma,North,Delhi,Home & Kitchen,LED Table Lamp,LED Table Lamp,2,2416.75,0.05,4591.82,1826.66,39.78074053425439,4591.82,UPI
ORD10638,2024-12-11,2024,Dec,12,2024-12,CUST0276,Nikhil Rao,West,Mumbai,Home & Kitchen,LED Table Lamp,LED Table Lamp,1,2416.75,0.05,2295.91,913.33,39.78074053425439,2295.91,Credit Card
ORD11228,2024-11-22,2024,Nov,11,2024-11,CUST0076,Ishaan Sharma,West,Mumbai,Electronics,Wireless Mouse,Wireless Mouse,1,4677.64,0.3,3274.35,-463.08,-14.14265426725915,3274.35,Credit Card
ORD10824,2024-05-14,2024,May,5,2024-05,CUST0086,Sanjay Nair,East,Patna,Furniture,Office Chair,Office Chair,1,3394.32,0.05,3224.6,974.97,30.235378031383743,3224.6,Credit Card
ORD10141,2025-02-23,2025,Feb,2,2025-02,CUST0111,Priya Nair,East,Kolkata,Electronics,Bluetooth Speaker,Bluetooth Speaker,1,5172.8,0.05,4914.16,540.42,10.99719992837026,4914.16,UPI
ORD11235,2024-06-26,2024,Jun,6,2024-06,CUST0328,Pooja Kumar,West,Ahmedabad,Electronics,Noise Cancelling Headphones,Noise Cancelling Headphones,1,899.46,0.05,854.49,133.96,15.677187562171587,854.49,Net Banking
ORD10201,2024-07-08,2024,Jul,7,2024-07,CUST0184,Ananya Das,South,Chennai,Stationery,Notebook Pack,Notebook Pack,1,4753.51,0.05,4515.83,2220.03,49.161062307482794,4515.83,Credit Card
ORD10669,2024-04-13,2024,Apr,4,2024-04,CUST0457,Neha Reddy,West,Mumbai,Home & Kitchen,Air Fryer,Air Fryer,1,1319.46,0.1,1187.51,525.35,44.2396274557688,1187.51,UPI
ORD10518,2024-09-04,2024,Sep,9,2024-09,CUST0468,Aditya Kumar,West,Ahmedabad,Electronics,Laptop Stand,Laptop Stand,2,4602.67,0.3,6443.74,-1486.58,-23.070142494886507,6443.74,Credit Card
ORD12169,2024-10-17,2024,Oct,10,2024-10,CUST0249,Krishna Nair,South,Hyderabad,Furniture,Sofa Cover,Sofa Cover,1,4703.54,0.2,3762.83,522.43,13.883964994432382,3762.83,Cash on Delivery
ORD10689,2024-05-13,2024,May,5,2024-05,CUST0247,Meera Patel,North,Jaipur,Furniture,Bookshelf,Bookshelf,2,4584.81,0.0,9169.62,2559.19,27.909444448079633,9169.62,Net Banking
ORD11195,2025-01-16,2025,Jan,1,2025-01,CUST0276,Nikhil Rao,South,Hyderabad,Electronics,Portable SSD 1TB,Portable SSD 1TB,1,3916.61,0.0,3916.61,516.61,13.190233390610759,3916.61,UPI
ORD11082,2024-11-17,2024,Nov,11,2024-11,CUST0051,Vihaan Singh,North,Chandigarh,Furniture,Sofa Cover,Sofa Cover,1,4703.54,0.1,4233.19,992.79,23.4525263453802,4233.19,UPI
ORD10916,2024-08-29,2024,Aug,8,2024-08,CUST0293,Vihaan Rao,North,Jaipur,Clothing,Denim Jeans,Denim Jeans,1,2056.08,0.15,1747.67,529.21,30.280888268380185,1747.67,Debit Card
ORD11902,2024-06-23,2024,Jun,6,2024-06,CUST0076,Ishaan Sharma,North,Jaipur,Furniture,Office Chair,Office Chair,3,3394.32,0.05,9673.81,2924.92,30.235450148390346,9673.81,UPI
ORD11560,2024-06-09,2024,Jun,6,2024-06,CUST0080,Vivaan Verma,West,Pune,Electronics,USB-C Charger,USB-C Charger,1,700.94,0.1,630.85,3.08,0.4882301656495205,630.85,Debit Card
ORD11390,2024-05-16,2024,May,5,2024-05,CUST0416,Aditya Nair,North,Jaipur,Stationery,Notebook Pack,Notebook Pack,1,4753.51,0.1,4278.16,1982.36,46.33674289881631,4278.16,UPI
ORD12012,2024-09-21,2024,Sep,9,2024-09,CUST0094,Rohan Das,North,Chandigarh,Electronics,Wireless Mouse,Wireless Mouse,1,4677.64,0.05,4443.76,706.33,15.894872810412805,4443.76,UPI
ORD11233,2024-08-12,2024,Aug,8,2024-08,CUST0298,Divya Kapoor,South,Hyderabad,Furniture,Bookshelf,Bookshelf,1,4584.81,0.15,3897.09,591.88,15.187742649002203,3897.09,Credit Card
ORD11555,2024-07-20,2024,Jul,7,2024-07,CUST0376,Isha Iyer,South,Chennai,Home & Kitchen,LED Table Lamp,LED Table Lamp,1,2416.75,0.0,2416.75,1034.17,42.791765801179274,2416.75,Debit Card
ORD10211,2024-12-30,2024,Dec,12,2024-12,CUST0067,Sai Reddy,East,Patna,Furniture,Bed Side Table,Bed Side Table,1,5828.58,0.0,5828.58,998.88,17.137621856438447,5828.58,Credit Card
ORD11783,2024-03-12,2024,Mar,3,2024-03,CUST0435,Krishna Kapoor,East,Kolkata,Clothing,Men's T-Shirt,Men's T-Shirt,1,1052.59,0.0,1052.59,346.55,32.923550480243975,1052.59,Net Banking
ORD12005,2025-03-13,2025,Mar,3,2025-03,CUST0467,Anika Kumar,South,Chennai,Stationery,Sticky Notes,Sticky Notes,2,2834.66,0.1,5102.39,2473.25,48.47238255013826,5102.39,Cash on Delivery
ORD11075,2024-05-22,2024,May,5,2024-05,CUST0221,Kavya Sharma,West,Ahmedabad,Stationery,Gel Pen Set,Gel Pen Set,2,4275.22,0.0,8550.44,4222.67,49.38541174489266,8550.44,UPI
ORD11796,2024-02-23,2024,Feb,2,2024-02,CUST0462,Aadhya Reddy,North,Delhi,Home & Kitchen,Air Fryer,Air Fryer,1,1319.46,0.0,1319.46,657.3,49.81583375017052,1319.46,UPI
ORD11668,2024-10-04,2024,Oct,10,2024-10,CUST0095,Rohan Verma,North,Delhi,Furniture,Bed Side Table,Bed Side Table,1,5828.58,0.15,4954.29,124.59,2.514790212119194,4954.29,Credit Card
ORD11684,2025-03-11,2025,Mar,3,2025-03,CUST0328,Pooja Kumar,South,Chennai,Furniture,Bed Side Table,Bed Side Table,2,5828.58,0.05,11074.3,1414.89,12.77633800781991,11074.3,Debit Card
ORD11188,2025-03-20,2025,Mar,3,2025-03,CUST0154,Pooja Kapoor,North,Jaipur,Electronics,Laptop Stand,Laptop Stand,1,4602.67,0.1,4142.4,177.24,4.278679026651218,4142.4,UPI
ORD12078,2024-11-23,2024,Nov,11,2024-11,CUST0233,Aadhya Bose,East,Bhubaneswar,Home & Kitchen,Air Fryer,Air Fryer,1,1319.46,0.15,1121.54,459.38,40.95975176988783,1121.54,Credit Card
ORD11120,2024-04-05,2024,Apr,4,2024-04,CUST0094,Rohan Das,North,Jaipur,Clothing,Women's Kurti,Women's Kurti,1,4506.86,0.05,4281.52,937.98,21.907640277284703,4281.52,Cash on Delivery
ORD10341,2024-11-29,2024,Nov,11,2024-11,CUST0014,Vivaan Iyer,South,Bengaluru,Home & Kitchen,Air Fryer,Air Fryer,2,1319.46,0.05,2506.97,1182.65,47.174477556572285,2506.97,UPI
ORD11388,2024-10-20,2024,Oct,10,2024-10,CUST0389,Unknown Customer,South,Chennai,Clothing,Winter Jacket,Winter Jacket,1,2896.9,0.05,2752.06,1166.39,42.38243352252495,2752.06,Credit Card
ORD11407,2024-08-24,2024,Aug,8,2024-08,CUST0305,Myra Mehta,South,Hyderabad,Furniture,Bookshelf,Bookshelf,3,4584.81,0.05,13066.71,3151.07,24.115251658604198,13066.71,UPI
ORD11086,2024-07-10,2024,Jul,7,2024-07,CUST0298,Divya Kapoor,West,Ahmedabad,Clothing,Running Shoes,Running Shoes,1,910.04,0.1,819.04,255.79,31.230464934557535,819.04,Debit Card
ORD11772,2025-01-27,2025,Jan,1,2025-01,CUST0301,Arjun Bose,East,Patna,Electronics,Webcam HD,Webcam HD,1,2743.97,0.15,2332.37,244.48,10.482041871572692,2332.37,Credit Card
ORD11065,2024-11-24,2024,Nov,11,2024-11,CUST0060,Rohan Mehta,West,Pune,Stationery,Notebook Pack,Notebook Pack,1,4753.51,0.1,4278.16,1982.36,46.33674289881631,4278.16,Debit Card
ORD11553,2024-06-27,2024,Jun,6,2024-06,CUST0220,Meera Chatterjee,North,Jaipur,Home & Kitchen,Water Bottle,Water Bottle,1,5018.72,0.05,4767.78,1248.7,26.19038630138136,4767.78,Cash on Delivery
ORD10804,2024-07-25,2024,Jul,7,2024-07,CUST0167,Myra Sharma,East,Patna,Home & Kitchen,Mixer Grinder,Mixer Grinder,1,4246.55,0.0,4246.55,1791.65,42.190719525261684,4246.55,Credit Card
ORD12153,2024-11-14,2024,Nov,11,2024-11,CUST0236,Sanjay Bose,South,Bengaluru,Electronics,Noise Cancelling Headphones,Noise Cancelling Headphones,1,899.46,0.0,899.46,178.93,19.893046939274676,899.46,UPI
ORD10766,2024-06-20,2024,Jun,6,2024-06,CUST0051,Vihaan Singh,East,Bhubaneswar,Electronics,USB-C Charger,USB-C Charger,1,700.94,0.0,630.85,3.08,0.4882301656495205,630.85,Credit Card
ORD11794,2025-03-29,2025,Mar,3,2025-03,CUST0174,Arjun Rao,North,Jaipur,Electronics,Wireless Mouse,Wireless Mouse,1,4677.64,0.05,4443.76,706.33,15.894872810412805,4443.76,Debit Card
ORD12191,2024-03-30,2024,Mar,3,2024-03,CUST0290,Vivaan Verma,West,Pune,Electronics,Wireless Mouse,Wireless Mouse,1,4677.64,0.0,4677.64,940.21,20.100093209396192,4677.64,UPI
ORD11877,2024-08-31,2024,Aug,8,2024-08,CUST0475,Ananya Sharma,North,Chandigarh,Electronics,Wireless Mouse,Wireless Mouse,1,4677.64,0.05,4443.76,706.33,15.894872810412805,4443.76,Net Banking
ORD10469,2024-06-23,2024,Jun,6,2024-06,CUST0339,Sneha Singh,North,Chandigarh,Stationery,Sticky Notes,Sticky Notes,1,2834.66,0.3,1984.26,669.69,33.75011339239818,1984.26,Debit Card
ORD11258,2024-09-30,2024,Sep,9,2024-09,CUST0403,Krishna Kumar,North,Chandigarh,Stationery,Desk Organizer,Desk Organizer,1,967.81,0.0,967.81,606.91,62.70962275653279,967.81,Credit Card
ORD10880,2025-03-01,2025,Mar,3,2025-03,CUST0419,Aadhya Mehta,North,Delhi,Electronics,Laptop Stand,Laptop Stand,1,4602.67,0.1,4142.4,177.24,4.278679026651218,4142.4,Credit Card
ORD10378,2024-11-28,2024,Nov,11,2024-11,CUST0145,Nikhil Sharma,East,Bhubaneswar,Electronics,Portable SSD 1TB,Portable SSD 1TB,1,3916.61,0.1,3524.95,124.95,3.544731130938028,3524.95,Cash on Delivery
ORD10979,2024-01-18,2024,Jan,1,2024-01,CUST0232,Vihaan Sharma,North,Jaipur,Clothing,Formal Shirt,Formal Shirt,2,1477.42,0.1,2659.36,687.14,25.838547620480114,2659.36,Net Banking
ORD12179,2024-08-17,2024,Aug,8,2024-08,CUST0109,Nikhil Reddy,South,Chennai,Stationery,Sticky Notes,Sticky Notes,1,2834.66,0.05,2692.93,1378.36,51.1843976635115,2692.93,Net Banking
ORD12164,2025-01-04,2025,Jan,1,2025-01,CUST0016,Pooja Nair,North,Chandigarh,Stationery,Gel Pen Set,Gel Pen Set,1,4275.22,0.05,4061.46,1897.58,46.72162227376362,4061.46,UPI
ORD10468,2024-03-11,2024,Mar,3,2024-03,CUST0415,Nikhil Nair,East,Kolkata,Stationery,Gel Pen Set,Gel Pen Set,2,4275.22,0.15,7267.87,2940.1,40.45339280972279,7267.87,Net Banking
ORD10279,2024-10-10,2024,Oct,10,2024-10,CUST0078,Aadhya Singh,East,Kolkata,Home & Kitchen,Storage Containers Set,Storage Containers Set,1,4142.6,0.15,3521.21,1305.18,37.06623575418677,3521.21,Debit Card
ORD11399,2024-03-05,2024,Mar,3,2024-03,CUST0079,Myra Kapoor,South,Bengaluru,Electronics,Smart Watch,Smart Watch,1,2319.17,0.0,2319.17,262.49,11.318273347792529,2319.17,Net Banking
ORD10375,2025-02-15,2025,Feb,2,2025-02,CUST0392,Reyansh Bose,North,Delhi,Furniture,Study Table,Study Table,1,4991.64,0.0,4991.64,1116.47,22.36679728506062,4991.64,Net Banking
ORD11980,2024-02-08,2024,Feb,2,2024-02,CUST0413,Vihaan Verma,North,Delhi,Furniture,Sofa Cover,Sofa Cover,1,4703.54,0.0,4703.54,1463.14,31.107208613087167,4703.54,Credit Card
ORD11482,2024-05-24,2024,May,5,2024-05,CUST0287,Divya Kumar,West,Pune,Electronics,Wireless Mouse,Wireless Mouse,1,4677.64,0.0,4677.64,940.21,20.100093209396192,4677.64,Credit Card
ORD10670,2024-03-17,2024,Mar,3,2024-03,CUST0078,Aadhya Singh,South,Hyderabad,Clothing,Running Shoes,Running Shoes,2,910.04,0.1,1638.07,511.57,31.230045114067167,1638.07,UPI
ORD10475,2024-12-16,2024,Dec,12,2024-12,CUST0355,Pooja Sharma,West,Pune,Electronics,Laptop Stand,Laptop Stand,1,4602.67,0.1,4142.4,177.24,4.278679026651218,4142.4,UPI
ORD11150,2024-10-14,2024,Oct,10,2024-10,CUST0042,Myra Joshi,West,Ahmedabad,Electronics,Portable SSD 1TB,Portable SSD 1TB,1,3916.61,0.15,3329.12,-70.88,-2.129091171240448,3329.12,Credit Card
ORD11776,2025-03-02,2025,Mar,3,2025-03,CUST0442,Kavya Bose,West,Mumbai,Clothing,Women's Kurti,Women's Kurti,1,4506.86,0.15,3830.83,487.29,12.720219900126084,3830.83,Credit Card
ORD10230,2025-02-22,2025,Feb,2,2025-02,CUST0217,Sanjay Reddy,North,Delhi,Electronics,USB-C Charger,USB-C Charger,1,700.94,0.1,630.85,3.08,0.4882301656495205,630.85,Cash on Delivery
ORD11348,2024-10-31,2024,Oct,10,2024-10,CUST0097,Vihaan Nair,North,Delhi,Electronics,USB-C Charger,USB-C Charger,4,700.94,0.0,2803.76,292.68,10.438839272976288,2803.76,Debit Card
ORD10471,2024-10-04,2024,Oct,10,2024-10,CUST0354,Karan Bose,West,Mumbai,Electronics,Webcam HD,Webcam HD,1,2743.97,0.0,2743.97,656.08,23.90988239667344,2743.97,UPI
ORD10971,2024-06-03,2024,Jun,6,2024-06,CUST0017,Divya Nair,North,Jaipur,Furniture,Office Chair,Office Chair,2,3394.32,0.2,5430.91,931.65,17.154583670139996,5430.91,UPI
ORD10184,2024-11-19,2024,Nov,11,2024-11,CUST0298,Divya Kapoor,East,Kolkata,Electronics,Bluetooth Speaker,Bluetooth Speaker,1,5172.8,0.15,4396.88,23.14,0.526282272884409,4396.88,Credit Card
ORD10695,2024-02-03,2024,Feb,2,2024-02,CUST0172,Ravi Patel,South,Chennai,Furniture,Study Table,Study Table,1,4991.64,0.0,4991.64,1116.47,22.36679728506062,4991.64,Credit Card
ORD11596,2024-02-14,2024,Feb,2,2024-02,CUST0390,Aditya Rao,North,Delhi,Furniture,Bed Side Table,Bed Side Table,2,5828.58,0.0,10491.44,832.03,7.930560533158459,10491.44,Credit Card
ORD10118,2024-02-03,2024,Feb,2,2024-02,CUST0022,Aadhya Patel,North,Jaipur,Electronics,USB-C Charger,USB-C Charger,1,700.94,0.0,700.94,73.17,10.438839272976288,700.94,Credit Card
ORD11959,2024-01-26,2024,Jan,1,2024-01,CUST0467,Anika Kumar,East,Kolkata,Stationery,Gel Pen Set,Gel Pen Set,1,4275.22,0.3,2992.65,828.77,27.69351578032847,2992.65,Credit Card
ORD11906,2024-03-20,2024,Mar,3,2024-03,CUST0023,Aadhya Chatterjee,West,Pune,Electronics,Bluetooth Speaker,Bluetooth Speaker,1,5172.8,0.0,5172.8,799.06,15.447339931951745,5172.8,Net Banking
ORD11330,2024-09-08,2024,Sep,9,2024-09,CUST0366,Sneha Kapoor,West,Ahmedabad,Furniture,Recliner Chair,Recliner Chair,1,2880.32,0.0,2880.32,982.88,34.123986223752915,2880.32,UPI
ORD12186,2025-03-27,2025,Mar,3,2025-03,CUST0299,Anika Singh,West,Ahmedabad,Clothing,Running Shoes,Running Shoes,1,910.04,0.0,910.04,346.79,38.107116170717774,910.04,Credit Card
ORD11126,2024-07-24,2024,Jul,7,2024-07,CUST0477,Ravi Das,North,Jaipur,Home & Kitchen,LED Table Lamp,LED Table Lamp,1,2416.75,0.05,2295.91,913.33,39.78074053425439,2295.91,UPI
ORD10921,2025-03-22,2025,Mar,3,2025-03,CUST0463,Neha Gupta,South,Bengaluru,Electronics,Noise Cancelling Headphones,Noise Cancelling Headphones,1,899.46,0.0,899.46,178.93,19.893046939274676,899.46,Credit Card
ORD11603,2024-11-14,2024,Nov,11,2024-11,CUST0270,Aditya Nair,East,Kolkata,Electronics,Bluetooth Speaker,Bluetooth Speaker,3,5172.8,0.0,15518.4,2397.19,15.4474043715847,15518.4,Cash on Delivery
ORD11716,2025-01-04,2025,Jan,1,2025-01,CUST0339,Sneha Singh,East,Kolkata,Clothing,Running Shoes,Running Shoes,2,910.04,0.1,1638.07,511.57,31.230045114067167,1638.07,Debit Card
ORD11853,2024-02-11,2024,Feb,2,2024-02,CUST0174,Arjun Rao,West,Pune,Electronics,USB-C Charger,USB-C Charger,1,700.94,0.1,630.85,3.08,0.4882301656495205,630.85,Net Banking
ORD10071,2024-12-19,2024,Dec,12,2024-12,CUST0245,Sneha Chatterjee,North,Jaipur,Home & Kitchen,Water Bottle,Water Bottle,2,5018.72,0.2,8029.95,991.79,12.351135436708821,8029.95,Cash on Delivery
ORD11209,2024-10-31,2024,Oct,10,2024-10,CUST0377,Unknown Customer,North,Chandigarh,Furniture,Bookshelf,Bookshelf,1,4584.81,0.05,4355.57,1050.36,24.115328188962636,4355.57,Debit Card
ORD10579,2024-07-14,2024,Jul,7,2024-07,CUST0054,Sanjay Rao,South,Hyderabad,Home & Kitchen,Mixer Grinder,Mixer Grinder,1,4246.55,0.0,4246.55,1791.65,42.190719525261684,4246.55,UPI
ORD10735,2025-03-15,2025,Mar,3,2025-03,CUST0212,Sai Gupta,East,Patna,Home & Kitchen,Non-Stick Pan,Non-Stick Pan,1,2707.34,0.1,2436.61,519.35,21.314449173236586,2436.61,Debit Card
ORD10010,2024-01-15,2024,Jan,1,2024-01,CUST0340,Rohan Singh,East,Bhubaneswar,Furniture,Study Table,Study Table,1,4991.64,0.0,4991.64,1116.47,22.36679728506062,4991.64,UPI
ORD11858,2024-11-24,2024,Nov,11,2024-11,CUST0284,Aadhya Rao,North,Jaipur,Electronics,Wireless Mouse,Wireless Mouse,2,4677.64,0.0,9355.28,1880.43,20.100200100905585,9355.28,UPI
ORD11521,2024-04-06,2024,Apr,4,2024-04,CUST0277,Priya Verma,South,Chennai,Stationery,Notebook Pack,Notebook Pack,2,4753.51,0.15,8080.97,3489.36,43.179964781455695,8080.97,Credit Card
ORD10128,2025-03-03,2025,Mar,3,2025-03,CUST0336,Aditya Singh,South,Chennai,Electronics,Bluetooth Speaker,Bluetooth Speaker,4,5172.8,0.05,19656.64,2161.69,10.997250801764697,19656.64,Net Banking
ORD11533,2024-02-17,2024,Feb,2,2024-02,CUST0379,Kavya Joshi,South,Chennai,Electronics,Laptop Stand,Laptop Stand,1,4602.67,0.15,3912.27,-52.89,-1.3519005590104978,3912.27,Credit Card
ORD10285,2024-10-07,2024,Oct,10,2024-10,CUST0069,Karan Verma,South,Bengaluru,Clothing,Formal Shirt,Formal Shirt,1,1477.42,0.05,1403.55,417.44,29.741726336788858,1403.55,Net Banking
ORD11691,2025-03-29,2025,Mar,3,2025-03,CUST0181,Ishaan Chatterjee,North,Chandigarh,Furniture,Study Table,Study Table,2,4991.64,0.1,8984.95,1234.6,13.74075537426474,8984.95,UPI
ORD11304,2025-02-27,2025,Feb,2,2025-02,CUST0375,Isha Sharma,North,Jaipur,Home & Kitchen,LED Table Lamp,LED Table Lamp,3,2416.75,0.0,7250.25,3102.51,42.791765801179274,7250.25,Credit Card
ORD10848,2024-09-14,2024,Sep,9,2024-09,CUST0162,Vihaan Singh,West,Mumbai,Electronics,Laptop Stand,Laptop Stand,2,4602.67,0.0,9205.34,1275.02,13.850873514720801,9205.34,Credit Card
ORD10928,2024-05-04,2024,May,5,2024-05,CUST0261,Karan Bose,East,Bhubaneswar,Home & Kitchen,Water Bottle,Water Bottle,2,5018.72,0.0,10037.44,2999.28,29.880925813753308,10037.44,UPI
ORD10126,2024-04-13,2024,Apr,4,2024-04,CUST0111,Priya Nair,East,Patna,Electronics,USB-C Charger,USB-C Charger,2,700.94,0.0,1401.88,146.34,10.438839272976288,1401.88,UPI
ORD11867,2024-12-06,2024,Dec,12,2024-12,CUST0233,Aadhya Bose,East,Patna,Furniture,Bookshelf,Bookshelf,1,4584.81,0.1,4126.33,821.12,19.89952330521311,4126.33,Cash on Delivery
ORD10640,2024-12-18,2024,Dec,12,2024-12,CUST0073,Sneha Rao,North,Delhi,Electronics,USB-C Charger,USB-C Charger,1,700.94,0.0,700.94,73.17,10.438839272976288,700.94,UPI
ORD11491,2024-11-20,2024,Nov,11,2024-11,CUST0259,Krishna Nair,South,Hyderabad,Electronics,USB-C Charger,USB-C Charger,1,700.94,0.0,700.94,73.17,10.438839272976288,700.94,Credit Card
ORD10718,2024-08-21,2024,Aug,8,2024-08,CUST0163,Anika Mehta,North,Jaipur,Furniture,Office Chair,Office Chair,1,3394.32,0.0,3394.32,1144.69,33.72369134318509,3394.32,Credit Card
ORD11513,2025-01-12,2025,Jan,1,2025-01,CUST0221,Kavya Sharma,East,Patna,Home & Kitchen,LED Table Lamp,LED Table Lamp,1,2416.75,0.0,2295.91,913.33,39.78074053425439,2295.91,Net Banking
ORD10038,2024-01-28,2024,Jan,1,2024-01,CUST0247,Meera Patel,East,Patna,Furniture,Bed Side Table,Bed Side Table,1,5828.58,0.0,5828.58,998.88,17.137621856438447,5828.58,Cash on Delivery
ORD10597,2024-11-12,2024,Nov,11,2024-11,CUST0037,Saanvi Reddy,North,Jaipur,Electronics,Bluetooth Speaker,Bluetooth Speaker,1,5172.8,0.0,5172.8,799.06,15.447339931951745,5172.8,Debit Card
ORD10309,2024-10-10,2024,Oct,10,2024-10,CUST0318,Kavya Singh,North,Jaipur,Electronics,Portable SSD 1TB,Portable SSD 1TB,1,3916.61,0.1,3524.95,124.95,3.544731130938028,3524.95,UPI
ORD11736,2025-03-01,2025,Mar,3,2025-03,CUST0227,Ishaan Sharma,East,Kolkata,Furniture,Sofa Cover,Sofa Cover,1,4703.54,0.0,4703.54,1463.14,31.107208613087167,4703.54,UPI
ORD10661,2024-08-23,2024,Aug,8,2024-08,CUST0427,Myra Singh,South,Chennai,Home & Kitchen,Non-Stick Pan,Non-Stick Pan,1,2707.34,0.05,2571.97,654.71,25.455584629680754,2571.97,Credit Card
ORD11472,2025-03-01,2025,Mar,3,2025-03,CUST0158,Isha Verma,East,Bhubaneswar,Electronics,Wireless Mouse,Wireless Mouse,1,4677.64,0.0,4677.64,940.21,20.100093209396192,4677.64,UPI
ORD12139,2024-04-18,2024,Apr,4,2024-04,CUST0376,Isha Iyer,East,Kolkata,Electronics,Noise Cancelling Headphones,Noise Cancelling Headphones,1,899.46,0.15,764.54,44.01,5.756402542705417,764.54,UPI
ORD10109,2024-09-27,2024,Sep,9,2024-09,CUST0046,Krishna Joshi,West,Ahmedabad,Electronics,Webcam HD,Webcam HD,1,2743.97,0.1,2469.57,381.68,15.455322181594367,2469.57,Debit Card
ORD12149,2025-02-14,2025,Feb,2,2025-02,CUST0068,Priya Gupta,East,Patna,Stationery,Desk Organizer,Desk Organizer,2,967.81,0.0,1935.62,1213.82,62.70962275653279,1935.62,Debit Card
ORD11528,2024-02-15,2024,Feb,2,2024-02,CUST0052,Neha Iyer,West,Pune,Clothing,Running Shoes,Running Shoes,2,910.04,0.15,1547.07,420.57,27.184936686769184,1547.07,Debit Card
ORD11875,2024-04-14,2024,Apr,4,2024-04,CUST0001,Isha Mehta,South,Chennai,Home & Kitchen,LED Table Lamp,LED Table Lamp,1,2416.75,0.0,2416.75,1034.17,42.791765801179274,2416.75,Cash on Delivery
ORD10364,2024-12-28,2024,Dec,12,2024-12,CUST0060,Rohan Mehta,North,Chandigarh,Clothing,Men's T-Shirt,Men's T-Shirt,2,1052.59,0.2,1684.14,272.06,16.154238958756398,1684.14,UPI
ORD11107,2024-05-24,2024,May,5,2024-05,CUST0107,Unknown Customer,East,Bhubaneswar,Furniture,Office Chair,Office Chair,1,3394.32,0.0,3394.32,1144.69,33.72369134318509,3394.32,Debit Card
ORD10987,2024-07-28,2024,Jul,7,2024-07,CUST0008,Meera Nair,South,Chennai,Electronics,Noise Cancelling Headphones,Noise Cancelling Headphones,1,899.46,0.1,809.51,88.98,10.991834566589667,809.51,Credit Card
ORD11096,2024-02-13,2024,Feb,2,2024-02,CUST0227,Ishaan Sharma,East,Patna,Electronics,Webcam HD,Webcam HD,3,2743.97,0.1,7408.72,1145.04,15.455301320605988,7408.72,UPI
ORD10652,2024-12-06,2024,Dec,12,2024-12,CUST0426,Ishaan Patel,South,Bengaluru,Electronics,Smart Watch,Smart Watch,1,2319.17,0.1,2087.25,30.57,1.4646065397053538,2087.25,Net Banking
ORD10654,2025-03-12,2025,Mar,3,2025-03,CUST0299,Anika Singh,West,Pune,Stationery,Desk Organizer,Desk Organizer,1,967.81,0.0,967.81,606.91,62.70962275653279,967.81,UPI
ORD10300,2024-09-21,2024,Sep,9,2024-09,CUST0235,Pooja Chatterjee,South,Bengaluru,Home & Kitchen,LED Table Lamp,LED Table Lamp,1,2416.75,0.0,2416.75,1034.17,42.791765801179274,2416.75,Credit Card
ORD10189,2024-09-15,2024,Sep,9,2024-09,CUST0442,Kavya Bose,North,Chandigarh,Furniture,Office Chair,Office Chair,3,3394.32,0.05,9673.81,2924.92,30.235450148390346,9673.81,UPI
ORD10480,2024-08-25,2024,Aug,8,2024-08,CUST0339,Sneha Singh,North,Jaipur,Home & Kitchen,Mixer Grinder,Mixer Grinder,1,4246.55,0.15,3609.57,1154.67,31.989128899010133,3609.57,Credit Card
ORD12122,2024-03-07,2024,Mar,3,2024-03,CUST0362,Divya Sharma,North,Jaipur,Furniture,Bookshelf,Bookshelf,2,4584.81,0.0,9169.62,2559.19,27.909444448079633,9169.62,Credit Card
ORD10021,2024-08-04,2024,Aug,8,2024-08,CUST0277,Priya Verma,North,Delhi,Clothing,Men's T-Shirt,Men's T-Shirt,1,1052.59,0.0,1052.59,346.55,32.923550480243975,1052.59,Debit Card
ORD11420,2024-05-28,2024,May,5,2024-05,CUST0232,Vihaan Sharma,South,Chennai,Home & Kitchen,Air Fryer,Air Fryer,1,1319.46,0.0,1319.46,657.3,49.81583375017052,1319.46,Cash on Delivery
ORD11950,2025-03-07,2025,Mar,3,2025-03,CUST0095,Rohan Verma,East,Patna,Clothing,Running Shoes,Running Shoes,1,910.04,0.0,910.04,346.79,38.107116170717774,910.04,UPI
ORD10466,2024-10-24,2024,Oct,10,2024-10,CUST0226,Nikhil Patel,North,Chandigarh,Home & Kitchen,Mixer Grinder,Mixer Grinder,2,4246.55,0.15,7219.14,2309.35,31.989267419664948,7219.14,UPI
ORD10432,2024-03-11,2024,Mar,3,2024-03,CUST0407,Krishna Mehta,North,Delhi,Stationery,Sticky Notes,Sticky Notes,1,2834.66,0.15,2409.46,1094.89,45.44130220049306,2409.46,UPI
ORD10946,2025-03-07,2025,Mar,3,2025-03,CUST0078,Aadhya Singh,South,Chennai,Home & Kitchen,LED Table Lamp,LED Table Lamp,1,2416.75,0.0,2416.75,1034.17,42.791765801179274,2416.75,UPI
ORD12194,2025-03-16,2025,Mar,3,2025-03,CUST0298,Divya Kapoor,East,Bhubaneswar,Furniture,Office Chair,Office Chair,1,3394.32,0.0,3394.32,1144.69,33.72369134318509,3394.32,Net Banking
ORD11314,2024-02-14,2024,Feb,2,2024-02,CUST0145,Nikhil Sharma,West,Mumbai,Furniture,Study Table,Study Table,1,4991.64,0.1,4492.48,617.31,13.74096267540423,4492.48,Net Banking
ORD11383,2024-05-28,2024,May,5,2024-05,CUST0462,Aadhya Reddy,East,Patna,Clothing,Men's T-Shirt,Men's T-Shirt,4,1052.59,0.15,3578.81,754.66,21.086897600040235,3578.81,UPI
ORD10351,2025-03-21,2025,Mar,3,2025-03,CUST0069,Karan Verma,North,Chandigarh,Clothing,Formal Shirt,Formal Shirt,1,1477.42,0.05,1403.55,417.44,29.741726336788858,1403.55,Credit Card
ORD11835,2024-09-26,2024,Sep,9,2024-09,CUST0087,Nikhil Reddy,North,Delhi,Furniture,Recliner Chair,Recliner Chair,1,2880.32,0.1,2592.29,694.85,26.804485609248967,2592.29,UPI
ORD11321,2024-07-12,2024,Jul,7,2024-07,CUST0426,Ishaan Patel,South,Chennai,Clothing,Formal Shirt,Formal Shirt,1,1477.42,0.1,1329.68,343.57,25.838547620480114,1329.68,Net Banking
ORD12142,2024-04-27,2024,Apr,4,2024-04,CUST0034,Arjun Patel,South,Hyderabad,Electronics,Wireless Mouse,Wireless Mouse,2,4677.64,0.1,8419.75,944.9,11.222423468630303,8419.75,UPI
ORD11088,2024-11-12,2024,Nov,11,2024-11,CUST0110,Reyansh Kumar,East,Kolkata,Electronics,Noise Cancelling Headphones,Noise Cancelling Headphones,1,899.46,0.0,899.46,178.93,19.893046939274676,899.46,UPI
ORD12081,2024-08-29,2024,Aug,8,2024-08,CUST0301,Arjun Bose,North,Delhi,Electronics,Bluetooth Speaker,Bluetooth Speaker,2,5172.8,0.15,8793.76,46.28,0.526282272884409,8793.76,Debit Card
ORD11510,2025-02-18,2025,Feb,2,2025-02,CUST0420,Sneha Patel,North,Delhi,Home & Kitchen,Air Fryer,Air Fryer,1,1319.46,0.1,1187.51,525.35,44.2396274557688,1187.51,UPI
ORD11197,2024-09-27,2024,Sep,9,2024-09,CUST0172,Ravi Patel,East,Patna,Home & Kitchen,Non-Stick Pan,Non-Stick Pan,1,2707.34,0.05,2571.97,654.71,25.455584629680754,2571.97,Credit Card
ORD11355,2024-02-11,2024,Feb,2,2024-02,CUST0085,Kavya Singh,East,Patna,Electronics,Noise Cancelling Headphones,Noise Cancelling Headphones,1,899.46,0.05,854.49,133.96,15.677187562171587,854.49,UPI
ORD10354,2024-05-22,2024,May,5,2024-05,CUST0376,Isha Iyer,South,Bengaluru,Electronics,Bluetooth Speaker,Bluetooth Speaker,1,5172.8,0.15,4396.88,23.14,0.526282272884409,4396.88,Credit Card
ORD10368,2024-05-09,2024,May,5,2024-05,CUST0076,Ishaan Sharma,West,Ahmedabad,Home & Kitchen,Mixer Grinder,Mixer Grinder,1,4246.55,0.05,4034.22,1579.32,39.14808810625102,4034.22,Debit Card
ORD10831,2024-12-31,2024,Dec,12,2024-12,CUST0344,Kavya Verma,North,Delhi,Home & Kitchen,Air Fryer,Air Fryer,1,1319.46,0.15,1121.54,459.38,40.95975176988783,1121.54,Credit Card
ORD10191,2024-12-09,2024,Dec,12,2024-12,CUST0062,Aditya Mehta,North,Jaipur,Clothing,Men's T-Shirt,Men's T-Shirt,1,1052.59,0.0,1052.59,346.55,32.923550480243975,1052.59,UPI
ORD10514,2024-09-21,2024,Sep,9,2024-09,CUST0350,Priya Kumar,South,Bengaluru,Home & Kitchen,LED Table Lamp,LED Table Lamp,1,2416.75,0.05,2295.91,913.33,39.78074053425439,2295.91,Debit Card
ORD11496,2024-11-03,2024,Nov,11,2024-11,CUST0361,Ishaan Mehta,East,Patna,Electronics,Wireless Mouse,Wireless Mouse,1,4677.64,0.0,4677.64,940.21,20.100093209396192,4677.64,UPI
ORD10463,2024-05-13,2024,May,5,2024-05,CUST0049,Aditya Verma,South,Hyderabad,Electronics,Laptop Stand,Laptop Stand,1,4602.67,0.0,4602.67,637.51,13.850873514720801,4602.67,Credit Card
ORD10387,2024-03-06,2024,Mar,3,2024-03,CUST0467,Anika Kumar,North,Chandigarh,Home & Kitchen,Water Bottle,Water Bottle,1,5018.72,0.1,4516.85,997.77,22.089952068366227,4516.85,Credit Card
ORD12184,2024-10-02,2024,Oct,10,2024-10,CUST0374,Sanjay Chatterjee,South,Bengaluru,Home & Kitchen,Storage Containers Set,Storage Containers Set,1,4142.6,0.0,4142.6,1926.57,46.50630039105875,4142.6,Credit Card
ORD11658,2024-12-15,2024,Dec,12,2024-12,CUST0167,Myra Sharma,South,Bengaluru,Electronics,Webcam HD,Webcam HD,2,2743.97,0.0,5487.94,1312.15,23.909700178937822,5487.94,Credit Card
ORD12016,2025-01-28,2025,Jan,1,2025-01,CUST0071,Meera Gupta,West,Mumbai,Electronics,Smart Watch,Smart Watch,2,2319.17,0.15,3942.59,-170.77,-4.331416657577887,3942.59,UPI
ORD10143,2024-11-14,2024,Nov,11,2024-11,CUST0125,Aarav Kapoor,West,Mumbai,Electronics,Webcam HD,Webcam HD,2,2743.97,0.0,5487.94,1312.15,23.909700178937822,5487.94,Credit Card
ORD11222,2024-09-30,2024,Sep,9,2024-09,CUST0135,Unknown Customer,North,Jaipur,Furniture,Bookshelf,Bookshelf,2,4584.81,0.0,9169.62,2559.19,27.909444448079633,9169.62,UPI
ORD10362,2024-01-10,2024,Jan,1,2024-01,CUST0389,Anika Sharma,South,Hyderabad,Clothing,Running Shoes,Running Shoes,1,910.04,0.05,864.54,301.29,34.84974668609897,864.54,Credit Card
ORD11443,2024-05-12,2024,May,5,2024-05,CUST0444,Pooja Das,South,Hyderabad,Electronics,Laptop Stand,Laptop Stand,2,4602.67,0.3,6443.74,-1486.58,-23.070142494886507,6443.74,Net Banking
ORD11068,2024-08-15,2024,Aug,8,2024-08,CUST0246,Pooja Singh,West,Ahmedabad,Clothing,Formal Shirt,Formal Shirt,4,1477.42,0.15,5023.23,1078.79,21.476022399929924,5023.23,UPI
ORD10956,2024-11-15,2024,Nov,11,2024-11,CUST0458,Vivaan Joshi,North,Chandigarh,Electronics,Bluetooth Speaker,Bluetooth Speaker,2,5172.8,0.15,8793.76,46.28,0.526282272884409,8793.76,Credit Card
ORD11361,2024-11-29,2024,Nov,11,2024-11,CUST0040,Ananya Kumar,South,Chennai,Electronics,Wireless Mouse,Wireless Mouse,1,4677.64,0.0,4677.64,940.21,20.100093209396192,4677.64,Cash on Delivery
ORD11344,2025-01-15,2025,Jan,1,2025-01,CUST0247,Meera Patel,North,Jaipur,Furniture,Bookshelf,Bookshelf,1,4584.81,0.15,3897.09,591.88,15.187742649002203,3897.09,UPI
ORD10624,2024-03-02,2024,Mar,3,2024-03,CUST0333,Myra Rao,West,Ahmedabad,Electronics,Laptop Stand,Laptop Stand,2,4602.67,0.05,8745.07,814.75,9.316677853922267,8745.07,Debit Card
ORD10580,2024-11-24,2024,Nov,11,2024-11,CUST0035,Krishna Nair,West,Pune,Electronics,Bluetooth Speaker,Bluetooth Speaker,1,5172.8,0.0,5172.8,799.06,15.447339931951745,5172.8,UPI
ORD10186,2025-01-19,2025,Jan,1,2025-01,CUST0172,Ravi Patel,East,Patna,Electronics,Smart Watch,Smart Watch,1,2319.17,0.0,2319.17,262.49,11.318273347792529,2319.17,Credit Card
ORD11349,2024-03-15,2024,Mar,3,2024-03,CUST0422,Pooja Iyer,North,Jaipur,Home & Kitchen,LED Table Lamp,LED Table Lamp,1,2416.75,0.0,2416.75,1034.17,42.791765801179274,2416.75,UPI
ORD10569,2024-07-28,2024,Jul,7,2024-07,CUST0172,Ravi Patel,South,Hyderabad,Stationery,Gel Pen Set,Gel Pen Set,2,4275.22,0.05,8122.92,3795.15,46.721499165324786,8122.92,Debit Card
ORD10161,2024-08-26,2024,Aug,8,2024-08,CUST0020,Anika Kapoor,West,Ahmedabad,Home & Kitchen,Air Fryer,Air Fryer,1,1319.46,0.0,1319.46,657.3,49.81583375017052,1319.46,Cash on Delivery
ORD10542,2024-01-21,2024,Jan,1,2024-01,CUST0138,Neha Chatterjee,North,Delhi,Clothing,Women's Kurti,Women's Kurti,1,4506.86,0.05,4281.52,937.98,21.907640277284703,4281.52,UPI
ORD11918,2025-03-24,2025,Mar,3,2025-03,CUST0319,Ravi Patel,West,Mumbai,Stationery,Notebook Pack,Notebook Pack,1,4753.51,0.1,4278.16,1982.36,46.33674289881631,4278.16,Debit Card
ORD12055,2024-10-29,2024,Oct,10,2024-10,CUST0069,Karan Verma,South,Hyderabad,Electronics,Wireless Mouse,Wireless Mouse,2,4677.64,0.05,8887.52,1412.67,15.894985327740471,8887.52,Debit Card
ORD10557,2024-05-31,2024,May,5,2024-05,CUST0094,Rohan Das,North,Chandigarh,Stationery,Notebook Pack,Notebook Pack,1,4753.51,0.0,4753.51,2457.71,51.70305731974898,4753.51,Credit Card
ORD10756,2024-08-15,2024,Aug,8,2024-08,CUST0277,Priya Verma,West,Ahmedabad,Electronics,Wireless Mouse,Wireless Mouse,1,4677.64,0.0,4677.64,940.21,20.100093209396192,4677.64,UPI
ORD10264,2024-05-04,2024,May,5,2024-05,CUST0069,Karan Verma,South,Chennai,Electronics,Portable SSD 1TB,Portable SSD 1TB,2,3916.61,0.15,6658.24,-141.76,-2.129091171240448,6658.24,UPI
ORD10369,2024-05-16,2024,May,5,2024-05,CUST0397,Diya Kumar,East,Kolkata,Furniture,Bed Side Table,Bed Side Table,2,5828.58,0.0,11074.3,1414.89,12.77633800781991,11074.3,Credit Card
ORD10611,2025-01-20,2025,Jan,1,2025-01,CUST0412,Divya Singh,North,Delhi,Electronics,Portable SSD 1TB,Portable SSD 1TB,1,3916.61,0.05,3720.78,320.78,8.621310585414884,3720.78,Net Banking
ORD11899,2024-11-20,2024,Nov,11,2024-11,CUST0085,Kavya Singh,East,Kolkata,Furniture,Bed Side Table,Bed Side Table,1,5828.58,0.0,5828.58,998.88,17.137621856438447,5828.58,UPI
ORD10596,2024-07-16,2024,Jul,7,2024-07,CUST0069,Karan Verma,South,Bengaluru,Home & Kitchen,Mixer Grinder,Mixer Grinder,1,4246.55,0.0,4246.55,1791.65,42.190719525261684,4246.55,UPI
ORD11178,2024-01-20,2024,Jan,1,2024-01,CUST0242,Ravi Gupta,North,Delhi,Clothing,Running Shoes,Running Shoes,1,910.04,0.0,910.04,346.79,38.107116170717774,910.04,Credit Card
ORD10148,2024-12-13,2024,Dec,12,2024-12,CUST0350,Unknown Customer,North,Jaipur,Home & Kitchen,LED Table Lamp,LED Table Lamp,1,2416.75,0.0,2416.75,1034.17,42.791765801179274,2416.75,UPI
ORD10399,2024-07-25,2024,Jul,7,2024-07,CUST0193,Ishaan Singh,East,Kolkata,Home & Kitchen,Non-Stick Pan,Non-Stick Pan,1,2707.34,0.0,2707.34,790.08,29.18288800076828,2707.34,UPI
ORD11556,2024-06-28,2024,Jun,6,2024-06,CUST0374,Sanjay Chatterjee,South,Hyderabad,Clothing,Women's Kurti,Women's Kurti,1,4506.86,0.0,4506.86,1163.32,25.812206281091495,4506.86,UPI
ORD10526,2025-01-06,2025,Jan,1,2025-01,CUST0389,Anika Sharma,West,Pune,Electronics,Bluetooth Speaker,Bluetooth Speaker,2,5172.8,0.1,9311.04,563.56,6.0525999243908295,9311.04,UPI
ORD12180,2024-03-07,2024,Mar,3,2024-03,CUST0329,Aadhya Verma,North,Delhi,Clothing,Women's Kurti,Women's Kurti,1,4506.86,0.3,3154.8,-188.74,-5.98262964371751,3154.8,Cash on Delivery
ORD11339,2024-07-05,2024,Jul,7,2024-07,CUST0205,Divya Bose,East,Patna,Electronics,Wireless Mouse,Wireless Mouse,1,4677.64,0.15,3975.99,238.56,6.000015090581214,3975.99,Credit Card
ORD10472,2024-10-06,2024,Oct,10,2024-10,CUST0008,Meera Nair,West,Mumbai,Electronics,Webcam HD,Webcam HD,1,2743.97,0.0,2743.97,656.08,23.90988239667344,2743.97,Debit Card
ORD10359,2024-04-28,2024,Apr,4,2024-04,CUST0277,Priya Verma,West,Mumbai,Furniture,Study Table,Study Table,1,4991.64,0.05,4742.06,866.89,18.280873713112022,4742.06,UPI
ORD11232,2024-03-03,2024,Mar,3,2024-03,CUST0066,Sai Singh,North,Chandigarh,Home & Kitchen,LED Table Lamp,LED Table Lamp,2,2416.75,0.1,4350.15,1584.99,36.435295334643634,4350.15,UPI
ORD11617,2024-06-17,2024,Jun,6,2024-06,CUST0019,Vihaan Das,West,Pune,Electronics,Noise Cancelling Headphones,Noise Cancelling Headphones,3,899.46,0.0,2698.38,536.79,19.893046939274676,2698.38,Credit Card
ORD12028,2024-01-18,2024,Jan,1,2024-01,CUST0109,Nikhil Reddy,West,Pune,Clothing,Formal Shirt,Formal Shirt,1,1477.42,0.15,1255.81,269.7,21.47617872130338,1255.81,Net Banking
ORD11977,2024-05-24,2024,May,5,2024-05,CUST0087,Nikhil Reddy,South,Chennai,Home & Kitchen,Storage Containers Set,Storage Containers Set,1,4142.6,0.2,3314.08,1098.05,33.132875488823444,3314.08,Credit Card
ORD10427,2024-01-27,2024,Jan,1,2024-01,CUST0426,Ishaan Patel,West,Mumbai,Clothing,Winter Jacket,Winter Jacket,1,2896.9,0.15,2462.37,876.7,35.60391005413484,2462.37,UPI
ORD10886,2025-01-25,2025,Jan,1,2025-01,CUST0372,Vihaan Kapoor,North,Chandigarh,Furniture,Bed Side Table,Bed Side Table,1,5828.58,0.1,5245.72,416.02,7.930655848958769,5245.72,Debit Card
ORD10869,2025-02-01,2025,Feb,2,2025-02,CUST0432,Kavya Mehta,West,Mumbai,Furniture,Bookshelf,Bookshelf,1,4584.81,0.05,4355.57,1050.36,24.115328188962636,4355.57,Net Banking
ORD11701,2024-05-08,2024,May,5,2024-05,CUST0046,Krishna Joshi,West,Mumbai,Home & Kitchen,Storage Containers Set,Storage Containers Set,2,4142.6,0.0,8285.2,3853.13,46.50617969391203,8285.2,Credit Card
ORD11983,2025-01-19,2025,Jan,1,2025-01,CUST0315,Rohan Gupta,North,Chandigarh,Clothing,Denim Jeans,Denim Jeans,1,2056.08,0.0,2056.08,837.62,40.73868721061438,2056.08,UPI
ORD12114,2025-01-07,2025,Jan,1,2025-01,CUST0154,Pooja Kapoor,West,Ahmedabad,Clothing,Men's T-Shirt,Men's T-Shirt,1,1052.59,0.1,947.33,241.29,25.470532971614958,947.33,Debit Card
ORD11091,2024-12-02,2024,Dec,12,2024-12,CUST0379,Kavya Joshi,East,Patna,Home & Kitchen,Water Bottle,Water Bottle,1,5018.72,0.1,4516.85,997.77,22.089952068366227,4516.85,Cash on Delivery
ORD11322,2024-05-21,2024,May,5,2024-05,CUST0272,Vivaan Iyer,West,Pune,Furniture,Study Table,Study Table,1,4991.64,0.05,4742.06,866.89,18.280873713112022,4742.06,UPI
ORD11302,2024-03-13,2024,Mar,3,2024-03,CUST0168,Riya Das,South,Bengaluru,Electronics,Wireless Mouse,Wireless Mouse,1,4677.64,0.0,4677.64,940.21,20.100093209396192,4677.64,Cash on Delivery
ORD11810,2024-10-22,2024,Oct,10,2024-10,CUST0125,Aarav Kapoor,South,Chennai,Furniture,Sofa Cover,Sofa Cover,1,4703.54,0.2,3762.83,522.43,13.883964994432382,3762.83,Credit Card
ORD10562,2025-03-22,2025,Mar,3,2025-03,CUST0170,Pooja Verma,North,Delhi,Furniture,Recliner Chair,Recliner Chair,2,2880.32,0.05,5472.61,1677.73,30.656852945852165,5472.61,Credit Card
ORD11628,2024-02-02,2024,Feb,2,2024-02,CUST0277,Unknown Customer,South,Chennai,Clothing,Women's Kurti,Women's Kurti,1,4506.86,0.3,3154.8,-188.74,-5.98262964371751,3154.8,Debit Card
ORD10621,2024-07-24,2024,Jul,7,2024-07,CUST0327,Aarav Joshi,West,Mumbai,Furniture,Bed Side Table,Bed Side Table,2,5828.58,0.0,11657.16,1997.75,17.137536072250874,11657.16,Debit Card
ORD10187,2024-05-16,2024,May,5,2024-05,CUST0078,Aadhya Singh,South,Bengaluru,Clothing,Running Shoes,Running Shoes,1,910.04,0.15,773.53,210.28,27.184466019417474,773.53,Credit Card
ORD10817,2024-03-08,2024,Mar,3,2024-03,CUST0372,Vihaan Kapoor,North,Chandigarh,Stationery,Sticky Notes,Sticky Notes,1,2834.66,0.0,2834.66,1520.09,53.62512611741796,2834.66,Net Banking
ORD12035,2024-04-14,2024,Apr,4,2024-04,CUST0221,Kavya Sharma,West,Ahmedabad,Stationery,Notebook Pack,Notebook Pack,2,4753.51,0.0,9507.02,4915.41,51.702952134317584,9507.02,Net Banking
ORD11508,2024-02-21,2024,Feb,2,2024-02,CUST0011,Sneha Iyer,North,Chandigarh,Electronics,Portable SSD 1TB,Portable SSD 1TB,1,3916.61,0.05,3720.78,320.78,8.621310585414884,3720.78,UPI
ORD12162,2024-01-14,2024,Jan,1,2024-01,CUST0247,Meera Patel,South,Hyderabad,Stationery,Sticky Notes,Sticky Notes,1,2834.66,0.0,2834.66,1520.09,53.62512611741796,2834.66,Credit Card
ORD10448,2024-07-07,2024,Jul,7,2024-07,CUST0449,Diya Singh,North,Jaipur,Home & Kitchen,Water Bottle,Water Bottle,1,5018.72,0.05,4767.78,1248.7,26.19038630138136,4767.78,Cash on Delivery
ORD10952,2024-02-16,2024,Feb,2,2024-02,CUST0084,Arjun Rao,South,Bengaluru,Home & Kitchen,Air Fryer,Air Fryer,1,1319.46,0.1,1187.51,525.35,44.2396274557688,1187.51,Net Banking
ORD11823,2024-06-13,2024,Jun,6,2024-06,CUST0298,Divya Kapoor,North,Jaipur,Home & Kitchen,Non-Stick Pan,Non-Stick Pan,1,2707.34,0.1,2436.61,519.35,21.314449173236586,2436.61,Debit Card
ORD10144,2025-01-28,2025,Jan,1,2025-01,CUST0404,Kavya Nair,North,Chandigarh,Furniture,Bed Side Table,Bed Side Table,2,5828.58,0.05,11074.3,1414.89,12.77633800781991,11074.3,UPI
ORD11455,2025-02-26,2025,Feb,2,2025-02,CUST0144,Isha Gupta,East,Kolkata,Clothing,Formal Shirt,Formal Shirt,1,1477.42,0.05,1403.55,417.44,29.741726336788858,1403.55,Debit Card
ORD12123,2024-12-08,2024,Dec,12,2024-12,CUST0060,Rohan Mehta,South,Bengaluru,Electronics,Bluetooth Speaker,Bluetooth Speaker,2,5172.8,0.0,10345.6,1598.12,15.447339931951745,10345.6,UPI
ORD11608,2024-09-08,2024,Sep,9,2024-09,CUST0087,Nikhil Reddy,West,Pune,Electronics,Noise Cancelling Headphones,Noise Cancelling Headphones,1,899.46,0.0,899.46,178.93,19.893046939274676,899.46,UPI
ORD10862,2025-03-03,2025,Mar,3,2025-03,CUST0077,Arjun Kumar,North,Delhi,Electronics,Webcam HD,Webcam HD,2,2743.97,0.05,5213.54,1037.75,19.90490146810037,5213.54,Net Banking
ORD10978,2024-08-26,2024,Aug,8,2024-08,CUST0099,Neha Joshi,North,Delhi,Clothing,Denim Jeans,Denim Jeans,1,2056.08,0.15,1747.67,529.21,30.280888268380185,1747.67,UPI
ORD11748,2024-01-08,2024,Jan,1,2024-01,CUST0022,Aadhya Patel,West,Pune,Electronics,Laptop Stand,Laptop Stand,1,4602.67,0.1,4142.4,177.24,4.278679026651218,4142.4,Net Banking
ORD10431,2024-08-29,2024,Aug,8,2024-08,CUST0372,Vihaan Kapoor,North,Jaipur,Clothing,Winter Jacket,Winter Jacket,1,2896.9,0.1,2607.21,1021.54,39.18134711051277,2607.21,UPI
ORD11755,2025-01-23,2025,Jan,1,2025-01,CUST0467,Anika Kumar,East,Bhubaneswar,Stationery,Desk Organizer,Desk Organizer,1,967.81,0.0,967.81,606.91,62.70962275653279,967.81,Credit Card
ORD11746,2024-10-12,2024,Oct,10,2024-10,CUST0419,Aadhya Mehta,South,Bengaluru,Furniture,Study Table,Study Table,1,4991.64,0.1,4492.48,617.31,13.74096267540423,4492.48,Cash on Delivery
ORD11798,2024-05-14,2024,May,5,2024-05,CUST0067,Sai Reddy,South,Chennai,Furniture,Recliner Chair,Recliner Chair,1,2880.32,0.0,2880.32,982.88,34.123986223752915,2880.32,Credit Card
ORD11418,2024-07-22,2024,Jul,7,2024-07,CUST0391,Aarav Sharma,North,Jaipur,Furniture,Recliner Chair,Recliner Chair,1,2880.32,0.15,2448.27,550.83,22.498744011077214,2448.27,Net Banking
ORD10037,2025-03-29,2025,Mar,3,2025-03,CUST0328,Pooja Kumar,South,Chennai,Electronics,Webcam HD,Webcam HD,3,2743.97,0.15,6997.12,733.44,10.482026891063754,6997.12,Credit Card
ORD10896,2024-01-27,2024,Jan,1,2024-01,CUST0160,Aditya Patel,South,Chennai,Clothing,Women's Kurti,Women's Kurti,1,4506.86,0.2,3605.49,261.95,7.265309292218255,3605.49,Debit Card
ORD11685,2025-02-13,2025,Feb,2,2025-02,CUST0477,Ravi Das,West,Pune,Furniture,Bed Side Table,Bed Side Table,1,5828.58,0.15,4954.29,124.59,2.514790212119194,4954.29,UPI
ORD11063,2025-01-19,2025,Jan,1,2025-01,CUST0324,Saanvi Singh,West,Pune,Home & Kitchen,LED Table Lamp,LED Table Lamp,1,2416.75,0.0,2416.75,1034.17,42.791765801179274,2416.75,UPI
ORD11813,2024-06-14,2024,Jun,6,2024-06,CUST0295,Myra Singh,West,Ahmedabad,Clothing,Denim Jeans,Denim Jeans,2,2056.08,0.1,3700.94,1264.01,34.15375553237826,3700.94,UPI
ORD11648,2024-02-08,2024,Feb,2,2024-02,CUST0247,Meera Patel,West,Ahmedabad,Clothing,Men's T-Shirt,Men's T-Shirt,1,1052.59,0.3,736.81,30.77,4.176110530530259,736.81,Credit Card
ORD11885,2024-05-25,2024,May,5,2024-05,CUST0134,Aditya Chatterjee,North,Jaipur,Clothing,Formal Shirt,Formal Shirt,1,1477.42,0.0,1477.42,491.31,33.25459246524346,1477.42,Credit Card
ORD11975,2024-10-02,2024,Oct,10,2024-10,CUST0419,Aadhya Mehta,West,Mumbai,Home & Kitchen,LED Table Lamp,LED Table Lamp,2,2416.75,0.1,4350.15,1584.99,36.435295334643634,4350.15,Credit Card
ORD11347,2024-09-22,2024,Sep,9,2024-09,CUST0341,Aarav Nair,South,Hyderabad,Clothing,Winter Jacket,Winter Jacket,1,2896.9,0.1,2607.21,1021.54,39.18134711051277,2607.21,Credit Card
ORD11954,2024-09-11,2024,Sep,9,2024-09,CUST0454,Aditya Nair,South,Bengaluru,Stationery,Notebook Pack,Notebook Pack,1,4753.51,0.0,4753.51,2457.71,51.70305731974898,4753.51,Debit Card
ORD11842,2024-01-03,2024,Jan,1,2024-01,CUST0036,Karan Mehta,West,Pune,Electronics,USB-C Charger,USB-C Charger,4,700.94,0.0,2803.76,292.68,10.438839272976288,2803.76,UPI
ORD11579,2024-05-09,2024,May,5,2024-05,CUST0011,Sneha Iyer,West,Pune,Electronics,Wireless Mouse,Wireless Mouse,1,4677.64,0.0,4677.64,940.21,20.100093209396192,4677.64,Cash on Delivery
ORD10401,2024-06-04,2024,Jun,6,2024-06,CUST0020,Anika Kapoor,North,Delhi,Electronics,Smart Watch,Smart Watch,1,2319.17,0.0,2319.17,262.49,11.318273347792529,2319.17,Credit Card
ORD10588,2025-02-16,2025,Feb,2,2025-02,CUST0122,Reyansh Bose,West,Ahmedabad,Home & Kitchen,Air Fryer,Air Fryer,1,1319.46,0.1,1187.51,525.35,44.2396274557688,1187.51,UPI
ORD10152,2024-12-08,2024,Dec,12,2024-12,CUST0431,Riya Joshi,West,Ahmedabad,Electronics,Wireless Mouse,Wireless Mouse,1,4677.64,0.1,4209.88,472.45,11.222410139956484,4209.88,Net Banking
ORD11089,2024-11-22,2024,Nov,11,2024-11,CUST0095,Rohan Verma,South,Hyderabad,Home & Kitchen,Non-Stick Pan,Non-Stick Pan,1,2707.34,0.0,2707.34,790.08,29.18288800076828,2707.34,Credit Card
ORD11948,2024-04-15,2024,Apr,4,2024-04,CUST0121,Pooja Bose,South,Bengaluru,Clothing,Running Shoes,Running Shoes,1,910.04,0.15,773.53,210.28,27.184466019417474,773.53,Credit Card
ORD11211,2024-10-31,2024,Oct,10,2024-10,CUST0429,Aditya Rao,North,Jaipur,Furniture,Bookshelf,Bookshelf,4,4584.81,0.2,14671.39,1450.54,9.886861435760347,14671.39,UPI
ORD10736,2024-07-04,2024,Jul,7,2024-07,CUST0196,Sneha Joshi,South,Chennai,Electronics,Laptop Stand,Laptop Stand,1,4602.67,0.0,4602.67,637.51,13.850873514720801,4602.67,Net Banking
ORD10682,2024-08-05,2024,Aug,8,2024-08,CUST0228,Aarav Reddy,West,Mumbai,Stationery,Sticky Notes,Sticky Notes,2,2834.66,0.1,5102.39,2473.25,48.47238255013826,5102.39,UPI
ORD10147,2024-03-09,2024,Mar,3,2024-03,CUST0060,Rohan Mehta,West,Ahmedabad,Electronics,Portable SSD 1TB,Portable SSD 1TB,1,3916.61,0.0,3916.61,516.61,13.190233390610759,3916.61,Credit Card
ORD11957,2024-11-07,2024,Nov,11,2024-11,CUST0201,Ananya Gupta,North,Jaipur,Clothing,Winter Jacket,Winter Jacket,1,2896.9,0.0,2896.9,1311.23,45.263212399461494,2896.9,Credit Card
ORD10692,2024-12-03,2024,Dec,12,2024-12,CUST0069,Karan Verma,North,Delhi,Stationery,Desk Organizer,Desk Organizer,2,967.81,0.0,1935.62,1213.82,62.70962275653279,1935.62,UPI
ORD11477,2024-06-07,2024,Jun,6,2024-06,CUST0282,Nikhil Kumar,East,Kolkata,Furniture,Sofa Cover,Sofa Cover,1,4703.54,0.2,3762.83,522.43,13.883964994432382,3762.83,UPI
ORD11051,2024-03-01,2024,Mar,3,2024-03,CUST0160,Aditya Patel,West,Ahmedabad,Electronics,Webcam HD,Webcam HD,1,2743.97,0.1,2469.57,381.68,15.455322181594367,2469.57,UPI
ORD10714,2024-07-12,2024,Jul,7,2024-07,CUST0440,Nikhil Das,South,Bengaluru,Electronics,Portable SSD 1TB,Portable SSD 1TB,2,3916.61,0.0,7833.22,1033.22,13.190233390610759,7833.22,Credit Card
ORD12135,2024-04-24,2024,Apr,4,2024-04,CUST0172,Ravi Patel,South,Hyderabad,Clothing,Men's T-Shirt,Men's T-Shirt,1,1052.59,0.1,947.33,241.29,25.470532971614958,947.33,Cash on Delivery
ORD12098,2025-03-29,2025,Mar,3,2025-03,CUST0284,Aadhya Rao,West,Mumbai,Electronics,Smart Watch,Smart Watch,1,2319.17,0.0,2319.17,262.49,11.318273347792529,2319.17,UPI
ORD12141,2024-06-21,2024,Jun,6,2024-06,CUST0250,Vivaan Gupta,North,Chandigarh,Electronics,Laptop Stand,Laptop Stand,1,4602.67,0.15,3912.27,-52.89,-1.3519005590104978,3912.27,Debit Card
ORD11317,2024-07-04,2024,Jul,7,2024-07,CUST0372,Vihaan Kapoor,West,Ahmedabad,Home & Kitchen,Water Bottle,Water Bottle,1,5018.72,0.0,5018.72,1499.64,29.880925813753308,5018.72,Credit Card
ORD10545,2024-12-31,2024,Dec,12,2024-12,CUST0307,Divya Kapoor,South,Chennai,Electronics,Wireless Mouse,Wireless Mouse,1,4677.64,0.0,4677.64,940.21,20.100093209396192,4677.64,UPI
ORD11179,2024-10-24,2024,Oct,10,2024-10,CUST0397,Diya Kumar,East,Patna,Home & Kitchen,Mixer Grinder,Mixer Grinder,1,4246.55,0.3,2972.58,517.68,17.415174696728094,2972.58,Credit Card
ORD11543,2025-01-06,2025,Jan,1,2025-01,CUST0429,Aditya Rao,South,Bengaluru,Electronics,Portable SSD 1TB,Portable SSD 1TB,1,3916.61,0.15,3329.12,-70.88,-2.129091171240448,3329.12,Cash on Delivery
ORD10748,2025-02-09,2025,Feb,2,2025-02,CUST0114,Sneha Bose,North,Jaipur,Home & Kitchen,Air Fryer,Air Fryer,1,1319.46,0.0,1319.46,657.3,49.81583375017052,1319.46,UPI
ORD10112,2025-03-25,2025,Mar,3,2025-03,CUST0043,Isha Nair,South,Bengaluru,Stationery,Sticky Notes,Sticky Notes,3,2834.66,0.0,8503.98,4560.27,53.62512611741796,8503.98,UPI
ORD11587,2024-11-20,2024,Nov,11,2024-11,CUST0066,Sai Singh,East,Kolkata,Home & Kitchen,Non-Stick Pan,Non-Stick Pan,2,2707.34,0.0,5414.68,1580.17,29.183072683888984,5414.68,Credit Card
ORD10422,2024-10-26,2024,Oct,10,2024-10,CUST0377,Vihaan Verma,North,Jaipur,Stationery,Notebook Pack,Notebook Pack,1,4753.51,0.1,4278.16,1982.36,46.33674289881631,4278.16,Credit Card
ORD10345,2024-10-18,2024,Oct,10,2024-10,CUST0220,Meera Chatterjee,East,Kolkata,Stationery,Sticky Notes,Sticky Notes,1,2834.66,0.15,2409.46,1094.89,45.44130220049306,2409.46,UPI
ORD11480,2024-02-23,2024,Feb,2,2024-02,CUST0288,Aditya Nair,South,Bengaluru,Home & Kitchen,LED Table Lamp,LED Table Lamp,1,2416.75,0.1,2175.08,792.5,36.43544145502694,2175.08,Net Banking
ORD10842,2024-07-07,2024,Jul,7,2024-07,CUST0086,Sanjay Nair,North,Delhi,Clothing,Men's T-Shirt,Men's T-Shirt,1,1052.59,0.0,1052.59,346.55,32.923550480243975,1052.59,Credit Card
ORD11172,2024-07-01,2024,Jul,7,2024-07,CUST0395,Diya Verma,South,Chennai,Clothing,Formal Shirt,Formal Shirt,1,1477.42,0.0,1477.42,491.31,33.25459246524346,1477.42,UPI
ORD10455,2024-12-17,2024,Dec,12,2024-12,CUST0041,Ananya Bose,South,Bengaluru,Electronics,Wireless Mouse,Wireless Mouse,1,4677.64,0.0,4677.64,940.21,20.100093209396192,4677.64,UPI
ORD11039,2024-03-19,2024,Mar,3,2024-03,CUST0227,Ishaan Sharma,North,Chandigarh,Furniture,Sofa Cover,Sofa Cover,1,4703.54,0.0,4703.54,1463.14,31.107208613087167,4703.54,UPI
ORD11893,2024-07-05,2024,Jul,7,2024-07,CUST0389,Anika Sharma,South,Hyderabad,Electronics,USB-C Charger,USB-C Charger,1,700.94,0.05,665.89,38.12,5.724669239664208,665.89,Net Banking
ORD11154,2024-11-14,2024,Nov,11,2024-11,CUST0095,Rohan Verma,West,Ahmedabad,Electronics,Wireless Mouse,Wireless Mouse,1,4677.64,0.0,4677.64,940.21,20.100093209396192,4677.64,UPI
ORD10142,2024-06-20,2024,Jun,6,2024-06,CUST0201,Ananya Gupta,West,Mumbai,Furniture,Recliner Chair,Recliner Chair,1,2880.32,0.0,2880.32,982.88,34.123986223752915,2880.32,Credit Card
ORD11622,2024-06-01,2024,Jun,6,2024-06,CUST0145,Nikhil Sharma,West,Ahmedabad,Stationery,Notebook Pack,Notebook Pack,1,4753.51,0.05,4515.83,2220.03,49.161062307482794,4515.83,Credit Card
ORD12121,2024-02-25,2024,Feb,2,2024-02,CUST0082,Karan Singh,East,Kolkata,Electronics,Portable SSD 1TB,Portable SSD 1TB,1,3916.61,0.15,3329.12,-70.88,-2.129091171240448,3329.12,UPI
ORD11850,2024-09-21,2024,Sep,9,2024-09,CUST0345,Diya Kumar,North,Chandigarh,Electronics,Webcam HD,Webcam HD,2,2743.97,0.0,5487.94,1312.15,23.909700178937822,5487.94,Net Banking
ORD11153,2024-11-12,2024,Nov,11,2024-11,CUST0293,Vihaan Rao,West,Ahmedabad,Electronics,Webcam HD,Webcam HD,1,2743.97,0.05,2606.77,518.88,19.905093276353494,2606.77,Cash on Delivery
ORD11848,2024-03-14,2024,Mar,3,2024-03,CUST0092,Aarav Bose,South,Hyderabad,Electronics,Laptop Stand,Laptop Stand,1,4602.67,0.15,3912.27,-52.89,-1.3519005590104978,3912.27,Credit Card
ORD11370,2024-04-04,2024,Apr,4,2024-04,CUST0395,Diya Verma,South,Bengaluru,Electronics,Wireless Mouse,Wireless Mouse,1,4677.64,0.15,3975.99,238.56,6.000015090581214,3975.99,Credit Card
ORD11895,2024-04-03,2024,Apr,4,2024-04,CUST0071,Meera Gupta,South,Chennai,Clothing,Women's Kurti,Women's Kurti,2,4506.86,0.0,9013.72,2326.64,25.812206281091495,9013.72,Net Banking
ORD12138,2024-03-01,2024,Mar,3,2024-03,CUST0324,Saanvi Singh,West,Ahmedabad,Stationery,Gel Pen Set,Gel Pen Set,3,4275.22,0.1,11543.09,5051.44,43.76159243322195,11543.09,UPI
ORD11277,2025-02-19,2025,Feb,2,2025-02,CUST0085,Kavya Singh,West,Pune,Stationery,Sticky Notes,Sticky Notes,1,2834.66,0.15,2409.46,1094.89,45.44130220049306,2409.46,UPI
ORD10441,2024-11-27,2024,Nov,11,2024-11,CUST0283,Sai Kapoor,South,Chennai,Home & Kitchen,Air Fryer,Air Fryer,2,1319.46,0.1,2375.03,1050.71,44.23986223331916,2375.03,UPI
ORD10340,2024-10-05,2024,Oct,10,2024-10,CUST0226,Nikhil Patel,West,Mumbai,Stationery,Sticky Notes,Sticky Notes,1,2834.66,0.05,2692.93,1378.36,51.1843976635115,2692.93,UPI
ORD10221,2024-11-17,2024,Nov,11,2024-11,CUST0169,Arjun Mehta,East,Patna,Furniture,Sofa Cover,Sofa Cover,2,4703.54,0.3,6584.96,104.16,1.581786373797259,6584.96,Debit Card
ORD11882,2024-02-01,2024,Feb,2,2024-02,CUST0301,Arjun Bose,North,Chandigarh,Furniture,Bed Side Table,Bed Side Table,1,5828.58,0.0,5828.58,998.88,17.137621856438447,5828.58,Debit Card
ORD10416,2024-03-26,2024,Mar,3,2024-03,CUST0086,Sanjay Nair,North,Delhi,Home & Kitchen,Water Bottle,Water Bottle,2,5018.72,0.05,9535.57,2497.41,26.190463705892782,9535.57,UPI
ORD10938,2024-02-17,2024,Feb,2,2024-02,CUST0384,Vivaan Iyer,North,Chandigarh,Clothing,Men's T-Shirt,Men's T-Shirt,3,1052.59,0.05,2999.88,881.77,29.39350907369628,2999.88,Cash on Delivery
ORD11433,2025-02-24,2025,Feb,2,2025-02,CUST0429,Aditya Rao,South,Hyderabad,Home & Kitchen,Storage Containers Set,Storage Containers Set,2,4142.6,0.05,7870.94,3438.87,43.69071546727582,7870.94,Debit Card
ORD11421,2025-02-11,2025,Feb,2,2025-02,CUST0076,Ishaan Sharma,West,Pune,Furniture,Bookshelf,Bookshelf,1,4584.81,0.05,4355.57,1050.36,24.115328188962636,4355.57,Debit Card
ORD11184,2025-02-24,2025,Feb,2,2025-02,CUST0067,Sai Reddy,East,Bhubaneswar,Electronics,Laptop Stand,Laptop Stand,2,4602.67,0.0,9205.34,1275.02,13.850873514720801,9205.34,Credit Card
ORD11702,2024-08-05,2024,Aug,8,2024-08,CUST0032,Myra Joshi,South,Hyderabad,Home & Kitchen,Mixer Grinder,Mixer Grinder,4,4246.55,0.05,16136.89,6317.31,39.14824975568403,16136.89,Credit Card
ORD11704,2024-01-09,2024,Jan,1,2024-01,CUST0381,Aditya Chatterjee,West,Ahmedabad,Clothing,Formal Shirt,Formal Shirt,3,1477.42,0.2,3545.81,587.48,16.568287640905748,3545.81,UPI
ORD11439,2024-06-28,2024,Jun,6,2024-06,CUST0204,Divya Gupta,West,Ahmedabad,Stationery,Gel Pen Set,Gel Pen Set,1,4275.22,0.1,3847.7,1683.82,43.76172778543026,3847.7,UPI
ORD11985,2024-08-16,2024,Aug,8,2024-08,CUST0046,Krishna Joshi,North,Jaipur,Electronics,Noise Cancelling Headphones,Noise Cancelling Headphones,1,899.46,0.1,809.51,88.98,10.991834566589667,809.51,UPI
ORD10095,2024-10-12,2024,Oct,10,2024-10,CUST0077,Arjun Kumar,East,Patna,Clothing,Running Shoes,Running Shoes,1,910.04,0.1,819.04,255.79,31.230464934557535,819.04,UPI
ORD11189,2024-12-14,2024,Dec,12,2024-12,CUST0311,Sanjay Kapoor,West,Mumbai,Electronics,Noise Cancelling Headphones,Noise Cancelling Headphones,2,899.46,0.2,1439.14,-1.92,-0.13341301054796612,1439.14,Debit Card
ORD10934,2024-03-10,2024,Mar,3,2024-03,CUST0039,Ananya Verma,North,Jaipur,Electronics,Noise Cancelling Headphones,Noise Cancelling Headphones,3,899.46,0.0,2698.38,536.79,19.893046939274676,2698.38,UPI
ORD10299,2024-11-26,2024,Nov,11,2024-11,CUST0405,Aadhya Rao,South,Bengaluru,Home & Kitchen,Non-Stick Pan,Non-Stick Pan,1,2707.34,0.15,2301.24,383.98,16.685786793207143,2301.24,Debit Card
ORD10705,2025-03-02,2025,Mar,3,2025-03,CUST0144,Isha Gupta,South,Chennai,Clothing,Running Shoes,Running Shoes,3,910.04,0.05,2593.61,903.87,34.84988105382074,2593.61,UPI
ORD10114,2025-03-21,2025,Mar,3,2025-03,CUST0084,Arjun Rao,West,Pune,Clothing,Women's Kurti,Women's Kurti,1,4506.86,0.05,4281.52,937.98,21.907640277284703,4281.52,Debit Card
ORD11932,2024-11-26,2024,Nov,11,2024-11,CUST0387,Anika Kumar,West,Ahmedabad,Electronics,Portable SSD 1TB,Portable SSD 1TB,1,3916.61,0.1,3524.95,124.95,3.544731130938028,3524.95,UPI
ORD10610,2024-05-04,2024,May,5,2024-05,CUST0442,Kavya Bose,South,Hyderabad,Electronics,Wireless Mouse,Wireless Mouse,1,4677.64,0.05,4443.76,706.33,15.894872810412805,4443.76,UPI
ORD10519,2024-03-31,2024,Mar,3,2024-03,CUST0354,Karan Bose,North,Delhi,Home & Kitchen,Non-Stick Pan,Non-Stick Pan,2,2707.34,0.15,4602.48,767.97,16.686004067372377,4602.48,UPI
ORD11861,2024-04-07,2024,Apr,4,2024-04,CUST0356,Krishna Iyer,South,Hyderabad,Clothing,Denim Jeans,Denim Jeans,3,2056.08,0.0,6168.24,2512.85,40.73852508981493,6168.24,UPI
ORD11029,2024-09-10,2024,Sep,9,2024-09,CUST0444,Pooja Das,South,Bengaluru,Home & Kitchen,Storage Containers Set,Storage Containers Set,3,4142.6,0.0,12427.8,5779.7,46.50621992629428,12427.8,Cash on Delivery
ORD10096,2024-03-09,2024,Mar,3,2024-03,CUST0456,Myra Gupta,South,Chennai,Clothing,Women's Kurti,Women's Kurti,1,4506.86,0.0,4506.86,1163.32,25.812206281091495,4506.86,Credit Card
ORD11343,2024-11-28,2024,Nov,11,2024-11,CUST0168,Riya Das,South,Bengaluru,Home & Kitchen,Water Bottle,Water Bottle,1,5018.72,0.05,4767.78,1248.7,26.19038630138136,4767.78,Net Banking
ORD10348,2024-11-25,2024,Nov,11,2024-11,CUST0056,Unknown Customer,East,Patna,Electronics,Bluetooth Speaker,Bluetooth Speaker,1,5172.8,0.15,4396.88,23.14,0.526282272884409,4396.88,Credit Card
ORD11234,2024-05-31,2024,May,5,2024-05,CUST0412,Divya Singh,South,Bengaluru,Furniture,Office Chair,Office Chair,1,3394.32,0.3,2376.02,126.39,5.31939966835296,2376.02,UPI
ORD11565,2024-04-16,2024,Apr,4,2024-04,CUST0311,Sanjay Kapoor,North,Delhi,Clothing,Formal Shirt,Formal Shirt,2,1477.42,0.0,2954.84,982.62,33.25459246524346,2954.84,UPI
ORD10117,2024-11-19,2024,Nov,11,2024-11,CUST0155,Aarav Joshi,North,Delhi,Clothing,Winter Jacket,Winter Jacket,1,2896.9,0.1,2607.21,1021.54,39.18134711051277,2607.21,Credit Card
ORD10962,2024-06-20,2024,Jun,6,2024-06,CUST0016,Pooja Nair,North,Chandigarh,Clothing,Winter Jacket,Winter Jacket,1,2896.9,0.05,2752.06,1166.39,42.38243352252495,2752.06,UPI
ORD11392,2024-11-22,2024,Nov,11,2024-11,CUST0405,Aadhya Rao,East,Patna,Home & Kitchen,Non-Stick Pan,Non-Stick Pan,1,2707.34,0.0,2707.34,790.08,29.18288800076828,2707.34,Credit Card
ORD11412,2024-06-13,2024,Jun,6,2024-06,CUST0462,Aadhya Reddy,South,Hyderabad,Home & Kitchen,Air Fryer,Air Fryer,2,1319.46,0.3,1847.24,522.92,28.308178688205103,1847.24,Cash on Delivery
ORD10005,2024-04-16,2024,Apr,4,2024-04,CUST0219,Ravi Bose,North,Jaipur,Clothing,Winter Jacket,Winter Jacket,1,2896.9,0.05,2752.06,1166.39,42.38243352252495,2752.06,Debit Card
ORD10859,2024-12-02,2024,Dec,12,2024-12,CUST0366,Sneha Kapoor,South,Bengaluru,Electronics,Wireless Mouse,Wireless Mouse,2,4677.64,0.15,7951.99,477.14,6.000259054651728,7951.99,Net Banking
ORD10865,2024-04-07,2024,Apr,4,2024-04,CUST0221,Kavya Sharma,North,Jaipur,Furniture,Bookshelf,Bookshelf,1,4584.81,0.05,4355.57,1050.36,24.115328188962636,4355.57,Net Banking
ORD10700,2024-11-13,2024,Nov,11,2024-11,CUST0172,Ravi Patel,West,Pune,Electronics,Wireless Mouse,Wireless Mouse,1,4677.64,0.05,4443.76,706.33,15.894872810412805,4443.76,UPI
ORD12175,2024-10-04,2024,Oct,10,2024-10,CUST0352,Arjun Mehta,South,Bengaluru,Stationery,Sticky Notes,Sticky Notes,1,2834.66,0.1,2551.19,1236.62,48.472281562721705,2551.19,Debit Card
ORD11939,2024-03-08,2024,Mar,3,2024-03,CUST0306,Neha Patel,South,Chennai,Home & Kitchen,Non-Stick Pan,Non-Stick Pan,2,2707.34,0.3,3790.28,-44.23,-1.1669322583028165,3790.28,Cash on Delivery
ORD11930,2025-03-16,2025,Mar,3,2025-03,CUST0442,Kavya Bose,North,Delhi,Furniture,Bed Side Table,Bed Side Table,1,5828.58,0.0,5828.58,998.88,17.137621856438447,5828.58,UPI
ORD10739,2024-12-21,2024,Dec,12,2024-12,CUST0249,Krishna Nair,West,Ahmedabad,Furniture,Sofa Cover,Sofa Cover,1,4703.54,0.15,3998.01,757.61,18.94967746453861,3998.01,Credit Card
ORD11678,2024-09-12,2024,Sep,9,2024-09,CUST0111,Priya Nair,South,Hyderabad,Clothing,Formal Shirt,Formal Shirt,1,1477.42,0.15,1255.81,269.7,21.47617872130338,1255.81,Credit Card
ORD10830,2025-03-20,2025,Mar,3,2025-03,CUST0349,Vivaan Verma,West,Pune,Clothing,Winter Jacket,Winter Jacket,2,2896.9,0.1,5214.42,2043.08,39.18134711051277,5214.42,Net Banking
ORD11269,2024-07-20,2024,Jul,7,2024-07,CUST0071,Meera Gupta,North,Delhi,Clothing,Women's Kurti,Women's Kurti,1,4506.86,0.0,4506.86,1163.32,25.812206281091495,4506.86,Cash on Delivery
ORD10717,2024-12-01,2024,Dec,12,2024-12,CUST0292,Sai Gupta,West,Mumbai,Clothing,Winter Jacket,Winter Jacket,1,2896.9,0.1,2607.21,1021.54,39.18134711051277,2607.21,UPI
ORD10082,2024-04-04,2024,Apr,4,2024-04,CUST0321,Sai Das,East,Kolkata,Electronics,Webcam HD,Webcam HD,1,2743.97,0.05,2606.77,518.88,19.905093276353494,2606.77,UPI
ORD12034,2024-02-12,2024,Feb,2,2024-02,CUST0364,Arjun Sharma,South,Bengaluru,Electronics,Smart Watch,Smart Watch,2,2319.17,0.1,4174.51,61.15,1.4648425803267928,4174.51,UPI
ORD10636,2024-09-22,2024,Sep,9,2024-09,CUST0172,Ravi Patel,South,Bengaluru,Home & Kitchen,Water Bottle,Water Bottle,1,5018.72,0.05,4767.78,1248.7,26.19038630138136,4767.78,UPI
ORD10453,2024-04-07,2024,Apr,4,2024-04,CUST0089,Pooja Singh,South,Chennai,Clothing,Formal Shirt,Formal Shirt,1,1477.42,0.0,1477.42,491.31,33.25459246524346,1477.42,Credit Card
ORD11157,2024-05-03,2024,May,5,2024-05,CUST0162,Vihaan Singh,East,Bhubaneswar,Electronics,Laptop Stand,Laptop Stand,1,4602.67,0.05,4372.54,407.38,9.316781550311719,4372.54,Credit Card
ORD10454,2024-06-04,2024,Jun,6,2024-06,CUST0261,Karan Bose,South,Hyderabad,Stationery,Gel Pen Set,Gel Pen Set,2,4275.22,0.15,7267.87,2940.1,40.45339280972279,7267.87,UPI
ORD11706,2024-10-30,2024,Oct,10,2024-10,CUST0471,Meera Joshi,North,Chandigarh,Electronics,Portable SSD 1TB,Portable SSD 1TB,1,3916.61,0.1,3524.95,124.95,3.544731130938028,3524.95,Debit Card
ORD12155,2025-03-27,2025,Mar,3,2025-03,CUST0301,Arjun Bose,East,Kolkata,Electronics,Laptop Stand,Laptop Stand,1,4602.67,0.15,3912.27,-52.89,-1.3519005590104978,3912.27,Debit Card
ORD11894,2025-03-17,2025,Mar,3,2025-03,CUST0020,Anika Kapoor,North,Jaipur,Home & Kitchen,LED Table Lamp,LED Table Lamp,1,2416.75,0.15,2054.24,671.66,32.696276968611265,2054.24,Net Banking
ORD11654,2024-12-31,2024,Dec,12,2024-12,CUST0229,Divya Das,East,Bhubaneswar,Electronics,Portable SSD 1TB,Portable SSD 1TB,1,3916.61,0.0,3916.61,516.61,13.190233390610759,3916.61,Net Banking
ORD10331,2024-06-21,2024,Jun,6,2024-06,CUST0350,Priya Kumar,North,Jaipur,Clothing,Formal Shirt,Formal Shirt,1,1477.42,0.0,1477.42,491.31,33.25459246524346,1477.42,Credit Card
ORD10110,2024-12-16,2024,Dec,12,2024-12,CUST0444,Pooja Das,East,Patna,Electronics,USB-C Charger,USB-C Charger,1,700.94,0.0,700.94,73.17,10.438839272976288,700.94,Debit Card
ORD11085,2024-11-03,2024,Nov,11,2024-11,CUST0376,Isha Iyer,South,Hyderabad,Clothing,Women's Kurti,Women's Kurti,1,4506.86,0.1,4056.17,712.63,17.569036800725808,4056.17,Net Banking
ORD11698,2024-10-04,2024,Oct,10,2024-10,CUST0059,Priya Patel,North,Delhi,Home & Kitchen,Non-Stick Pan,Non-Stick Pan,1,2707.34,0.15,2301.24,383.98,16.685786793207143,2301.24,Cash on Delivery
ORD11509,2024-05-31,2024,May,5,2024-05,CUST0283,Sai Kapoor,East,Patna,Clothing,Women's Kurti,Women's Kurti,1,4506.86,0.05,4281.52,937.98,21.907640277284703,4281.52,UPI
ORD10528,2024-12-12,2024,Dec,12,2024-12,CUST0393,Isha Joshi,North,Chandigarh,Clothing,Running Shoes,Running Shoes,1,910.04,0.1,819.04,255.79,31.230464934557535,819.04,UPI
ORD10603,2024-10-03,2024,Oct,10,2024-10,CUST0372,Vihaan Kapoor,South,Chennai,Furniture,Study Table,Study Table,2,4991.64,0.05,9484.12,1733.77,18.28076827370383,9484.12,Net Banking
ORD11497,2024-10-25,2024,Oct,10,2024-10,CUST0339,Sneha Singh,East,Bhubaneswar,Stationery,Sticky Notes,Sticky Notes,2,2834.66,0.15,4818.92,2189.78,45.44130220049306,4818.92,Credit Card
ORD10312,2024-06-05,2024,Jun,6,2024-06,CUST0262,Pooja Singh,North,Delhi,Clothing,Winter Jacket,Winter Jacket,1,2896.9,0.0,2896.9,1311.23,45.263212399461494,2896.9,Credit Card
ORD10716,2024-02-19,2024,Feb,2,2024-02,CUST0305,Myra Mehta,North,Delhi,Home & Kitchen,LED Table Lamp,LED Table Lamp,1,2416.75,0.05,2295.91,913.33,39.78074053425439,2295.91,UPI
ORD10653,2024-09-24,2024,Sep,9,2024-09,CUST0149,Sneha Verma,North,Chandigarh,Electronics,Noise Cancelling Headphones,Noise Cancelling Headphones,1,899.46,0.3,629.62,-90.91,-14.438867888567708,629.62,Credit Card
ORD10020,2024-09-14,2024,Sep,9,2024-09,CUST0429,Aditya Rao,West,Ahmedabad,Home & Kitchen,Mixer Grinder,Mixer Grinder,1,4246.55,0.05,4034.22,1579.32,39.14808810625102,4034.22,Cash on Delivery
ORD11667,2025-02-01,2025,Feb,2,2025-02,CUST0164,Rohan Kumar,North,Jaipur,Home & Kitchen,Air Fryer,Air Fryer,1,1319.46,0.0,1319.46,657.3,49.81583375017052,1319.46,Credit Card
ORD10358,2024-11-15,2024,Nov,11,2024-11,CUST0430,Ananya Rao,North,Jaipur,Electronics,Webcam HD,Webcam HD,4,2743.97,0.1,9878.29,1526.71,15.455205303751965,9878.29,Credit Card
ORD10361,2024-12-18,2024,Dec,12,2024-12,CUST0242,Ravi Gupta,West,Ahmedabad,Electronics,Portable SSD 1TB,Portable SSD 1TB,1,3916.61,0.1,3524.95,124.95,3.544731130938028,3524.95,Cash on Delivery
ORD11819,2024-10-01,2024,Oct,10,2024-10,CUST0178,Priya Kapoor,East,Bhubaneswar,Home & Kitchen,Mixer Grinder,Mixer Grinder,1,4246.55,0.1,3821.9,1367.0,35.76755017138073,3821.9,UPI
ORD11040,2024-10-12,2024,Oct,10,2024-10,CUST0128,Arun Verma,East,Kolkata,Electronics,Bluetooth Speaker,Bluetooth Speaker,2,5172.8,0.05,9828.32,1080.84,10.99719992837026,9828.32,Debit Card
ORD11692,2024-10-19,2024,Oct,10,2024-10,CUST0071,Meera Gupta,South,Chennai,Furniture,Office Chair,Office Chair,4,3394.32,0.0,13577.28,4578.76,33.72369134318509,13577.28,Net Banking
ORD10393,2025-02-21,2025,Feb,2,2025-02,CUST0293,Vihaan Rao,East,Kolkata,Stationery,Gel Pen Set,Gel Pen Set,1,4275.22,0.0,4275.22,2111.34,49.385528697938355,4275.22,Net Banking
ORD10752,2024-03-25,2024,Mar,3,2024-03,CUST0284,Aadhya Rao,South,Bengaluru,Home & Kitchen,Mixer Grinder,Mixer Grinder,2,4246.55,0.0,8493.1,3583.31,42.19083726789982,8493.1,Net Banking
ORD10223,2024-03-31,2024,Mar,3,2024-03,CUST0113,Divya Nair,West,Mumbai,Furniture,Office Chair,Office Chair,2,3394.32,0.05,6449.21,1949.95,30.235486206837734,6449.21,Debit Card
ORD11034,2024-09-14,2024,Sep,9,2024-09,CUST0288,Aditya Nair,North,Jaipur,Home & Kitchen,Storage Containers Set,Storage Containers Set,1,4142.6,0.1,3728.34,1512.31,40.56255599006528,3728.34,UPI
ORD11035,2024-11-20,2024,Nov,11,2024-11,CUST0318,Kavya Singh,East,Kolkata,Clothing,Denim Jeans,Denim Jeans,1,2056.08,0.05,1953.28,734.82,37.61979849279162,1953.28,Credit Card
ORD10667,2024-05-24,2024,May,5,2024-05,CUST0277,Priya Verma,South,Hyderabad,Electronics,Portable SSD 1TB,Portable SSD 1TB,1,3916.61,0.0,3916.61,516.61,13.190233390610759,3916.61,Debit Card
ORD11030,2024-06-27,2024,Jun,6,2024-06,CUST0262,Pooja Singh,South,Bengaluru,Electronics,Portable SSD 1TB,Portable SSD 1TB,1,3916.61,0.05,3720.78,320.78,8.621310585414884,3720.78,UPI
ORD10398,2024-11-10,2024,Nov,11,2024-11,CUST0221,Kavya Sharma,North,Chandigarh,Stationery,Gel Pen Set,Gel Pen Set,2,4275.22,0.0,8550.44,4222.67,49.38541174489266,8550.44,Debit Card
ORD11577,2024-08-01,2024,Aug,8,2024-08,CUST0217,Sanjay Reddy,North,Jaipur,Home & Kitchen,Mixer Grinder,Mixer Grinder,1,4246.55,0.0,4246.55,1791.65,42.190719525261684,4246.55,Cash on Delivery
ORD10314,2024-07-30,2024,Jul,7,2024-07,CUST0473,Ravi Patel,West,Ahmedabad,Electronics,Webcam HD,Webcam HD,1,2743.97,0.0,2469.57,381.68,15.455322181594367,2469.57,UPI
ORD10288,2024-11-21,2024,Nov,11,2024-11,CUST0076,Unknown Customer,North,Delhi,Home & Kitchen,Mixer Grinder,Mixer Grinder,1,4246.55,0.0,4246.55,1791.65,42.190719525261684,4246.55,Net Banking
ORD11544,2025-03-09,2025,Mar,3,2025-03,CUST0384,Vivaan Iyer,West,Ahmedabad,Electronics,Smart Watch,Smart Watch,1,2319.17,0.05,2203.21,146.53,6.650750495867394,2203.21,Net Banking
ORD11042,2025-02-22,2025,Feb,2,2025-02,CUST0429,Aditya Rao,West,Mumbai,Electronics,Wireless Mouse,Wireless Mouse,2,4677.64,0.05,8887.52,1412.67,15.894985327740471,8887.52,Credit Card
ORD12105,2024-05-23,2024,May,5,2024-05,CUST0320,Vihaan Joshi,West,Ahmedabad,Stationery,Notebook Pack,Notebook Pack,1,4753.51,0.05,4515.83,2220.03,49.161062307482794,4515.83,Debit Card
ORD10439,2024-03-17,2024,Mar,3,2024-03,CUST0306,Unknown Customer,West,Pune,Electronics,Bluetooth Speaker,Bluetooth Speaker,1,5172.8,0.1,4655.52,281.78,6.0525999243908295,4655.52,UPI
ORD10985,2024-01-17,2024,Jan,1,2024-01,CUST0298,Divya Kapoor,South,Hyderabad,Stationery,Notebook Pack,Notebook Pack,2,4753.51,0.05,9031.67,4440.06,49.16100787561991,9031.67,UPI
ORD11294,2024-02-27,2024,Feb,2,2024-02,CUST0170,Pooja Verma,South,Bengaluru,Home & Kitchen,LED Table Lamp,LED Table Lamp,1,2416.75,0.1,2175.08,792.5,36.43544145502694,2175.08,Debit Card
ORD11160,2024-10-18,2024,Oct,10,2024-10,CUST0028,Karan Singh,South,Hyderabad,Home & Kitchen,LED Table Lamp,LED Table Lamp,1,2416.75,0.05,2295.91,913.33,39.78074053425439,2295.91,Debit Card
ORD11914,2025-02-27,2025,Feb,2,2025-02,CUST0285,Isha Kapoor,West,Pune,Stationery,Gel Pen Set,Gel Pen Set,1,4275.22,0.15,3633.94,1470.06,40.453612332619684,3633.94,Net Banking
ORD10018,2024-09-15,2024,Sep,9,2024-09,CUST0028,Karan Singh,West,Pune,Electronics,Laptop Stand,Laptop Stand,1,4602.67,0.1,4142.4,177.24,4.278679026651218,4142.4,Net Banking
ORD10872,2024-12-06,2024,Dec,12,2024-12,CUST0350,Priya Kumar,East,Patna,Furniture,Bookshelf,Bookshelf,1,4584.81,0.0,4584.81,1279.6,27.909553503852933,4584.81,Credit Card
ORD11319,2024-01-16,2024,Jan,1,2024-01,CUST0377,Vihaan Verma,North,Delhi,Home & Kitchen,Non-Stick Pan,Non-Stick Pan,1,2707.34,0.05,2571.97,654.71,25.455584629680754,2571.97,UPI
ORD10282,2024-08-08,2024,Aug,8,2024-08,CUST0377,Vihaan Verma,South,Bengaluru,Electronics,Portable SSD 1TB,Portable SSD 1TB,1,3916.61,0.3,2741.63,-658.37,-24.01381659815511,2741.63,Net Banking
ORD10730,2025-03-04,2025,Mar,3,2025-03,CUST0056,Isha Chatterjee,North,Jaipur,Clothing,Running Shoes,Running Shoes,1,910.04,0.05,864.54,301.29,34.84974668609897,864.54,Credit Card
ORD10352,2024-12-05,2024,Dec,12,2024-12,CUST0341,Aarav Nair,West,Ahmedabad,Electronics,Noise Cancelling Headphones,Noise Cancelling Headphones,1,899.46,0.15,764.54,44.01,5.756402542705417,764.54,UPI
ORD11193,2025-03-01,2025,Mar,3,2025-03,CUST0215,Anika Mehta,South,Chennai,Home & Kitchen,Water Bottle,Water Bottle,1,5018.72,0.0,5018.72,1499.64,29.880925813753308,5018.72,Credit Card
ORD11817,2024-04-27,2024,Apr,4,2024-04,CUST0369,Krishna Sharma,North,Chandigarh,Home & Kitchen,Water Bottle,Water Bottle,1,5018.72,0.0,5018.72,1499.64,29.880925813753308,5018.72,UPI
ORD10863,2024-09-30,2024,Sep,9,2024-09,CUST0375,Isha Sharma,East,Kolkata,Electronics,Laptop Stand,Laptop Stand,1,4602.67,0.05,4372.54,407.38,9.316781550311719,4372.54,UPI
ORD10043,2024-01-19,2024,Jan,1,2024-01,CUST0069,Karan Verma,North,Delhi,Electronics,Bluetooth Speaker,Bluetooth Speaker,2,5172.8,0.05,9828.32,1080.84,10.99719992837026,9828.32,UPI
ORD11438,2025-03-09,2025,Mar,3,2025-03,CUST0031,Nikhil Gupta,South,Chennai,Electronics,Laptop Stand,Laptop Stand,1,4602.67,0.0,4602.67,637.51,13.850873514720801,4602.67,Credit Card
ORD10102,2024-01-11,2024,Jan,1,2024-01,CUST0089,Pooja Singh,South,Chennai,Stationery,Sticky Notes,Sticky Notes,1,2834.66,0.15,2409.46,1094.89,45.44130220049306,2409.46,Debit Card
ORD10276,2024-10-04,2024,Oct,10,2024-10,CUST0069,Karan Verma,South,Bengaluru,Home & Kitchen,Storage Containers Set,Storage Containers Set,2,4142.6,0.0,8285.2,3853.13,46.50617969391203,8285.2,Debit Card
ORD10287,2024-03-27,2024,Mar,3,2024-03,CUST0277,Priya Verma,North,Chandigarh,Electronics,Portable SSD 1TB,Portable SSD 1TB,2,3916.61,0.05,7441.56,641.56,8.621310585414884,7441.56,Credit Card
ORD10447,2024-10-06,2024,Oct,10,2024-10,CUST0067,Sai Reddy,South,Bengaluru,Home & Kitchen,Air Fryer,Air Fryer,1,1319.46,0.05,1253.49,591.33,47.174688270349186,1253.49,Credit Card
ORD11446,2024-11-07,2024,Nov,11,2024-11,CUST0250,Vivaan Gupta,West,Pune,Furniture,Recliner Chair,Recliner Chair,1,2880.32,0.2,2304.26,406.82,17.655125723659655,2304.26,Debit Card
ORD10250,2024-09-21,2024,Sep,9,2024-09,CUST0229,Divya Das,South,Bengaluru,Stationery,Notebook Pack,Notebook Pack,1,4753.51,0.0,4753.51,2457.71,51.70305731974898,4753.51,Cash on Delivery
ORD10135,2024-09-29,2024,Sep,9,2024-09,CUST0350,Priya Kumar,West,Pune,Home & Kitchen,Non-Stick Pan,Non-Stick Pan,1,2707.34,0.0,2707.34,790.08,29.18288800076828,2707.34,Net Banking
ORD10575,2024-03-30,2024,Mar,3,2024-03,CUST0066,Sai Singh,South,Chennai,Clothing,Men's T-Shirt,Men's T-Shirt,1,1052.59,0.0,999.96,293.92,29.39317572702908,999.96,Debit Card
ORD11200,2024-06-05,2024,Jun,6,2024-06,CUST0471,Meera Joshi,West,Ahmedabad,Home & Kitchen,LED Table Lamp,LED Table Lamp,4,2416.75,0.05,9183.65,3653.33,39.7808061065045,9183.65,UPI
ORD10595,2024-02-18,2024,Feb,2,2024-02,CUST0080,Vivaan Verma,West,Mumbai,Stationery,Notebook Pack,Notebook Pack,1,4753.51,0.0,4753.51,2457.71,51.70305731974898,4753.51,Credit Card
ORD10993,2024-10-16,2024,Oct,10,2024-10,CUST0339,Sneha Singh,North,Jaipur,Furniture,Study Table,Study Table,4,4991.64,0.0,19966.56,4465.86,22.366697117580593,19966.56,Credit Card
ORD10573,2024-08-15,2024,Aug,8,2024-08,CUST0172,Ravi Patel,North,Jaipur,Home & Kitchen,Non-Stick Pan,Non-Stick Pan,1,2707.34,0.1,2436.61,519.35,21.314449173236586,2436.61,Debit Card
ORD11919,2024-02-09,2024,Feb,2,2024-02,CUST0448,Anika Chatterjee,East,Patna,Clothing,Denim Jeans,Denim Jeans,1,2056.08,0.05,1953.28,734.82,37.61979849279162,1953.28,UPI
ORD10411,2024-10-15,2024,Oct,10,2024-10,CUST0445,Ravi Das,South,Hyderabad,Clothing,Denim Jeans,Denim Jeans,1,2056.08,0.0,1953.28,734.82,37.61979849279162,1953.28,Credit Card
ORD11707,2025-02-26,2025,Feb,2,2025-02,CUST0087,Nikhil Reddy,South,Hyderabad,Electronics,Webcam HD,Webcam HD,1,2743.97,0.0,2743.97,656.08,23.90988239667344,2743.97,UPI
ORD10937,2024-03-21,2024,Mar,3,2024-03,CUST0062,Aditya Mehta,East,Patna,Electronics,Smart Watch,Smart Watch,1,2319.17,0.0,2319.17,262.49,11.318273347792529,2319.17,UPI
ORD10605,2024-10-30,2024,Oct,10,2024-10,CUST0206,Riya Gupta,South,Bengaluru,Clothing,Denim Jeans,Denim Jeans,2,2056.08,0.0,4112.16,1675.23,40.7384440294152,4112.16,UPI
ORD11990,2024-12-18,2024,Dec,12,2024-12,CUST0204,Divya Gupta,West,Mumbai,Electronics,Webcam HD,Webcam HD,1,2743.97,0.0,2743.97,656.08,23.90988239667344,2743.97,UPI
ORD11542,2024-06-07,2024,Jun,6,2024-06,CUST0076,Ishaan Sharma,South,Bengaluru,Furniture,Recliner Chair,Recliner Chair,1,2880.32,0.0,2880.32,982.88,34.123986223752915,2880.32,Debit Card
ORD11303,2024-10-20,2024,Oct,10,2024-10,CUST0477,Ravi Das,South,Bengaluru,Furniture,Bed Side Table,Bed Side Table,1,5828.58,0.0,5828.58,998.88,17.137621856438447,5828.58,UPI
ORD11789,2024-11-22,2024,Nov,11,2024-11,CUST0477,Ravi Das,North,Chandigarh,Clothing,Running Shoes,Running Shoes,1,910.04,0.0,910.04,346.79,38.107116170717774,910.04,Debit Card
ORD11196,2024-09-04,2024,Sep,9,2024-09,CUST0235,Pooja Chatterjee,South,Hyderabad,Home & Kitchen,Mixer Grinder,Mixer Grinder,1,4246.55,0.1,3821.9,1367.0,35.76755017138073,3821.9,UPI
ORD10325,2024-10-24,2024,Oct,10,2024-10,CUST0168,Riya Das,North,Chandigarh,Clothing,Women's Kurti,Women's Kurti,4,4506.86,0.3,12619.21,-754.94,-5.982466414300103,12619.21,Cash on Delivery
ORD12037,2025-01-01,2025,Jan,1,2025-01,CUST0033,Myra Singh,West,Pune,Home & Kitchen,Mixer Grinder,Mixer Grinder,2,4246.55,0.0,8493.1,3583.31,42.19083726789982,8493.1,UPI
ORD10541,2024-04-20,2024,Apr,4,2024-04,CUST0008,Meera Nair,West,Mumbai,Furniture,Study Table,Study Table,1,4991.64,0.15,4242.89,367.72,8.666734230677676,4242.89,Net Banking
ORD10356,2025-02-27,2025,Feb,2,2025-02,CUST0196,Sneha Joshi,West,Ahmedabad,Home & Kitchen,Non-Stick Pan,Non-Stick Pan,4,2707.34,0.05,10287.89,2618.87,25.45585149141369,10287.89,Net Banking
ORD10494,2024-04-24,2024,Apr,4,2024-04,CUST0076,Ishaan Sharma,South,Chennai,Clothing,Men's T-Shirt,Men's T-Shirt,2,1052.59,0.05,1999.92,587.84,29.39317572702908,1999.92,Credit Card
ORD10360,2024-07-21,2024,Jul,7,2024-07,CUST0330,Ishaan Chatterjee,East,Kolkata,Electronics,USB-C Charger,USB-C Charger,1,700.94,0.05,665.89,38.12,5.724669239664208,665.89,Debit Card
ORD12092,2024-08-24,2024,Aug,8,2024-08,CUST0365,Sanjay Rao,West,Pune,Furniture,Bed Side Table,Bed Side Table,1,5828.58,0.0,5828.58,998.88,17.137621856438447,5828.58,UPI
ORD10225,2025-01-31,2025,Jan,1,2025-01,CUST0287,Divya Kumar,West,Ahmedabad,Electronics,USB-C Charger,USB-C Charger,1,700.94,0.1,630.85,3.08,0.4882301656495205,630.85,Net Banking
ORD11468,2024-01-29,2024,Jan,1,2024-01,CUST0020,Anika Kapoor,North,Chandigarh,Electronics,Laptop Stand,Laptop Stand,2,4602.67,0.0,9205.34,1275.02,13.850873514720801,9205.34,Debit Card
ORD10659,2024-11-17,2024,Nov,11,2024-11,CUST0116,Anika Sharma,West,Ahmedabad,Clothing,Women's Kurti,Women's Kurti,1,4506.86,0.0,4506.86,1163.32,25.812206281091495,4506.86,Credit Card
ORD12068,2024-12-21,2024,Dec,12,2024-12,CUST0296,Karan Das,North,Chandigarh,Furniture,Office Chair,Office Chair,1,3394.32,0.0,3394.32,1144.69,33.72369134318509,3394.32,Credit Card
ORD11778,2024-06-18,2024,Jun,6,2024-06,CUST0298,Divya Kapoor,South,Chennai,Clothing,Formal Shirt,Formal Shirt,1,1477.42,0.2,1181.94,195.83,16.568522936866508,1181.94,Cash on Delivery
ORD11688,2024-06-04,2024,Jun,6,2024-06,CUST0311,Sanjay Kapoor,South,Bengaluru,Electronics,Laptop Stand,Laptop Stand,1,4602.67,0.05,4372.54,407.38,9.316781550311719,4372.54,Net Banking
ORD10004,2025-01-21,2025,Jan,1,2025-01,CUST0249,Krishna Nair,South,Hyderabad,Clothing,Running Shoes,Running Shoes,1,910.04,0.2,728.03,164.78,22.633682677911626,728.03,Cash on Delivery
ORD10216,2025-01-09,2025,Jan,1,2025-01,CUST0302,Pooja Verma,North,Jaipur,Electronics,Webcam HD,Webcam HD,2,2743.97,0.05,5213.54,1037.75,19.90490146810037,5213.54,Credit Card
ORD10099,2024-04-01,2024,Apr,4,2024-04,CUST0444,Pooja Das,East,Bhubaneswar,Home & Kitchen,Non-Stick Pan,Non-Stick Pan,3,2707.34,0.2,6497.62,745.85,11.478818398121158,6497.62,Cash on Delivery
ORD10741,2024-10-09,2024,Oct,10,2024-10,CUST0172,Ravi Patel,West,Mumbai,Furniture,Study Table,Study Table,1,4991.64,0.05,4742.06,866.89,18.280873713112022,4742.06,Debit Card
ORD11524,2024-07-08,2024,Jul,7,2024-07,CUST0086,Sanjay Nair,South,Hyderabad,Electronics,Bluetooth Speaker,Bluetooth Speaker,1,5172.8,0.1,4655.52,281.78,6.0525999243908295,4655.52,UPI
ORD11451,2024-04-13,2024,Apr,4,2024-04,CUST0289,Neha Rao,South,Hyderabad,Electronics,USB-C Charger,USB-C Charger,1,700.94,0.15,595.8,-31.97,-5.365894595501847,595.8,Debit Card
ORD10929,2024-05-16,2024,May,5,2024-05,CUST0105,Arjun Das,South,Bengaluru,Electronics,Webcam HD,Webcam HD,2,2743.97,0.1,4939.15,763.36,15.45529089013292,4939.15,UPI
ORD11773,2025-01-29,2025,Jan,1,2025-01,CUST0245,Sneha Chatterjee,West,Pune,Electronics,Noise Cancelling Headphones,Noise Cancelling Headphones,1,899.46,0.15,764.54,44.01,5.756402542705417,764.54,Debit Card
ORD11114,2024-03-02,2024,Mar,3,2024-03,CUST0163,Anika Mehta,South,Chennai,Clothing,Winter Jacket,Winter Jacket,1,2896.9,0.1,2607.21,1021.54,39.18134711051277,2607.21,Credit Card
ORD11674,2024-08-30,2024,Aug,8,2024-08,CUST0298,Divya Kapoor,North,Jaipur,Clothing,Running Shoes,Running Shoes,1,910.04,0.0,910.04,346.79,38.107116170717774,910.04,UPI
ORD10168,2024-04-26,2024,Apr,4,2024-04,CUST0289,Neha Rao,West,Pune,Home & Kitchen,Mixer Grinder,Mixer Grinder,1,4246.55,0.0,4034.22,1579.32,39.14808810625102,4034.22,Credit Card
ORD11165,2024-10-03,2024,Oct,10,2024-10,CUST0054,Sanjay Rao,North,Jaipur,Furniture,Study Table,Study Table,2,4991.64,0.1,8984.95,1234.6,13.74075537426474,8984.95,Debit Card
ORD12091,2024-03-13,2024,Mar,3,2024-03,CUST0329,Aadhya Verma,South,Hyderabad,Electronics,Webcam HD,Webcam HD,1,2743.97,0.05,2606.77,518.88,19.905093276353494,2606.77,UPI
ORD10493,2024-08-16,2024,Aug,8,2024-08,CUST0097,Vihaan Nair,South,Bengaluru,Home & Kitchen,Water Bottle,Water Bottle,3,5018.72,0.0,15056.16,4498.91,29.88085939575562,15056.16,Credit Card
ORD10456,2024-01-29,2024,Jan,1,2024-01,CUST0135,Arun Gupta,East,Bhubaneswar,Electronics,Webcam HD,Webcam HD,1,2743.97,0.1,2469.57,381.68,15.455322181594367,2469.57,UPI
ORD11749,2024-08-31,2024,Aug,8,2024-08,CUST0370,Karan Kapoor,North,Jaipur,Furniture,Study Table,Study Table,1,4991.64,0.0,4991.64,1116.47,22.36679728506062,4991.64,UPI
ORD11318,2024-11-14,2024,Nov,11,2024-11,CUST0172,Ravi Patel,West,Pune,Home & Kitchen,Storage Containers Set,Storage Containers Set,1,4142.6,0.1,3728.34,1512.31,40.56255599006528,3728.34,UPI
ORD10522,2024-04-15,2024,Apr,4,2024-04,CUST0352,Arjun Mehta,West,Mumbai,Electronics,USB-C Charger,USB-C Charger,1,700.94,0.05,665.89,38.12,5.724669239664208,665.89,Credit Card
ORD11615,2024-11-06,2024,Nov,11,2024-11,CUST0298,Divya Kapoor,North,Chandigarh,Clothing,Running Shoes,Running Shoes,3,910.04,0.0,2730.12,1040.38,38.10748245498367,2730.12,Debit Card
ORD11963,2024-02-14,2024,Feb,2,2024-02,CUST0396,Meera Gupta,South,Hyderabad,Clothing,Women's Kurti,Women's Kurti,1,4506.86,0.05,4281.52,937.98,21.907640277284703,4281.52,UPI
ORD10014,2024-07-26,2024,Jul,7,2024-07,CUST0172,Ravi Patel,West,Ahmedabad,Electronics,USB-C Charger,USB-C Charger,1,700.94,0.1,630.85,3.08,0.4882301656495205,630.85,Debit Card
ORD10390,2024-12-10,2024,Dec,12,2024-12,CUST0420,Sneha Patel,North,Jaipur,Home & Kitchen,Water Bottle,Water Bottle,1,5018.72,0.15,4265.91,746.83,17.50693287012619,4265.91,Credit Card
ORD10893,2025-03-13,2025,Mar,3,2025-03,CUST0409,Arjun Gupta,East,Patna,Clothing,Women's Kurti,Women's Kurti,1,4506.86,0.1,4056.17,712.63,17.569036800725808,4056.17,Credit Card
ORD12042,2024-09-16,2024,Sep,9,2024-09,CUST0420,Sneha Patel,West,Pune,Clothing,Running Shoes,Running Shoes,1,910.04,0.1,819.04,255.79,31.230464934557535,819.04,Credit Card
ORD12150,2024-11-08,2024,Nov,11,2024-11,CUST0226,Nikhil Patel,West,Pune,Electronics,Portable SSD 1TB,Portable SSD 1TB,1,3916.61,0.3,2741.63,-658.37,-24.01381659815511,2741.63,UPI
ORD12048,2024-05-16,2024,May,5,2024-05,CUST0105,Arjun Das,South,Bengaluru,Furniture,Bookshelf,Bookshelf,4,4584.81,0.3,12837.47,-383.38,-2.9864139896724198,12837.47,UPI
ORD10607,2024-04-03,2024,Apr,4,2024-04,CUST0221,Kavya Sharma,West,Ahmedabad,Clothing,Running Shoes,Running Shoes,1,910.04,0.2,728.03,164.78,22.633682677911626,728.03,Debit Card
ORD11445,2024-07-25,2024,Jul,7,2024-07,CUST0033,Myra Singh,East,Kolkata,Electronics,Portable SSD 1TB,Portable SSD 1TB,1,3916.61,0.05,3720.78,320.78,8.621310585414884,3720.78,Debit Card
ORD11458,2024-06-08,2024,Jun,6,2024-06,CUST0388,Ravi Rao,North,Delhi,Furniture,Study Table,Study Table,1,4991.64,0.05,4742.06,866.89,18.280873713112022,4742.06,Credit Card
ORD11190,2025-03-01,2025,Mar,3,2025-03,CUST0339,Sneha Singh,West,Mumbai,Electronics,Bluetooth Speaker,Bluetooth Speaker,1,5172.8,0.15,4396.88,23.14,0.526282272884409,4396.88,Debit Card
ORD10675,2025-03-30,2025,Mar,3,2025-03,CUST0212,Sai Gupta,West,Ahmedabad,Furniture,Office Chair,Office Chair,1,3394.32,0.0,3054.89,805.26,26.35970525943651,3054.89,Credit Card
ORD10861,2024-03-22,2024,Mar,3,2024-03,CUST0259,Krishna Nair,North,Chandigarh,Furniture,Bed Side Table,Bed Side Table,1,5828.58,0.1,5245.72,416.02,7.930655848958769,5245.72,UPI
ORD10984,2024-04-03,2024,Apr,4,2024-04,CUST0356,Unknown Customer,West,Pune,Electronics,Webcam HD,Webcam HD,2,2743.97,0.05,5213.54,1037.75,19.90490146810037,5213.54,Debit Card
ORD10502,2024-10-28,2024,Oct,10,2024-10,CUST0013,Sneha Chatterjee,South,Chennai,Furniture,Recliner Chair,Recliner Chair,1,2880.32,0.3,2016.22,118.78,5.891222188054876,2016.22,UPI
ORD12102,2024-06-04,2024,Jun,6,2024-06,CUST0314,Anika Reddy,North,Jaipur,Stationery,Gel Pen Set,Gel Pen Set,3,4275.22,0.0,12825.66,6334.01,49.38545072924123,12825.66,Debit Card
ORD11582,2024-07-01,2024,Jul,7,2024-07,CUST0396,Meera Gupta,South,Hyderabad,Home & Kitchen,Storage Containers Set,Storage Containers Set,1,4142.6,0.15,3521.21,1305.18,37.06623575418677,3521.21,Net Banking
ORD10429,2025-02-18,2025,Feb,2,2025-02,CUST0382,Isha Gupta,West,Ahmedabad,Clothing,Winter Jacket,Winter Jacket,1,2896.9,0.05,2752.06,1166.39,42.38243352252495,2752.06,Credit Card
ORD11437,2024-11-25,2024,Nov,11,2024-11,CUST0117,Ishaan Patel,East,Patna,Furniture,Recliner Chair,Recliner Chair,1,2880.32,0.0,2880.32,982.88,34.123986223752915,2880.32,Net Banking
ORD11398,2024-01-13,2024,Jan,1,2024-01,CUST0074,Isha Reddy,South,Hyderabad,Furniture,Study Table,Study Table,1,4991.64,0.0,4991.64,1116.47,22.36679728506062,4991.64,UPI
ORD11216,2024-11-16,2024,Nov,11,2024-11,CUST0442,Kavya Bose,South,Bengaluru,Stationery,Gel Pen Set,Gel Pen Set,1,4275.22,0.05,4061.46,1897.58,46.72162227376362,4061.46,Credit Card
ORD10026,2024-04-08,2024,Apr,4,2024-04,CUST0412,Divya Singh,West,Mumbai,Furniture,Sofa Cover,Sofa Cover,1,4703.54,0.1,4233.19,992.79,23.4525263453802,4233.19,Cash on Delivery
ORD10884,2024-06-13,2024,Jun,6,2024-06,CUST0285,Isha Kapoor,South,Bengaluru,Electronics,Wireless Mouse,Wireless Mouse,1,4677.64,0.3,3274.35,-463.08,-14.14265426725915,3274.35,Debit Card
ORD11764,2024-01-15,2024,Jan,1,2024-01,CUST0396,Meera Gupta,West,Mumbai,Electronics,Webcam HD,Webcam HD,1,2743.97,0.05,2606.77,518.88,19.905093276353494,2606.77,UPI
ORD10703,2024-09-04,2024,Sep,9,2024-09,CUST0454,Aditya Nair,North,Chandigarh,Electronics,Bluetooth Speaker,Bluetooth Speaker,1,5172.8,0.0,5172.8,799.06,15.447339931951745,5172.8,Credit Card
ORD11115,2024-08-12,2024,Aug,8,2024-08,CUST0092,Aarav Bose,North,Delhi,Home & Kitchen,Air Fryer,Air Fryer,1,1319.46,0.0,1319.46,657.3,49.81583375017052,1319.46,Cash on Delivery
ORD10685,2024-10-01,2024,Oct,10,2024-10,CUST0116,Anika Sharma,North,Delhi,Electronics,Bluetooth Speaker,Bluetooth Speaker,1,5172.8,0.0,5172.8,799.06,15.447339931951745,5172.8,UPI
ORD10116,2024-04-07,2024,Apr,4,2024-04,CUST0059,Priya Patel,North,Jaipur,Electronics,Smart Watch,Smart Watch,2,2319.17,0.2,3710.67,-402.69,-10.85221806304522,3710.67,UPI
ORD11026,2024-01-27,2024,Jan,1,2024-01,CUST0267,Reyansh Kapoor,East,Kolkata,Home & Kitchen,Non-Stick Pan,Non-Stick Pan,1,2707.34,0.05,2571.97,654.71,25.455584629680754,2571.97,Cash on Delivery
ORD10833,2025-03-08,2025,Mar,3,2025-03,CUST0454,Aditya Nair,South,Hyderabad,Electronics,Smart Watch,Smart Watch,1,2319.17,0.0,2319.17,262.49,11.318273347792529,2319.17,UPI
ORD10371,2024-12-10,2024,Dec,12,2024-12,CUST0014,Vivaan Iyer,North,Jaipur,Clothing,Denim Jeans,Denim Jeans,2,2056.08,0.05,3906.55,1469.62,37.619382831398546,3906.55,Net Banking
ORD11138,2024-08-04,2024,Aug,8,2024-08,CUST0145,Nikhil Sharma,North,Chandigarh,Clothing,Running Shoes,Running Shoes,2,910.04,0.0,1820.08,693.58,38.107116170717774,1820.08,Debit Card
ORD12198,2024-04-30,2024,Apr,4,2024-04,CUST0341,Aarav Nair,West,Pune,Clothing,Formal Shirt,Formal Shirt,1,1477.42,0.0,1477.42,491.31,33.25459246524346,1477.42,Cash on Delivery
ORD10849,2024-12-24,2024,Dec,12,2024-12,CUST0031,Nikhil Gupta,South,Hyderabad,Home & Kitchen,Non-Stick Pan,Non-Stick Pan,1,2707.34,0.1,2436.61,519.35,21.314449173236586,2436.61,UPI
ORD10936,2024-02-09,2024,Feb,2,2024-02,CUST0204,Divya Gupta,North,Delhi,Home & Kitchen,Water Bottle,Water Bottle,3,5018.72,0.15,12797.74,2240.49,17.506919190419556,12797.74,Debit Card
ORD10097,2024-06-09,2024,Jun,6,2024-06,CUST0204,Divya Gupta,West,Mumbai,Home & Kitchen,LED Table Lamp,LED Table Lamp,2,2416.75,0.1,4350.15,1584.99,36.435295334643634,4350.15,Credit Card
ORD11938,2025-01-04,2025,Jan,1,2025-01,CUST0034,Arjun Patel,North,Delhi,Furniture,Sofa Cover,Sofa Cover,1,4703.54,0.2,3762.83,522.43,13.883964994432382,3762.83,Credit Card
ORD10587,2024-02-06,2024,Feb,2,2024-02,CUST0221,Kavya Sharma,West,Ahmedabad,Furniture,Study Table,Study Table,1,4991.64,0.0,4991.64,1116.47,22.36679728506062,4991.64,UPI
ORD11299,2024-10-15,2024,Oct,10,2024-10,CUST0445,Ravi Das,West,Pune,Electronics,Wireless Mouse,Wireless Mouse,1,4677.64,0.0,4677.64,940.21,20.100093209396192,4677.64,Cash on Delivery
ORD10612,2024-11-15,2024,Nov,11,2024-11,CUST0095,Rohan Verma,South,Bengaluru,Furniture,Office Chair,Office Chair,3,3394.32,0.05,9673.81,2924.92,30.235450148390346,9673.81,UPI
ORD11809,2024-05-30,2024,May,5,2024-05,CUST0066,Sai Singh,East,Patna,Electronics,Wireless Mouse,Wireless Mouse,1,4677.64,0.1,4209.88,472.45,11.222410139956484,4209.88,Net Banking
ORD11795,2025-02-04,2025,Feb,2,2025-02,CUST0458,Vivaan Joshi,East,Bhubaneswar,Home & Kitchen,Air Fryer,Air Fryer,1,1319.46,0.0,1319.46,657.3,49.81583375017052,1319.46,Cash on Delivery
ORD11003,2025-03-03,2025,Mar,3,2025-03,CUST0454,Aditya Nair,East,Kolkata,Furniture,Bookshelf,Bookshelf,1,4584.81,0.0,4584.81,1279.6,27.909553503852933,4584.81,Net Banking
ORD11506,2024-12-25,2024,Dec,12,2024-12,CUST0172,Ravi Patel,East,Patna,Clothing,Women's Kurti,Women's Kurti,2,4506.86,0.0,7661.66,974.58,12.720219900126084,7661.66,Cash on Delivery
ORD11610,2025-01-19,2025,Jan,1,2025-01,CUST0086,Sanjay Nair,South,Hyderabad,Home & Kitchen,Mixer Grinder,Mixer Grinder,1,4246.55,0.1,3821.9,1367.0,35.76755017138073,3821.9,Credit Card
ORD10512,2024-12-23,2024,Dec,12,2024-12,CUST0011,Sneha Iyer,South,Hyderabad,Electronics,Wireless Mouse,Wireless Mouse,1,4677.64,0.0,4677.64,940.21,20.100093209396192,4677.64,Net Banking
ORD11375,2024-06-08,2024,Jun,6,2024-06,CUST0419,Aadhya Mehta,South,Hyderabad,Clothing,Men's T-Shirt,Men's T-Shirt,4,1052.59,0.0,4210.36,1386.21,32.923787989625595,4210.36,UPI
ORD10566,2024-11-10,2024,Nov,11,2024-11,CUST0145,Nikhil Sharma,East,Bhubaneswar,Home & Kitchen,Storage Containers Set,Storage Containers Set,2,4142.6,0.05,7870.94,3438.87,43.69071546727582,7870.94,Debit Card
ORD10836,2024-02-05,2024,Feb,2,2024-02,CUST0184,Ananya Das,South,Hyderabad,Electronics,Wireless Mouse,Wireless Mouse,4,4677.64,0.1,16839.5,1889.8,11.222423468630303,16839.5,Debit Card
ORD10119,2024-05-04,2024,May,5,2024-05,CUST0172,Ravi Patel,South,Chennai,Electronics,USB-C Charger,USB-C Charger,1,700.94,0.0,700.94,73.17,10.438839272976288,700.94,UPI
ORD10506,2025-02-19,2025,Feb,2,2025-02,CUST0201,Ananya Gupta,West,Pune,Home & Kitchen,Non-Stick Pan,Non-Stick Pan,1,2707.34,0.1,2436.61,519.35,21.314449173236586,2436.61,UPI
ORD12119,2024-10-10,2024,Oct,10,2024-10,CUST0379,Kavya Joshi,North,Jaipur,Electronics,Portable SSD 1TB,Portable SSD 1TB,2,3916.61,0.0,7833.22,1033.22,13.190233390610759,7833.22,Credit Card
ORD11124,2024-11-27,2024,Nov,11,2024-11,CUST0069,Karan Verma,North,Delhi,Home & Kitchen,Air Fryer,Air Fryer,1,1319.46,0.1,1187.51,525.35,44.2396274557688,1187.51,Debit Card
ORD10022,2024-04-07,2024,Apr,4,2024-04,CUST0061,Arjun Rao,East,Kolkata,Furniture,Study Table,Study Table,1,4991.64,0.05,4742.06,866.89,18.280873713112022,4742.06,Credit Card
ORD10501,2024-04-28,2024,Apr,4,2024-04,CUST0076,Ishaan Sharma,East,Bhubaneswar,Electronics,Noise Cancelling Headphones,Noise Cancelling Headphones,1,899.46,0.0,899.46,178.93,19.893046939274676,899.46,Net Banking
ORD11239,2025-01-21,2025,Jan,1,2025-01,CUST0354,Karan Bose,South,Bengaluru,Clothing,Winter Jacket,Winter Jacket,1,2896.9,0.1,2607.21,1021.54,39.18134711051277,2607.21,Credit Card
ORD12183,2024-11-19,2024,Nov,11,2024-11,CUST0389,Anika Sharma,South,Hyderabad,Furniture,Recliner Chair,Recliner Chair,1,2880.32,0.0,2880.32,982.88,34.123986223752915,2880.32,UPI
ORD11206,2024-04-25,2024,Apr,4,2024-04,CUST0147,Ishaan Gupta,West,Ahmedabad,Stationery,Notebook Pack,Notebook Pack,1,4753.51,0.0,4753.51,2457.71,51.70305731974898,4753.51,Credit Card
ORD11309,2025-03-27,2025,Mar,3,2025-03,CUST0328,Pooja Kumar,West,Ahmedabad,Electronics,Wireless Mouse,Wireless Mouse,1,4677.64,0.05,4443.76,706.33,15.894872810412805,4443.76,Credit Card
ORD10165,2024-10-14,2024,Oct,10,2024-10,CUST0458,Vivaan Joshi,West,Mumbai,Furniture,Sofa Cover,Sofa Cover,1,4703.54,0.05,4468.36,1227.96,27.481223536151965,4468.36,UPI
ORD11287,2024-12-06,2024,Dec,12,2024-12,CUST0270,Aditya Nair,East,Bhubaneswar,Electronics,Smart Watch,Smart Watch,2,2319.17,0.1,4174.51,61.15,1.4648425803267928,4174.51,UPI
ORD11956,2024-08-07,2024,Aug,8,2024-08,CUST0245,Unknown Customer,North,Delhi,Home & Kitchen,Non-Stick Pan,Non-Stick Pan,1,2707.34,0.05,2571.97,654.71,25.455584629680754,2571.97,Credit Card
ORD12100,2024-10-31,2024,Oct,10,2024-10,CUST0014,Vivaan Iyer,South,Chennai,Clothing,Winter Jacket,Winter Jacket,1,2896.9,0.05,2752.06,1166.39,42.38243352252495,2752.06,Credit Card
ORD11284,2025-03-10,2025,Mar,3,2025-03,CUST0207,Arjun Nair,North,Chandigarh,Furniture,Sofa Cover,Sofa Cover,2,4703.54,0.0,9407.08,2926.28,31.107208613087167,9407.08,Cash on Delivery
ORD11554,2024-10-05,2024,Oct,10,2024-10,CUST0246,Pooja Singh,North,Jaipur,Stationery,Sticky Notes,Sticky Notes,1,2834.66,0.0,2834.66,1520.09,53.62512611741796,2834.66,UPI
ORD10944,2024-03-13,2024,Mar,3,2024-03,CUST0035,Krishna Nair,West,Ahmedabad,Electronics,Webcam HD,Webcam HD,2,2743.97,0.15,4664.75,488.96,10.482019400825338,4664.75,Net Banking
ORD11821,2025-01-25,2025,Jan,1,2025-01,CUST0135,Arun Gupta,South,Hyderabad,Clothing,Women's Kurti,Women's Kurti,1,4506.86,0.15,3830.83,487.29,12.720219900126084,3830.83,UPI
ORD10379,2024-03-09,2024,Mar,3,2024-03,CUST0435,Krishna Kapoor,North,Delhi,Electronics,Smart Watch,Smart Watch,1,2319.17,0.1,2087.25,30.57,1.4646065397053538,2087.25,UPI
ORD10064,2024-06-29,2024,Jun,6,2024-06,CUST0183,Isha Iyer,South,Hyderabad,Clothing,Formal Shirt,Formal Shirt,1,1477.42,0.3,1034.19,48.08,4.649049014204352,1034.19,Debit Card
ORD12083,2024-11-13,2024,Nov,11,2024-11,CUST0249,Krishna Nair,East,Patna,Clothing,Formal Shirt,Formal Shirt,3,1477.42,0.0,4432.26,1473.93,33.25459246524346,4432.26,Credit Card
ORD11851,2024-11-30,2024,Nov,11,2024-11,CUST0224,Reyansh Iyer,South,Hyderabad,Home & Kitchen,Air Fryer,Air Fryer,1,1319.46,0.0,1319.46,657.3,49.81583375017052,1319.46,Debit Card
ORD10699,2024-05-09,2024,May,5,2024-05,CUST0154,Pooja Kapoor,South,Chennai,Electronics,USB-C Charger,USB-C Charger,1,700.94,0.0,700.94,73.17,10.438839272976288,700.94,Cash on Delivery
ORD12049,2024-12-18,2024,Dec,12,2024-12,CUST0456,Myra Gupta,East,Kolkata,Electronics,Smart Watch,Smart Watch,1,2319.17,0.15,1971.29,-85.39,-4.331681284843935,1971.29,UPI
ORD10295,2024-01-22,2024,Jan,1,2024-01,CUST0270,Aditya Nair,West,Pune,Electronics,Wireless Mouse,Wireless Mouse,1,4677.64,0.1,4209.88,472.45,11.222410139956484,4209.88,Debit Card
ORD12041,2024-05-01,2024,May,5,2024-05,CUST0339,Sneha Singh,East,Patna,Home & Kitchen,Air Fryer,Air Fryer,1,1319.46,0.0,1319.46,657.3,49.81583375017052,1319.46,UPI
ORD11782,2024-05-15,2024,May,5,2024-05,CUST0235,Pooja Chatterjee,North,Delhi,Furniture,Bed Side Table,Bed Side Table,2,5828.58,0.05,11074.3,1414.89,12.77633800781991,11074.3,Credit Card
ORD10316,2024-04-17,2024,Apr,4,2024-04,CUST0307,Divya Kapoor,West,Pune,Home & Kitchen,LED Table Lamp,LED Table Lamp,2,2416.75,0.05,4591.82,1826.66,39.78074053425439,4591.82,Debit Card
ORD10529,2024-08-26,2024,Aug,8,2024-08,CUST0084,Arjun Rao,South,Bengaluru,Clothing,Denim Jeans,Denim Jeans,2,2056.08,0.1,3700.94,1264.01,34.15375553237826,3700.94,Credit Card
ORD10131,2024-12-30,2024,Dec,12,2024-12,CUST0420,Sneha Patel,North,Jaipur,Furniture,Recliner Chair,Recliner Chair,1,2880.32,0.0,2880.32,982.88,34.123986223752915,2880.32,Credit Card
ORD11204,2024-07-18,2024,Jul,7,2024-07,CUST0040,Ananya Kumar,East,Kolkata,Clothing,Formal Shirt,Formal Shirt,2,1477.42,0.0,2954.84,982.62,33.25459246524346,2954.84,UPI
ORD10190,2025-01-07,2025,Jan,1,2025-01,CUST0376,Isha Iyer,East,Patna,Electronics,Bluetooth Speaker,Bluetooth Speaker,1,5172.8,0.1,4655.52,281.78,6.0525999243908295,4655.52,UPI
ORD10028,2024-10-27,2024,Oct,10,2024-10,CUST0046,Krishna Joshi,North,Chandigarh,Furniture,Sofa Cover,Sofa Cover,1,4703.54,0.05,4468.36,1227.96,27.481223536151965,4468.36,UPI
ORD10745,2024-07-19,2024,Jul,7,2024-07,CUST0042,Myra Joshi,East,Kolkata,Clothing,Formal Shirt,Formal Shirt,1,1477.42,0.15,1255.81,269.7,21.47617872130338,1255.81,Credit Card
ORD10650,2024-02-26,2024,Feb,2,2024-02,CUST0283,Sai Kapoor,East,Bhubaneswar,Clothing,Denim Jeans,Denim Jeans,1,2056.08,0.0,2056.08,837.62,40.73868721061438,2056.08,Debit Card
ORD11152,2025-01-07,2025,Jan,1,2025-01,CUST0155,Aarav Joshi,North,Delhi,Electronics,Wireless Mouse,Wireless Mouse,1,4677.64,0.0,4677.64,940.21,20.100093209396192,4677.64,Net Banking
ORD11710,2024-02-10,2024,Feb,2,2024-02,CUST0379,Kavya Joshi,East,Kolkata,Electronics,USB-C Charger,USB-C Charger,1,700.94,0.15,595.8,-31.97,-5.365894595501847,595.8,Debit Card
ORD11474,2024-02-15,2024,Feb,2,2024-02,CUST0149,Sneha Verma,North,Chandigarh,Furniture,Sofa Cover,Sofa Cover,1,4703.54,0.15,3998.01,757.61,18.94967746453861,3998.01,UPI
ORD12104,2025-01-24,2025,Jan,1,2025-01,CUST0162,Vihaan Singh,North,Delhi,Stationery,Gel Pen Set,Gel Pen Set,3,4275.22,0.1,11543.09,5051.44,43.76159243322195,11543.09,UPI
ORD11696,2024-05-16,2024,May,5,2024-05,CUST0069,Karan Verma,West,Ahmedabad,Stationery,Sticky Notes,Sticky Notes,1,2834.66,0.1,2551.19,1236.62,48.472281562721705,2551.19,Debit Card
ORD11976,2024-06-14,2024,Jun,6,2024-06,CUST0477,Ravi Das,South,Hyderabad,Electronics,USB-C Charger,USB-C Charger,1,700.94,0.05,665.89,38.12,5.724669239664208,665.89,Net Banking
ORD11898,2024-01-13,2024,Jan,1,2024-01,CUST0077,Arjun Kumar,West,Mumbai,Clothing,Running Shoes,Running Shoes,2,910.04,0.0,1820.08,693.58,38.107116170717774,1820.08,Credit Card
ORD10322,2024-03-01,2024,Mar,3,2024-03,CUST0172,Ravi Patel,South,Hyderabad,Electronics,Bluetooth Speaker,Bluetooth Speaker,1,5172.8,0.0,5172.8,799.06,15.447339931951745,5172.8,Credit Card
ORD12046,2024-02-20,2024,Feb,2,2024-02,CUST0087,Nikhil Reddy,South,Hyderabad,Electronics,Bluetooth Speaker,Bluetooth Speaker,1,5172.8,0.05,4914.16,540.42,10.99719992837026,4914.16,Credit Card
ORD11404,2024-11-04,2024,Nov,11,2024-11,CUST0454,Aditya Nair,West,Pune,Clothing,Winter Jacket,Winter Jacket,1,2896.9,0.1,2607.21,1021.54,39.18134711051277,2607.21,UPI
ORD11261,2024-03-13,2024,Mar,3,2024-03,CUST0375,Isha Sharma,North,Delhi,Home & Kitchen,Storage Containers Set,Storage Containers Set,1,4142.6,0.0,4142.6,1926.57,46.50630039105875,4142.6,Net Banking
ORD11494,2024-03-23,2024,Mar,3,2024-03,CUST0093,Kavya Gupta,West,Mumbai,Electronics,Smart Watch,Smart Watch,1,2319.17,0.1,2087.25,30.57,1.4646065397053538,2087.25,Debit Card
ORD10586,2024-06-21,2024,Jun,6,2024-06,CUST0281,Neha Gupta,North,Jaipur,Clothing,Formal Shirt,Formal Shirt,1,1477.42,0.0,1477.42,491.31,33.25459246524346,1477.42,Debit Card
ORD10711,2024-08-11,2024,Aug,8,2024-08,CUST0457,Neha Reddy,South,Chennai,Home & Kitchen,Storage Containers Set,Storage Containers Set,1,4142.6,0.1,3728.34,1512.31,40.56255599006528,3728.34,UPI
ORD11354,2024-05-01,2024,May,5,2024-05,CUST0107,Rohan Chatterjee,South,Bengaluru,Electronics,Portable SSD 1TB,Portable SSD 1TB,1,3916.61,0.1,3524.95,124.95,3.544731130938028,3524.95,Net Banking
ORD11628,2024-02-02,2024,Feb,2,2024-02,CUST0277,Priya Verma,South,Chennai,Clothing,Women's Kurti,Women's Kurti,1,4506.86,0.3,3154.8,-188.74,-5.98262964371751,3154.8,Debit Card
ORD11800,2024-10-06,2024,Oct,10,2024-10,CUST0245,Sneha Chatterjee,West,Ahmedabad,Stationery,Desk Organizer,Desk Organizer,1,967.81,0.0,967.81,606.91,62.70962275653279,967.81,Credit Card
ORD10076,2024-05-15,2024,May,5,2024-05,CUST0365,Sanjay Rao,North,Delhi,Electronics,Laptop Stand,Laptop Stand,3,4602.67,0.1,12427.21,531.73,4.278756052243424,12427.21,UPI
ORD11731,2024-02-29,2024,Feb,2,2024-02,CUST0069,Karan Verma,West,Pune,Furniture,Bed Side Table,Bed Side Table,1,5828.58,0.15,4954.29,124.59,2.514790212119194,4954.29,Net Banking
ORD12074,2025-03-18,2025,Mar,3,2025-03,CUST0467,Anika Kumar,North,Delhi,Furniture,Sofa Cover,Sofa Cover,1,4703.54,0.2,3762.83,522.43,13.883964994432382,3762.83,UPI
ORD10220,2024-08-01,2024,Aug,8,2024-08,CUST0107,Rohan Chatterjee,North,Jaipur,Stationery,Notebook Pack,Notebook Pack,1,4753.51,0.0,4753.51,2457.71,51.70305731974898,4753.51,Credit Card
ORD11380,2024-10-01,2024,Oct,10,2024-10,CUST0284,Aadhya Rao,West,Ahmedabad,Home & Kitchen,Water Bottle,Water Bottle,1,5018.72,0.2,4014.98,495.9,12.351244589014142,4014.98,UPI
ORD10303,2024-05-07,2024,May,5,2024-05,CUST0245,Sneha Chatterjee,East,Patna,Stationery,Sticky Notes,Sticky Notes,1,2834.66,0.1,2551.19,1236.62,48.472281562721705,2551.19,Credit Card
ORD10864,2024-10-02,2024,Oct,10,2024-10,CUST0458,Vivaan Joshi,North,Delhi,Electronics,Noise Cancelling Headphones,Noise Cancelling Headphones,1,899.46,0.15,764.54,44.01,5.756402542705417,764.54,UPI
ORD11745,2024-12-19,2024,Dec,12,2024-12,CUST0172,Ravi Patel,North,Jaipur,Electronics,Portable SSD 1TB,Portable SSD 1TB,2,3916.61,0.15,6658.24,-141.76,-2.129091171240448,6658.24,Net Banking
ORD10631,2024-09-20,2024,Sep,9,2024-09,CUST0405,Aadhya Rao,West,Pune,Stationery,Notebook Pack,Notebook Pack,1,4753.51,0.05,4515.83,2220.03,49.161062307482794,4515.83,Net Banking
ORD11532,2024-10-06,2024,Oct,10,2024-10,CUST0105,Arjun Das,West,Pune,Clothing,Denim Jeans,Denim Jeans,2,2056.08,0.05,3906.55,1469.62,37.619382831398546,3906.55,Credit Card
ORD11620,2024-02-02,2024,Feb,2,2024-02,CUST0001,Isha Mehta,East,Patna,Furniture,Bed Side Table,Bed Side Table,2,5828.58,0.1,10491.44,832.03,7.930560533158459,10491.44,Debit Card
ORD11766,2024-03-05,2024,Mar,3,2024-03,CUST0412,Divya Singh,South,Hyderabad,Clothing,Men's T-Shirt,Men's T-Shirt,1,1052.59,0.1,947.33,241.29,25.470532971614958,947.33,Debit Card
ORD10805,2024-05-24,2024,May,5,2024-05,CUST0442,Kavya Bose,East,Patna,Furniture,Study Table,Study Table,1,4991.64,0.05,4742.06,866.89,18.280873713112022,4742.06,Credit Card
ORD11134,2025-01-22,2025,Jan,1,2025-01,CUST0109,Nikhil Reddy,East,Bhubaneswar,Electronics,Wireless Mouse,Wireless Mouse,1,4677.64,0.05,4443.76,706.33,15.894872810412805,4443.76,UPI
ORD10181,2024-05-04,2024,May,5,2024-05,CUST0124,Myra Reddy,West,Mumbai,Electronics,Smart Watch,Smart Watch,1,2319.17,0.05,2203.21,146.53,6.650750495867394,2203.21,Cash on Delivery
ORD11264,2024-12-12,2024,Dec,12,2024-12,CUST0302,Pooja Verma,North,Jaipur,Furniture,Recliner Chair,Recliner Chair,1,2880.32,0.0,2880.32,982.88,34.123986223752915,2880.32,Credit Card
ORD11807,2024-02-21,2024,Feb,2,2024-02,CUST0298,Divya Kapoor,South,Hyderabad,Home & Kitchen,Non-Stick Pan,Non-Stick Pan,2,2707.34,0.0,5143.95,1309.44,25.455923949494068,5143.95,Credit Card
ORD11903,2024-03-07,2024,Mar,3,2024-03,CUST0389,Anika Sharma,North,Chandigarh,Home & Kitchen,Water Bottle,Water Bottle,1,5018.72,0.2,4014.98,495.9,12.351244589014142,4014.98,Debit Card
ORD11449,2024-09-12,2024,Sep,9,2024-09,CUST0435,Krishna Kapoor,North,Delhi,Furniture,Sofa Cover,Sofa Cover,2,4703.54,0.15,7996.02,1515.22,18.94967746453861,7996.02,UPI
ORD11997,2024-07-06,2024,Jul,7,2024-07,CUST0372,Vihaan Kapoor,East,Bhubaneswar,Electronics,Portable SSD 1TB,Portable SSD 1TB,1,3916.61,0.1,3524.95,124.95,3.544731130938028,3524.95,Cash on Delivery
ORD10377,2024-09-09,2024,Sep,9,2024-09,CUST0304,Neha Verma,South,Bengaluru,Electronics,USB-C Charger,USB-C Charger,1,700.94,0.0,700.94,73.17,10.438839272976288,700.94,Net Banking
ORD10948,2024-04-18,2024,Apr,4,2024-04,CUST0096,Priya Mehta,North,Jaipur,Furniture,Office Chair,Office Chair,1,3394.32,0.05,3224.6,974.97,30.235378031383743,3224.6,UPI
ORD10732,2024-07-10,2024,Jul,7,2024-07,CUST0087,Nikhil Reddy,West,Pune,Home & Kitchen,Air Fryer,Air Fryer,1,1319.46,0.05,1253.49,591.33,47.174688270349186,1253.49,Debit Card
ORD10024,2024-12-09,2024,Dec,12,2024-12,CUST0477,Ravi Das,North,Delhi,Furniture,Bookshelf,Bookshelf,3,4584.81,0.05,13066.71,3151.07,24.115251658604198,13066.71,Net Banking
ORD11771,2024-08-10,2024,Aug,8,2024-08,CUST0442,Kavya Bose,West,Ahmedabad,Home & Kitchen,Non-Stick Pan,Non-Stick Pan,2,2707.34,0.0,5414.68,1580.17,29.183072683888984,5414.68,UPI
ORD10684,2025-02-12,2025,Feb,2,2025-02,CUST0235,Pooja Chatterjee,West,Mumbai,Clothing,Formal Shirt,Formal Shirt,2,1477.42,0.0,2954.84,982.62,33.25459246524346,2954.84,UPI
ORD10900,2025-03-25,2025,Mar,3,2025-03,CUST0350,Priya Kumar,West,Pune,Electronics,Laptop Stand,Laptop Stand,1,4602.67,0.0,4602.67,637.51,13.850873514720801,4602.67,UPI
ORD10347,2024-10-24,2024,Oct,10,2024-10,CUST0034,Arjun Patel,South,Bengaluru,Electronics,Laptop Stand,Laptop Stand,1,4602.67,0.15,3912.27,-52.89,-1.3519005590104978,3912.27,Credit Card
ORD11973,2025-01-10,2025,Jan,1,2025-01,CUST0038,Nikhil Verma,South,Chennai,Home & Kitchen,Air Fryer,Air Fryer,2,1319.46,0.0,2638.92,1314.6,49.81583375017052,2638.92,Debit Card
ORD10644,2025-02-12,2025,Feb,2,2025-02,CUST0283,Sai Kapoor,North,Chandigarh,Furniture,Study Table,Study Table,1,4991.64,0.2,3993.31,118.14,2.9584480042871704,3993.31,Cash on Delivery
ORD11363,2024-10-16,2024,Oct,10,2024-10,CUST0448,Anika Chatterjee,East,Patna,Home & Kitchen,Mixer Grinder,Mixer Grinder,2,4246.55,0.15,7219.14,2309.35,31.989267419664948,7219.14,Credit Card
ORD12195,2025-01-05,2025,Jan,1,2025-01,CUST0301,Arjun Bose,North,Jaipur,Clothing,Formal Shirt,Formal Shirt,1,1477.42,0.15,1255.81,269.7,21.47617872130338,1255.81,UPI
ORD10009,2025-02-07,2025,Feb,2,2025-02,CUST0196,Sneha Joshi,South,Bengaluru,Clothing,Winter Jacket,Winter Jacket,1,2896.9,0.3,2027.83,442.16,21.80458914208785,2027.83,Cash on Delivery
ORD12165,2025-03-21,2025,Mar,3,2025-03,CUST0046,Krishna Joshi,West,Ahmedabad,Furniture,Bed Side Table,Bed Side Table,1,5828.58,0.0,5828.58,998.88,17.137621856438447,5828.58,Cash on Delivery
ORD10229,2025-03-03,2025,Mar,3,2025-03,CUST0212,Sai Gupta,West,Mumbai,Clothing,Men's T-Shirt,Men's T-Shirt,1,1052.59,0.0,1052.59,346.55,32.923550480243975,1052.59,Credit Card
ORD10490,2024-12-08,2024,Dec,12,2024-12,CUST0380,Unknown Customer,West,Ahmedabad,Electronics,Webcam HD,Webcam HD,1,2743.97,0.1,2469.57,381.68,15.455322181594367,2469.57,Credit Card
ORD10214,2024-10-25,2024,Oct,10,2024-10,CUST0419,Aadhya Mehta,West,Ahmedabad,Electronics,USB-C Charger,USB-C Charger,1,700.94,0.0,700.94,73.17,10.438839272976288,700.94,Credit Card
ORD11335,2024-09-04,2024,Sep,9,2024-09,CUST0249,Krishna Nair,South,Hyderabad,Stationery,Desk Organizer,Desk Organizer,1,967.81,0.1,871.03,510.13,58.56629507594457,871.03,UPI
ORD10857,2024-03-03,2024,Mar,3,2024-03,CUST0303,Meera Verma,South,Bengaluru,Home & Kitchen,Storage Containers Set,Storage Containers Set,2,4142.6,0.0,8285.2,3853.13,46.50617969391203,8285.2,UPI
ORD12178,2024-12-31,2024,Dec,12,2024-12,CUST0365,Sanjay Rao,South,Hyderabad,Clothing,Running Shoes,Running Shoes,1,910.04,0.3,637.03,73.78,11.581872125331618,637.03,Debit Card
ORD11619,2024-12-10,2024,Dec,12,2024-12,CUST0435,Krishna Kapoor,East,Patna,Home & Kitchen,Mixer Grinder,Mixer Grinder,1,4246.55,0.0,4246.55,1791.65,42.190719525261684,4246.55,UPI
ORD10450,2024-04-09,2024,Apr,4,2024-04,CUST0125,Aarav Kapoor,South,Chennai,Home & Kitchen,Water Bottle,Water Bottle,1,5018.72,0.1,4516.85,997.77,22.089952068366227,4516.85,Cash on Delivery
ORD11636,2024-11-16,2024,Nov,11,2024-11,CUST0423,Nikhil Rao,South,Hyderabad,Clothing,Formal Shirt,Formal Shirt,1,1477.42,0.05,1403.55,417.44,29.741726336788858,1403.55,Credit Card
ORD10016,2024-01-21,2024,Jan,1,2024-01,CUST0475,Ananya Sharma,North,Jaipur,Clothing,Women's Kurti,Women's Kurti,1,4506.86,0.15,3830.83,487.29,12.720219900126084,3830.83,Cash on Delivery
ORD11169,2025-02-12,2025,Feb,2,2025-02,CUST0229,Divya Das,West,Ahmedabad,Home & Kitchen,Mixer Grinder,Mixer Grinder,1,4246.55,0.3,2972.58,517.68,17.415174696728094,2972.58,Debit Card
ORD11775,2024-03-16,2024,Mar,3,2024-03,CUST0328,Pooja Kumar,South,Hyderabad,Electronics,Bluetooth Speaker,Bluetooth Speaker,1,5172.8,0.2,4138.24,-235.5,-5.6908250850603155,4138.24,Credit Card
ORD12088,2025-02-15,2025,Feb,2,2025-02,CUST0226,Nikhil Patel,East,Bhubaneswar,Stationery,Sticky Notes,Sticky Notes,1,2834.66,0.0,2834.66,1520.09,53.62512611741796,2834.66,Credit Card
ORD10949,2024-01-05,2024,Jan,1,2024-01,CUST0341,Aarav Nair,East,Patna,Home & Kitchen,Storage Containers Set,Storage Containers Set,2,4142.6,0.0,8285.2,3853.13,46.50617969391203,8285.2,Debit Card
ORD11572,2024-05-25,2024,May,5,2024-05,CUST0423,Nikhil Rao,North,Delhi,Home & Kitchen,Storage Containers Set,Storage Containers Set,3,4142.6,0.15,10563.63,3915.53,37.06614108975798,10563.63,Credit Card
ORD11135,2024-07-21,2024,Jul,7,2024-07,CUST0092,Aarav Bose,South,Bengaluru,Electronics,Bluetooth Speaker,Bluetooth Speaker,1,5172.8,0.05,4914.16,540.42,10.99719992837026,4914.16,Debit Card
ORD11127,2024-12-03,2024,Dec,12,2024-12,CUST0062,Aditya Mehta,West,Ahmedabad,Clothing,Men's T-Shirt,Men's T-Shirt,1,1052.59,0.15,894.7,188.66,21.08639767519839,894.7,Debit Card
ORD10547,2025-03-29,2025,Mar,3,2025-03,CUST0350,Priya Kumar,South,Hyderabad,Clothing,Men's T-Shirt,Men's T-Shirt,1,1052.59,0.05,999.96,293.92,29.39317572702908,999.96,Net Banking
ORD10728,2025-02-02,2025,Feb,2,2025-02,CUST0318,Kavya Singh,West,Ahmedabad,Home & Kitchen,LED Table Lamp,LED Table Lamp,2,2416.75,0.0,4833.5,2068.34,42.791765801179274,4833.5,Credit Card
ORD12032,2025-03-28,2025,Mar,3,2025-03,CUST0340,Rohan Singh,North,Chandigarh,Home & Kitchen,LED Table Lamp,LED Table Lamp,1,2416.75,0.2,1933.4,550.82,28.48970725147409,1933.4,UPI
ORD11993,2024-08-01,2024,Aug,8,2024-08,CUST0190,Divya Patel,West,Mumbai,Electronics,Smart Watch,Smart Watch,1,2319.17,0.1,2087.25,30.57,1.4646065397053538,2087.25,UPI
ORD10355,2024-03-26,2024,Mar,3,2024-03,CUST0221,Kavya Sharma,East,Patna,Stationery,Gel Pen Set,Gel Pen Set,2,4275.22,0.0,8550.44,4222.67,49.38541174489266,8550.44,Net Banking
ORD10281,2024-06-25,2024,Jun,6,2024-06,CUST0355,Pooja Sharma,West,Pune,Home & Kitchen,Water Bottle,Water Bottle,2,5018.72,0.15,8531.82,1493.66,17.50693287012619,8531.82,Debit Card
ORD10208,2025-03-31,2025,Mar,3,2025-03,CUST0277,Priya Verma,West,Pune,Furniture,Bed Side Table,Bed Side Table,1,5828.58,0.05,5537.15,707.45,12.77642830698103,5537.15,Credit Card
ORD11048,2024-10-28,2024,Oct,10,2024-10,CUST0289,Neha Rao,West,Pune,Clothing,Running Shoes,Running Shoes,1,910.04,0.0,910.04,346.79,38.107116170717774,910.04,Net Banking
ORD10769,2024-12-16,2024,Dec,12,2024-12,CUST0405,Aadhya Rao,South,Hyderabad,Electronics,Webcam HD,Webcam HD,2,2743.97,0.0,5487.94,1312.15,23.909700178937822,5487.94,Debit Card
ORD10858,2025-02-07,2025,Feb,2,2025-02,CUST0278,Saanvi Joshi,South,Chennai,Electronics,Noise Cancelling Headphones,Noise Cancelling Headphones,1,899.46,0.0,899.46,178.93,19.893046939274676,899.46,Debit Card
ORD11769,2024-12-25,2024,Dec,12,2024-12,CUST0120,Aditya Joshi,South,Bengaluru,Clothing,Formal Shirt,Formal Shirt,2,1477.42,0.0,2511.61,539.39,21.47586607793407,2511.61,Credit Card
ORD11298,2024-04-20,2024,Apr,4,2024-04,CUST0229,Divya Das,North,Chandigarh,Electronics,USB-C Charger,USB-C Charger,2,700.94,0.0,1401.88,146.34,10.438839272976288,1401.88,UPI
ORD10417,2024-07-27,2024,Jul,7,2024-07,CUST0237,Krishna Kumar,West,Pune,Clothing,Denim Jeans,Denim Jeans,1,2056.08,0.0,2056.08,837.62,40.73868721061438,2056.08,Credit Card
ORD11743,2024-08-19,2024,Aug,8,2024-08,CUST0176,Ravi Kapoor,South,Chennai,Home & Kitchen,Water Bottle,Water Bottle,1,5018.72,0.0,5018.72,1499.64,29.880925813753308,5018.72,UPI
ORD11278,2025-02-23,2025,Feb,2,2025-02,CUST0327,Aarav Joshi,North,Delhi,Home & Kitchen,Non-Stick Pan,Non-Stick Pan,1,2707.34,0.0,2707.34,790.08,29.18288800076828,2707.34,Cash on Delivery
ORD11410,2024-04-25,2024,Apr,4,2024-04,CUST0076,Ishaan Sharma,West,Mumbai,Furniture,Sofa Cover,Sofa Cover,1,4703.54,0.05,4468.36,1227.96,27.481223536151965,4468.36,UPI
ORD11962,2024-05-09,2024,May,5,2024-05,CUST0267,Reyansh Kapoor,East,Patna,Home & Kitchen,Non-Stick Pan,Non-Stick Pan,1,2707.34,0.15,2301.24,383.98,16.685786793207143,2301.24,Credit Card
ORD11012,2024-01-23,2024,Jan,1,2024-01,CUST0103,Sneha Iyer,North,Delhi,Electronics,Webcam HD,Webcam HD,1,2743.97,0.05,2606.77,518.88,19.905093276353494,2606.77,Credit Card
ORD10443,2024-03-31,2024,Mar,3,2024-03,CUST0426,Ishaan Patel,West,Mumbai,Electronics,Bluetooth Speaker,Bluetooth Speaker,1,5172.8,0.05,4914.16,540.42,10.99719992837026,4914.16,Credit Card
ORD11352,2024-11-06,2024,Nov,11,2024-11,CUST0454,Unknown Customer,South,Bengaluru,Stationery,Notebook Pack,Notebook Pack,1,4753.51,0.0,4753.51,2457.71,51.70305731974898,4753.51,Credit Card
ORD11386,2025-01-13,2025,Jan,1,2025-01,CUST0167,Myra Sharma,North,Jaipur,Clothing,Winter Jacket,Winter Jacket,1,2896.9,0.2,2317.52,731.85,31.579015499326868,2317.52,Debit Card
ORD10883,2024-02-12,2024,Feb,2,2024-02,CUST0125,Aarav Kapoor,East,Patna,Clothing,Formal Shirt,Formal Shirt,1,1477.42,0.0,1477.42,491.31,33.25459246524346,1477.42,Credit Card
ORD10537,2024-06-22,2024,Jun,6,2024-06,CUST0069,Karan Verma,West,Mumbai,Electronics,Wireless Mouse,Wireless Mouse,1,4677.64,0.05,4443.76,706.33,15.894872810412805,4443.76,Net Banking
ORD12166,2025-03-27,2025,Mar,3,2025-03,CUST0170,Pooja Verma,West,Mumbai,Stationery,Notebook Pack,Notebook Pack,1,4753.51,0.05,4515.83,2220.03,49.161062307482794,4515.83,UPI
ORD10784,2024-06-11,2024,Jun,6,2024-06,CUST0301,Arjun Bose,East,Kolkata,Home & Kitchen,Storage Containers Set,Storage Containers Set,1,4142.6,0.05,3935.47,1719.44,43.690842516903956,3935.47,UPI
ORD10349,2024-10-07,2024,Oct,10,2024-10,CUST0079,Myra Kapoor,North,Chandigarh,Electronics,Laptop Stand,Laptop Stand,1,4602.67,0.05,4372.54,407.38,9.316781550311719,4372.54,Debit Card
ORD10954,2024-06-13,2024,Jun,6,2024-06,CUST0345,Diya Kumar,East,Patna,Stationery,Desk Organizer,Desk Organizer,2,967.81,0.0,1935.62,1213.82,62.70962275653279,1935.62,Cash on Delivery
ORD10404,2024-07-01,2024,Jul,7,2024-07,CUST0362,Divya Sharma,East,Patna,Furniture,Bookshelf,Bookshelf,1,4584.81,0.0,4584.81,1279.6,27.909553503852933,4584.81,Debit Card
ORD10363,2025-01-18,2025,Jan,1,2025-01,CUST0451,Vivaan Verma,North,Jaipur,Home & Kitchen,Water Bottle,Water Bottle,1,5018.72,0.0,5018.72,1499.64,29.880925813753308,5018.72,Credit Card
ORD10755,2024-12-03,2024,Dec,12,2024-12,CUST0288,Aditya Nair,North,Jaipur,Electronics,Webcam HD,Webcam HD,2,2743.97,0.05,5213.54,1037.75,19.90490146810037,5213.54,Credit Card
ORD10798,2024-12-09,2024,Dec,12,2024-12,CUST0105,Arjun Das,West,Mumbai,Clothing,Winter Jacket,Winter Jacket,1,2896.9,0.15,2462.37,876.7,35.60391005413484,2462.37,Cash on Delivery
ORD10027,2024-11-29,2024,Nov,11,2024-11,CUST0212,Sai Gupta,South,Chennai,Clothing,Women's Kurti,Women's Kurti,1,4506.86,0.0,4506.86,1163.32,25.812206281091495,4506.86,Debit Card
ORD11607,2024-05-10,2024,May,5,2024-05,CUST0249,Krishna Nair,South,Hyderabad,Electronics,Smart Watch,Smart Watch,1,2319.17,0.0,2319.17,262.49,11.318273347792529,2319.17,UPI
ORD11669,2025-02-18,2025,Feb,2,2025-02,CUST0105,Unknown Customer,West,Ahmedabad,Electronics,Bluetooth Speaker,Bluetooth Speaker,1,5172.8,0.1,4655.52,281.78,6.0525999243908295,4655.52,Net Banking
ORD10178,2025-01-06,2025,Jan,1,2025-01,CUST0444,Pooja Das,South,Chennai,Electronics,Noise Cancelling Headphones,Noise Cancelling Headphones,1,899.46,0.15,764.54,44.01,5.756402542705417,764.54,Debit Card
ORD10357,2024-02-12,2024,Feb,2,2024-02,CUST0178,Priya Kapoor,East,Kolkata,Electronics,Noise Cancelling Headphones,Noise Cancelling Headphones,1,899.46,0.05,854.49,133.96,15.677187562171587,854.49,UPI
ORD12053,2024-04-02,2024,Apr,4,2024-04,CUST0111,Priya Nair,South,Chennai,Electronics,Bluetooth Speaker,Bluetooth Speaker,1,5172.8,0.1,4655.52,281.78,6.0525999243908295,4655.52,Net Banking
ORD11693,2024-01-26,2024,Jan,1,2024-01,CUST0162,Vihaan Singh,North,Delhi,Furniture,Office Chair,Office Chair,1,3394.32,0.15,2885.17,635.54,22.02781811816981,2885.17,Cash on Delivery
ORD11241,2024-06-09,2024,Jun,6,2024-06,CUST0453,Sanjay Sharma,West,Ahmedabad,Clothing,Formal Shirt,Formal Shirt,1,1477.42,0.2,1181.94,195.83,16.568522936866508,1181.94,Cash on Delivery
ORD10253,2024-10-02,2024,Oct,10,2024-10,CUST0401,Arun Rao,South,Chennai,Stationery,Notebook Pack,Notebook Pack,1,4753.51,0.0,4753.51,2457.71,51.70305731974898,4753.51,Credit Card
ORD10733,2024-10-25,2024,Oct,10,2024-10,CUST0212,Sai Gupta,West,Pune,Clothing,Denim Jeans,Denim Jeans,1,2056.08,0.3,1439.26,220.8,15.341217014299016,1439.26,Credit Card
ORD10415,2025-01-06,2025,Jan,1,2025-01,CUST0457,Neha Reddy,South,Bengaluru,Electronics,Webcam HD,Webcam HD,1,2743.97,0.15,2332.37,244.48,10.482041871572692,2332.37,UPI
ORD10559,2025-01-25,2025,Jan,1,2025-01,CUST0046,Krishna Joshi,West,Pune,Electronics,Laptop Stand,Laptop Stand,1,4602.67,0.1,4142.4,177.24,4.278679026651218,4142.4,Credit Card
ORD10554,2025-02-03,2025,Feb,2,2025-02,CUST0216,Sanjay Patel,North,Jaipur,Stationery,Desk Organizer,Desk Organizer,1,967.81,0.05,919.42,558.52,60.74699266929151,919.42,Debit Card
ORD12140,2024-01-24,2024,Jan,1,2024-01,CUST0233,Aadhya Bose,East,Patna,Home & Kitchen,Non-Stick Pan,Non-Stick Pan,1,2707.34,0.15,2301.24,383.98,16.685786793207143,2301.24,Net Banking
ORD10194,2024-07-24,2024,Jul,7,2024-07,CUST0105,Arjun Das,South,Chennai,Home & Kitchen,Storage Containers Set,Storage Containers Set,1,4142.6,0.0,4142.6,1926.57,46.50630039105875,4142.6,Net Banking
ORD12136,2024-11-01,2024,Nov,11,2024-11,CUST0059,Priya Patel,South,Bengaluru,Electronics,Bluetooth Speaker,Bluetooth Speaker,1,5172.8,0.0,5172.8,799.06,15.447339931951745,5172.8,Debit Card
ORD11907,2025-03-18,2025,Mar,3,2025-03,CUST0386,Aditya Joshi,South,Chennai,Clothing,Denim Jeans,Denim Jeans,1,2056.08,0.05,1953.28,734.82,37.61979849279162,1953.28,Credit Card
ORD10924,2024-12-23,2024,Dec,12,2024-12,CUST0305,Myra Mehta,South,Chennai,Home & Kitchen,Water Bottle,Water Bottle,1,5018.72,0.05,4767.78,1248.7,26.19038630138136,4767.78,Credit Card
ORD11803,2025-01-15,2025,Jan,1,2025-01,CUST0346,Vivaan Bose,West,Mumbai,Clothing,Running Shoes,Running Shoes,1,910.04,0.0,910.04,346.79,38.107116170717774,910.04,UPI
ORD10446,2024-05-09,2024,May,5,2024-05,CUST0162,Vihaan Singh,North,Chandigarh,Clothing,Denim Jeans,Denim Jeans,1,2056.08,0.05,1953.28,734.82,37.61979849279162,1953.28,UPI
ORD11247,2025-03-30,2025,Mar,3,2025-03,CUST0064,Ravi Patel,North,Delhi,Clothing,Winter Jacket,Winter Jacket,1,2896.9,0.1,2607.21,1021.54,39.18134711051277,2607.21,Debit Card
ORD11272,2024-10-13,2024,Oct,10,2024-10,CUST0135,Arun Gupta,West,Pune,Electronics,USB-C Charger,USB-C Charger,1,700.94,0.1,630.85,3.08,0.4882301656495205,630.85,Cash on Delivery
ORD11460,2025-01-02,2025,Jan,1,2025-01,CUST0397,Diya Kumar,South,Chennai,Clothing,Denim Jeans,Denim Jeans,1,2056.08,0.1,1850.47,632.01,34.154025734002715,1850.47,UPI
ORD11846,2024-03-23,2024,Mar,3,2024-03,CUST0116,Anika Sharma,South,Chennai,Stationery,Sticky Notes,Sticky Notes,1,2834.66,0.0,2834.66,1520.09,53.62512611741796,2834.66,Net Banking
ORD10452,2024-02-18,2024,Feb,2,2024-02,CUST0256,Ravi Reddy,North,Chandigarh,Furniture,Office Chair,Office Chair,2,3394.32,0.3,4752.05,252.79,5.319598909944129,4752.05,Debit Card
ORD11677,2024-10-22,2024,Oct,10,2024-10,CUST0468,Aditya Kumar,North,Delhi,Home & Kitchen,Water Bottle,Water Bottle,1,5018.72,0.2,4014.98,495.9,12.351244589014142,4014.98,UPI
ORD10721,2025-03-21,2025,Mar,3,2025-03,CUST0054,Sanjay Rao,North,Delhi,Clothing,Formal Shirt,Formal Shirt,1,1477.42,0.0,1477.42,491.31,33.25459246524346,1477.42,UPI
ORD11512,2024-05-04,2024,May,5,2024-05,CUST0162,Vihaan Singh,West,Pune,Clothing,Winter Jacket,Winter Jacket,2,2896.9,0.05,5504.11,2332.77,42.38232884153842,5504.11,Cash on Delivery
ORD10994,2024-03-18,2024,Mar,3,2024-03,CUST0422,Pooja Iyer,West,Ahmedabad,Clothing,Women's Kurti,Women's Kurti,2,4506.86,0.0,9013.72,2326.64,25.812206281091495,9013.72,Cash on Delivery
ORD10459,2024-05-30,2024,May,5,2024-05,CUST0429,Aditya Rao,South,Bengaluru,Clothing,Women's Kurti,Women's Kurti,1,4506.86,0.1,4056.17,712.63,17.569036800725808,4056.17,Net Banking
ORD11646,2024-09-16,2024,Sep,9,2024-09,CUST0426,Ishaan Patel,West,Mumbai,Electronics,Smart Watch,Smart Watch,1,2319.17,0.1,2087.25,30.57,1.4646065397053538,2087.25,UPI
ORD11540,2024-11-24,2024,Nov,11,2024-11,CUST0160,Aditya Patel,South,Hyderabad,Home & Kitchen,LED Table Lamp,LED Table Lamp,1,2416.75,0.0,2416.75,1034.17,42.791765801179274,2416.75,Debit Card
ORD12120,2024-10-14,2024,Oct,10,2024-10,CUST0033,Myra Singh,South,Hyderabad,Stationery,Gel Pen Set,Gel Pen Set,1,4275.22,0.0,4275.22,2111.34,49.385528697938355,4275.22,Credit Card
ORD10511,2024-03-24,2024,Mar,3,2024-03,CUST0278,Saanvi Joshi,South,Chennai,Electronics,USB-C Charger,USB-C Charger,2,700.94,0.15,1191.6,-63.94,-5.365894595501847,1191.6,Credit Card
ORD10370,2024-04-30,2024,Apr,4,2024-04,CUST0163,Anika Mehta,South,Chennai,Electronics,Laptop Stand,Laptop Stand,1,4602.67,0.1,4142.4,177.24,4.278679026651218,4142.4,Net Banking
ORD10485,2024-11-27,2024,Nov,11,2024-11,CUST0162,Vihaan Singh,South,Hyderabad,Home & Kitchen,Water Bottle,Water Bottle,1,5018.72,0.2,4014.98,495.9,12.351244589014142,4014.98,UPI
ORD10977,2024-03-16,2024,Mar,3,2024-03,CUST0389,Anika Sharma,West,Mumbai,Electronics,Bluetooth Speaker,Bluetooth Speaker,1,5172.8,0.15,4396.88,23.14,0.526282272884409,4396.88,Net Banking
ORD11422,2024-02-03,2024,Feb,2,2024-02,CUST0234,Karan Verma,North,Jaipur,Stationery,Desk Organizer,Desk Organizer,1,967.81,0.05,919.42,558.52,60.74699266929151,919.42,Debit Card
ORD10308,2024-05-10,2024,May,5,2024-05,CUST0448,Anika Chatterjee,West,Mumbai,Clothing,Denim Jeans,Denim Jeans,1,2056.08,0.05,1953.28,734.82,37.61979849279162,1953.28,Debit Card
ORD10286,2024-07-02,2024,Jul,7,2024-07,CUST0426,Ishaan Patel,West,Ahmedabad,Clothing,Men's T-Shirt,Men's T-Shirt,1,1052.59,0.2,842.07,136.03,16.154238958756398,842.07,UPI
ORD11870,2025-03-23,2025,Mar,3,2025-03,CUST0145,Nikhil Sharma,North,Jaipur,Clothing,Women's Kurti,Women's Kurti,2,4506.86,0.0,9013.72,2326.64,25.812206281091495,9013.72,Credit Card
ORD11396,2024-09-12,2024,Sep,9,2024-09,CUST0444,Pooja Das,West,Mumbai,Home & Kitchen,LED Table Lamp,LED Table Lamp,2,2416.75,0.0,4833.5,2068.34,42.791765801179274,4833.5,Credit Card
ORD11488,2025-03-17,2025,Mar,3,2025-03,CUST0287,Divya Kumar,North,Chandigarh,Clothing,Men's T-Shirt,Men's T-Shirt,1,1052.59,0.0,1052.59,346.55,32.923550480243975,1052.59,Credit Card
ORD11276,2025-02-01,2025,Feb,2,2025-02,CUST0298,Divya Kapoor,West,Ahmedabad,Furniture,Recliner Chair,Recliner Chair,1,2880.32,0.05,2736.3,838.86,30.656726236158317,2736.3,UPI
ORD11730,2024-09-03,2024,Sep,9,2024-09,CUST0054,Sanjay Rao,North,Jaipur,Electronics,Noise Cancelling Headphones,Noise Cancelling Headphones,1,899.46,0.05,854.49,133.96,15.677187562171587,854.49,Credit Card
ORD11011,2024-08-04,2024,Aug,8,2024-08,CUST0419,Aadhya Mehta,West,Mumbai,Electronics,USB-C Charger,USB-C Charger,1,700.94,0.0,700.94,73.17,10.438839272976288,700.94,UPI
ORD11562,2024-12-31,2024,Dec,12,2024-12,CUST0467,Anika Kumar,South,Chennai,Home & Kitchen,Non-Stick Pan,Non-Stick Pan,1,2707.34,0.0,2707.34,790.08,29.18288800076828,2707.34,Credit Card
ORD11818,2024-04-06,2024,Apr,4,2024-04,CUST0264,Unknown Customer,North,Delhi,Home & Kitchen,Water Bottle,Water Bottle,1,5018.72,0.05,4767.78,1248.7,26.19038630138136,4767.78,UPI
ORD10622,2024-02-12,2024,Feb,2,2024-02,CUST0017,Divya Nair,East,Kolkata,Furniture,Sofa Cover,Sofa Cover,4,4703.54,0.1,16932.74,3971.14,23.452435931810207,16932.74,UPI
ORD12128,2024-06-03,2024,Jun,6,2024-06,CUST0284,Aadhya Rao,West,Ahmedabad,Home & Kitchen,Air Fryer,Air Fryer,1,1319.46,0.05,1253.49,591.33,47.174688270349186,1253.49,Credit Card
ORD11917,2025-02-25,2025,Feb,2,2025-02,CUST0293,Vihaan Rao,West,Pune,Clothing,Winter Jacket,Winter Jacket,1,2896.9,0.0,2896.9,1311.23,45.263212399461494,2896.9,UPI
ORD11073,2024-02-26,2024,Feb,2,2024-02,CUST0020,Anika Kapoor,West,Ahmedabad,Stationery,Sticky Notes,Sticky Notes,1,2834.66,0.05,2692.93,1378.36,51.1843976635115,2692.93,Debit Card
ORD11865,2024-10-11,2024,Oct,10,2024-10,CUST0246,Pooja Singh,North,Chandigarh,Electronics,Noise Cancelling Headphones,Noise Cancelling Headphones,2,899.46,0.15,1529.08,88.02,5.756402542705417,1529.08,Debit Card
ORD11037,2024-04-01,2024,Apr,4,2024-04,CUST0301,Arjun Bose,North,Jaipur,Electronics,Noise Cancelling Headphones,Noise Cancelling Headphones,1,899.46,0.05,854.49,133.96,15.677187562171587,854.49,Debit Card
ORD11549,2024-08-17,2024,Aug,8,2024-08,CUST0217,Unknown Customer,North,Jaipur,Electronics,Webcam HD,Webcam HD,1,2743.97,0.05,2606.77,518.88,19.905093276353494,2606.77,UPI
ORD10247,2025-03-03,2025,Mar,3,2025-03,CUST0298,Divya Kapoor,West,Ahmedabad,Home & Kitchen,LED Table Lamp,LED Table Lamp,1,2416.75,0.05,2295.91,913.33,39.78074053425439,2295.91,Debit Card
ORD10775,2024-11-06,2024,Nov,11,2024-11,CUST0253,Saanvi Iyer,West,Ahmedabad,Furniture,Bookshelf,Bookshelf,2,4584.81,0.1,8252.66,1642.23,19.899402132161025,8252.66,Cash on Delivery
ORD11838,2024-12-01,2024,Dec,12,2024-12,CUST0014,Vivaan Iyer,East,Kolkata,Clothing,Running Shoes,Running Shoes,2,910.04,0.05,1729.08,602.58,34.84974668609897,1729.08,Net Banking
ORD11880,2024-08-09,2024,Aug,8,2024-08,CUST0458,Vivaan Joshi,West,Mumbai,Electronics,Webcam HD,Webcam HD,1,2743.97,0.15,2332.37,244.48,10.482041871572692,2332.37,Debit Card
ORD11471,2024-02-23,2024,Feb,2,2024-02,CUST0069,Karan Verma,North,Delhi,Stationery,Gel Pen Set,Gel Pen Set,1,4275.22,0.1,3847.7,1683.82,43.76172778543026,3847.7,Net Banking
ORD11505,2024-10-21,2024,Oct,10,2024-10,CUST0220,Meera Chatterjee,East,Kolkata,Electronics,Portable SSD 1TB,Portable SSD 1TB,2,3916.61,0.0,7833.22,1033.22,13.190233390610759,7833.22,UPI
ORD11981,2024-04-30,2024,Apr,4,2024-04,CUST0034,Arjun Patel,South,Hyderabad,Clothing,Formal Shirt,Formal Shirt,1,1477.42,0.05,1403.55,417.44,29.741726336788858,1403.55,UPI
ORD10098,2024-08-04,2024,Aug,8,2024-08,CUST0023,Aadhya Chatterjee,North,Chandigarh,Furniture,Bookshelf,Bookshelf,1,4584.81,0.15,3897.09,591.88,15.187742649002203,3897.09,Cash on Delivery
ORD11527,2025-03-20,2025,Mar,3,2025-03,CUST0324,Saanvi Singh,East,Bhubaneswar,Clothing,Women's Kurti,Women's Kurti,2,4506.86,0.0,9013.72,2326.64,25.812206281091495,9013.72,UPI
ORD11523,2024-01-14,2024,Jan,1,2024-01,CUST0245,Sneha Chatterjee,North,Chandigarh,Electronics,Laptop Stand,Laptop Stand,1,4602.67,0.1,4142.4,177.24,4.278679026651218,4142.4,Credit Card
ORD12004,2024-06-19,2024,Jun,6,2024-06,CUST0134,Aditya Chatterjee,West,Ahmedabad,Home & Kitchen,Water Bottle,Water Bottle,1,5018.72,0.15,4265.91,746.83,17.50693287012619,4265.91,Debit Card
ORD10140,2024-12-13,2024,Dec,12,2024-12,CUST0076,Ishaan Sharma,West,Pune,Clothing,Winter Jacket,Winter Jacket,1,2896.9,0.0,2896.9,1311.23,45.263212399461494,2896.9,Debit Card
ORD11601,2024-08-12,2024,Aug,8,2024-08,CUST0020,Anika Kapoor,West,Mumbai,Stationery,Sticky Notes,Sticky Notes,1,2834.66,0.0,2834.66,1520.09,53.62512611741796,2834.66,UPI
ORD10283,2025-02-06,2025,Feb,2,2025-02,CUST0124,Myra Reddy,North,Delhi,Electronics,Noise Cancelling Headphones,Noise Cancelling Headphones,3,899.46,0.0,2698.38,536.79,19.893046939274676,2698.38,Credit Card
ORD11996,2024-02-20,2024,Feb,2,2024-02,CUST0121,Pooja Bose,North,Jaipur,Clothing,Running Shoes,Running Shoes,2,910.04,0.1,1638.07,511.57,31.230045114067167,1638.07,UPI
ORD11625,2024-03-30,2024,Mar,3,2024-03,CUST0249,Krishna Nair,South,Hyderabad,Electronics,Noise Cancelling Headphones,Noise Cancelling Headphones,1,899.46,0.0,809.51,88.98,10.991834566589667,809.51,Credit Card
ORD12187,2024-01-19,2024,Jan,1,2024-01,CUST0372,Vihaan Kapoor,North,Jaipur,Electronics,Wireless Mouse,Wireless Mouse,1,4677.64,0.0,4677.64,940.21,20.100093209396192,4677.64,Credit Card
ORD11644,2025-03-11,2025,Mar,3,2025-03,CUST0341,Aarav Nair,North,Jaipur,Clothing,Denim Jeans,Denim Jeans,1,2056.08,0.1,1850.47,632.01,34.154025734002715,1850.47,Credit Card
ORD11158,2025-03-21,2025,Mar,3,2025-03,CUST0431,Unknown Customer,West,Ahmedabad,Electronics,Bluetooth Speaker,Bluetooth Speaker,2,5172.8,0.1,9311.04,563.56,6.0525999243908295,9311.04,UPI
ORD12099,2024-11-23,2024,Nov,11,2024-11,CUST0021,Sneha Mehta,East,Kolkata,Stationery,Notebook Pack,Notebook Pack,4,4753.51,0.15,16161.93,6978.72,43.17999149854009,16161.93,Credit Card
ORD11006,2024-12-17,2024,Dec,12,2024-12,CUST0397,Diya Kumar,South,Bengaluru,Electronics,USB-C Charger,USB-C Charger,1,700.94,0.05,665.89,38.12,5.724669239664208,665.89,Credit Card
ORD11415,2024-12-25,2024,Dec,12,2024-12,CUST0054,Sanjay Rao,West,Mumbai,Clothing,Running Shoes,Running Shoes,2,910.04,0.0,1820.08,693.58,38.107116170717774,1820.08,UPI
ORD11498,2024-12-25,2024,Dec,12,2024-12,CUST0158,Isha Verma,North,Delhi,Home & Kitchen,Water Bottle,Water Bottle,1,5018.72,0.1,4516.85,997.77,22.089952068366227,4516.85,Debit Card
ORD10678,2025-01-28,2025,Jan,1,2025-01,CUST0072,Ishaan Bose,West,Ahmedabad,Furniture,Study Table,Study Table,2,4991.64,0.2,7986.62,236.27,2.958322794874428,7986.62,Debit Card
ORD11681,2024-02-04,2024,Feb,2,2024-02,CUST0060,Rohan Mehta,North,Jaipur,Clothing,Formal Shirt,Formal Shirt,1,1477.42,0.3,1034.19,48.08,4.649049014204352,1034.19,Net Banking
ORD10129,2024-08-07,2024,Aug,8,2024-08,CUST0055,Kavya Gupta,East,Bhubaneswar,Furniture,Recliner Chair,Recliner Chair,1,2880.32,0.05,2736.3,838.86,30.656726236158317,2736.3,Debit Card
ORD11793,2024-10-16,2024,Oct,10,2024-10,CUST0246,Unknown Customer,West,Ahmedabad,Electronics,Noise Cancelling Headphones,Noise Cancelling Headphones,1,899.46,0.0,899.46,178.93,19.893046939274676,899.46,Cash on Delivery
ORD12036,2024-03-06,2024,Mar,3,2024-03,CUST0062,Aditya Mehta,East,Patna,Clothing,Women's Kurti,Women's Kurti,1,4506.86,0.0,4506.86,1163.32,25.812206281091495,4506.86,Cash on Delivery
ORD11679,2024-11-17,2024,Nov,11,2024-11,CUST0076,Ishaan Sharma,North,Chandigarh,Clothing,Denim Jeans,Denim Jeans,2,2056.08,0.15,3495.34,1058.41,30.28060217317915,3495.34,Credit Card
ORD11313,2024-04-03,2024,Apr,4,2024-04,CUST0036,Karan Mehta,West,Pune,Clothing,Winter Jacket,Winter Jacket,1,2896.9,0.1,2607.21,1021.54,39.18134711051277,2607.21,Cash on Delivery
ORD11630,2024-10-24,2024,Oct,10,2024-10,CUST0473,Ravi Patel,West,Pune,Home & Kitchen,Storage Containers Set,Storage Containers Set,1,4142.6,0.0,4142.6,1926.57,46.50630039105875,4142.6,Credit Card
ORD10523,2024-10-04,2024,Oct,10,2024-10,CUST0037,Saanvi Reddy,East,Bhubaneswar,Stationery,Sticky Notes,Sticky Notes,1,2834.66,0.05,2692.93,1378.36,51.1843976635115,2692.93,Debit Card
ORD10265,2025-02-04,2025,Feb,2,2025-02,CUST0469,Isha Kapoor,North,Jaipur,Clothing,Men's T-Shirt,Men's T-Shirt,1,1052.59,0.0,1052.59,346.55,32.923550480243975,1052.59,Credit Card
ORD10167,2025-03-18,2025,Mar,3,2025-03,CUST0230,Arun Verma,West,Ahmedabad,Electronics,Webcam HD,Webcam HD,1,2743.97,0.0,2743.97,656.08,23.90988239667344,2743.97,Credit Card
ORD10793,2024-03-02,2024,Mar,3,2024-03,CUST0285,Isha Kapoor,North,Jaipur,Electronics,Smart Watch,Smart Watch,1,2319.17,0.05,2203.21,146.53,6.650750495867394,2203.21,Net Banking
ORD10873,2025-03-05,2025,Mar,3,2025-03,CUST0204,Divya Gupta,East,Kolkata,Electronics,Bluetooth Speaker,Bluetooth Speaker,1,5172.8,0.1,4655.52,281.78,6.0525999243908295,4655.52,Net Banking
ORD11908,2024-02-03,2024,Feb,2,2024-02,CUST0366,Sneha Kapoor,South,Bengaluru,Stationery,Gel Pen Set,Gel Pen Set,1,4275.22,0.0,4275.22,2111.34,49.385528697938355,4275.22,UPI
ORD10888,2024-02-27,2024,Feb,2,2024-02,CUST0221,Kavya Sharma,South,Hyderabad,Electronics,Wireless Mouse,Wireless Mouse,1,4677.64,0.0,4677.64,940.21,20.100093209396192,4677.64,Credit Card
ORD10889,2024-09-29,2024,Sep,9,2024-09,CUST0197,Pooja Chatterjee,West,Ahmedabad,Clothing,Denim Jeans,Denim Jeans,1,2056.08,0.0,2056.08,837.62,40.73868721061438,2056.08,UPI
ORD11459,2024-10-05,2024,Oct,10,2024-10,CUST0345,Diya Kumar,North,Jaipur,Electronics,Smart Watch,Smart Watch,2,2319.17,0.2,3710.67,-402.69,-10.85221806304522,3710.67,Credit Card
ORD10664,2024-04-24,2024,Apr,4,2024-04,CUST0086,Sanjay Nair,North,Chandigarh,Clothing,Men's T-Shirt,Men's T-Shirt,1,1052.59,0.1,947.33,241.29,25.470532971614958,947.33,Net Banking
ORD10796,2024-09-18,2024,Sep,9,2024-09,CUST0032,Myra Joshi,East,Patna,Stationery,Gel Pen Set,Gel Pen Set,3,4275.22,0.0,12825.66,6334.01,49.38545072924123,12825.66,Credit Card
ORD10632,2024-06-28,2024,Jun,6,2024-06,CUST0163,Anika Mehta,North,Delhi,Electronics,Webcam HD,Webcam HD,1,2743.97,0.1,2469.57,381.68,15.455322181594367,2469.57,UPI
ORD10499,2024-01-19,2024,Jan,1,2024-01,CUST0464,Krishna Rao,West,Pune,Clothing,Men's T-Shirt,Men's T-Shirt,1,1052.59,0.0,1052.59,346.55,32.923550480243975,1052.59,Debit Card
ORD11016,2024-10-07,2024,Oct,10,2024-10,CUST0345,Diya Kumar,West,Pune,Home & Kitchen,LED Table Lamp,LED Table Lamp,1,2416.75,0.05,2295.91,913.33,39.78074053425439,2295.91,UPI
ORD11974,2024-11-28,2024,Nov,11,2024-11,CUST0203,Rohan Nair,East,Patna,Electronics,Laptop Stand,Laptop Stand,1,4602.67,0.0,4602.67,637.51,13.850873514720801,4602.67,Credit Card
ORD11592,2024-08-23,2024,Aug,8,2024-08,CUST0303,Meera Verma,East,Kolkata,Electronics,Wireless Mouse,Wireless Mouse,3,4677.64,0.1,12629.63,1417.35,11.222419025735512,12629.63,Debit Card
ORD11989,2024-04-14,2024,Apr,4,2024-04,CUST0253,Saanvi Iyer,West,Pune,Home & Kitchen,Air Fryer,Air Fryer,1,1319.46,0.2,1055.57,393.41,37.269911043322566,1055.57,Cash on Delivery
ORD11852,2024-09-21,2024,Sep,9,2024-09,CUST0306,Neha Patel,North,Chandigarh,Home & Kitchen,Water Bottle,Water Bottle,1,5018.72,0.15,4265.91,746.83,17.50693287012619,4265.91,Credit Card
ORD10433,2024-08-04,2024,Aug,8,2024-08,CUST0321,Sai Das,North,Jaipur,Home & Kitchen,LED Table Lamp,LED Table Lamp,4,2416.75,0.0,9667.0,4136.68,42.791765801179274,9667.0,Credit Card
ORD11647,2024-10-10,2024,Oct,10,2024-10,CUST0377,Vihaan Verma,South,Hyderabad,Electronics,Bluetooth Speaker,Bluetooth Speaker,1,5172.8,0.0,5172.8,799.06,15.447339931951745,5172.8,UPI
ORD11699,2024-03-17,2024,Mar,3,2024-03,CUST0442,Kavya Bose,South,Chennai,Electronics,Laptop Stand,Laptop Stand,2,4602.67,0.0,9205.34,1275.02,13.850873514720801,9205.34,Net Banking
ORD11353,2024-04-19,2024,Apr,4,2024-04,CUST0433,Riya Mehta,East,Patna,Stationery,Sticky Notes,Sticky Notes,2,2834.66,0.05,5385.85,2756.71,51.18430702674601,5385.85,UPI
ORD10069,2024-02-18,2024,Feb,2,2024-02,CUST0420,Sneha Patel,South,Hyderabad,Home & Kitchen,Non-Stick Pan,Non-Stick Pan,2,2707.34,0.0,5414.68,1580.17,29.183072683888984,5414.68,Credit Card
ORD11402,2024-10-22,2024,Oct,10,2024-10,CUST0042,Myra Joshi,South,Bengaluru,Clothing,Women's Kurti,Women's Kurti,2,4506.86,0.15,7661.66,974.58,12.720219900126084,7661.66,Cash on Delivery
ORD10618,2024-09-05,2024,Sep,9,2024-09,CUST0332,Vihaan Verma,North,Delhi,Clothing,Men's T-Shirt,Men's T-Shirt,4,1052.59,0.0,4210.36,1386.21,32.923787989625595,4210.36,Debit Card
ORD10972,2025-02-07,2025,Feb,2,2025-02,CUST0172,Ravi Patel,North,Jaipur,Clothing,Formal Shirt,Formal Shirt,1,1477.42,0.05,1403.55,417.44,29.741726336788858,1403.55,Net Banking
ORD11434,2025-03-11,2025,Mar,3,2025-03,CUST0165,Anika Nair,West,Ahmedabad,Electronics,Smart Watch,Smart Watch,2,2319.17,0.05,4406.42,293.06,6.650750495867394,4406.42,UPI
ORD10124,2024-12-03,2024,Dec,12,2024-12,CUST0107,Rohan Chatterjee,South,Chennai,Electronics,Portable SSD 1TB,Portable SSD 1TB,1,3916.61,0.05,3720.78,320.78,8.621310585414884,3720.78,Net Banking
ORD10335,2024-01-27,2024,Jan,1,2024-01,CUST0167,Myra Sharma,North,Delhi,Home & Kitchen,Non-Stick Pan,Non-Stick Pan,1,2707.34,0.2,2165.87,248.61,11.478528258852103,2165.87,UPI
ORD10834,2024-04-28,2024,Apr,4,2024-04,CUST0247,Meera Patel,North,Chandigarh,Furniture,Recliner Chair,Recliner Chair,1,2880.32,0.05,2736.3,838.86,30.656726236158317,2736.3,UPI
ORD10339,2024-05-25,2024,May,5,2024-05,CUST0412,Divya Singh,South,Bengaluru,Clothing,Running Shoes,Running Shoes,2,910.04,0.15,1547.07,420.57,27.184936686769184,1547.07,Debit Card
ORD11117,2024-01-12,2024,Jan,1,2024-01,CUST0053,Neha Nair,West,Pune,Electronics,Bluetooth Speaker,Bluetooth Speaker,1,5172.8,0.1,4655.52,281.78,6.0525999243908295,4655.52,Credit Card
ORD11516,2024-07-25,2024,Jul,7,2024-07,CUST0393,Isha Joshi,North,Chandigarh,Home & Kitchen,Water Bottle,Water Bottle,2,5018.72,0.0,10037.44,2999.28,29.880925813753308,10037.44,UPI
ORD10665,2024-04-10,2024,Apr,4,2024-04,CUST0081,Ishaan Singh,North,Jaipur,Electronics,Wireless Mouse,Wireless Mouse,3,4677.64,0.05,13331.27,2118.99,15.894884733412493,13331.27,Debit Card
ORD10384,2024-05-16,2024,May,5,2024-05,CUST0040,Ananya Kumar,South,Hyderabad,Home & Kitchen,Storage Containers Set,Storage Containers Set,2,4142.6,0.05,7870.94,3438.87,43.69071546727582,7870.94,UPI
ORD11781,2024-01-14,2024,Jan,1,2024-01,CUST0396,Meera Gupta,North,Chandigarh,Clothing,Winter Jacket,Winter Jacket,1,2896.9,0.3,2027.83,442.16,21.80458914208785,2027.83,Credit Card
ORD10919,2024-04-19,2024,Apr,4,2024-04,CUST0468,Aditya Kumar,West,Ahmedabad,Clothing,Running Shoes,Running Shoes,1,910.04,0.05,864.54,301.29,34.84974668609897,864.54,UPI
ORD10056,2024-10-13,2024,Oct,10,2024-10,CUST0479,Neha Gupta,West,Pune,Home & Kitchen,Storage Containers Set,Storage Containers Set,2,4142.6,0.05,7870.94,3438.87,43.69071546727582,7870.94,Credit Card
ORD11515,2024-06-21,2024,Jun,6,2024-06,CUST0377,Vihaan Verma,North,Jaipur,Electronics,Laptop Stand,Laptop Stand,1,4602.67,0.0,4602.67,637.51,13.850873514720801,4602.67,UPI
ORD10582,2024-11-13,2024,Nov,11,2024-11,CUST0040,Ananya Kumar,West,Mumbai,Clothing,Running Shoes,Running Shoes,3,910.04,0.0,2730.12,1040.38,38.10748245498367,2730.12,Net Banking
ORD11987,2024-05-10,2024,May,5,2024-05,CUST0122,Reyansh Bose,South,Hyderabad,Furniture,Bed Side Table,Bed Side Table,1,5828.58,0.1,5245.72,416.02,7.930655848958769,5245.72,UPI
ORD12157,2024-03-01,2024,Mar,3,2024-03,CUST0069,Karan Verma,North,Jaipur,Electronics,Noise Cancelling Headphones,Noise Cancelling Headphones,1,899.46,0.05,854.49,133.96,15.677187562171587,854.49,Debit Card
ORD11372,2025-03-17,2025,Mar,3,2025-03,CUST0031,Nikhil Gupta,South,Chennai,Clothing,Running Shoes,Running Shoes,1,910.04,0.0,910.04,346.79,38.107116170717774,910.04,Credit Card
ORD12015,2024-02-27,2024,Feb,2,2024-02,CUST0424,Saanvi Reddy,West,Pune,Stationery,Gel Pen Set,Gel Pen Set,2,4275.22,0.3,5985.31,1657.54,27.693469511186553,5985.31,Debit Card
ORD10171,2024-01-12,2024,Jan,1,2024-01,CUST0207,Arjun Nair,South,Bengaluru,Clothing,Men's T-Shirt,Men's T-Shirt,1,1052.59,0.1,947.33,241.29,25.470532971614958,947.33,Net Banking
ORD10829,2024-12-04,2024,Dec,12,2024-12,CUST0078,Aadhya Singh,North,Delhi,Furniture,Recliner Chair,Recliner Chair,1,2880.32,0.05,2736.3,838.86,30.656726236158317,2736.3,UPI
ORD10174,2024-08-12,2024,Aug,8,2024-08,CUST0229,Divya Das,North,Chandigarh,Home & Kitchen,Air Fryer,Air Fryer,2,1319.46,0.15,2243.08,918.76,40.95975176988783,2243.08,Cash on Delivery
ORD11916,2025-01-16,2025,Jan,1,2025-01,CUST0349,Vivaan Verma,South,Bengaluru,Electronics,Wireless Mouse,Wireless Mouse,1,4677.64,0.1,4209.88,472.45,11.222410139956484,4209.88,Debit Card
ORD10801,2024-12-06,2024,Dec,12,2024-12,CUST0172,Ravi Patel,South,Chennai,Electronics,Wireless Mouse,Wireless Mouse,1,4677.64,0.2,3742.11,4.68,0.1250631328314774,3742.11,Debit Card
ORD10856,2024-12-09,2024,Dec,12,2024-12,CUST0412,Divya Singh,North,Delhi,Electronics,Noise Cancelling Headphones,Noise Cancelling Headphones,3,899.46,0.0,2698.38,536.79,19.893046939274676,2698.38,UPI
ORD10958,2024-09-07,2024,Sep,9,2024-09,CUST0089,Pooja Singh,North,Chandigarh,Stationery,Notebook Pack,Notebook Pack,1,4753.51,0.0,4753.51,2457.71,51.70305731974898,4753.51,Credit Card
ORD10838,2024-12-12,2024,Dec,12,2024-12,CUST0077,Arjun Kumar,West,Pune,Stationery,Notebook Pack,Notebook Pack,1,4753.51,0.1,4278.16,1982.36,46.33674289881631,4278.16,Debit Card
ORD10327,2024-06-11,2024,Jun,6,2024-06,CUST0248,Karan Mehta,North,Delhi,Electronics,Laptop Stand,Laptop Stand,1,4602.67,0.1,4142.4,177.24,4.278679026651218,4142.4,Credit Card
ORD10504,2024-09-16,2024,Sep,9,2024-09,CUST0372,Vihaan Kapoor,West,Pune,Clothing,Men's T-Shirt,Men's T-Shirt,1,1052.59,0.2,842.07,136.03,16.154238958756398,842.07,Debit Card
ORD11210,2025-01-08,2025,Jan,1,2025-01,CUST0475,Ananya Sharma,North,Chandigarh,Electronics,USB-C Charger,USB-C Charger,2,700.94,0.1,1261.69,6.15,0.48744144758221114,1261.69,Debit Card
ORD11500,2024-09-08,2024,Sep,9,2024-09,CUST0087,Nikhil Reddy,North,Jaipur,Home & Kitchen,Air Fryer,Air Fryer,1,1319.46,0.1,1187.51,525.35,44.2396274557688,1187.51,UPI
ORD11307,2024-03-30,2024,Mar,3,2024-03,CUST0361,Ishaan Mehta,South,Bengaluru,Furniture,Recliner Chair,Recliner Chair,1,2880.32,0.1,2592.29,694.85,26.804485609248967,2592.29,Debit Card
ORD10410,2024-01-17,2024,Jan,1,2024-01,CUST0080,Vivaan Verma,South,Bengaluru,Clothing,Denim Jeans,Denim Jeans,2,2056.08,0.05,3906.55,1469.62,37.619382831398546,3906.55,Debit Card
ORD11139,2024-02-11,2024,Feb,2,2024-02,CUST0022,Aadhya Patel,North,Delhi,Clothing,Running Shoes,Running Shoes,1,910.04,0.2,728.03,164.78,22.633682677911626,728.03,Credit Card
ORD10298,2024-07-23,2024,Jul,7,2024-07,CUST0073,Sneha Rao,East,Bhubaneswar,Electronics,Laptop Stand,Laptop Stand,2,4602.67,0.05,8745.07,814.75,9.316677853922267,8745.07,Credit Card
ORD10926,2024-08-28,2024,Aug,8,2024-08,CUST0020,Anika Kapoor,South,Chennai,Clothing,Women's Kurti,Women's Kurti,2,4506.86,0.0,9013.72,2326.64,25.812206281091495,9013.72,Debit Card
ORD11464,2024-07-13,2024,Jul,7,2024-07,CUST0163,Anika Mehta,North,Delhi,Stationery,Sticky Notes,Sticky Notes,1,2834.66,0.1,2551.19,1236.62,48.472281562721705,2551.19,Credit Card
ORD12148,2024-02-23,2024,Feb,2,2024-02,CUST0227,Ishaan Sharma,West,Mumbai,Electronics,USB-C Charger,USB-C Charger,1,700.94,0.1,630.85,3.08,0.4882301656495205,630.85,Debit Card
ORD11059,2025-01-14,2025,Jan,1,2025-01,CUST0168,Riya Das,East,Bhubaneswar,Stationery,Desk Organizer,Desk Organizer,1,967.81,0.0,967.81,606.91,62.70962275653279,967.81,Net Banking
ORD10729,2024-05-25,2024,May,5,2024-05,CUST0031,Nikhil Gupta,East,Bhubaneswar,Electronics,Webcam HD,Webcam HD,2,2743.97,0.05,5213.54,1037.75,19.90490146810037,5213.54,UPI
ORD11268,2024-12-06,2024,Dec,12,2024-12,CUST0174,Arjun Rao,South,Chennai,Electronics,Webcam HD,Webcam HD,1,2743.97,0.0,2743.97,656.08,23.90988239667344,2743.97,UPI
ORD11391,2024-10-06,2024,Oct,10,2024-10,CUST0476,Karan Iyer,North,Chandigarh,Clothing,Formal Shirt,Formal Shirt,1,1477.42,0.15,1255.81,269.7,21.47617872130338,1255.81,Debit Card
ORD11045,2024-09-18,2024,Sep,9,2024-09,CUST0226,Nikhil Patel,South,Hyderabad,Home & Kitchen,Mixer Grinder,Mixer Grinder,3,4246.55,0.0,12739.65,5374.96,42.19079802035378,12739.65,Net Banking
ORD11806,2024-01-31,2024,Jan,1,2024-01,CUST0105,Arjun Das,West,Ahmedabad,Furniture,Office Chair,Office Chair,2,3394.32,0.0,6788.64,2289.38,33.72369134318509,6788.64,UPI
ORD10672,2025-01-23,2025,Jan,1,2025-01,CUST0023,Aadhya Chatterjee,West,Mumbai,Clothing,Men's T-Shirt,Men's T-Shirt,1,1052.59,0.2,842.07,136.03,16.154238958756398,842.07,UPI
ORD10649,2024-12-31,2024,Dec,12,2024-12,CUST0285,Isha Kapoor,West,Mumbai,Furniture,Bed Side Table,Bed Side Table,1,5828.58,0.0,5828.58,998.88,17.137621856438447,5828.58,Credit Card
ORD10315,2024-11-20,2024,Nov,11,2024-11,CUST0291,Anika Rao,South,Chennai,Furniture,Recliner Chair,Recliner Chair,1,2880.32,0.0,2880.32,982.88,34.123986223752915,2880.32,Net Banking
ORD12018,2024-05-21,2024,May,5,2024-05,CUST0460,Isha Chatterjee,North,Delhi,Electronics,Webcam HD,Webcam HD,1,2743.97,0.3,1920.78,-167.11,-8.700111413071774,1920.78,UPI
ORD10726,2025-03-07,2025,Mar,3,2025-03,CUST0328,Pooja Kumar,South,Hyderabad,Clothing,Men's T-Shirt,Men's T-Shirt,4,1052.59,0.05,3999.84,1175.69,29.39342573702948,3999.84,UPI
ORD12011,2024-09-17,2024,Sep,9,2024-09,CUST0442,Kavya Bose,East,Kolkata,Furniture,Study Table,Study Table,1,4991.64,0.0,4991.64,1116.47,22.36679728506062,4991.64,Credit Card
ORD12058,2024-08-04,2024,Aug,8,2024-08,CUST0190,Divya Patel,North,Chandigarh,Clothing,Running Shoes,Running Shoes,1,910.04,0.05,864.54,301.29,34.84974668609897,864.54,UPI
ORD10202,2024-01-17,2024,Jan,1,2024-01,CUST0057,Aarav Kapoor,North,Delhi,Furniture,Study Table,Study Table,1,4991.64,0.0,4991.64,1116.47,22.36679728506062,4991.64,Credit Card
ORD11187,2024-11-14,2024,Nov,11,2024-11,CUST0358,Pooja Kapoor,North,Chandigarh,Clothing,Running Shoes,Running Shoes,1,910.04,0.0,910.04,346.79,38.107116170717774,910.04,UPI
ORD11935,2024-10-02,2024,Oct,10,2024-10,CUST0227,Ishaan Sharma,West,Mumbai,Furniture,Bed Side Table,Bed Side Table,1,5828.58,0.05,5537.15,707.45,12.77642830698103,5537.15,UPI
ORD10532,2025-03-04,2025,Mar,3,2025-03,CUST0263,Meera Reddy,South,Bengaluru,Home & Kitchen,Storage Containers Set,Storage Containers Set,1,4142.6,0.0,4142.6,1926.57,46.50630039105875,4142.6,Net Banking
ORD10408,2024-10-02,2024,Oct,10,2024-10,CUST0097,Vihaan Nair,East,Bhubaneswar,Clothing,Running Shoes,Running Shoes,1,910.04,0.0,910.04,346.79,38.107116170717774,910.04,UPI
ORD10200,2024-12-11,2024,Dec,12,2024-12,CUST0201,Unknown Customer,West,Mumbai,Furniture,Bookshelf,Bookshelf,1,4584.81,0.0,4584.81,1279.6,27.909553503852933,4584.81,Credit Card
ORD10474,2024-01-19,2024,Jan,1,2024-01,CUST0298,Divya Kapoor,East,Bhubaneswar,Electronics,Wireless Mouse,Wireless Mouse,1,4677.64,0.1,4209.88,472.45,11.222410139956484,4209.88,Cash on Delivery
ORD10715,2024-08-01,2024,Aug,8,2024-08,CUST0454,Aditya Nair,East,Kolkata,Home & Kitchen,Non-Stick Pan,Non-Stick Pan,2,2707.34,0.1,4873.21,1038.7,21.314492911243306,4873.21,Debit Card
ORD11052,2024-08-25,2024,Aug,8,2024-08,CUST0069,Karan Verma,West,Ahmedabad,Electronics,Portable SSD 1TB,Portable SSD 1TB,1,3916.61,0.05,3720.78,320.78,8.621310585414884,3720.78,UPI
ORD10693,2025-01-29,2025,Jan,1,2025-01,CUST0111,Priya Nair,West,Mumbai,Electronics,Noise Cancelling Headphones,Noise Cancelling Headphones,4,899.46,0.1,3238.06,355.94,10.992384328888285,3238.06,Credit Card
ORD11629,2024-12-02,2024,Dec,12,2024-12,CUST0329,Aadhya Verma,East,Bhubaneswar,Stationery,Notebook Pack,Notebook Pack,1,4753.51,0.1,4278.16,1982.36,46.33674289881631,4278.16,Credit Card
ORD11503,2025-01-27,2025,Jan,1,2025-01,CUST0476,Karan Iyer,South,Bengaluru,Furniture,Sofa Cover,Sofa Cover,1,4703.54,0.05,4468.36,1227.96,27.481223536151965,4468.36,Net Banking
ORD10818,2024-09-27,2024,Sep,9,2024-09,CUST0354,Karan Bose,West,Mumbai,Home & Kitchen,Water Bottle,Water Bottle,3,5018.72,0.0,15056.16,4498.91,29.88085939575562,15056.16,UPI
ORD10217,2024-05-08,2024,May,5,2024-05,CUST0361,Ishaan Mehta,West,Ahmedabad,Electronics,USB-C Charger,USB-C Charger,2,700.94,0.0,1401.88,146.34,10.438839272976288,1401.88,Net Banking
ORD11657,2024-09-11,2024,Sep,9,2024-09,CUST0458,Vivaan Joshi,East,Patna,Home & Kitchen,LED Table Lamp,LED Table Lamp,1,2416.75,0.05,2295.91,913.33,39.78074053425439,2295.91,Credit Card
ORD10254,2024-07-24,2024,Jul,7,2024-07,CUST0245,Sneha Chatterjee,East,Bhubaneswar,Electronics,Webcam HD,Webcam HD,1,2743.97,0.15,2332.37,244.48,10.482041871572692,2332.37,Credit Card
ORD10153,2024-11-11,2024,Nov,11,2024-11,CUST0277,Priya Verma,South,Hyderabad,Stationery,Sticky Notes,Sticky Notes,1,2834.66,0.1,2551.19,1236.62,48.472281562721705,2551.19,Debit Card
ORD11531,2024-05-19,2024,May,5,2024-05,CUST0298,Divya Kapoor,North,Delhi,Furniture,Office Chair,Office Chair,1,3394.32,0.0,3394.32,1144.69,33.72369134318509,3394.32,Credit Card
ORD11159,2024-11-25,2024,Nov,11,2024-11,CUST0032,Myra Joshi,West,Mumbai,Electronics,Wireless Mouse,Wireless Mouse,1,4677.64,0.0,4677.64,940.21,20.100093209396192,4677.64,Net Banking
ORD12182,2024-08-31,2024,Aug,8,2024-08,CUST0420,Sneha Patel,South,Hyderabad,Electronics,Bluetooth Speaker,Bluetooth Speaker,1,5172.8,0.0,4914.16,540.42,10.99719992837026,4914.16,Credit Card
ORD10479,2024-10-20,2024,Oct,10,2024-10,CUST0456,Myra Gupta,South,Chennai,Home & Kitchen,Storage Containers Set,Storage Containers Set,1,4142.6,0.0,4142.6,1926.57,46.50630039105875,4142.6,Cash on Delivery
ORD11486,2024-04-19,2024,Apr,4,2024-04,CUST0221,Kavya Sharma,East,Patna,Electronics,Noise Cancelling Headphones,Noise Cancelling Headphones,1,899.46,0.15,764.54,44.01,5.756402542705417,764.54,UPI
ORD11611,2024-07-04,2024,Jul,7,2024-07,CUST0212,Sai Gupta,West,Ahmedabad,Furniture,Sofa Cover,Sofa Cover,1,4703.54,0.05,4468.36,1227.96,27.481223536151965,4468.36,Credit Card
ORD11671,2024-11-09,2024,Nov,11,2024-11,CUST0345,Diya Kumar,South,Hyderabad,Electronics,Wireless Mouse,Wireless Mouse,1,4677.64,0.05,4443.76,706.33,15.894872810412805,4443.76,Net Banking
ORD12031,2024-10-07,2024,Oct,10,2024-10,CUST0150,Ishaan Das,South,Chennai,Clothing,Men's T-Shirt,Men's T-Shirt,1,1052.59,0.0,1052.59,346.55,32.923550480243975,1052.59,Cash on Delivery
ORD11761,2024-02-10,2024,Feb,2,2024-02,CUST0079,Myra Kapoor,East,Bhubaneswar,Clothing,Denim Jeans,Denim Jeans,2,2056.08,0.0,3906.55,1469.62,37.619382831398546,3906.55,UPI
ORD11009,2024-05-24,2024,May,5,2024-05,CUST0261,Karan Bose,South,Chennai,Electronics,Noise Cancelling Headphones,Noise Cancelling Headphones,3,899.46,0.2,2158.7,-2.89,-0.13387687033862974,2158.7,Net Banking
ORD11345,2024-11-19,2024,Nov,11,2024-11,CUST0162,Unknown Customer,South,Hyderabad,Furniture,Study Table,Study Table,1,4991.64,0.2,3993.31,118.14,2.9584480042871704,3993.31,UPI
ORD10968,2024-10-18,2024,Oct,10,2024-10,CUST0097,Vihaan Nair,North,Delhi,Electronics,Wireless Mouse,Wireless Mouse,1,4677.64,0.1,4209.88,472.45,11.222410139956484,4209.88,Credit Card
ORD11593,2024-10-06,2024,Oct,10,2024-10,CUST0311,Sanjay Kapoor,South,Chennai,Home & Kitchen,Mixer Grinder,Mixer Grinder,2,4246.55,0.0,8493.1,3583.31,42.19083726789982,8493.1,Net Banking
ORD11274,2024-07-30,2024,Jul,7,2024-07,CUST0285,Isha Kapoor,South,Hyderabad,Stationery,Gel Pen Set,Gel Pen Set,1,4275.22,0.05,4061.46,1897.58,46.72162227376362,4061.46,Credit Card
ORD10973,2024-01-12,2024,Jan,1,2024-01,CUST0076,Ishaan Sharma,South,Hyderabad,Home & Kitchen,LED Table Lamp,LED Table Lamp,1,2416.75,0.0,2416.75,1034.17,42.791765801179274,2416.75,Credit Card
ORD10188,2024-04-07,2024,Apr,4,2024-04,CUST0366,Sneha Kapoor,North,Jaipur,Electronics,Portable SSD 1TB,Portable SSD 1TB,1,3916.61,0.0,3916.61,516.61,13.190233390610759,3916.61,UPI
ORD11797,2025-03-26,2025,Mar,3,2025-03,CUST0060,Rohan Mehta,South,Chennai,Furniture,Bed Side Table,Bed Side Table,2,5828.58,0.0,11657.16,1997.75,17.137536072250874,11657.16,Net Banking
ORD11998,2024-04-30,2024,Apr,4,2024-04,CUST0421,Arjun Patel,West,Pune,Furniture,Recliner Chair,Recliner Chair,1,2880.32,0.05,2736.3,838.86,30.656726236158317,2736.3,Net Banking
ORD10284,2024-04-22,2024,Apr,4,2024-04,CUST0094,Rohan Das,West,Mumbai,Furniture,Bed Side Table,Bed Side Table,2,5828.58,0.1,10491.44,832.03,7.930560533158459,10491.44,UPI
ORD11739,2024-03-17,2024,Mar,3,2024-03,CUST0212,Sai Gupta,South,Chennai,Electronics,Portable SSD 1TB,Portable SSD 1TB,1,3916.61,0.2,3133.29,-266.71,-8.51213899766699,3133.29,UPI
ORD11140,2024-03-12,2024,Mar,3,2024-03,CUST0390,Aditya Rao,South,Chennai,Furniture,Recliner Chair,Recliner Chair,1,2880.32,0.2,2304.26,406.82,17.655125723659655,2304.26,Credit Card
ORD10904,2025-03-28,2025,Mar,3,2025-03,CUST0148,Aarav Mehta,West,Pune,Home & Kitchen,Non-Stick Pan,Non-Stick Pan,4,2707.34,0.0,9746.42,2077.4,21.314492911243306,9746.42,Net Banking
ORD11511,2024-10-06,2024,Oct,10,2024-10,CUST0454,Aditya Nair,South,Chennai,Electronics,Smart Watch,Smart Watch,1,2319.17,0.1,2087.25,30.57,1.4646065397053538,2087.25,UPI
ORD10976,2024-10-27,2024,Oct,10,2024-10,CUST0230,Arun Verma,North,Chandigarh,Electronics,Webcam HD,Webcam HD,1,2743.97,0.0,2743.97,656.08,23.90988239667344,2743.97,Net Banking
ORD12193,2024-07-30,2024,Jul,7,2024-07,CUST0162,Vihaan Singh,West,Pune,Electronics,Wireless Mouse,Wireless Mouse,1,4677.64,0.05,4443.76,706.33,15.894872810412805,4443.76,Credit Card
ORD10123,2024-05-05,2024,May,5,2024-05,CUST0172,Ravi Patel,South,Bengaluru,Electronics,Webcam HD,Webcam HD,2,2743.97,0.05,5213.54,1037.75,19.90490146810037,5213.54,Debit Card
ORD11492,2024-02-09,2024,Feb,2,2024-02,CUST0381,Aditya Chatterjee,West,Ahmedabad,Electronics,Smart Watch,Smart Watch,2,2319.17,0.0,4638.34,524.98,11.318273347792529,4638.34,Debit Card
ORD11664,2024-05-22,2024,May,5,2024-05,CUST0085,Kavya Singh,East,Kolkata,Stationery,Notebook Pack,Notebook Pack,1,4753.51,0.2,3802.81,1507.01,39.62885340051173,3802.81,Credit Card
ORD10870,2025-03-08,2025,Mar,3,2025-03,CUST0096,Priya Mehta,South,Bengaluru,Clothing,Winter Jacket,Winter Jacket,1,2896.9,0.05,2752.06,1166.39,42.38243352252495,2752.06,Credit Card
ORD11316,2024-09-05,2024,Sep,9,2024-09,CUST0440,Nikhil Das,South,Bengaluru,Electronics,Laptop Stand,Laptop Stand,3,4602.67,0.15,11736.81,-158.67,-1.3519005590104978,11736.81,Credit Card
ORD11546,2025-02-21,2025,Feb,2,2025-02,CUST0389,Anika Sharma,North,Jaipur,Clothing,Men's T-Shirt,Men's T-Shirt,2,1052.59,0.0,2105.18,693.1,32.923550480243975,2105.18,Debit Card
ORD10757,2025-03-11,2025,Mar,3,2025-03,CUST0364,Arjun Sharma,East,Kolkata,Stationery,Notebook Pack,Notebook Pack,1,4753.51,0.0,4753.51,2457.71,51.70305731974898,4753.51,UPI
ORD10068,2024-04-23,2024,Apr,4,2024-04,CUST0029,Neha Gupta,East,Patna,Furniture,Office Chair,Office Chair,2,3394.32,0.0,6788.64,2289.38,33.72369134318509,6788.64,Net Banking
ORD11351,2024-08-30,2024,Aug,8,2024-08,CUST0235,Pooja Chatterjee,West,Pune,Furniture,Office Chair,Office Chair,2,3394.32,0.0,6788.64,2289.38,33.72369134318509,6788.64,UPI
ORD10333,2024-12-03,2024,Dec,12,2024-12,CUST0277,Priya Verma,North,Jaipur,Home & Kitchen,LED Table Lamp,LED Table Lamp,1,2416.75,0.2,1933.4,550.82,28.48970725147409,1933.4,Credit Card
ORD10337,2024-04-01,2024,Apr,4,2024-04,CUST0292,Sai Gupta,West,Mumbai,Stationery,Gel Pen Set,Gel Pen Set,1,4275.22,0.05,4061.46,1897.58,46.72162227376362,4061.46,Debit Card
ORD10913,2025-01-19,2025,Jan,1,2025-01,CUST0221,Kavya Sharma,West,Pune,Stationery,Sticky Notes,Sticky Notes,1,2834.66,0.0,2834.66,1520.09,53.62512611741796,2834.66,UPI
ORD11237,2024-11-15,2024,Nov,11,2024-11,CUST0355,Pooja Sharma,West,Mumbai,Electronics,Wireless Mouse,Wireless Mouse,2,4677.64,0.15,7951.99,477.14,6.000259054651728,7951.99,UPI
ORD10473,2025-03-29,2025,Mar,3,2025-03,CUST0298,Divya Kapoor,South,Bengaluru,Furniture,Bed Side Table,Bed Side Table,2,5828.58,0.05,11074.3,1414.89,12.77633800781991,11074.3,Debit Card
ORD10902,2024-03-15,2024,Mar,3,2024-03,CUST0397,Diya Kumar,West,Ahmedabad,Electronics,Laptop Stand,Laptop Stand,2,4602.67,0.2,7364.27,-566.05,-7.686437352242652,7364.27,Debit Card
ORD11406,2025-01-25,2025,Jan,1,2025-01,CUST0079,Myra Kapoor,South,Hyderabad,Clothing,Women's Kurti,Women's Kurti,1,4506.86,0.0,4506.86,1163.32,25.812206281091495,4506.86,UPI
ORD11925,2024-04-19,2024,Apr,4,2024-04,CUST0338,Aadhya Nair,North,Chandigarh,Furniture,Bed Side Table,Bed Side Table,1,5828.58,0.1,5245.72,416.02,7.930655848958769,5245.72,Net Banking
ORD10478,2024-05-14,2024,May,5,2024-05,CUST0193,Ishaan Singh,South,Hyderabad,Home & Kitchen,Water Bottle,Water Bottle,1,5018.72,0.0,5018.72,1499.64,29.880925813753308,5018.72,Cash on Delivery
ORD12196,2024-08-05,2024,Aug,8,2024-08,CUST0350,Priya Kumar,North,Chandigarh,Electronics,Webcam HD,Webcam HD,2,2743.97,0.2,4390.35,214.56,4.887081895520859,4390.35,Credit Card
ORD12057,2024-08-04,2024,Aug,8,2024-08,CUST0339,Sneha Singh,North,Jaipur,Clothing,Denim Jeans,Denim Jeans,1,2056.08,0.0,2056.08,837.62,40.73868721061438,2056.08,Credit Card
ORD10133,2024-11-11,2024,Nov,11,2024-11,CUST0169,Arjun Mehta,West,Pune,Stationery,Gel Pen Set,Gel Pen Set,2,4275.22,0.15,7267.87,2940.1,40.45339280972279,7267.87,Credit Card
ORD12060,2024-10-30,2024,Oct,10,2024-10,CUST0172,Ravi Patel,West,Pune,Home & Kitchen,Mixer Grinder,Mixer Grinder,1,4246.55,0.15,3609.57,1154.67,31.989128899010133,3609.57,Debit Card
ORD10982,2024-02-19,2024,Feb,2,2024-02,CUST0247,Meera Patel,West,Ahmedabad,Electronics,Wireless Mouse,Wireless Mouse,3,4677.64,0.1,12629.63,1417.35,11.222419025735512,12629.63,Credit Card
ORD11632,2024-08-25,2024,Aug,8,2024-08,CUST0284,Aadhya Rao,South,Bengaluru,Clothing,Winter Jacket,Winter Jacket,2,2896.9,0.1,5214.42,2043.08,39.18134711051277,5214.42,Credit Card
ORD10257,2024-09-12,2024,Sep,9,2024-09,CUST0161,Sneha Nair,West,Ahmedabad,Furniture,Bed Side Table,Bed Side Table,1,5828.58,0.1,5245.72,416.02,7.930655848958769,5245.72,UPI
ORD10551,2024-06-25,2024,Jun,6,2024-06,CUST0008,Meera Nair,West,Ahmedabad,Electronics,Smart Watch,Smart Watch,1,2319.17,0.15,1971.29,-85.39,-4.331681284843935,1971.29,UPI
ORD10662,2024-09-26,2024,Sep,9,2024-09,CUST0103,Sneha Iyer,East,Kolkata,Furniture,Bed Side Table,Bed Side Table,1,5828.58,0.05,5537.15,707.45,12.77642830698103,5537.15,Cash on Delivery
ORD10899,2025-03-15,2025,Mar,3,2025-03,CUST0229,Divya Das,West,Ahmedabad,Electronics,Laptop Stand,Laptop Stand,1,4602.67,0.05,4372.54,407.38,9.316781550311719,4372.54,Cash on Delivery
ORD10290,2024-11-03,2024,Nov,11,2024-11,CUST0087,Nikhil Reddy,East,Patna,Home & Kitchen,Mixer Grinder,Mixer Grinder,1,4246.55,0.05,4034.22,1579.32,39.14808810625102,4034.22,Credit Card
ORD11538,2024-11-25,2024,Nov,11,2024-11,CUST0346,Vivaan Bose,West,Ahmedabad,Furniture,Sofa Cover,Sofa Cover,1,4703.54,0.1,4233.19,992.79,23.4525263453802,4233.19,Debit Card
ORD10778,2024-07-23,2024,Jul,7,2024-07,CUST0007,Aditya Das,North,Chandigarh,Stationery,Desk Organizer,Desk Organizer,1,967.81,0.1,871.03,510.13,58.56629507594457,871.03,Credit Card
ORD10054,2024-05-06,2024,May,5,2024-05,CUST0076,Ishaan Sharma,South,Bengaluru,Furniture,Sofa Cover,Sofa Cover,2,4703.54,0.0,9407.08,2926.28,31.107208613087167,9407.08,Credit Card
ORD10558,2024-02-16,2024,Feb,2,2024-02,CUST0295,Myra Singh,South,Hyderabad,Electronics,Wireless Mouse,Wireless Mouse,1,4677.64,0.0,4677.64,940.21,20.100093209396192,4677.64,UPI
ORD10041,2025-02-13,2025,Feb,2,2025-02,CUST0172,Ravi Patel,South,Bengaluru,Electronics,Laptop Stand,Laptop Stand,1,4602.67,0.1,4142.4,177.24,4.278679026651218,4142.4,Debit Card
ORD11260,2024-06-04,2024,Jun,6,2024-06,CUST0380,Kavya Mehta,South,Hyderabad,Electronics,Laptop Stand,Laptop Stand,1,4602.67,0.1,4142.4,177.24,4.278679026651218,4142.4,UPI
ORD10262,2025-01-07,2025,Jan,1,2025-01,CUST0106,Kavya Reddy,South,Hyderabad,Electronics,Portable SSD 1TB,Portable SSD 1TB,1,3916.61,0.05,3720.78,320.78,8.621310585414884,3720.78,Credit Card
ORD11147,2024-10-23,2024,Oct,10,2024-10,CUST0069,Karan Verma,North,Jaipur,Electronics,Webcam HD,Webcam HD,1,2743.97,0.1,2469.57,381.68,15.455322181594367,2469.57,Net Banking
ORD10084,2024-01-24,2024,Jan,1,2024-01,CUST0092,Aarav Bose,South,Chennai,Home & Kitchen,Storage Containers Set,Storage Containers Set,2,4142.6,0.05,7870.94,3438.87,43.69071546727582,7870.94,UPI
ORD11454,2025-02-21,2025,Feb,2,2025-02,CUST0350,Priya Kumar,East,Kolkata,Electronics,Wireless Mouse,Wireless Mouse,2,4677.64,0.05,8887.52,1412.67,15.894985327740471,8887.52,Credit Card
ORD11084,2024-06-06,2024,Jun,6,2024-06,CUST0339,Sneha Singh,West,Pune,Electronics,Smart Watch,Smart Watch,2,2319.17,0.0,4638.34,524.98,11.318273347792529,4638.34,Cash on Delivery
ORD12072,2024-10-09,2024,Oct,10,2024-10,CUST0312,Priya Nair,North,Delhi,Furniture,Bookshelf,Bookshelf,3,4584.81,0.1,12378.99,2463.35,19.899442523178383,12378.99,Credit Card
ORD11103,2024-09-17,2024,Sep,9,2024-09,CUST0201,Ananya Gupta,East,Patna,Home & Kitchen,Air Fryer,Air Fryer,1,1319.46,0.1,1187.51,525.35,44.2396274557688,1187.51,Credit Card
ORD10031,2025-03-26,2025,Mar,3,2025-03,CUST0113,Divya Nair,North,Chandigarh,Home & Kitchen,Non-Stick Pan,Non-Stick Pan,1,2707.34,0.2,2165.87,248.61,11.478528258852103,2165.87,Cash on Delivery
ORD11591,2025-03-18,2025,Mar,3,2025-03,CUST0111,Priya Nair,East,Patna,Furniture,Bookshelf,Bookshelf,1,4584.81,0.2,3667.85,362.64,9.886991016535571,3667.85,Credit Card
ORD12008,2025-03-11,2025,Mar,3,2025-03,CUST0293,Vihaan Rao,West,Pune,Home & Kitchen,Air Fryer,Air Fryer,2,1319.46,0.05,2506.97,1182.65,47.174477556572285,2506.97,Credit Card
ORD11227,2024-03-15,2024,Mar,3,2024-03,CUST0328,Pooja Kumar,North,Jaipur,Home & Kitchen,Non-Stick Pan,Non-Stick Pan,1,2707.34,0.3,1895.14,-22.12,-1.167196091053959,1895.14,Credit Card
ORD11021,2024-02-17,2024,Feb,2,2024-02,CUST0372,Vihaan Kapoor,North,Chandigarh,Clothing,Women's Kurti,Women's Kurti,1,4506.86,0.05,4281.52,937.98,21.907640277284703,4281.52,Credit Card
ORD11910,2024-11-30,2024,Nov,11,2024-11,CUST0145,Nikhil Sharma,South,Chennai,Clothing,Running Shoes,Running Shoes,1,910.04,0.0,910.04,346.79,38.107116170717774,910.04,Credit Card
ORD11121,2025-01-29,2025,Jan,1,2025-01,CUST0090,Ishaan Sharma,South,Bengaluru,Electronics,Laptop Stand,Laptop Stand,1,4602.67,0.05,4372.54,407.38,9.316781550311719,4372.54,UPI
ORD12147,2024-09-06,2024,Sep,9,2024-09,CUST0109,Nikhil Reddy,East,Patna,Electronics,USB-C Charger,USB-C Charger,3,700.94,0.1,1892.54,9.23,0.48770435499381787,1892.54,UPI
ORD10049,2024-12-17,2024,Dec,12,2024-12,CUST0305,Myra Mehta,West,Pune,Stationery,Sticky Notes,Sticky Notes,1,2834.66,0.15,2409.46,1094.89,45.44130220049306,2409.46,UPI
ORD11426,2024-06-05,2024,Jun,6,2024-06,CUST0032,Myra Joshi,West,Ahmedabad,Electronics,Portable SSD 1TB,Portable SSD 1TB,3,3916.61,0.05,11162.34,962.35,8.621400172365293,11162.34,Cash on Delivery
ORD10894,2024-01-20,2024,Jan,1,2024-01,CUST0277,Priya Verma,North,Jaipur,Clothing,Men's T-Shirt,Men's T-Shirt,1,1052.59,0.0,1052.59,346.55,32.923550480243975,1052.59,Credit Card
ORD10154,2024-11-02,2024,Nov,11,2024-11,CUST0069,Karan Verma,North,Jaipur,Clothing,Denim Jeans,Denim Jeans,1,2056.08,0.0,2056.08,837.62,40.73868721061438,2056.08,Debit Card
ORD10395,2024-09-08,2024,Sep,9,2024-09,CUST0253,Saanvi Iyer,South,Bengaluru,Clothing,Women's Kurti,Women's Kurti,3,4506.86,0.1,12168.52,2137.91,17.56918672114604,12168.52,Net Banking
ORD10269,2024-02-02,2024,Feb,2,2024-02,CUST0138,Neha Chatterjee,East,Bhubaneswar,Furniture,Bed Side Table,Bed Side Table,1,5828.58,0.05,5537.15,707.45,12.77642830698103,5537.15,UPI
ORD10386,2024-10-25,2024,Oct,10,2024-10,CUST0412,Divya Singh,North,Delhi,Electronics,USB-C Charger,USB-C Charger,1,700.94,0.3,490.66,-137.11,-27.943993804263645,490.66,UPI
ORD10042,2024-03-29,2024,Mar,3,2024-03,CUST0020,Anika Kapoor,North,Jaipur,Electronics,USB-C Charger,USB-C Charger,1,700.94,0.05,665.89,38.12,5.724669239664208,665.89,Cash on Delivery
ORD10598,2024-06-29,2024,Jun,6,2024-06,CUST0053,Neha Nair,East,Bhubaneswar,Furniture,Bed Side Table,Bed Side Table,1,5828.58,0.0,5828.58,998.88,17.137621856438447,5828.58,Net Banking
ORD11090,2024-05-16,2024,May,5,2024-05,CUST0051,Vihaan Singh,North,Chandigarh,Furniture,Study Table,Study Table,1,4991.64,0.0,4991.64,1116.47,22.36679728506062,4991.64,Credit Card
ORD10681,2024-05-28,2024,May,5,2024-05,CUST0034,Arjun Patel,South,Hyderabad,Furniture,Study Table,Study Table,1,4991.64,0.1,4492.48,617.31,13.74096267540423,4492.48,UPI
ORD11297,2024-08-01,2024,Aug,8,2024-08,CUST0233,Aadhya Bose,West,Pune,Home & Kitchen,Water Bottle,Water Bottle,2,5018.72,0.1,9033.7,1995.54,22.089952068366227,9033.7,Credit Card
ORD10525,2024-10-31,2024,Oct,10,2024-10,CUST0040,Ananya Kumar,East,Bhubaneswar,Stationery,Notebook Pack,Notebook Pack,2,4753.51,0.0,9507.02,4915.41,51.702952134317584,9507.02,UPI
ORD12127,2024-07-09,2024,Jul,7,2024-07,CUST0245,Sneha Chatterjee,North,Jaipur,Home & Kitchen,Mixer Grinder,Mixer Grinder,2,4246.55,0.05,8068.44,3158.65,39.14821204594693,8068.44,Cash on Delivery
ORD12152,2024-08-19,2024,Aug,8,2024-08,CUST0167,Myra Sharma,East,Patna,Electronics,Portable SSD 1TB,Portable SSD 1TB,1,3916.61,0.1,3524.95,124.95,3.544731130938028,3524.95,UPI
ORD11845,2024-06-15,2024,Jun,6,2024-06,CUST0020,Anika Kapoor,West,Mumbai,Stationery,Sticky Notes,Sticky Notes,1,2834.66,0.0,2834.66,1520.09,53.62512611741796,2834.66,Debit Card
ORD11017,2024-07-11,2024,Jul,7,2024-07,CUST0366,Sneha Kapoor,North,Chandigarh,Home & Kitchen,Non-Stick Pan,Non-Stick Pan,1,2707.34,0.05,2571.97,654.71,25.455584629680754,2571.97,Debit Card
ORD11207,2024-03-22,2024,Mar,3,2024-03,CUST0106,Kavya Reddy,East,Kolkata,Clothing,Women's Kurti,Women's Kurti,1,4506.86,0.0,4506.86,1163.32,25.812206281091495,4506.86,Credit Card
ORD11308,2024-12-30,2024,Dec,12,2024-12,CUST0320,Vihaan Joshi,South,Chennai,Stationery,Desk Organizer,Desk Organizer,2,967.81,0.0,1935.62,1213.82,62.70962275653279,1935.62,Credit Card
ORD10226,2025-01-08,2025,Jan,1,2025-01,CUST0085,Kavya Singh,South,Hyderabad,Clothing,Running Shoes,Running Shoes,2,910.04,0.2,1456.06,329.56,22.633682677911626,1456.06,Net Banking
ORD11476,2024-04-22,2024,Apr,4,2024-04,CUST0298,Divya Kapoor,South,Hyderabad,Clothing,Men's T-Shirt,Men's T-Shirt,1,1052.59,0.0,1052.59,346.55,32.923550480243975,1052.59,UPI
ORD12116,2024-12-24,2024,Dec,12,2024-12,CUST0104,Krishna Sharma,West,Ahmedabad,Clothing,Formal Shirt,Formal Shirt,1,1477.42,0.2,1181.94,195.83,16.568522936866508,1181.94,UPI
ORD11517,2024-04-23,2024,Apr,4,2024-04,CUST0272,Vivaan Iyer,West,Pune,Furniture,Office Chair,Office Chair,2,3394.32,0.15,5770.34,1271.08,22.02781811816981,5770.34,UPI
ORD12090,2024-04-12,2024,Apr,4,2024-04,CUST0092,Aarav Bose,East,Patna,Stationery,Desk Organizer,Desk Organizer,2,967.81,0.0,1935.62,1213.82,62.70962275653279,1935.62,Debit Card
ORD12163,2024-05-11,2024,May,5,2024-05,CUST0246,Pooja Singh,West,Mumbai,Clothing,Formal Shirt,Formal Shirt,1,1477.42,0.15,1255.81,269.7,21.47617872130338,1255.81,Credit Card
ORD10206,2025-03-30,2025,Mar,3,2025-03,CUST0442,Kavya Bose,South,Chennai,Electronics,Smart Watch,Smart Watch,1,2319.17,0.1,2087.25,30.57,1.4646065397053538,2087.25,Debit Card
ORD11028,2024-06-26,2024,Jun,6,2024-06,CUST0426,Ishaan Patel,South,Bengaluru,Home & Kitchen,Storage Containers Set,Storage Containers Set,1,4142.6,0.0,4142.6,1926.57,46.50630039105875,4142.6,Cash on Delivery
ORD11982,2024-07-07,2024,Jul,7,2024-07,CUST0219,Ravi Bose,West,Pune,Electronics,Noise Cancelling Headphones,Noise Cancelling Headphones,4,899.46,0.2,2878.27,-3.85,-0.13376090498806575,2878.27,Debit Card
ORD11148,2024-04-25,2024,Apr,4,2024-04,CUST0150,Ishaan Das,North,Chandigarh,Home & Kitchen,Air Fryer,Air Fryer,1,1319.46,0.0,1319.46,657.3,49.81583375017052,1319.46,Credit Card
ORD11047,2024-10-26,2024,Oct,10,2024-10,CUST0414,Sneha Gupta,South,Chennai,Clothing,Running Shoes,Running Shoes,2,910.04,0.05,1729.08,602.58,34.84974668609897,1729.08,Credit Card
ORD10694,2024-10-21,2024,Oct,10,2024-10,CUST0298,Divya Kapoor,South,Hyderabad,Home & Kitchen,LED Table Lamp,LED Table Lamp,1,2416.75,0.05,2295.91,913.33,39.78074053425439,2295.91,Debit Card
ORD11616,2024-04-07,2024,Apr,4,2024-04,CUST0298,Divya Kapoor,South,Hyderabad,Electronics,Bluetooth Speaker,Bluetooth Speaker,2,5172.8,0.0,10345.6,1598.12,15.447339931951745,10345.6,UPI
ORD11173,2024-09-13,2024,Sep,9,2024-09,CUST0302,Pooja Verma,North,Chandigarh,Home & Kitchen,Air Fryer,Air Fryer,1,1319.46,0.0,1319.46,657.3,49.81583375017052,1319.46,Debit Card
ORD11687,2024-10-16,2024,Oct,10,2024-10,CUST0445,Ravi Das,West,Ahmedabad,Furniture,Sofa Cover,Sofa Cover,1,4703.54,0.15,3998.01,757.61,18.94967746453861,3998.01,UPI
ORD11333,2024-06-22,2024,Jun,6,2024-06,CUST0163,Anika Mehta,West,Pune,Furniture,Recliner Chair,Recliner Chair,2,2880.32,0.0,5760.64,1965.76,34.123986223752915,5760.64,Debit Card
ORD11442,2024-11-18,2024,Nov,11,2024-11,CUST0079,Myra Kapoor,South,Bengaluru,Stationery,Sticky Notes,Sticky Notes,1,2834.66,0.0,2834.66,1520.09,53.62512611741796,2834.66,Debit Card
ORD11651,2024-08-27,2024,Aug,8,2024-08,CUST0164,Rohan Kumar,North,Chandigarh,Electronics,Portable SSD 1TB,Portable SSD 1TB,3,3916.61,0.15,9987.36,-212.63,-2.128991044680476,9987.36,Credit Card
ORD10158,2024-06-17,2024,Jun,6,2024-06,CUST0029,Neha Gupta,North,Chandigarh,Electronics,Bluetooth Speaker,Bluetooth Speaker,3,5172.8,0.05,14742.48,1621.27,10.997267759562842,14742.48,Credit Card
ORD11765,2024-01-29,2024,Jan,1,2024-01,CUST0341,Aarav Nair,South,Bengaluru,Home & Kitchen,LED Table Lamp,LED Table Lamp,1,2416.75,0.1,2175.08,792.5,36.43544145502694,2175.08,Cash on Delivery
ORD10306,2024-04-26,2024,Apr,4,2024-04,CUST0062,Aditya Mehta,South,Hyderabad,Electronics,Smart Watch,Smart Watch,1,2319.17,0.05,2203.21,146.53,6.650750495867394,2203.21,Credit Card
ORD10657,2024-09-07,2024,Sep,9,2024-09,CUST0272,Vivaan Iyer,South,Hyderabad,Clothing,Men's T-Shirt,Men's T-Shirt,1,1052.59,0.0,1052.59,346.55,32.923550480243975,1052.59,UPI
ORD10799,2024-06-16,2024,Jun,6,2024-06,CUST0461,Neha Chatterjee,East,Patna,Home & Kitchen,Mixer Grinder,Mixer Grinder,1,4246.55,0.05,4034.22,1579.32,39.14808810625102,4034.22,Credit Card
ORD12109,2024-09-11,2024,Sep,9,2024-09,CUST0387,Anika Kumar,North,Delhi,Home & Kitchen,Water Bottle,Water Bottle,1,5018.72,0.0,5018.72,1499.64,29.880925813753308,5018.72,Cash on Delivery
ORD10619,2025-03-04,2025,Mar,3,2025-03,CUST0379,Kavya Joshi,North,Delhi,Electronics,Wireless Mouse,Wireless Mouse,1,4677.64,0.2,3742.11,4.68,0.1250631328314774,3742.11,UPI
ORD10509,2025-03-19,2025,Mar,3,2025-03,CUST0054,Sanjay Rao,West,Pune,Electronics,Wireless Mouse,Wireless Mouse,1,4677.64,0.05,4443.76,706.33,15.894872810412805,4443.76,Debit Card
ORD11645,2024-04-23,2024,Apr,4,2024-04,CUST0121,Pooja Bose,North,Delhi,Home & Kitchen,Mixer Grinder,Mixer Grinder,1,4246.55,0.05,4034.22,1579.32,39.14808810625102,4034.22,Credit Card
ORD10737,2024-04-22,2024,Apr,4,2024-04,CUST0273,Riya Joshi,North,Delhi,Clothing,Winter Jacket,Winter Jacket,1,2896.9,0.05,2752.06,1166.39,42.38243352252495,2752.06,UPI
ORD12129,2024-02-11,2024,Feb,2,2024-02,CUST0298,Divya Kapoor,South,Hyderabad,Clothing,Men's T-Shirt,Men's T-Shirt,1,1052.59,0.05,999.96,293.92,29.39317572702908,999.96,Net Banking
ORD12009,2024-09-19,2024,Sep,9,2024-09,CUST0333,Myra Rao,North,Delhi,Furniture,Office Chair,Office Chair,1,3394.32,0.05,3224.6,974.97,30.235378031383743,3224.6,Credit Card
ORD11226,2024-06-24,2024,Jun,6,2024-06,CUST0031,Nikhil Gupta,South,Hyderabad,Electronics,Portable SSD 1TB,Portable SSD 1TB,1,3916.61,0.0,3916.61,516.61,13.190233390610759,3916.61,Net Banking
ORD10868,2024-09-29,2024,Sep,9,2024-09,CUST0350,Priya Kumar,North,Delhi,Electronics,Laptop Stand,Laptop Stand,1,4602.67,0.0,4602.67,637.51,13.850873514720801,4602.67,Debit Card
ORD10460,2024-11-06,2024,Nov,11,2024-11,CUST0207,Arjun Nair,South,Hyderabad,Clothing,Running Shoes,Running Shoes,1,910.04,0.0,910.04,346.79,38.107116170717774,910.04,Credit Card
ORD11602,2024-12-09,2024,Dec,12,2024-12,CUST0162,Vihaan Singh,West,Mumbai,Home & Kitchen,Storage Containers Set,Storage Containers Set,1,4142.6,0.05,3935.47,1719.44,43.690842516903956,3935.47,UPI
ORD10063,2025-02-06,2025,Feb,2,2025-02,CUST0239,Riya Kapoor,West,Mumbai,Electronics,Bluetooth Speaker,Bluetooth Speaker,2,5172.8,0.05,9828.32,1080.84,10.99719992837026,9828.32,Credit Card
ORD10600,2024-04-12,2024,Apr,4,2024-04,CUST0353,Saanvi Verma,North,Delhi,Clothing,Women's Kurti,Women's Kurti,1,4506.86,0.1,4056.17,712.63,17.569036800725808,4056.17,UPI
ORD11214,2024-12-17,2024,Dec,12,2024-12,CUST0246,Pooja Singh,West,Ahmedabad,Electronics,Noise Cancelling Headphones,Noise Cancelling Headphones,2,899.46,0.2,1439.14,-1.92,-0.13341301054796612,1439.14,Credit Card
ORD11900,2024-08-11,2024,Aug,8,2024-08,CUST0353,Saanvi Verma,West,Pune,Furniture,Bookshelf,Bookshelf,2,4584.81,0.05,8711.14,2100.71,24.115213393424973,8711.14,Debit Card
ORD10458,2024-04-22,2024,Apr,4,2024-04,CUST0233,Aadhya Bose,South,Bengaluru,Clothing,Winter Jacket,Winter Jacket,1,2896.9,0.1,2607.21,1021.54,39.18134711051277,2607.21,Credit Card
ORD11174,2024-03-17,2024,Mar,3,2024-03,CUST0327,Aarav Joshi,East,Patna,Clothing,Winter Jacket,Winter Jacket,1,2896.9,0.1,2607.21,1021.54,39.18134711051277,2607.21,Debit Card
ORD11118,2024-08-29,2024,Aug,8,2024-08,CUST0079,Myra Kapoor,West,Mumbai,Electronics,Portable SSD 1TB,Portable SSD 1TB,2,3916.61,0.05,7441.56,641.56,8.621310585414884,7441.56,Credit Card
ORD10871,2024-11-17,2024,Nov,11,2024-11,CUST0413,Vihaan Verma,West,Pune,Furniture,Bed Side Table,Bed Side Table,1,5828.58,0.0,5828.58,998.88,17.137621856438447,5828.58,Debit Card
ORD10791,2025-01-19,2025,Jan,1,2025-01,CUST0295,Myra Singh,North,Jaipur,Furniture,Recliner Chair,Recliner Chair,1,2880.32,0.3,2016.22,118.78,5.891222188054876,2016.22,Credit Card
ORD11951,2024-09-28,2024,Sep,9,2024-09,CUST0069,Karan Verma,North,Delhi,Stationery,Notebook Pack,Notebook Pack,2,4753.51,0.15,8080.97,3489.36,43.179964781455695,8080.97,Net Banking
ORD12030,2024-08-29,2024,Aug,8,2024-08,CUST0409,Arjun Gupta,West,Pune,Clothing,Women's Kurti,Women's Kurti,1,4506.86,0.0,4506.86,1163.32,25.812206281091495,4506.86,Credit Card
ORD10761,2024-06-14,2024,Jun,6,2024-06,CUST0184,Ananya Das,East,Patna,Stationery,Desk Organizer,Desk Organizer,2,967.81,0.0,1935.62,1213.82,62.70962275653279,1935.62,Cash on Delivery
ORD10955,2024-08-17,2024,Aug,8,2024-08,CUST0176,Ravi Kapoor,North,Jaipur,Clothing,Women's Kurti,Women's Kurti,1,4506.86,0.05,4281.52,937.98,21.907640277284703,4281.52,UPI
ORD10651,2024-10-22,2024,Oct,10,2024-10,CUST0379,Kavya Joshi,East,Patna,Furniture,Bookshelf,Bookshelf,1,4584.81,0.1,4126.33,821.12,19.89952330521311,4126.33,UPI
ORD11485,2024-03-17,2024,Mar,3,2024-03,CUST0046,Krishna Joshi,West,Mumbai,Home & Kitchen,Storage Containers Set,Storage Containers Set,2,4142.6,0.0,8285.2,3853.13,46.50617969391203,8285.2,UPI
ORD10380,2024-07-23,2024,Jul,7,2024-07,CUST0372,Vihaan Kapoor,North,Chandigarh,Home & Kitchen,LED Table Lamp,LED Table Lamp,2,2416.75,0.0,4833.5,2068.34,42.791765801179274,4833.5,Debit Card
ORD10565,2024-04-22,2024,Apr,4,2024-04,CUST0078,Aadhya Singh,South,Hyderabad,Electronics,Bluetooth Speaker,Bluetooth Speaker,1,5172.8,0.1,4655.52,281.78,6.0525999243908295,4655.52,UPI
ORD11539,2025-01-18,2025,Jan,1,2025-01,CUST0428,Unknown Customer,West,Mumbai,Home & Kitchen,Non-Stick Pan,Non-Stick Pan,2,2707.34,0.1,4873.21,1038.7,21.314492911243306,4873.21,Net Banking
ORD10957,2024-01-04,2024,Jan,1,2024-01,CUST0079,Myra Kapoor,West,Mumbai,Electronics,Webcam HD,Webcam HD,1,2743.97,0.05,2606.77,518.88,19.905093276353494,2606.77,Debit Card
ORD10742,2024-10-26,2024,Oct,10,2024-10,CUST0276,Unknown Customer,South,Hyderabad,Clothing,Men's T-Shirt,Men's T-Shirt,2,1052.59,0.15,1789.4,377.32,21.08639767519839,1789.4,Credit Card
ORD12082,2024-09-05,2024,Sep,9,2024-09,CUST0395,Diya Verma,West,Ahmedabad,Electronics,Noise Cancelling Headphones,Noise Cancelling Headphones,1,899.46,0.0,899.46,178.93,19.893046939274676,899.46,Debit Card
ORD10232,2024-02-02,2024,Feb,2,2024-02,CUST0135,Arun Gupta,North,Jaipur,Stationery,Notebook Pack,Notebook Pack,2,4753.51,0.1,8556.32,3964.71,46.33662602614208,8556.32,UPI
ORD11694,2024-10-23,2024,Oct,10,2024-10,CUST0468,Aditya Kumar,North,Delhi,Furniture,Study Table,Study Table,1,4991.64,0.05,4742.06,866.89,18.280873713112022,4742.06,UPI
ORD10383,2024-06-30,2024,Jun,6,2024-06,CUST0277,Priya Verma,South,Hyderabad,Electronics,Webcam HD,Webcam HD,1,2743.97,0.0,2743.97,656.08,23.90988239667344,2743.97,Debit Card
ORD11456,2024-04-16,2024,Apr,4,2024-04,CUST0466,Anika Reddy,North,Jaipur,Furniture,Recliner Chair,Recliner Chair,1,2880.32,0.2,2304.26,406.82,17.655125723659655,2304.26,Credit Card
ORD10073,2024-08-23,2024,Aug,8,2024-08,CUST0467,Anika Kumar,East,Patna,Furniture,Study Table,Study Table,1,4991.64,0.1,4492.48,617.31,13.74096267540423,4492.48,UPI
ORD11095,2024-10-23,2024,Oct,10,2024-10,CUST0220,Meera Chatterjee,North,Jaipur,Furniture,Recliner Chair,Recliner Chair,1,2880.32,0.1,2592.29,694.85,26.804485609248967,2592.29,Cash on Delivery
ORD11891,2025-01-15,2025,Jan,1,2025-01,CUST0394,Aadhya Gupta,West,Pune,Furniture,Office Chair,Office Chair,1,3394.32,0.05,3224.6,974.97,30.235378031383743,3224.6,Net Banking
ORD11934,2024-05-12,2024,May,5,2024-05,CUST0341,Aarav Nair,South,Hyderabad,Electronics,Bluetooth Speaker,Bluetooth Speaker,1,5172.8,0.1,4655.52,281.78,6.0525999243908295,4655.52,Credit Card
ORD10172,2024-12-21,2024,Dec,12,2024-12,CUST0126,Ananya Mehta,East,Bhubaneswar,Electronics,USB-C Charger,USB-C Charger,3,700.94,0.2,1682.26,-201.05,-11.951184715798984,1682.26,Debit Card
ORD11660,2024-08-09,2024,Aug,8,2024-08,CUST0086,Sanjay Nair,West,Pune,Home & Kitchen,Storage Containers Set,Storage Containers Set,2,4142.6,0.05,7870.94,3438.87,43.69071546727582,7870.94,Debit Card
ORD10169,2024-08-23,2024,Aug,8,2024-08,CUST0302,Pooja Verma,East,Bhubaneswar,Clothing,Men's T-Shirt,Men's T-Shirt,2,1052.59,0.15,1789.4,377.32,21.08639767519839,1789.4,UPI
ORD11236,2024-04-11,2024,Apr,4,2024-04,CUST0230,Arun Verma,East,Bhubaneswar,Electronics,Bluetooth Speaker,Bluetooth Speaker,2,5172.8,0.2,8276.48,-471.0,-5.6908250850603155,8276.48,UPI
ORD10273,2024-06-27,2024,Jun,6,2024-06,CUST0299,Anika Singh,West,Mumbai,Clothing,Winter Jacket,Winter Jacket,2,2896.9,0.1,5214.42,2043.08,39.18134711051277,5214.42,Credit Card
ORD10421,2024-10-21,2024,Oct,10,2024-10,CUST0172,Ravi Patel,South,Bengaluru,Electronics,Wireless Mouse,Wireless Mouse,1,4677.64,0.1,4209.88,472.45,11.222410139956484,4209.88,Credit Card
ORD11119,2024-11-27,2024,Nov,11,2024-11,CUST0328,Pooja Kumar,West,Ahmedabad,Clothing,Formal Shirt,Formal Shirt,1,1477.42,0.05,1403.55,417.44,29.741726336788858,1403.55,UPI
ORD11637,2024-11-03,2024,Nov,11,2024-11,CUST0095,Rohan Verma,East,Bhubaneswar,Electronics,Smart Watch,Smart Watch,3,2319.17,0.1,6261.76,91.72,1.4647639002452983,6261.76,Net Banking
ORD11912,2024-10-03,2024,Oct,10,2024-10,CUST0474,Divya Mehta,South,Bengaluru,Furniture,Office Chair,Office Chair,1,3394.32,0.0,3394.32,1144.69,33.72369134318509,3394.32,Cash on Delivery
ORD11067,2024-03-26,2024,Mar,3,2024-03,CUST0350,Priya Kumar,North,Chandigarh,Furniture,Sofa Cover,Sofa Cover,2,4703.54,0.15,7996.02,1515.22,18.94967746453861,7996.02,Net Banking
ORD10057,2025-02-18,2025,Feb,2,2025-02,CUST0226,Nikhil Patel,South,Chennai,Clothing,Denim Jeans,Denim Jeans,1,2056.08,0.15,1747.67,529.21,30.280888268380185,1747.67,Credit Card
ORD11128,2025-03-02,2025,Mar,3,2025-03,CUST0106,Kavya Reddy,South,Bengaluru,Clothing,Men's T-Shirt,Men's T-Shirt,1,1052.59,0.0,1052.59,346.55,32.923550480243975,1052.59,Debit Card
ORD11331,2024-08-09,2024,Aug,8,2024-08,CUST0060,Rohan Mehta,East,Kolkata,Furniture,Sofa Cover,Sofa Cover,1,4703.54,0.05,4468.36,1227.96,27.481223536151965,4468.36,UPI
ORD11409,2024-12-13,2024,Dec,12,2024-12,CUST0067,Sai Reddy,West,Pune,Furniture,Bed Side Table,Bed Side Table,1,5828.58,0.1,5245.72,416.02,7.930655848958769,5245.72,Credit Card
ORD11548,2025-02-21,2025,Feb,2,2025-02,CUST0466,Anika Reddy,South,Bengaluru,Electronics,Smart Watch,Smart Watch,1,2319.17,0.15,1971.29,-85.39,-4.331681284843935,1971.29,Net Banking
ORD10039,2024-05-11,2024,May,5,2024-05,CUST0124,Myra Reddy,East,Kolkata,Electronics,Smart Watch,Smart Watch,2,2319.17,0.15,3942.59,-170.77,-4.331416657577887,3942.59,Cash on Delivery
ORD10307,2024-07-15,2024,Jul,7,2024-07,CUST0397,Diya Kumar,West,Pune,Clothing,Winter Jacket,Winter Jacket,1,2896.9,0.1,2607.21,1021.54,39.18134711051277,2607.21,UPI
ORD10007,2024-03-04,2024,Mar,3,2024-03,CUST0172,Ravi Patel,East,Kolkata,Electronics,Bluetooth Speaker,Bluetooth Speaker,1,5172.8,0.1,4655.52,281.78,6.0525999243908295,4655.52,Cash on Delivery
ORD11105,2025-03-29,2025,Mar,3,2025-03,CUST0219,Ravi Bose,South,Chennai,Stationery,Desk Organizer,Desk Organizer,1,967.81,0.1,871.03,510.13,58.56629507594457,871.03,Debit Card
ORD10783,2024-06-18,2024,Jun,6,2024-06,CUST0329,Aadhya Verma,North,Chandigarh,Stationery,Notebook Pack,Notebook Pack,1,4753.51,0.1,4278.16,1982.36,46.33674289881631,4278.16,UPI
ORD10409,2024-09-25,2024,Sep,9,2024-09,CUST0365,Sanjay Rao,North,Delhi,Electronics,Bluetooth Speaker,Bluetooth Speaker,1,5172.8,0.1,4655.52,281.78,6.0525999243908295,4655.52,Net Banking
ORD12111,2024-05-29,2024,May,5,2024-05,CUST0030,Divya Das,South,Bengaluru,Clothing,Running Shoes,Running Shoes,2,910.04,0.0,1820.08,693.58,38.107116170717774,1820.08,Credit Card
ORD10782,2024-09-10,2024,Sep,9,2024-09,CUST0454,Aditya Nair,West,Mumbai,Electronics,Smart Watch,Smart Watch,1,2319.17,0.0,2319.17,262.49,11.318273347792529,2319.17,Debit Card
ORD11191,2024-04-19,2024,Apr,4,2024-04,CUST0323,Ananya Kapoor,North,Jaipur,Clothing,Running Shoes,Running Shoes,1,910.04,0.0,910.04,346.79,38.107116170717774,910.04,Credit Card
ORD10535,2024-02-26,2024,Feb,2,2024-02,CUST0298,Divya Kapoor,North,Delhi,Electronics,Laptop Stand,Laptop Stand,1,4602.67,0.05,4372.54,407.38,9.316781550311719,4372.54,UPI
ORD10584,2025-03-16,2025,Mar,3,2025-03,CUST0339,Sneha Singh,North,Delhi,Home & Kitchen,Storage Containers Set,Storage Containers Set,1,4142.6,0.1,3728.34,1512.31,40.56255599006528,3728.34,Credit Card
ORD11507,2024-02-08,2024,Feb,2,2024-02,CUST0365,Sanjay Rao,West,Mumbai,Home & Kitchen,Mixer Grinder,Mixer Grinder,1,4246.55,0.05,4034.22,1579.32,39.14808810625102,4034.22,Cash on Delivery
ORD12173,2024-06-17,2024,Jun,6,2024-06,CUST0376,Isha Iyer,North,Chandigarh,Home & Kitchen,Storage Containers Set,Storage Containers Set,1,4142.6,0.0,3728.34,1512.31,40.56255599006528,3728.34,UPI
ORD11713,2025-01-19,2025,Jan,1,2025-01,CUST0010,Ananya Patel,West,Mumbai,Electronics,USB-C Charger,USB-C Charger,1,700.94,0.3,490.66,-137.11,-27.943993804263645,490.66,UPI
ORD11484,2024-07-24,2024,Jul,7,2024-07,CUST0221,Kavya Sharma,West,Ahmedabad,Home & Kitchen,Storage Containers Set,Storage Containers Set,1,4142.6,0.05,3935.47,1719.44,43.690842516903956,3935.47,UPI
ORD11334,2024-06-08,2024,Jun,6,2024-06,CUST0033,Myra Singh,North,Delhi,Home & Kitchen,LED Table Lamp,LED Table Lamp,3,2416.75,0.05,6887.74,2740.0,39.780827963889465,6887.74,UPI
ORD12097,2024-05-02,2024,May,5,2024-05,CUST0178,Priya Kapoor,South,Hyderabad,Furniture,Office Chair,Office Chair,2,3394.32,0.0,6788.64,2289.38,33.72369134318509,6788.64,Cash on Delivery
ORD10814,2024-07-23,2024,Jul,7,2024-07,CUST0350,Priya Kumar,East,Patna,Clothing,Running Shoes,Running Shoes,1,910.04,0.05,864.54,301.29,34.84974668609897,864.54,Net Banking
ORD10317,2024-05-09,2024,May,5,2024-05,CUST0135,Arun Gupta,South,Chennai,Clothing,Denim Jeans,Denim Jeans,1,2056.08,0.0,2056.08,837.62,40.73868721061438,2056.08,Net Banking
ORD11547,2024-09-22,2024,Sep,9,2024-09,CUST0467,Anika Kumar,West,Mumbai,Clothing,Formal Shirt,Formal Shirt,1,1477.42,0.15,1255.81,269.7,21.47617872130338,1255.81,Net Banking
ORD12062,2024-05-26,2024,May,5,2024-05,CUST0377,Vihaan Verma,South,Bengaluru,Furniture,Bookshelf,Bookshelf,1,4584.81,0.1,4126.33,821.12,19.89952330521311,4126.33,Debit Card
ORD10517,2025-01-24,2025,Jan,1,2025-01,CUST0351,Aarav Mehta,South,Bengaluru,Stationery,Gel Pen Set,Gel Pen Set,2,4275.22,0.0,8550.44,4222.67,49.38541174489266,8550.44,UPI
ORD11289,2024-06-23,2024,Jun,6,2024-06,CUST0107,Rohan Chatterjee,West,Pune,Clothing,Women's Kurti,Women's Kurti,1,4506.86,0.0,4506.86,1163.32,25.812206281091495,4506.86,Credit Card
ORD12007,2024-10-07,2024,Oct,10,2024-10,CUST0354,Karan Bose,South,Bengaluru,Home & Kitchen,Air Fryer,Air Fryer,1,1319.46,0.1,1187.51,525.35,44.2396274557688,1187.51,Credit Card
ORD10534,2024-09-22,2024,Sep,9,2024-09,CUST0020,Anika Kapoor,West,Ahmedabad,Clothing,Running Shoes,Running Shoes,1,910.04,0.15,773.53,210.28,27.184466019417474,773.53,UPI
ORD11305,2025-03-16,2025,Mar,3,2025-03,CUST0022,Aadhya Patel,North,Jaipur,Home & Kitchen,Mixer Grinder,Mixer Grinder,1,4246.55,0.15,3609.57,1154.67,31.989128899010133,3609.57,Credit Card
ORD12073,2024-02-08,2024,Feb,2,2024-02,CUST0124,Myra Reddy,South,Hyderabad,Home & Kitchen,Air Fryer,Air Fryer,2,1319.46,0.0,2638.92,1314.6,49.81583375017052,2638.92,Credit Card
ORD10272,2024-08-29,2024,Aug,8,2024-08,CUST0384,Vivaan Iyer,West,Pune,Home & Kitchen,Water Bottle,Water Bottle,2,5018.72,0.05,9535.57,2497.41,26.190463705892782,9535.57,UPI
ORD10549,2024-07-31,2024,Jul,7,2024-07,CUST0168,Riya Das,West,Ahmedabad,Home & Kitchen,Non-Stick Pan,Non-Stick Pan,2,2707.34,0.05,5143.95,1309.44,25.455923949494068,5143.95,Credit Card
ORD10965,2025-02-28,2025,Feb,2,2025-02,CUST0246,Pooja Singh,North,Delhi,Clothing,Denim Jeans,Denim Jeans,1,2056.08,0.05,1953.28,734.82,37.61979849279162,1953.28,UPI
ORD12043,2024-09-15,2024,Sep,9,2024-09,CUST0074,Isha Reddy,North,Chandigarh,Electronics,Bluetooth Speaker,Bluetooth Speaker,2,5172.8,0.15,8793.76,46.28,0.526282272884409,8793.76,Credit Card
ORD11964,2024-09-13,2024,Sep,9,2024-09,CUST0080,Vivaan Verma,West,Ahmedabad,Electronics,Wireless Mouse,Wireless Mouse,1,4677.64,0.05,4443.76,706.33,15.894872810412805,4443.76,UPI
ORD10599,2024-04-21,2024,Apr,4,2024-04,CUST0435,Krishna Kapoor,West,Pune,Home & Kitchen,Air Fryer,Air Fryer,1,1319.46,0.1,1187.51,525.35,44.2396274557688,1187.51,Debit Card
ORD11929,2024-02-04,2024,Feb,2,2024-02,CUST0172,Ravi Patel,West,Ahmedabad,Home & Kitchen,Non-Stick Pan,Non-Stick Pan,1,2707.34,0.0,2707.34,790.08,29.18288800076828,2707.34,Debit Card
ORD10571,2024-03-31,2024,Mar,3,2024-03,CUST0287,Divya Kumar,West,Mumbai,Electronics,Bluetooth Speaker,Bluetooth Speaker,1,5172.8,0.0,5172.8,799.06,15.447339931951745,5172.8,Debit Card
ORD10075,2025-01-08,2025,Jan,1,2025-01,CUST0172,Ravi Patel,East,Patna,Electronics,USB-C Charger,USB-C Charger,1,700.94,0.15,595.8,-31.97,-5.365894595501847,595.8,UPI
ORD10062,2025-03-25,2025,Mar,3,2025-03,CUST0362,Divya Sharma,West,Pune,Furniture,Sofa Cover,Sofa Cover,1,4703.54,0.0,4703.54,1463.14,31.107208613087167,4703.54,UPI
ORD11988,2024-08-06,2024,Aug,8,2024-08,CUST0272,Vivaan Iyer,South,Bengaluru,Furniture,Recliner Chair,Recliner Chair,1,2880.32,0.15,2448.27,550.83,22.498744011077214,2448.27,Debit Card
ORD10810,2024-12-29,2024,Dec,12,2024-12,CUST0076,Ishaan Sharma,East,Bhubaneswar,Furniture,Bookshelf,Bookshelf,1,4584.81,0.3,3209.37,-95.84,-2.9862558695320267,3209.37,Credit Card
ORD10245,2025-02-05,2025,Feb,2,2025-02,CUST0227,Ishaan Sharma,North,Delhi,Electronics,Portable SSD 1TB,Portable SSD 1TB,1,3916.61,0.05,3720.78,320.78,8.621310585414884,3720.78,Credit Card
ORD11050,2025-02-17,2025,Feb,2,2025-02,CUST0226,Nikhil Patel,East,Kolkata,Stationery,Gel Pen Set,Gel Pen Set,1,4275.22,0.0,4275.22,2111.34,49.385528697938355,4275.22,UPI
ORD11814,2024-08-29,2024,Aug,8,2024-08,CUST0034,Arjun Patel,North,Chandigarh,Clothing,Winter Jacket,Winter Jacket,1,2896.9,0.05,2752.06,1166.39,42.38243352252495,2752.06,Credit Card
ORD12108,2024-11-07,2024,Nov,11,2024-11,CUST0350,Priya Kumar,North,Delhi,Electronics,Wireless Mouse,Wireless Mouse,1,4677.64,0.05,4443.76,706.33,15.894872810412805,4443.76,Credit Card
ORD10106,2024-05-08,2024,May,5,2024-05,CUST0320,Vihaan Joshi,North,Delhi,Electronics,Laptop Stand,Laptop Stand,1,4602.67,0.05,4372.54,407.38,9.316781550311719,4372.54,UPI
ORD10674,2024-12-14,2024,Dec,12,2024-12,CUST0457,Neha Reddy,East,Bhubaneswar,Electronics,Webcam HD,Webcam HD,1,2743.97,0.05,2606.77,518.88,19.905093276353494,2606.77,Net Banking
ORD10643,2024-05-03,2024,May,5,2024-05,CUST0031,Nikhil Gupta,West,Pune,Stationery,Desk Organizer,Desk Organizer,2,967.81,0.3,1354.93,633.13,46.72787524078734,1354.93,UPI
ORD11843,2025-03-01,2025,Mar,3,2025-03,CUST0249,Krishna Nair,North,Delhi,Electronics,Smart Watch,Smart Watch,2,2319.17,0.05,4406.42,293.06,6.650750495867394,4406.42,UPI
ORD10666,2025-03-14,2025,Mar,3,2025-03,CUST0125,Aarav Kapoor,East,Kolkata,Furniture,Study Table,Study Table,1,4991.64,0.0,4991.64,1116.47,22.36679728506062,4991.64,Debit Card
ORD10510,2024-11-20,2024,Nov,11,2024-11,CUST0368,Ishaan Chatterjee,South,Bengaluru,Electronics,Noise Cancelling Headphones,Noise Cancelling Headphones,1,899.46,0.0,899.46,178.93,19.893046939274676,899.46,Debit Card
ORD10132,2024-06-16,2024,Jun,6,2024-06,CUST0107,Rohan Chatterjee,South,Bengaluru,Electronics,Bluetooth Speaker,Bluetooth Speaker,1,5172.8,0.05,4914.16,540.42,10.99719992837026,4914.16,Debit Card
ORD10445,2024-09-07,2024,Sep,9,2024-09,CUST0253,Saanvi Iyer,West,Mumbai,Electronics,Noise Cancelling Headphones,Noise Cancelling Headphones,1,899.46,0.0,899.46,178.93,19.893046939274676,899.46,Credit Card
ORD10867,2024-12-31,2024,Dec,12,2024-12,CUST0230,Arun Verma,North,Chandigarh,Electronics,USB-C Charger,USB-C Charger,2,700.94,0.0,1401.88,146.34,10.438839272976288,1401.88,Net Banking
ORD11944,2024-04-15,2024,Apr,4,2024-04,CUST0389,Unknown Customer,North,Delhi,Clothing,Denim Jeans,Denim Jeans,1,2056.08,0.0,2056.08,837.62,40.73868721061438,2056.08,UPI
ORD10209,2024-09-13,2024,Sep,9,2024-09,CUST0221,Kavya Sharma,South,Hyderabad,Electronics,Wireless Mouse,Wireless Mouse,1,4677.64,0.3,3274.35,-463.08,-14.14265426725915,3274.35,Credit Card
ORD10058,2024-11-21,2024,Nov,11,2024-11,CUST0401,Arun Rao,East,Kolkata,Home & Kitchen,Non-Stick Pan,Non-Stick Pan,1,2707.34,0.05,2571.97,654.71,25.455584629680754,2571.97,Credit Card
ORD11282,2024-05-08,2024,May,5,2024-05,CUST0079,Myra Kapoor,South,Bengaluru,Home & Kitchen,Non-Stick Pan,Non-Stick Pan,1,2707.34,0.1,2436.61,519.35,21.314449173236586,2436.61,Credit Card
ORD11862,2024-12-09,2024,Dec,12,2024-12,CUST0341,Aarav Nair,North,Delhi,Clothing,Formal Shirt,Formal Shirt,1,1477.42,0.05,1403.55,417.44,29.741726336788858,1403.55,Debit Card
ORD10087,2024-08-01,2024,Aug,8,2024-08,CUST0046,Krishna Joshi,North,Chandigarh,Home & Kitchen,Water Bottle,Water Bottle,2,5018.72,0.0,10037.44,2999.28,29.880925813753308,10037.44,UPI
ORD12134,2024-11-03,2024,Nov,11,2024-11,CUST0219,Ravi Bose,West,Pune,Electronics,Smart Watch,Smart Watch,2,2319.17,0.05,4406.42,293.06,6.650750495867394,4406.42,Cash on Delivery
ORD10772,2024-09-20,2024,Sep,9,2024-09,CUST0111,Priya Nair,East,Bhubaneswar,Furniture,Bookshelf,Bookshelf,1,4584.81,0.05,4355.57,1050.36,24.115328188962636,4355.57,UPI
ORD11652,2024-02-16,2024,Feb,2,2024-02,CUST0331,Arun Mehta,South,Chennai,Home & Kitchen,Water Bottle,Water Bottle,1,5018.72,0.05,4767.78,1248.7,26.19038630138136,4767.78,Credit Card
ORD11462,2024-10-01,2024,Oct,10,2024-10,CUST0201,Ananya Gupta,South,Bengaluru,Electronics,Smart Watch,Smart Watch,1,2319.17,0.05,2203.21,146.53,6.650750495867394,2203.21,Credit Card
ORD10709,2024-11-22,2024,Nov,11,2024-11,CUST0162,Vihaan Singh,North,Chandigarh,Home & Kitchen,Air Fryer,Air Fryer,2,1319.46,0.1,2375.03,1050.71,44.23986223331916,2375.03,Credit Card
ORD11110,2025-03-27,2025,Mar,3,2025-03,CUST0328,Pooja Kumar,South,Hyderabad,Stationery,Notebook Pack,Notebook Pack,1,4753.51,0.15,4040.48,1744.68,43.18001821565755,4040.48,UPI
ORD11868,2025-02-14,2025,Feb,2,2025-02,CUST0138,Neha Chatterjee,North,Delhi,Clothing,Running Shoes,Running Shoes,1,910.04,0.15,773.53,210.28,27.184466019417474,773.53,Cash on Delivery
ORD11605,2024-05-05,2024,May,5,2024-05,CUST0138,Neha Chatterjee,East,Kolkata,Clothing,Men's T-Shirt,Men's T-Shirt,1,1052.59,0.0,1052.59,346.55,32.923550480243975,1052.59,Credit Card
ORD11874,2024-07-16,2024,Jul,7,2024-07,CUST0400,Krishna Mehta,East,Kolkata,Clothing,Men's T-Shirt,Men's T-Shirt,1,1052.59,0.1,947.33,241.29,25.470532971614958,947.33,Credit Card
ORD10539,2024-11-16,2024,Nov,11,2024-11,CUST0221,Kavya Sharma,East,Kolkata,Clothing,Men's T-Shirt,Men's T-Shirt,1,1052.59,0.0,1052.59,346.55,32.923550480243975,1052.59,Cash on Delivery
ORD11724,2024-12-24,2024,Dec,12,2024-12,CUST0040,Ananya Kumar,East,Kolkata,Clothing,Women's Kurti,Women's Kurti,1,4506.86,0.0,4506.86,1163.32,25.812206281091495,4506.86,UPI
ORD11414,2025-03-17,2025,Mar,3,2025-03,CUST0200,Myra Rao,West,Mumbai,Home & Kitchen,Water Bottle,Water Bottle,2,5018.72,0.05,9535.57,2497.41,26.190463705892782,9535.57,UPI
ORD11864,2024-10-15,2024,Oct,10,2024-10,CUST0183,Isha Iyer,North,Delhi,Electronics,Webcam HD,Webcam HD,1,2743.97,0.0,2743.97,656.08,23.90988239667344,2743.97,UPI
ORD11816,2025-02-24,2025,Feb,2,2025-02,CUST0103,Sneha Iyer,South,Hyderabad,Electronics,Webcam HD,Webcam HD,1,2743.97,0.0,2743.97,656.08,23.90988239667344,2743.97,UPI
ORD10419,2024-05-14,2024,May,5,2024-05,CUST0190,Divya Patel,West,Pune,Stationery,Notebook Pack,Notebook Pack,1,4753.51,0.1,4278.16,1982.36,46.33674289881631,4278.16,UPI
ORD10498,2025-01-17,2025,Jan,1,2025-01,CUST0284,Aadhya Rao,South,Hyderabad,Stationery,Notebook Pack,Notebook Pack,1,4753.51,0.05,4515.83,2220.03,49.161062307482794,4515.83,UPI
ORD11074,2025-03-25,2025,Mar,3,2025-03,CUST0395,Diya Verma,South,Chennai,Electronics,Wireless Mouse,Wireless Mouse,1,4677.64,0.1,4209.88,472.45,11.222410139956484,4209.88,Credit Card
ORD12044,2024-01-26,2024,Jan,1,2024-01,CUST0221,Kavya Sharma,North,Delhi,Stationery,Sticky Notes,Sticky Notes,1,2834.66,0.2,2267.73,953.16,42.03145877154687,2267.73,Net Banking
ORD11536,2024-09-10,2024,Sep,9,2024-09,CUST0145,Nikhil Sharma,West,Ahmedabad,Furniture,Recliner Chair,Recliner Chair,1,2880.32,0.15,2448.27,550.83,22.498744011077214,2448.27,Debit Card
ORD10852,2024-11-27,2024,Nov,11,2024-11,CUST0339,Sneha Singh,South,Chennai,Furniture,Sofa Cover,Sofa Cover,2,4703.54,0.1,8466.37,1985.57,23.452435931810207,8466.37,UPI
ORD11005,2024-05-22,2024,May,5,2024-05,CUST0071,Meera Gupta,South,Bengaluru,Stationery,Notebook Pack,Notebook Pack,1,4753.51,0.05,4515.83,2220.03,49.161062307482794,4515.83,Net Banking
ORD10437,2025-02-20,2025,Feb,2,2025-02,CUST0137,Diya Rao,South,Chennai,Electronics,Smart Watch,Smart Watch,2,2319.17,0.0,4638.34,524.98,11.318273347792529,4638.34,Credit Card
ORD11280,2024-05-08,2024,May,5,2024-05,CUST0340,Rohan Singh,East,Patna,Electronics,Laptop Stand,Laptop Stand,1,4602.67,0.0,4602.67,637.51,13.850873514720801,4602.67,Net Banking
ORD12143,2024-11-12,2024,Nov,11,2024-11,CUST0364,Arjun Sharma,South,Chennai,Furniture,Sofa Cover,Sofa Cover,1,4703.54,0.1,4233.19,992.79,23.4525263453802,4233.19,UPI
ORD11279,2024-09-11,2024,Sep,9,2024-09,CUST0365,Sanjay Rao,West,Mumbai,Stationery,Sticky Notes,Sticky Notes,1,2834.66,0.05,2692.93,1378.36,51.1843976635115,2692.93,Credit Card
ORD11033,2025-01-01,2025,Jan,1,2025-01,CUST0105,Arjun Das,West,Mumbai,Home & Kitchen,Storage Containers Set,Storage Containers Set,1,4142.6,0.05,3935.47,1719.44,43.690842516903956,3935.47,Credit Card
ORD12063,2024-04-18,2024,Apr,4,2024-04,CUST0343,Ravi Kapoor,West,Mumbai,Furniture,Study Table,Study Table,3,4991.64,0.1,13477.43,1851.91,13.740824474695842,13477.43,UPI
ORD12126,2024-10-11,2024,Oct,10,2024-10,CUST0105,Arjun Das,East,Bhubaneswar,Electronics,Portable SSD 1TB,Portable SSD 1TB,1,3916.61,0.05,3720.78,320.78,8.621310585414884,3720.78,Debit Card
ORD12095,2025-01-27,2025,Jan,1,2025-01,CUST0220,Meera Chatterjee,South,Bengaluru,Clothing,Running Shoes,Running Shoes,2,910.04,0.15,1547.07,420.57,27.184936686769184,1547.07,Credit Card
ORD10305,2024-01-08,2024,Jan,1,2024-01,CUST0086,Sanjay Nair,South,Bengaluru,Electronics,USB-C Charger,USB-C Charger,1,700.94,0.1,630.85,3.08,0.4882301656495205,630.85,UPI
ORD11812,2025-03-17,2025,Mar,3,2025-03,CUST0295,Myra Singh,South,Hyderabad,Electronics,Noise Cancelling Headphones,Noise Cancelling Headphones,2,899.46,0.0,1798.92,357.86,19.893046939274676,1798.92,Cash on Delivery
ORD11099,2024-08-30,2024,Aug,8,2024-08,CUST0062,Aditya Mehta,West,Ahmedabad,Electronics,Bluetooth Speaker,Bluetooth Speaker,4,5172.8,0.0,20691.2,3196.25,15.447388261676462,20691.2,Net Banking
ORD10336,2024-05-21,2024,May,5,2024-05,CUST0035,Krishna Nair,North,Chandigarh,Home & Kitchen,Non-Stick Pan,Non-Stick Pan,2,2707.34,0.0,5414.68,1580.17,29.183072683888984,5414.68,Credit Card
ORD10996,2024-08-15,2024,Aug,8,2024-08,CUST0298,Divya Kapoor,South,Hyderabad,Home & Kitchen,Air Fryer,Air Fryer,1,1319.46,0.0,1319.46,657.3,49.81583375017052,1319.46,UPI
ORD10570,2025-03-28,2025,Mar,3,2025-03,CUST0245,Sneha Chatterjee,West,Pune,Clothing,Running Shoes,Running Shoes,2,910.04,0.1,1638.07,511.57,31.230045114067167,1638.07,Credit Card
ORD10089,2024-06-13,2024,Jun,6,2024-06,CUST0124,Myra Reddy,North,Jaipur,Electronics,Smart Watch,Smart Watch,4,2319.17,0.3,6493.68,-1733.04,-26.688102893890676,6493.68,UPI
ORD10875,2024-04-08,2024,Apr,4,2024-04,CUST0003,Pooja Rao,West,Ahmedabad,Electronics,Webcam HD,Webcam HD,2,2743.97,0.05,5213.54,1037.75,19.90490146810037,5213.54,Debit Card
ORD11382,2024-03-10,2024,Mar,3,2024-03,CUST0377,Vihaan Verma,East,Kolkata,Electronics,Wireless Mouse,Wireless Mouse,1,4677.64,0.0,4677.64,940.21,20.100093209396192,4677.64,Net Banking
ORD11242,2024-10-26,2024,Oct,10,2024-10,CUST0296,Karan Das,North,Delhi,Home & Kitchen,LED Table Lamp,LED Table Lamp,3,2416.75,0.0,7250.25,3102.51,42.791765801179274,7250.25,UPI
ORD11826,2024-07-05,2024,Jul,7,2024-07,CUST0074,Isha Reddy,East,Patna,Electronics,Portable SSD 1TB,Portable SSD 1TB,1,3916.61,0.0,3916.61,516.61,13.190233390610759,3916.61,UPI
ORD10713,2024-04-07,2024,Apr,4,2024-04,CUST0381,Aditya Chatterjee,South,Hyderabad,Furniture,Bookshelf,Bookshelf,1,4584.81,0.05,4355.57,1050.36,24.115328188962636,4355.57,Credit Card
ORD11069,2024-01-16,2024,Jan,1,2024-01,CUST0364,Arjun Sharma,North,Delhi,Clothing,Men's T-Shirt,Men's T-Shirt,2,1052.59,0.15,1789.4,377.32,21.08639767519839,1789.4,UPI
ORD11792,2024-10-10,2024,Oct,10,2024-10,CUST0031,Nikhil Gupta,East,Kolkata,Electronics,Webcam HD,Webcam HD,2,2743.97,0.0,5487.94,1312.15,23.909700178937822,5487.94,UPI
ORD12131,2025-03-23,2025,Mar,3,2025-03,CUST0161,Sneha Nair,North,Delhi,Electronics,Wireless Mouse,Wireless Mouse,1,4677.64,0.3,3274.35,-463.08,-14.14265426725915,3274.35,Debit Card
ORD12096,2024-01-09,2024,Jan,1,2024-01,CUST0161,Sneha Nair,North,Jaipur,Electronics,Smart Watch,Smart Watch,1,2319.17,0.05,2203.21,146.53,6.650750495867394,2203.21,UPI
ORD10222,2024-10-19,2024,Oct,10,2024-10,CUST0426,Ishaan Patel,North,Jaipur,Home & Kitchen,LED Table Lamp,LED Table Lamp,1,2416.75,0.05,2295.91,913.33,39.78074053425439,2295.91,UPI
ORD10320,2024-04-30,2024,Apr,4,2024-04,CUST0035,Krishna Nair,North,Jaipur,Clothing,Women's Kurti,Women's Kurti,1,4506.86,0.15,3830.83,487.29,12.720219900126084,3830.83,Credit Card
ORD10520,2024-05-27,2024,May,5,2024-05,CUST0116,Anika Sharma,East,Kolkata,Home & Kitchen,Storage Containers Set,Storage Containers Set,1,4142.6,0.2,3314.08,1098.05,33.132875488823444,3314.08,UPI
ORD10879,2024-03-13,2024,Mar,3,2024-03,CUST0062,Aditya Mehta,South,Hyderabad,Furniture,Sofa Cover,Sofa Cover,2,4703.54,0.05,8936.73,2455.93,27.481304683032832,8936.73,Cash on Delivery
ORD10630,2025-01-18,2025,Jan,1,2025-01,CUST0194,Anika Iyer,North,Delhi,Furniture,Bookshelf,Bookshelf,1,4584.81,0.0,4584.81,1279.6,27.909553503852933,4584.81,UPI
ORD10826,2024-09-30,2024,Sep,9,2024-09,CUST0454,Aditya Nair,East,Kolkata,Clothing,Women's Kurti,Women's Kurti,1,4506.86,0.2,3605.49,261.95,7.265309292218255,3605.49,Debit Card
ORD11199,2024-06-03,2024,Jun,6,2024-06,CUST0120,Aditya Joshi,West,Pune,Clothing,Formal Shirt,Formal Shirt,1,1477.42,0.1,1329.68,343.57,25.838547620480114,1329.68,Net Banking
ORD11291,2024-07-04,2024,Jul,7,2024-07,CUST0204,Divya Gupta,West,Ahmedabad,Stationery,Sticky Notes,Sticky Notes,1,2834.66,0.15,2409.46,1094.89,45.44130220049306,2409.46,Net Banking
ORD11031,2024-04-15,2024,Apr,4,2024-04,CUST0227,Ishaan Sharma,West,Pune,Clothing,Formal Shirt,Formal Shirt,2,1477.42,0.05,2807.1,834.88,29.741726336788858,2807.1,Credit Card
ORD11756,2024-08-19,2024,Aug,8,2024-08,CUST0063,Saanvi Verma,North,Jaipur,Clothing,Women's Kurti,Women's Kurti,1,4506.86,0.2,3605.49,261.95,7.265309292218255,3605.49,UPI
ORD10139,2024-08-03,2024,Aug,8,2024-08,CUST0201,Ananya Gupta,West,Pune,Stationery,Desk Organizer,Desk Organizer,1,967.81,0.0,919.42,558.52,60.74699266929151,919.42,Credit Card
ORD10164,2024-05-13,2024,May,5,2024-05,CUST0435,Krishna Kapoor,East,Patna,Home & Kitchen,Mixer Grinder,Mixer Grinder,1,4246.55,0.1,3821.9,1367.0,35.76755017138073,3821.9,UPI
ORD10002,2024-12-04,2024,Dec,12,2024-12,CUST0326,Unknown Customer,East,Kolkata,Clothing,Running Shoes,Running Shoes,1,910.04,0.0,910.04,346.79,38.107116170717774,910.04,Cash on Delivery
ORD11738,2024-06-05,2024,Jun,6,2024-06,CUST0261,Karan Bose,South,Hyderabad,Clothing,Winter Jacket,Winter Jacket,1,2896.9,0.05,2752.06,1166.39,42.38243352252495,2752.06,Debit Card
ORD10961,2024-01-30,2024,Jan,1,2024-01,CUST0285,Isha Kapoor,East,Kolkata,Electronics,Bluetooth Speaker,Bluetooth Speaker,4,5172.8,0.0,20691.2,3196.25,15.447388261676462,20691.2,Credit Card
ORD11728,2024-09-22,2024,Sep,9,2024-09,CUST0080,Vivaan Verma,West,Mumbai,Furniture,Recliner Chair,Recliner Chair,1,2880.32,0.0,2880.32,982.88,34.123986223752915,2880.32,UPI
ORD11719,2024-09-30,2024,Sep,9,2024-09,CUST0057,Aarav Kapoor,West,Pune,Furniture,Study Table,Study Table,1,4991.64,0.15,4242.89,367.72,8.666734230677676,4242.89,UPI
ORD11413,2024-04-29,2024,Apr,4,2024-04,CUST0398,Riya Singh,North,Jaipur,Furniture,Sofa Cover,Sofa Cover,1,4703.54,0.05,4468.36,1227.96,27.481223536151965,4468.36,Credit Card
ORD12188,2024-05-06,2024,May,5,2024-05,CUST0086,Sanjay Nair,South,Hyderabad,Clothing,Women's Kurti,Women's Kurti,1,4506.86,0.15,3830.83,487.29,12.720219900126084,3830.83,Cash on Delivery
ORD11559,2025-01-16,2025,Jan,1,2025-01,CUST0162,Vihaan Singh,West,Mumbai,Electronics,Bluetooth Speaker,Bluetooth Speaker,1,5172.8,0.1,4655.52,281.78,6.0525999243908295,4655.52,Debit Card
ORD11060,2024-12-16,2024,Dec,12,2024-12,CUST0277,Priya Verma,South,Bengaluru,Clothing,Women's Kurti,Women's Kurti,3,4506.86,0.1,12168.52,2137.91,17.56918672114604,12168.52,UPI
ORD10634,2024-12-30,2024,Dec,12,2024-12,CUST0103,Sneha Iyer,North,Delhi,Stationery,Sticky Notes,Sticky Notes,1,2834.66,0.0,2834.66,1520.09,53.62512611741796,2834.66,UPI
ORD11243,2024-02-10,2024,Feb,2,2024-02,CUST0298,Divya Kapoor,West,Ahmedabad,Home & Kitchen,Water Bottle,Water Bottle,1,5018.72,0.0,5018.72,1499.64,29.880925813753308,5018.72,Credit Card
ORD11423,2024-07-06,2024,Jul,7,2024-07,CUST0010,Ananya Patel,East,Bhubaneswar,Stationery,Notebook Pack,Notebook Pack,1,4753.51,0.0,4753.51,2457.71,51.70305731974898,4753.51,UPI
ORD10656,2024-06-22,2024,Jun,6,2024-06,CUST0336,Aditya Singh,South,Bengaluru,Electronics,Webcam HD,Webcam HD,1,2743.97,0.2,2195.18,107.29,4.887526307637643,2195.18,Debit Card
ORD10017,2024-07-26,2024,Jul,7,2024-07,CUST0302,Pooja Verma,North,Delhi,Home & Kitchen,Non-Stick Pan,Non-Stick Pan,1,2707.34,0.15,2301.24,383.98,16.685786793207143,2301.24,UPI
ORD11958,2024-05-14,2024,May,5,2024-05,CUST0276,Nikhil Rao,East,Kolkata,Electronics,Smart Watch,Smart Watch,1,2319.17,0.0,2319.17,262.49,11.318273347792529,2319.17,UPI
ORD11397,2025-02-03,2025,Feb,2,2025-02,CUST0477,Ravi Das,South,Chennai,Clothing,Women's Kurti,Women's Kurti,1,4506.86,0.0,4506.86,1163.32,25.812206281091495,4506.86,Credit Card
ORD10138,2024-10-08,2024,Oct,10,2024-10,CUST0340,Rohan Singh,East,Kolkata,Home & Kitchen,Mixer Grinder,Mixer Grinder,1,4246.55,0.05,4034.22,1579.32,39.14808810625102,4034.22,Debit Card
ORD11470,2025-03-21,2025,Mar,3,2025-03,CUST0350,Priya Kumar,South,Hyderabad,Stationery,Notebook Pack,Notebook Pack,2,4753.51,0.0,9507.02,4915.41,51.702952134317584,9507.02,Cash on Delivery
ORD10698,2024-03-31,2024,Mar,3,2024-03,CUST0060,Rohan Mehta,East,Bhubaneswar,Clothing,Denim Jeans,Denim Jeans,2,2056.08,0.0,4112.16,1675.23,40.7384440294152,4112.16,Debit Card
ORD11098,2025-03-30,2025,Mar,3,2025-03,CUST0121,Pooja Bose,South,Chennai,Electronics,Laptop Stand,Laptop Stand,1,4602.67,0.0,4602.67,637.51,13.850873514720801,4602.67,Credit Card
ORD11369,2025-01-12,2025,Jan,1,2025-01,CUST0315,Rohan Gupta,West,Pune,Clothing,Winter Jacket,Winter Jacket,1,2896.9,0.0,2896.9,1311.23,45.263212399461494,2896.9,Credit Card
ORD12160,2024-02-27,2024,Feb,2,2024-02,CUST0149,Sneha Verma,North,Delhi,Clothing,Women's Kurti,Women's Kurti,2,4506.86,0.05,8563.03,1875.95,21.907549080173723,8563.03,Debit Card
ORD10449,2024-09-10,2024,Sep,9,2024-09,CUST0391,Aarav Sharma,East,Kolkata,Electronics,Noise Cancelling Headphones,Noise Cancelling Headphones,1,899.46,0.1,809.51,88.98,10.991834566589667,809.51,Net Banking
ORD10036,2025-01-03,2025,Jan,1,2025-01,CUST0301,Arjun Bose,East,Patna,Furniture,Bed Side Table,Bed Side Table,1,5828.58,0.0,5828.58,998.88,17.137621856438447,5828.58,UPI
ORD11267,2025-03-06,2025,Mar,3,2025-03,CUST0109,Nikhil Reddy,West,Mumbai,Clothing,Denim Jeans,Denim Jeans,1,2056.08,0.0,2056.08,837.62,40.73868721061438,2056.08,Credit Card
ORD10328,2024-03-19,2024,Mar,3,2024-03,CUST0262,Pooja Singh,South,Chennai,Clothing,Women's Kurti,Women's Kurti,1,4506.86,0.1,4056.17,712.63,17.569036800725808,4056.17,Credit Card
ORD10318,2024-10-28,2024,Oct,10,2024-10,CUST0442,Kavya Bose,North,Delhi,Clothing,Winter Jacket,Winter Jacket,2,2896.9,0.0,5793.8,2622.46,45.263212399461494,5793.8,Cash on Delivery
ORD11832,2024-03-23,2024,Mar,3,2024-03,CUST0065,Meera Sharma,East,Bhubaneswar,Home & Kitchen,Storage Containers Set,Storage Containers Set,3,4142.6,0.05,11806.41,5158.31,43.69075781715187,11806.41,Net Banking
ORD11170,2024-05-17,2024,May,5,2024-05,CUST0312,Priya Nair,South,Bengaluru,Electronics,Bluetooth Speaker,Bluetooth Speaker,1,5172.8,0.05,4914.16,540.42,10.99719992837026,4914.16,UPI
ORD10527,2024-10-03,2024,Oct,10,2024-10,CUST0172,Ravi Patel,South,Hyderabad,Clothing,Running Shoes,Running Shoes,1,910.04,0.05,864.54,301.29,34.84974668609897,864.54,UPI
ORD10088,2024-03-11,2024,Mar,3,2024-03,CUST0295,Myra Singh,South,Chennai,Furniture,Bed Side Table,Bed Side Table,2,5828.58,0.0,11657.16,1997.75,17.137536072250874,11657.16,Cash on Delivery
ORD11529,2025-03-07,2025,Mar,3,2025-03,CUST0076,Ishaan Sharma,West,Ahmedabad,Furniture,Bookshelf,Bookshelf,1,4584.81,0.0,4584.81,1279.6,27.909553503852933,4584.81,Credit Card
ORD11888,2024-10-24,2024,Oct,10,2024-10,CUST0135,Arun Gupta,West,Pune,Home & Kitchen,Water Bottle,Water Bottle,1,5018.72,0.15,4265.91,746.83,17.50693287012619,4265.91,UPI
ORD10149,2024-03-30,2024,Mar,3,2024-03,CUST0079,Myra Kapoor,North,Jaipur,Clothing,Winter Jacket,Winter Jacket,2,2896.9,0.1,5214.42,2043.08,39.18134711051277,5214.42,Net Banking
ORD11946,2024-09-30,2024,Sep,9,2024-09,CUST0298,Divya Kapoor,East,Patna,Clothing,Men's T-Shirt,Men's T-Shirt,1,1052.59,0.15,894.7,188.66,21.08639767519839,894.7,UPI
ORD11967,2024-12-24,2024,Dec,12,2024-12,CUST0377,Vihaan Verma,West,Mumbai,Stationery,Notebook Pack,Notebook Pack,2,4753.51,0.1,8556.32,3964.71,46.33662602614208,8556.32,Credit Card
ORD11447,2024-09-05,2024,Sep,9,2024-09,CUST0226,Nikhil Patel,West,Pune,Stationery,Notebook Pack,Notebook Pack,2,4753.51,0.05,9031.67,4440.06,49.16100787561991,9031.67,Credit Card
ORD11751,2024-05-02,2024,May,5,2024-05,CUST0339,Sneha Singh,South,Chennai,Furniture,Bookshelf,Bookshelf,2,4584.81,0.1,8252.66,1642.23,19.899402132161025,8252.66,Debit Card
ORD11992,2024-11-20,2024,Nov,11,2024-11,CUST0329,Unknown Customer,North,Chandigarh,Clothing,Winter Jacket,Winter Jacket,1,2896.9,0.0,2896.9,1311.23,45.263212399461494,2896.9,Credit Card
ORD10366,2024-01-24,2024,Jan,1,2024-01,CUST0227,Ishaan Sharma,West,Ahmedabad,Clothing,Women's Kurti,Women's Kurti,1,4506.86,0.3,3154.8,-188.74,-5.98262964371751,3154.8,UPI
ORD10590,2024-05-29,2024,May,5,2024-05,CUST0298,Divya Kapoor,South,Chennai,Home & Kitchen,Non-Stick Pan,Non-Stick Pan,1,2707.34,0.05,2571.97,654.71,25.455584629680754,2571.97,Credit Card
ORD11808,2024-06-08,2024,Jun,6,2024-06,CUST0078,Aadhya Singh,North,Chandigarh,Electronics,Smart Watch,Smart Watch,1,2319.17,0.15,1971.29,-85.39,-4.331681284843935,1971.29,UPI
ORD10199,2024-07-18,2024,Jul,7,2024-07,CUST0033,Myra Singh,West,Ahmedabad,Furniture,Bookshelf,Bookshelf,1,4584.81,0.15,3897.09,591.88,15.187742649002203,3897.09,Debit Card
ORD12159,2024-01-01,2024,Jan,1,2024-01,CUST0284,Aadhya Rao,South,Hyderabad,Electronics,USB-C Charger,USB-C Charger,3,700.94,0.1,1892.54,9.23,0.48770435499381787,1892.54,Net Banking
ORD10193,2024-02-04,2024,Feb,2,2024-02,CUST0295,Myra Singh,South,Chennai,Home & Kitchen,Storage Containers Set,Storage Containers Set,4,4142.6,0.05,15741.88,6877.74,43.69071546727582,15741.88,Credit Card
ORD10405,2025-01-05,2025,Jan,1,2025-01,CUST0073,Sneha Rao,South,Bengaluru,Home & Kitchen,Water Bottle,Water Bottle,1,5018.72,0.2,4014.98,495.9,12.351244589014142,4014.98,UPI
ORD12038,2024-11-09,2024,Nov,11,2024-11,CUST0245,Sneha Chatterjee,West,Ahmedabad,Clothing,Formal Shirt,Formal Shirt,1,1477.42,0.0,1477.42,491.31,33.25459246524346,1477.42,Debit Card
ORD10251,2024-02-08,2024,Feb,2,2024-02,CUST0033,Myra Singh,North,Jaipur,Clothing,Women's Kurti,Women's Kurti,3,4506.86,0.2,10816.46,785.85,7.265316009119435,10816.46,UPI
ORD10484,2024-08-17,2024,Aug,8,2024-08,CUST0361,Ishaan Mehta,South,Hyderabad,Electronics,Smart Watch,Smart Watch,1,2319.17,0.0,2319.17,262.49,11.318273347792529,2319.17,Cash on Delivery
ORD11183,2024-02-22,2024,Feb,2,2024-02,CUST0308,Reyansh Mehta,West,Pune,Furniture,Recliner Chair,Recliner Chair,1,2880.32,0.05,2736.3,838.86,30.656726236158317,2736.3,Debit Card
ORD11340,2024-01-11,2024,Jan,1,2024-01,CUST0298,Divya Kapoor,North,Chandigarh,Clothing,Women's Kurti,Women's Kurti,1,4506.86,0.3,3154.8,-188.74,-5.98262964371751,3154.8,Credit Card
ORD11281,2024-11-25,2024,Nov,11,2024-11,CUST0264,Isha Das,South,Chennai,Furniture,Bed Side Table,Bed Side Table,1,5828.58,0.15,4954.29,124.59,2.514790212119194,4954.29,Credit Card
ORD11750,2025-02-10,2025,Feb,2,2025-02,CUST0008,Meera Nair,South,Chennai,Home & Kitchen,Air Fryer,Air Fryer,1,1319.46,0.05,1253.49,591.33,47.174688270349186,1253.49,Net Banking
ORD10792,2024-04-02,2024,Apr,4,2024-04,CUST0131,Aarav Bose,South,Hyderabad,Furniture,Bookshelf,Bookshelf,1,4584.81,0.2,3667.85,362.64,9.886991016535571,3667.85,Debit Card
ORD10800,2024-05-26,2024,May,5,2024-05,CUST0111,Priya Nair,South,Hyderabad,Furniture,Recliner Chair,Recliner Chair,2,2880.32,0.0,5760.64,1965.76,34.123986223752915,5760.64,Debit Card
ORD10385,2025-03-16,2025,Mar,3,2025-03,CUST0256,Ravi Reddy,West,Ahmedabad,Furniture,Bed Side Table,Bed Side Table,1,5828.58,0.05,5537.15,707.45,12.77642830698103,5537.15,Credit Card
ORD10751,2024-09-16,2024,Sep,9,2024-09,CUST0372,Vihaan Kapoor,North,Jaipur,Home & Kitchen,LED Table Lamp,LED Table Lamp,3,2416.75,0.1,6525.22,2377.48,36.43524662769991,6525.22,Credit Card
ORD11202,2024-09-25,2024,Sep,9,2024-09,CUST0426,Ishaan Patel,West,Mumbai,Home & Kitchen,Air Fryer,Air Fryer,1,1319.46,0.1,1187.51,525.35,44.2396274557688,1187.51,UPI
ORD10423,2024-09-08,2024,Sep,9,2024-09,CUST0426,Ishaan Patel,North,Delhi,Home & Kitchen,Air Fryer,Air Fryer,1,1319.46,0.0,1319.46,657.3,49.81583375017052,1319.46,Credit Card
ORD11022,2025-01-23,2025,Jan,1,2025-01,CUST0349,Vivaan Verma,South,Chennai,Stationery,Notebook Pack,Notebook Pack,1,4753.51,0.15,4040.48,1744.68,43.18001821565755,4040.48,Debit Card
ORD11323,2024-05-29,2024,May,5,2024-05,CUST0076,Ishaan Sharma,West,Mumbai,Furniture,Bed Side Table,Bed Side Table,1,5828.58,0.15,4954.29,124.59,2.514790212119194,4954.29,Debit Card
ORD10544,2024-01-17,2024,Jan,1,2024-01,CUST0301,Arjun Bose,South,Bengaluru,Clothing,Denim Jeans,Denim Jeans,1,2056.08,0.05,1953.28,734.82,37.61979849279162,1953.28,UPI
ORD10914,2024-06-05,2024,Jun,6,2024-06,CUST0267,Reyansh Kapoor,North,Delhi,Home & Kitchen,Air Fryer,Air Fryer,1,1319.46,0.1,1187.51,525.35,44.2396274557688,1187.51,Credit Card
ORD10663,2025-01-03,2025,Jan,1,2025-01,CUST0046,Krishna Joshi,South,Chennai,Clothing,Men's T-Shirt,Men's T-Shirt,1,1052.59,0.15,894.7,188.66,21.08639767519839,894.7,Credit Card
ORD10903,2024-11-16,2024,Nov,11,2024-11,CUST0006,Unknown Customer,West,Mumbai,Stationery,Desk Organizer,Desk Organizer,2,967.81,0.0,1935.62,1213.82,62.70962275653279,1935.62,Cash on Delivery
ORD11675,2024-12-24,2024,Dec,12,2024-12,CUST0204,Divya Gupta,West,Pune,Clothing,Running Shoes,Running Shoes,1,910.04,0.05,864.54,301.29,34.84974668609897,864.54,Net Banking
ORD10686,2024-11-17,2024,Nov,11,2024-11,CUST0143,Myra Das,North,Delhi,Stationery,Desk Organizer,Desk Organizer,1,967.81,0.0,967.81,606.91,62.70962275653279,967.81,Debit Card
ORD12010,2024-04-26,2024,Apr,4,2024-04,CUST0145,Nikhil Sharma,South,Chennai,Electronics,Webcam HD,Webcam HD,1,2743.97,0.05,2606.77,518.88,19.905093276353494,2606.77,UPI
ORD10160,2025-02-14,2025,Feb,2,2025-02,CUST0029,Neha Gupta,East,Patna,Home & Kitchen,LED Table Lamp,LED Table Lamp,1,2416.75,0.0,2416.75,1034.17,42.791765801179274,2416.75,Net Banking
ORD11000,2024-06-21,2024,Jun,6,2024-06,CUST0060,Rohan Mehta,East,Bhubaneswar,Clothing,Winter Jacket,Winter Jacket,1,2896.9,0.15,2462.37,876.7,35.60391005413484,2462.37,Credit Card
ORD11561,2024-10-31,2024,Oct,10,2024-10,CUST0031,Nikhil Gupta,East,Patna,Electronics,USB-C Charger,USB-C Charger,1,700.94,0.0,700.94,73.17,10.438839272976288,700.94,Debit Card
ORD11385,2024-02-21,2024,Feb,2,2024-02,CUST0458,Vivaan Joshi,West,Mumbai,Clothing,Formal Shirt,Formal Shirt,1,1477.42,0.3,1034.19,48.08,4.649049014204352,1034.19,Net Banking
ORD12158,2024-09-05,2024,Sep,9,2024-09,CUST0272,Vivaan Iyer,East,Bhubaneswar,Home & Kitchen,Water Bottle,Water Bottle,1,5018.72,0.1,4516.85,997.77,22.089952068366227,4516.85,Cash on Delivery
ORD10203,2024-03-29,2024,Mar,3,2024-03,CUST0146,Sai Iyer,South,Bengaluru,Electronics,Laptop Stand,Laptop Stand,3,4602.67,0.0,13808.01,1912.53,13.850873514720801,13808.01,Credit Card
ORD11024,2025-01-28,2025,Jan,1,2025-01,CUST0306,Neha Patel,West,Pune,Furniture,Study Table,Study Table,4,4991.64,0.0,19966.56,4465.86,22.366697117580593,19966.56,UPI
ORD11837,2024-08-20,2024,Aug,8,2024-08,CUST0200,Myra Rao,East,Bhubaneswar,Furniture,Bed Side Table,Bed Side Table,1,5828.58,0.0,5828.58,998.88,17.137621856438447,5828.58,Net Banking
ORD11424,2024-07-18,2024,Jul,7,2024-07,CUST0477,Ravi Das,West,Pune,Clothing,Formal Shirt,Formal Shirt,1,1477.42,0.1,1329.68,343.57,25.838547620480114,1329.68,UPI
ORD10113,2024-03-15,2024,Mar,3,2024-03,CUST0405,Aadhya Rao,South,Chennai,Clothing,Formal Shirt,Formal Shirt,1,1477.42,0.0,1477.42,491.31,33.25459246524346,1477.42,Credit Card
ORD12103,2024-09-11,2024,Sep,9,2024-09,CUST0350,Priya Kumar,West,Pune,Electronics,Laptop Stand,Laptop Stand,1,4602.67,0.0,4602.67,637.51,13.850873514720801,4602.67,Net Banking
ORD11332,2024-08-27,2024,Aug,8,2024-08,CUST0032,Myra Joshi,North,Chandigarh,Home & Kitchen,Mixer Grinder,Mixer Grinder,1,4246.55,0.0,4246.55,1791.65,42.190719525261684,4246.55,Debit Card
ORD11481,2024-11-08,2024,Nov,11,2024-11,CUST0038,Nikhil Verma,South,Chennai,Electronics,Smart Watch,Smart Watch,1,2319.17,0.0,2319.17,262.49,11.318273347792529,2319.17,UPI
ORD10981,2024-05-25,2024,May,5,2024-05,CUST0298,Divya Kapoor,East,Kolkata,Furniture,Study Table,Study Table,1,4991.64,0.05,4742.06,866.89,18.280873713112022,4742.06,Debit Card
ORD10923,2024-04-21,2024,Apr,4,2024-04,CUST0298,Divya Kapoor,West,Mumbai,Clothing,Men's T-Shirt,Men's T-Shirt,2,1052.59,0.1,1894.66,482.58,25.470532971614958,1894.66,UPI
ORD11779,2024-09-23,2024,Sep,9,2024-09,CUST0200,Myra Rao,North,Jaipur,Home & Kitchen,Storage Containers Set,Storage Containers Set,1,4142.6,0.0,4142.6,1926.57,46.50630039105875,4142.6,UPI
ORD11904,2025-01-07,2025,Jan,1,2025-01,CUST0154,Pooja Kapoor,West,Ahmedabad,Electronics,Webcam HD,Webcam HD,1,2743.97,0.0,2743.97,656.08,23.90988239667344,2743.97,UPI
ORD11799,2024-04-14,2024,Apr,4,2024-04,CUST0217,Sanjay Reddy,North,Jaipur,Electronics,Wireless Mouse,Wireless Mouse,1,4677.64,0.05,4443.76,706.33,15.894872810412805,4443.76,Credit Card
ORD12056,2024-07-19,2024,Jul,7,2024-07,CUST0138,Neha Chatterjee,East,Bhubaneswar,Home & Kitchen,Mixer Grinder,Mixer Grinder,1,4246.55,0.0,4246.55,1791.65,42.190719525261684,4246.55,Debit Card
ORD11320,2024-03-02,2024,Mar,3,2024-03,CUST0296,Karan Das,North,Jaipur,Clothing,Running Shoes,Running Shoes,1,910.04,0.0,910.04,346.79,38.107116170717774,910.04,Net Banking
ORD10816,2024-11-06,2024,Nov,11,2024-11,CUST0042,Myra Joshi,West,Pune,Home & Kitchen,Air Fryer,Air Fryer,1,1319.46,0.0,1319.46,657.3,49.81583375017052,1319.46,Debit Card
ORD11634,2024-12-18,2024,Dec,12,2024-12,CUST0040,Ananya Kumar,East,Bhubaneswar,Furniture,Sofa Cover,Sofa Cover,1,4703.54,0.3,3292.48,52.08,1.581786373797259,3292.48,Cash on Delivery
ORD11550,2024-09-13,2024,Sep,9,2024-09,CUST0043,Isha Nair,South,Chennai,Furniture,Bed Side Table,Bed Side Table,2,5828.58,0.0,11657.16,1997.75,17.137536072250874,11657.16,Net Banking
ORD10680,2025-01-16,2025,Jan,1,2025-01,CUST0056,Isha Chatterjee,East,Bhubaneswar,Stationery,Sticky Notes,Sticky Notes,1,2834.66,0.05,2692.93,1378.36,51.1843976635115,2692.93,UPI
ORD11094,2024-06-26,2024,Jun,6,2024-06,CUST0442,Kavya Bose,West,Mumbai,Clothing,Formal Shirt,Formal Shirt,1,1477.42,0.2,1181.94,195.83,16.568522936866508,1181.94,Cash on Delivery
ORD10081,2024-08-01,2024,Aug,8,2024-08,CUST0105,Arjun Das,West,Ahmedabad,Clothing,Women's Kurti,Women's Kurti,2,4506.86,0.0,9013.72,2326.64,25.812206281091495,9013.72,UPI
ORD10613,2024-02-23,2024,Feb,2,2024-02,CUST0231,Aditya Chatterjee,West,Ahmedabad,Clothing,Formal Shirt,Formal Shirt,1,1477.42,0.1,1329.68,343.57,25.838547620480114,1329.68,UPI
ORD11609,2024-09-10,2024,Sep,9,2024-09,CUST0262,Pooja Singh,North,Chandigarh,Clothing,Denim Jeans,Denim Jeans,1,2056.08,0.1,1850.47,632.01,34.154025734002715,1850.47,UPI
ORD12170,2025-03-02,2025,Mar,3,2025-03,CUST0285,Isha Kapoor,West,Mumbai,Clothing,Formal Shirt,Formal Shirt,1,1477.42,0.2,1181.94,195.83,16.568522936866508,1181.94,UPI
ORD10753,2024-07-01,2024,Jul,7,2024-07,CUST0282,Nikhil Kumar,North,Delhi,Electronics,Wireless Mouse,Wireless Mouse,1,4677.64,0.0,4677.64,940.21,20.100093209396192,4677.64,UPI
ORD11240,2024-07-28,2024,Jul,7,2024-07,CUST0076,Ishaan Sharma,North,Delhi,Home & Kitchen,Non-Stick Pan,Non-Stick Pan,1,2707.34,0.0,2707.34,790.08,29.18288800076828,2707.34,Credit Card
ORD11581,2024-01-24,2024,Jan,1,2024-01,CUST0429,Aditya Rao,West,Mumbai,Electronics,Portable SSD 1TB,Portable SSD 1TB,1,3916.61,0.0,3916.61,516.61,13.190233390610759,3916.61,UPI
ORD11055,2024-07-30,2024,Jul,7,2024-07,CUST0196,Sneha Joshi,South,Chennai,Home & Kitchen,LED Table Lamp,LED Table Lamp,2,2416.75,0.05,4591.82,1826.66,39.78074053425439,4591.82,Credit Card
ORD10243,2024-02-21,2024,Feb,2,2024-02,CUST0456,Myra Gupta,North,Delhi,Furniture,Bookshelf,Bookshelf,2,4584.81,0.05,8711.14,2100.71,24.115213393424973,8711.14,Cash on Delivery
ORD11847,2024-07-12,2024,Jul,7,2024-07,CUST0276,Nikhil Rao,South,Bengaluru,Furniture,Office Chair,Office Chair,1,3394.32,0.15,2885.17,635.54,22.02781811816981,2885.17,Credit Card
ORD10642,2024-08-11,2024,Aug,8,2024-08,CUST0411,Karan Patel,West,Mumbai,Clothing,Running Shoes,Running Shoes,1,910.04,0.0,910.04,346.79,38.107116170717774,910.04,Cash on Delivery
ORD10697,2024-03-16,2024,Mar,3,2024-03,CUST0117,Ishaan Patel,South,Hyderabad,Electronics,Wireless Mouse,Wireless Mouse,1,4677.64,0.1,4209.88,472.45,11.222410139956484,4209.88,Debit Card
ORD10210,2024-02-29,2024,Feb,2,2024-02,CUST0122,Reyansh Bose,South,Hyderabad,Furniture,Bed Side Table,Bed Side Table,3,5828.58,0.15,14862.88,373.77,2.5147885201253053,14862.88,Credit Card
ORD10503,2024-09-05,2024,Sep,9,2024-09,CUST0336,Aditya Singh,West,Pune,Stationery,Notebook Pack,Notebook Pack,1,4753.51,0.05,4515.83,2220.03,49.161062307482794,4515.83,UPI
ORD10771,2024-09-25,2024,Sep,9,2024-09,CUST0311,Sanjay Kapoor,South,Bengaluru,Electronics,Wireless Mouse,Wireless Mouse,2,4677.64,0.1,8419.75,944.9,11.222423468630303,8419.75,Debit Card
ORD10754,2024-08-19,2024,Aug,8,2024-08,CUST0396,Meera Gupta,West,Ahmedabad,Electronics,Laptop Stand,Laptop Stand,2,4602.67,0.0,9205.34,1275.02,13.850873514720801,9205.34,Credit Card
ORD10436,2025-02-22,2025,Feb,2,2025-02,CUST0221,Kavya Sharma,North,Chandigarh,Home & Kitchen,Mixer Grinder,Mixer Grinder,2,4246.55,0.0,8493.1,3583.31,42.19083726789982,8493.1,Debit Card
ORD11064,2024-05-28,2024,May,5,2024-05,CUST0339,Sneha Singh,South,Bengaluru,Home & Kitchen,LED Table Lamp,LED Table Lamp,1,2416.75,0.0,2416.75,1034.17,42.791765801179274,2416.75,UPI
ORD10975,2024-07-06,2024,Jul,7,2024-07,CUST0069,Karan Verma,North,Jaipur,Electronics,Webcam HD,Webcam HD,1,2743.97,0.05,2606.77,518.88,19.905093276353494,2606.77,UPI
ORD10552,2025-03-22,2025,Mar,3,2025-03,CUST0421,Arjun Patel,West,Mumbai,Electronics,Portable SSD 1TB,Portable SSD 1TB,1,3916.61,0.2,3133.29,-266.71,-8.51213899766699,3133.29,Credit Card
ORD11672,2024-12-08,2024,Dec,12,2024-12,CUST0116,Anika Sharma,North,Jaipur,Stationery,Notebook Pack,Notebook Pack,1,4753.51,0.05,4515.83,2220.03,49.161062307482794,4515.83,UPI
ORD11682,2024-06-17,2024,Jun,6,2024-06,CUST0339,Sneha Singh,West,Mumbai,Clothing,Women's Kurti,Women's Kurti,1,4506.86,0.05,4281.52,937.98,21.907640277284703,4281.52,Debit Card
ORD11014,2024-10-24,2024,Oct,10,2024-10,CUST0263,Meera Reddy,South,Chennai,Electronics,Bluetooth Speaker,Bluetooth Speaker,1,5172.8,0.0,5172.8,799.06,15.447339931951745,5172.8,Debit Card
ORD11008,2024-07-08,2024,Jul,7,2024-07,CUST0224,Reyansh Iyer,East,Bhubaneswar,Electronics,Bluetooth Speaker,Bluetooth Speaker,1,5172.8,0.0,5172.8,799.06,15.447339931951745,5172.8,UPI
ORD11428,2024-04-03,2024,Apr,4,2024-04,CUST0396,Meera Gupta,East,Patna,Clothing,Denim Jeans,Denim Jeans,1,2056.08,0.15,1747.67,529.21,30.280888268380185,1747.67,Net Banking
ORD11275,2024-04-21,2024,Apr,4,2024-04,CUST0350,Priya Kumar,West,Mumbai,Furniture,Bookshelf,Bookshelf,1,4584.81,0.0,4355.57,1050.36,24.115328188962636,4355.57,UPI
ORD11387,2024-04-08,2024,Apr,4,2024-04,CUST0238,Rohan Kapoor,North,Jaipur,Clothing,Winter Jacket,Winter Jacket,1,2896.9,0.15,2462.37,876.7,35.60391005413484,2462.37,Debit Card
ORD11296,2024-04-23,2024,Apr,4,2024-04,CUST0030,Divya Das,South,Bengaluru,Electronics,USB-C Charger,USB-C Charger,2,700.94,0.0,1401.88,146.34,10.438839272976288,1401.88,UPI
ORD10467,2024-06-09,2024,Jun,6,2024-06,CUST0080,Vivaan Verma,West,Pune,Clothing,Denim Jeans,Denim Jeans,2,2056.08,0.05,3906.55,1469.62,37.619382831398546,3906.55,Credit Card
ORD11567,2024-03-01,2024,Mar,3,2024-03,CUST0426,Ishaan Patel,North,Chandigarh,Electronics,Noise Cancelling Headphones,Noise Cancelling Headphones,2,899.46,0.1,1619.03,177.97,10.992384328888285,1619.03,UPI
ORD10278,2024-03-08,2024,Mar,3,2024-03,CUST0376,Isha Iyer,South,Chennai,Stationery,Sticky Notes,Sticky Notes,1,2834.66,0.1,2551.19,1236.62,48.472281562721705,2551.19,UPI
ORD11070,2024-10-02,2024,Oct,10,2024-10,CUST0063,Saanvi Verma,West,Ahmedabad,Clothing,Women's Kurti,Women's Kurti,4,4506.86,0.05,17126.07,3751.92,21.907653069268083,17126.07,UPI
ORD11018,2024-03-21,2024,Mar,3,2024-03,CUST0097,Vihaan Nair,South,Bengaluru,Home & Kitchen,Mixer Grinder,Mixer Grinder,1,4246.55,0.05,4034.22,1579.32,39.14808810625102,4034.22,Credit Card
ORD11585,2025-02-13,2025,Feb,2,2025-02,CUST0087,Nikhil Reddy,West,Mumbai,Clothing,Men's T-Shirt,Men's T-Shirt,1,1052.59,0.15,894.7,188.66,21.08639767519839,894.7,UPI
ORD10723,2025-02-20,2025,Feb,2,2025-02,CUST0426,Ishaan Patel,North,Chandigarh,Stationery,Sticky Notes,Sticky Notes,3,2834.66,0.1,7653.58,3709.87,48.47234888771006,7653.58,Cash on Delivery
ORD10941,2024-08-27,2024,Aug,8,2024-08,CUST0049,Aditya Verma,North,Delhi,Furniture,Office Chair,Office Chair,1,3394.32,0.05,3224.6,974.97,30.235378031383743,3224.6,UPI
ORD10787,2024-10-15,2024,Oct,10,2024-10,CUST0160,Aditya Patel,South,Bengaluru,Clothing,Women's Kurti,Women's Kurti,1,4506.86,0.05,4281.52,937.98,21.907640277284703,4281.52,UPI
ORD11854,2024-08-24,2024,Aug,8,2024-08,CUST0219,Ravi Bose,South,Chennai,Electronics,Smart Watch,Smart Watch,1,2319.17,0.15,1971.29,-85.39,-4.331681284843935,1971.29,UPI
ORD11324,2024-06-26,2024,Jun,6,2024-06,CUST0054,Sanjay Rao,North,Jaipur,Furniture,Office Chair,Office Chair,1,3394.32,0.0,3394.32,1144.69,33.72369134318509,3394.32,Debit Card
ORD11927,2024-02-05,2024,Feb,2,2024-02,CUST0298,Divya Kapoor,East,Patna,Clothing,Women's Kurti,Women's Kurti,2,4506.86,0.1,8112.35,1425.27,17.569138412420568,8112.35,Credit Card
ORD11400,2024-06-07,2024,Jun,6,2024-06,CUST0046,Krishna Joshi,South,Hyderabad,Home & Kitchen,Non-Stick Pan,Non-Stick Pan,1,2707.34,0.05,2571.97,654.71,25.455584629680754,2571.97,Cash on Delivery
ORD11638,2024-10-19,2024,Oct,10,2024-10,CUST0200,Myra Rao,North,Chandigarh,Clothing,Running Shoes,Running Shoes,1,910.04,0.2,728.03,164.78,22.633682677911626,728.03,Credit Card
ORD11450,2024-03-08,2024,Mar,3,2024-03,CUST0401,Arun Rao,West,Pune,Electronics,Smart Watch,Smart Watch,1,2319.17,0.1,2087.25,30.57,1.4646065397053538,2087.25,UPI
ORD12112,2024-09-28,2024,Sep,9,2024-09,CUST0314,Anika Reddy,East,Bhubaneswar,Clothing,Men's T-Shirt,Men's T-Shirt,1,1052.59,0.2,842.07,136.03,16.154238958756398,842.07,UPI
ORD10907,2024-06-19,2024,Jun,6,2024-06,CUST0392,Reyansh Bose,North,Delhi,Home & Kitchen,Water Bottle,Water Bottle,2,5018.72,0.15,8531.82,1493.66,17.50693287012619,8531.82,Credit Card
ORD12029,2025-02-20,2025,Feb,2,2025-02,CUST0046,Krishna Joshi,West,Ahmedabad,Furniture,Bed Side Table,Bed Side Table,3,5828.58,0.0,17485.74,2996.63,17.137564666980065,17485.74,Cash on Delivery
ORD10564,2024-06-04,2024,Jun,6,2024-06,CUST0247,Meera Patel,North,Delhi,Clothing,Women's Kurti,Women's Kurti,2,4506.86,0.0,9013.72,2326.64,25.812206281091495,9013.72,Debit Card
ORD11250,2025-02-02,2025,Feb,2,2025-02,CUST0201,Ananya Gupta,East,Kolkata,Stationery,Notebook Pack,Notebook Pack,4,4753.51,0.0,19014.04,9830.83,51.70300472703329,19014.04,UPI
ORD10389,2025-03-30,2025,Mar,3,2025-03,CUST0381,Aditya Chatterjee,North,Delhi,Clothing,Formal Shirt,Formal Shirt,1,1477.42,0.05,1403.55,417.44,29.741726336788858,1403.55,UPI
ORD10023,2025-02-27,2025,Feb,2,2025-02,CUST0426,Ishaan Patel,East,Bhubaneswar,Electronics,Portable SSD 1TB,Portable SSD 1TB,1,3916.61,0.1,3524.95,124.95,3.544731130938028,3524.95,Credit Card
ORD11676,2024-04-18,2024,Apr,4,2024-04,CUST0204,Divya Gupta,East,Bhubaneswar,Electronics,Webcam HD,Webcam HD,2,2743.97,0.0,5487.94,1312.15,23.909700178937822,5487.94,Net Banking
ORD11448,2024-04-24,2024,Apr,4,2024-04,CUST0372,Vihaan Kapoor,South,Hyderabad,Furniture,Recliner Chair,Recliner Chair,2,2880.32,0.1,5184.58,1389.7,26.804485609248967,5184.58,Net Banking
ORD11953,2024-10-29,2024,Oct,10,2024-10,CUST0442,Kavya Bose,North,Chandigarh,Clothing,Women's Kurti,Women's Kurti,1,4506.86,0.0,4506.86,1163.32,25.812206281091495,4506.86,UPI
ORD10774,2024-01-01,2024,Jan,1,2024-01,CUST0396,Meera Gupta,North,Delhi,Home & Kitchen,Water Bottle,Water Bottle,1,5018.72,0.2,4014.98,495.9,12.351244589014142,4014.98,Credit Card
ORD10881,2024-09-06,2024,Sep,9,2024-09,CUST0211,Neha Sharma,West,Mumbai,Electronics,Webcam HD,Webcam HD,3,2743.97,0.15,6997.12,733.44,10.482026891063754,6997.12,UPI
ORD12089,2024-11-20,2024,Nov,11,2024-11,CUST0076,Ishaan Sharma,East,Patna,Stationery,Desk Organizer,Desk Organizer,1,967.81,0.1,871.03,510.13,58.56629507594457,871.03,Credit Card
ORD11145,2024-03-16,2024,Mar,3,2024-03,CUST0168,Riya Das,South,Bengaluru,Electronics,Bluetooth Speaker,Bluetooth Speaker,1,5172.8,0.15,4396.88,23.14,0.526282272884409,4396.88,UPI
ORD11167,2025-03-22,2025,Mar,3,2025-03,CUST0047,Meera Singh,West,Ahmedabad,Furniture,Sofa Cover,Sofa Cover,1,4703.54,0.0,4703.54,1463.14,31.107208613087167,4703.54,UPI
ORD10051,2024-04-12,2024,Apr,4,2024-04,CUST0054,Sanjay Rao,East,Patna,Electronics,USB-C Charger,USB-C Charger,1,700.94,0.05,665.89,38.12,5.724669239664208,665.89,Net Banking
ORD11673,2024-12-22,2024,Dec,12,2024-12,CUST0079,Myra Kapoor,North,Chandigarh,Clothing,Women's Kurti,Women's Kurti,1,4506.86,0.1,4056.17,712.63,17.569036800725808,4056.17,UPI
ORD11747,2024-09-18,2024,Sep,9,2024-09,CUST0220,Meera Chatterjee,East,Bhubaneswar,Electronics,Smart Watch,Smart Watch,1,2319.17,0.0,2319.17,262.49,11.318273347792529,2319.17,Debit Card
ORD11106,2024-10-05,2024,Oct,10,2024-10,CUST0211,Neha Sharma,South,Hyderabad,Electronics,USB-C Charger,USB-C Charger,1,700.94,0.15,595.8,-31.97,-5.365894595501847,595.8,Debit Card
ORD10704,2024-12-26,2024,Dec,12,2024-12,CUST0110,Reyansh Kumar,North,Delhi,Home & Kitchen,Mixer Grinder,Mixer Grinder,2,4246.55,0.15,7219.14,2309.35,31.989267419664948,7219.14,Debit Card
ORD10483,2024-05-28,2024,May,5,2024-05,CUST0172,Ravi Patel,North,Delhi,Home & Kitchen,LED Table Lamp,LED Table Lamp,1,2416.75,0.0,2416.75,1034.17,42.791765801179274,2416.75,Credit Card
ORD11346,2024-10-04,2024,Oct,10,2024-10,CUST0307,Divya Kapoor,West,Pune,Electronics,Portable SSD 1TB,Portable SSD 1TB,1,3916.61,0.1,3524.95,124.95,3.544731130938028,3524.95,UPI
ORD11146,2024-10-13,2024,Oct,10,2024-10,CUST0451,Vivaan Verma,West,Pune,Electronics,Noise Cancelling Headphones,Noise Cancelling Headphones,1,899.46,0.0,899.46,178.93,19.893046939274676,899.46,UPI
ORD10204,2024-01-12,2024,Jan,1,2024-01,CUST0468,Aditya Kumar,West,Pune,Stationery,Sticky Notes,Sticky Notes,1,2834.66,0.3,1984.26,669.69,33.75011339239818,1984.26,Credit Card
ORD10067,2024-03-02,2024,Mar,3,2024-03,CUST0094,Rohan Das,West,Pune,Electronics,Laptop Stand,Laptop Stand,1,4602.67,0.1,4142.4,177.24,4.278679026651218,4142.4,Net Banking
ORD10847,2024-08-11,2024,Aug,8,2024-08,CUST0117,Ishaan Patel,South,Chennai,Furniture,Study Table,Study Table,1,4991.64,0.0,4742.06,866.89,18.280873713112022,4742.06,Credit Card
ORD10734,2024-12-30,2024,Dec,12,2024-12,CUST0221,Kavya Sharma,South,Hyderabad,Electronics,Noise Cancelling Headphones,Noise Cancelling Headphones,2,899.46,0.3,1259.24,-181.82,-14.438867888567708,1259.24,Cash on Delivery
ORD10802,2024-11-30,2024,Nov,11,2024-11,CUST0454,Aditya Nair,South,Bengaluru,Electronics,Laptop Stand,Laptop Stand,1,4602.67,0.1,4142.4,177.24,4.278679026651218,4142.4,Credit Card
ORD11855,2025-03-21,2025,Mar,3,2025-03,CUST0442,Kavya Bose,North,Jaipur,Electronics,Webcam HD,Webcam HD,1,2743.97,0.1,2469.57,381.68,15.455322181594367,2469.57,Credit Card
ORD11759,2024-10-29,2024,Oct,10,2024-10,CUST0227,Unknown Customer,North,Delhi,Clothing,Winter Jacket,Winter Jacket,2,2896.9,0.05,5504.11,2332.77,42.38232884153842,5504.11,Debit Card
ORD10908,2024-09-02,2024,Sep,9,2024-09,CUST0201,Ananya Gupta,East,Bhubaneswar,Home & Kitchen,Non-Stick Pan,Non-Stick Pan,2,2707.34,0.0,5414.68,1580.17,29.183072683888984,5414.68,UPI
ORD10032,2024-09-21,2024,Sep,9,2024-09,CUST0381,Aditya Chatterjee,South,Chennai,Clothing,Winter Jacket,Winter Jacket,1,2896.9,0.0,2752.06,1166.39,42.38243352252495,2752.06,Debit Card
ORD10418,2025-03-04,2025,Mar,3,2025-03,CUST0249,Krishna Nair,South,Chennai,Electronics,Smart Watch,Smart Watch,1,2319.17,0.1,2087.25,30.57,1.4646065397053538,2087.25,Debit Card
ORD10882,2024-08-09,2024,Aug,8,2024-08,CUST0353,Saanvi Verma,West,Ahmedabad,Electronics,Wireless Mouse,Wireless Mouse,1,4677.64,0.2,3742.11,4.68,0.1250631328314774,3742.11,Debit Card
ORD10633,2024-02-13,2024,Feb,2,2024-02,CUST0322,Nikhil Bose,North,Chandigarh,Home & Kitchen,Mixer Grinder,Mixer Grinder,2,4246.55,0.05,8068.44,3158.65,39.14821204594693,8068.44,Credit Card
ORD11871,2024-10-21,2024,Oct,10,2024-10,CUST0062,Aditya Mehta,North,Jaipur,Clothing,Formal Shirt,Formal Shirt,2,1477.42,0.0,2954.84,982.62,33.25459246524346,2954.84,Credit Card
ORD11726,2024-06-25,2024,Jun,6,2024-06,CUST0114,Unknown Customer,West,Pune,Clothing,Denim Jeans,Denim Jeans,1,2056.08,0.15,1747.67,529.21,30.280888268380185,1747.67,Cash on Delivery
ORD10065,2024-10-24,2024,Oct,10,2024-10,CUST0105,Arjun Das,West,Pune,Home & Kitchen,Air Fryer,Air Fryer,1,1319.46,0.0,1319.46,657.3,49.81583375017052,1319.46,Credit Card
ORD11945,2024-01-31,2024,Jan,1,2024-01,CUST0230,Arun Verma,North,Chandigarh,Home & Kitchen,Mixer Grinder,Mixer Grinder,1,4246.55,0.2,3397.24,942.34,27.73839940657711,3397.24,UPI
ORD11430,2024-04-29,2024,Apr,4,2024-04,CUST0111,Priya Nair,West,Mumbai,Stationery,Sticky Notes,Sticky Notes,1,2834.66,0.0,2834.66,1520.09,53.62512611741796,2834.66,Cash on Delivery
ORD11926,2024-06-08,2024,Jun,6,2024-06,CUST0261,Karan Bose,North,Jaipur,Home & Kitchen,Mixer Grinder,Mixer Grinder,1,4246.55,0.2,3397.24,942.34,27.73839940657711,3397.24,Debit Card
ORD10078,2025-02-08,2025,Feb,2,2025-02,CUST0464,Krishna Rao,East,Patna,Furniture,Recliner Chair,Recliner Chair,1,2880.32,0.0,2880.32,982.88,34.123986223752915,2880.32,Credit Card
ORD10492,2024-09-18,2024,Sep,9,2024-09,CUST0164,Rohan Kumar,East,Kolkata,Home & Kitchen,Air Fryer,Air Fryer,1,1319.46,0.05,1253.49,591.33,47.174688270349186,1253.49,UPI
ORD11689,2024-03-21,2024,Mar,3,2024-03,CUST0228,Aarav Reddy,North,Chandigarh,Home & Kitchen,LED Table Lamp,LED Table Lamp,1,2416.75,0.1,2175.08,792.5,36.43544145502694,2175.08,Debit Card
ORD11828,2024-01-24,2024,Jan,1,2024-01,CUST0097,Vihaan Nair,North,Delhi,Electronics,Wireless Mouse,Wireless Mouse,1,4677.64,0.15,3975.99,238.56,6.000015090581214,3975.99,Credit Card
ORD10533,2025-01-21,2025,Jan,1,2025-01,CUST0106,Kavya Reddy,North,Jaipur,Home & Kitchen,Air Fryer,Air Fryer,1,1319.46,0.05,1253.49,591.33,47.174688270349186,1253.49,Credit Card
ORD10066,2024-02-14,2024,Feb,2,2024-02,CUST0125,Aarav Kapoor,West,Mumbai,Home & Kitchen,Air Fryer,Air Fryer,1,1319.46,0.0,1319.46,657.3,49.81583375017052,1319.46,Credit Card
ORD12025,2024-12-02,2024,Dec,12,2024-12,CUST0135,Arun Gupta,South,Bengaluru,Electronics,USB-C Charger,USB-C Charger,1,700.94,0.05,665.89,38.12,5.724669239664208,665.89,Debit Card
ORD11436,2024-06-27,2024,Jun,6,2024-06,CUST0319,Ravi Patel,East,Patna,Home & Kitchen,Mixer Grinder,Mixer Grinder,1,4246.55,0.05,4034.22,1579.32,39.14808810625102,4034.22,Net Banking
ORD11285,2024-06-06,2024,Jun,6,2024-06,CUST0138,Neha Chatterjee,North,Delhi,Electronics,Wireless Mouse,Wireless Mouse,1,4677.64,0.05,4443.76,706.33,15.894872810412805,4443.76,Cash on Delivery
ORD10297,2024-09-25,2024,Sep,9,2024-09,CUST0236,Sanjay Bose,East,Bhubaneswar,Furniture,Sofa Cover,Sofa Cover,2,4703.54,0.2,7525.66,1044.86,13.883964994432382,7525.66,Credit Card
ORD10592,2024-11-16,2024,Nov,11,2024-11,CUST0125,Aarav Kapoor,South,Chennai,Home & Kitchen,Storage Containers Set,Storage Containers Set,1,4142.6,0.1,3728.34,1512.31,40.56255599006528,3728.34,Credit Card
ORD11444,2024-04-20,2024,Apr,4,2024-04,CUST0356,Krishna Iyer,North,Delhi,Clothing,Denim Jeans,Denim Jeans,3,2056.08,0.0,5859.83,2204.44,37.619521385432684,5859.83,UPI
ORD10768,2024-06-27,2024,Jun,6,2024-06,CUST0430,Ananya Rao,East,Bhubaneswar,Stationery,Sticky Notes,Sticky Notes,1,2834.66,0.2,2267.73,953.16,42.03145877154687,2267.73,Cash on Delivery
ORD12125,2024-12-29,2024,Dec,12,2024-12,CUST0169,Arjun Mehta,North,Jaipur,Electronics,Wireless Mouse,Wireless Mouse,1,4677.64,0.0,3742.11,4.68,0.1250631328314774,3742.11,Cash on Delivery
ORD11286,2024-10-25,2024,Oct,10,2024-10,CUST0020,Anika Kapoor,North,Delhi,Clothing,Men's T-Shirt,Men's T-Shirt,2,1052.59,0.0,2105.18,693.1,32.923550480243975,2105.18,Credit Card
ORD10725,2024-03-14,2024,Mar,3,2024-03,CUST0168,Riya Das,North,Chandigarh,Clothing,Formal Shirt,Formal Shirt,1,1477.42,0.05,1403.55,417.44,29.741726336788858,1403.55,Cash on Delivery
ORD11941,2024-03-26,2024,Mar,3,2024-03,CUST0277,Priya Verma,South,Bengaluru,Furniture,Study Table,Study Table,1,4991.64,0.0,4991.64,1116.47,22.36679728506062,4991.64,Net Banking
ORD11306,2024-09-15,2024,Sep,9,2024-09,CUST0288,Aditya Nair,East,Kolkata,Clothing,Women's Kurti,Women's Kurti,1,4506.86,0.0,4506.86,1163.32,25.812206281091495,4506.86,Cash on Delivery
ORD10627,2025-02-10,2025,Feb,2,2025-02,CUST0121,Pooja Bose,South,Chennai,Home & Kitchen,Non-Stick Pan,Non-Stick Pan,1,2707.34,0.0,2707.34,790.08,29.18288800076828,2707.34,UPI
ORD11377,2024-07-13,2024,Jul,7,2024-07,CUST0262,Pooja Singh,North,Delhi,Clothing,Men's T-Shirt,Men's T-Shirt,1,1052.59,0.15,894.7,188.66,21.08639767519839,894.7,Credit Card
ORD12118,2024-03-07,2024,Mar,3,2024-03,CUST0056,Isha Chatterjee,West,Mumbai,Clothing,Men's T-Shirt,Men's T-Shirt,1,1052.59,0.1,947.33,241.29,25.470532971614958,947.33,Debit Card
ORD10746,2024-02-05,2024,Feb,2,2024-02,CUST0233,Unknown Customer,North,Jaipur,Furniture,Recliner Chair,Recliner Chair,1,2880.32,0.15,2448.27,550.83,22.498744011077214,2448.27,UPI
ORD11213,2024-04-09,2024,Apr,4,2024-04,CUST0235,Pooja Chatterjee,North,Chandigarh,Clothing,Denim Jeans,Denim Jeans,1,2056.08,0.0,2056.08,837.62,40.73868721061438,2056.08,Net Banking
ORD11931,2024-02-08,2024,Feb,2,2024-02,CUST0034,Arjun Patel,South,Hyderabad,Clothing,Running Shoes,Running Shoes,1,910.04,0.1,819.04,255.79,31.230464934557535,819.04,UPI
ORD10252,2024-02-02,2024,Feb,2,2024-02,CUST0125,Aarav Kapoor,North,Delhi,Electronics,Smart Watch,Smart Watch,1,2319.17,0.0,2319.17,262.49,11.318273347792529,2319.17,Credit Card
ORD10477,2024-06-20,2024,Jun,6,2024-06,CUST0350,Priya Kumar,West,Mumbai,Electronics,Laptop Stand,Laptop Stand,2,4602.67,0.1,8284.81,354.49,4.278794564993041,8284.81,UPI
ORD11576,2024-04-11,2024,Apr,4,2024-04,CUST0125,Aarav Kapoor,West,Ahmedabad,Furniture,Recliner Chair,Recliner Chair,2,2880.32,0.05,5472.61,1677.73,30.656852945852165,5472.61,UPI
ORD12168,2024-12-07,2024,Dec,12,2024-12,CUST0458,Vivaan Joshi,South,Bengaluru,Clothing,Winter Jacket,Winter Jacket,3,2896.9,0.0,8690.7,3933.69,45.26321239946149,8690.7,Debit Card
ORD10983,2024-04-07,2024,Apr,4,2024-04,CUST0035,Krishna Nair,West,Ahmedabad,Clothing,Men's T-Shirt,Men's T-Shirt,2,1052.59,0.0,2105.18,693.1,32.923550480243975,2105.18,Debit Card
ORD10980,2024-11-11,2024,Nov,11,2024-11,CUST0084,Arjun Rao,West,Ahmedabad,Clothing,Winter Jacket,Winter Jacket,2,2896.9,0.05,5504.11,2332.77,42.38232884153842,5504.11,Net Banking
ORD10707,2024-02-22,2024,Feb,2,2024-02,CUST0046,Krishna Joshi,North,Jaipur,Electronics,Bluetooth Speaker,Bluetooth Speaker,1,5172.8,0.1,4655.52,281.78,6.0525999243908295,4655.52,Credit Card
ORD10488,2024-04-20,2024,Apr,4,2024-04,CUST0247,Meera Patel,South,Hyderabad,Electronics,Wireless Mouse,Wireless Mouse,2,4677.64,0.0,9355.28,1880.43,20.100200100905585,9355.28,Cash on Delivery
ORD10274,2025-02-21,2025,Feb,2,2025-02,CUST0249,Krishna Nair,West,Pune,Clothing,Winter Jacket,Winter Jacket,1,2896.9,0.05,2752.06,1166.39,42.38243352252495,2752.06,UPI
ORD11801,2024-08-31,2024,Aug,8,2024-08,CUST0432,Kavya Mehta,North,Jaipur,Clothing,Running Shoes,Running Shoes,1,910.04,0.05,864.54,301.29,34.84974668609897,864.54,UPI
ORD11999,2024-10-22,2024,Oct,10,2024-10,CUST0473,Ravi Patel,East,Kolkata,Clothing,Winter Jacket,Winter Jacket,1,2896.9,0.05,2752.06,1166.39,42.38243352252495,2752.06,UPI
ORD10964,2024-01-10,2024,Jan,1,2024-01,CUST0350,Priya Kumar,South,Hyderabad,Electronics,Wireless Mouse,Wireless Mouse,2,4677.64,0.0,9355.28,1880.43,20.100200100905585,9355.28,UPI
ORD10878,2024-11-22,2024,Nov,11,2024-11,CUST0390,Aditya Rao,West,Ahmedabad,Electronics,Smart Watch,Smart Watch,3,2319.17,0.0,6957.51,787.47,11.318273347792529,6957.51,Debit Card
ORD11680,2025-02-06,2025,Feb,2,2025-02,CUST0454,Aditya Nair,North,Jaipur,Clothing,Formal Shirt,Formal Shirt,2,1477.42,0.15,2511.61,539.39,21.47586607793407,2511.61,Cash on Delivery
ORD12115,2024-09-22,2024,Sep,9,2024-09,CUST0247,Meera Patel,West,Pune,Electronics,USB-C Charger,USB-C Charger,2,700.94,0.15,1191.6,-63.94,-5.365894595501847,1191.6,UPI
ORD12199,2024-07-18,2024,Jul,7,2024-07,CUST0229,Divya Das,South,Chennai,Home & Kitchen,Air Fryer,Air Fryer,1,1319.46,0.1,1187.51,525.35,44.2396274557688,1187.51,UPI
ORD10412,2025-02-24,2025,Feb,2,2025-02,CUST0264,Isha Das,North,Chandigarh,Clothing,Running Shoes,Running Shoes,1,910.04,0.0,910.04,346.79,38.107116170717774,910.04,Debit Card
ORD11886,2024-06-11,2024,Jun,6,2024-06,CUST0135,Arun Gupta,East,Bhubaneswar,Furniture,Bookshelf,Bookshelf,1,4584.81,0.05,4355.57,1050.36,24.115328188962636,4355.57,Cash on Delivery
ORD11735,2024-07-06,2024,Jul,7,2024-07,CUST0022,Aadhya Patel,East,Patna,Stationery,Notebook Pack,Notebook Pack,1,4753.51,0.05,4515.83,2220.03,49.161062307482794,4515.83,Credit Card
ORD11972,2024-06-06,2024,Jun,6,2024-06,CUST0125,Aarav Kapoor,East,Patna,Furniture,Bookshelf,Bookshelf,1,4584.81,0.0,4584.81,1279.6,27.909553503852933,4584.81,Credit Card
ORD10668,2024-11-24,2024,Nov,11,2024-11,CUST0328,Pooja Kumar,West,Ahmedabad,Furniture,Study Table,Study Table,1,4991.64,0.15,4242.89,367.72,8.666734230677676,4242.89,Debit Card
ORD11263,2024-04-08,2024,Apr,4,2024-04,CUST0302,Pooja Verma,South,Hyderabad,Clothing,Formal Shirt,Formal Shirt,2,1477.42,0.1,2659.36,687.14,25.838547620480114,2659.36,Credit Card
ORD10150,2024-04-02,2024,Apr,4,2024-04,CUST0128,Arun Verma,South,Bengaluru,Stationery,Sticky Notes,Sticky Notes,3,2834.66,0.05,8078.78,4135.07,51.18433723903857,8078.78,UPI
ORD10645,2024-06-18,2024,Jun,6,2024-06,CUST0062,Aditya Mehta,South,Hyderabad,Furniture,Study Table,Study Table,1,4991.64,0.0,4991.64,1116.47,22.36679728506062,4991.64,Credit Card
ORD11924,2024-07-31,2024,Jul,7,2024-07,CUST0405,Aadhya Rao,South,Hyderabad,Home & Kitchen,Water Bottle,Water Bottle,2,5018.72,0.05,9535.57,2497.41,26.190463705892782,9535.57,UPI
ORD10219,2024-05-28,2024,May,5,2024-05,CUST0267,Reyansh Kapoor,South,Chennai,Electronics,Bluetooth Speaker,Bluetooth Speaker,2,5172.8,0.1,9311.04,563.56,6.0525999243908295,9311.04,Debit Card
ORD10240,2025-02-27,2025,Feb,2,2025-02,CUST0046,Krishna Joshi,South,Bengaluru,Home & Kitchen,Storage Containers Set,Storage Containers Set,1,4142.6,0.0,4142.6,1926.57,46.50630039105875,4142.6,UPI
ORD11132,2024-07-04,2024,Jul,7,2024-07,CUST0036,Karan Mehta,East,Patna,Stationery,Gel Pen Set,Gel Pen Set,3,4275.22,0.05,12184.38,5692.73,46.721540201471065,12184.38,Credit Card
ORD11217,2024-12-02,2024,Dec,12,2024-12,CUST0145,Nikhil Sharma,South,Chennai,Stationery,Notebook Pack,Notebook Pack,1,4753.51,0.1,4278.16,1982.36,46.33674289881631,4278.16,UPI
ORD10192,2024-04-18,2024,Apr,4,2024-04,CUST0447,Krishna Reddy,South,Hyderabad,Home & Kitchen,Storage Containers Set,Storage Containers Set,2,4142.6,0.3,5799.64,1367.57,23.58025670558862,5799.64,Net Banking
ORD10334,2024-05-08,2024,May,5,2024-05,CUST0301,Arjun Bose,South,Hyderabad,Electronics,Bluetooth Speaker,Bluetooth Speaker,1,5172.8,0.1,4655.52,281.78,6.0525999243908295,4655.52,UPI
ORD11600,2024-09-16,2024,Sep,9,2024-09,CUST0198,Nikhil Verma,North,Delhi,Clothing,Winter Jacket,Winter Jacket,1,2896.9,0.15,2462.37,876.7,35.60391005413484,2462.37,UPI
ORD11588,2024-12-29,2024,Dec,12,2024-12,CUST0392,Reyansh Bose,South,Bengaluru,Clothing,Men's T-Shirt,Men's T-Shirt,1,1052.59,0.05,999.96,293.92,29.39317572702908,999.96,Credit Card
ORD10963,2024-10-20,2024,Oct,10,2024-10,CUST0306,Neha Patel,East,Bhubaneswar,Electronics,Portable SSD 1TB,Portable SSD 1TB,3,3916.61,0.15,9987.36,-212.63,-2.128991044680476,9987.36,Debit Card
ORD11721,2024-11-14,2024,Nov,11,2024-11,CUST0011,Sneha Iyer,North,Delhi,Electronics,Wireless Mouse,Wireless Mouse,1,4677.64,0.05,4443.76,706.33,15.894872810412805,4443.76,Cash on Delivery
ORD11583,2024-11-15,2024,Nov,11,2024-11,CUST0129,Ravi Joshi,East,Bhubaneswar,Electronics,Portable SSD 1TB,Portable SSD 1TB,1,3916.61,0.1,3524.95,124.95,3.544731130938028,3524.95,Debit Card
ORD10344,2024-04-15,2024,Apr,4,2024-04,CUST0121,Pooja Bose,East,Kolkata,Furniture,Office Chair,Office Chair,1,3394.32,0.0,3394.32,1144.69,33.72369134318509,3394.32,Debit Card
ORD12174,2024-07-20,2024,Jul,7,2024-07,CUST0226,Nikhil Patel,East,Bhubaneswar,Electronics,Bluetooth Speaker,Bluetooth Speaker,1,5172.8,0.3,3620.96,-752.78,-20.789514382926075,3620.96,Credit Card
ORD11725,2024-08-25,2024,Aug,8,2024-08,CUST0246,Pooja Singh,East,Bhubaneswar,Stationery,Sticky Notes,Sticky Notes,1,2834.66,0.05,2692.93,1378.36,51.1843976635115,2692.93,Cash on Delivery
ORD11937,2024-12-17,2024,Dec,12,2024-12,CUST0033,Myra Singh,North,Chandigarh,Electronics,Wireless Mouse,Wireless Mouse,1,4677.64,0.0,4677.64,940.21,20.100093209396192,4677.64,Debit Card
ORD10583,2024-10-20,2024,Oct,10,2024-10,CUST0377,Vihaan Verma,West,Mumbai,Electronics,Laptop Stand,Laptop Stand,1,4602.67,0.05,4372.54,407.38,9.316781550311719,4372.54,UPI
ORD12172,2024-02-05,2024,Feb,2,2024-02,CUST0111,Priya Nair,South,Bengaluru,Electronics,Bluetooth Speaker,Bluetooth Speaker,1,5172.8,0.1,4655.52,281.78,6.0525999243908295,4655.52,Debit Card
ORD11720,2024-01-21,2024,Jan,1,2024-01,CUST0321,Sai Das,West,Ahmedabad,Electronics,Noise Cancelling Headphones,Noise Cancelling Headphones,1,899.46,0.05,854.49,133.96,15.677187562171587,854.49,Credit Card
ORD10840,2025-02-25,2025,Feb,2,2025-02,CUST0226,Nikhil Patel,North,Chandigarh,Furniture,Office Chair,Office Chair,1,3394.32,0.0,3394.32,1144.69,33.72369134318509,3394.32,Cash on Delivery
ORD10628,2024-08-06,2024,Aug,8,2024-08,CUST0219,Ravi Bose,South,Hyderabad,Electronics,Laptop Stand,Laptop Stand,1,4602.67,0.0,4602.67,637.51,13.850873514720801,4602.67,Credit Card
ORD12059,2024-02-09,2024,Feb,2,2024-02,CUST0356,Krishna Iyer,North,Jaipur,Clothing,Formal Shirt,Formal Shirt,1,1477.42,0.1,1329.68,343.57,25.838547620480114,1329.68,Credit Card
ORD10324,2024-09-20,2024,Sep,9,2024-09,CUST0031,Nikhil Gupta,North,Delhi,Clothing,Formal Shirt,Formal Shirt,1,1477.42,0.05,1403.55,417.44,29.741726336788858,1403.55,UPI
ORD11970,2025-02-15,2025,Feb,2,2025-02,CUST0332,Vihaan Verma,South,Chennai,Electronics,USB-C Charger,USB-C Charger,2,700.94,0.0,1401.88,146.34,10.438839272976288,1401.88,UPI
ORD11161,2024-06-14,2024,Jun,6,2024-06,CUST0301,Arjun Bose,North,Delhi,Clothing,Formal Shirt,Formal Shirt,1,1477.42,0.1,1329.68,343.57,25.838547620480114,1329.68,Debit Card
ORD10779,2024-10-22,2024,Oct,10,2024-10,CUST0387,Anika Kumar,East,Bhubaneswar,Electronics,Noise Cancelling Headphones,Noise Cancelling Headphones,1,899.46,0.0,899.46,178.93,19.893046939274676,899.46,Credit Card
ORD11077,2024-03-25,2024,Mar,3,2024-03,CUST0067,Sai Reddy,South,Chennai,Home & Kitchen,Non-Stick Pan,Non-Stick Pan,2,2707.34,0.05,5143.95,1309.44,25.455923949494068,5143.95,Debit Card
ORD10940,2024-08-11,2024,Aug,8,2024-08,CUST0116,Anika Sharma,West,Pune,Clothing,Denim Jeans,Denim Jeans,1,2056.08,0.2,1644.86,426.4,25.923178872366037,1644.86,Credit Card
ORD10438,2024-06-05,2024,Jun,6,2024-06,CUST0162,Vihaan Singh,West,Ahmedabad,Electronics,Webcam HD,Webcam HD,1,2743.97,0.05,2606.77,518.88,19.905093276353494,2606.77,UPI
ORD10120,2025-03-27,2025,Mar,3,2025-03,CUST0246,Pooja Singh,South,Bengaluru,Home & Kitchen,Storage Containers Set,Storage Containers Set,2,4142.6,0.15,7042.42,2610.35,37.06609375754357,7042.42,Debit Card
ORD11627,2024-08-18,2024,Aug,8,2024-08,CUST0057,Aarav Kapoor,South,Bengaluru,Home & Kitchen,Mixer Grinder,Mixer Grinder,4,4246.55,0.05,16136.89,6317.31,39.14824975568403,16136.89,Debit Card
ORD11872,2024-10-04,2024,Oct,10,2024-10,CUST0412,Divya Singh,West,Ahmedabad,Stationery,Notebook Pack,Notebook Pack,1,4753.51,0.0,4753.51,2457.71,51.70305731974898,4753.51,UPI
ORD11366,2024-03-25,2024,Mar,3,2024-03,CUST0311,Sanjay Kapoor,North,Chandigarh,Clothing,Winter Jacket,Winter Jacket,1,2896.9,0.0,2896.9,1311.23,45.263212399461494,2896.9,Credit Card
ORD11027,2025-01-21,2025,Jan,1,2025-01,CUST0379,Kavya Joshi,South,Hyderabad,Clothing,Women's Kurti,Women's Kurti,1,4506.86,0.0,4506.86,1163.32,25.812206281091495,4506.86,Credit Card
ORD11254,2024-05-20,2024,May,5,2024-05,CUST0034,Arjun Patel,South,Hyderabad,Electronics,Noise Cancelling Headphones,Noise Cancelling Headphones,1,899.46,0.05,854.49,133.96,15.677187562171587,854.49,UPI
ORD11649,2025-02-04,2025,Feb,2,2025-02,CUST0328,Pooja Kumar,North,Jaipur,Electronics,USB-C Charger,USB-C Charger,2,700.94,0.05,1331.79,76.25,5.725377124021055,1331.79,Credit Card
ORD11381,2024-02-04,2024,Feb,2,2024-02,CUST0350,Priya Kumar,East,Kolkata,Stationery,Gel Pen Set,Gel Pen Set,1,4275.22,0.3,2992.65,828.77,27.69351578032847,2992.65,Credit Card
ORD10077,2025-02-27,2025,Feb,2,2025-02,CUST0211,Neha Sharma,West,Pune,Electronics,Wireless Mouse,Wireless Mouse,2,4677.64,0.0,9355.28,1880.43,20.100200100905585,9355.28,UPI
ORD11054,2024-07-23,2024,Jul,7,2024-07,CUST0379,Kavya Joshi,North,Chandigarh,Clothing,Women's Kurti,Women's Kurti,1,4506.86,0.15,3830.83,487.29,12.720219900126084,3830.83,Debit Card
ORD10901,2024-04-09,2024,Apr,4,2024-04,CUST0105,Arjun Das,North,Delhi,Clothing,Denim Jeans,Denim Jeans,3,2056.08,0.05,5859.83,2204.44,37.619521385432684,5859.83,Debit Card
ORD10372,2024-12-10,2024,Dec,12,2024-12,CUST0030,Divya Das,West,Mumbai,Electronics,Smart Watch,Smart Watch,2,2319.17,0.05,4406.42,293.06,6.650750495867394,4406.42,Credit Card
ORD11205,2024-07-16,2024,Jul,7,2024-07,CUST0077,Arjun Kumar,West,Mumbai,Electronics,Laptop Stand,Laptop Stand,1,4602.67,0.1,4142.4,177.24,4.278679026651218,4142.4,Debit Card
ORD10950,2024-05-02,2024,May,5,2024-05,CUST0372,Vihaan Kapoor,East,Patna,Electronics,Smart Watch,Smart Watch,1,2319.17,0.0,2319.17,262.49,11.318273347792529,2319.17,UPI
ORD10942,2024-10-11,2024,Oct,10,2024-10,CUST0031,Nikhil Gupta,West,Ahmedabad,Clothing,Formal Shirt,Formal Shirt,1,1477.42,0.15,1255.81,269.7,21.47617872130338,1255.81,Credit Card
ORD10578,2024-10-14,2024,Oct,10,2024-10,CUST0169,Arjun Mehta,West,Ahmedabad,Electronics,Laptop Stand,Laptop Stand,1,4602.67,0.2,3682.14,-283.02,-7.68629112418322,3682.14,Cash on Delivery
ORD10820,2024-09-27,2024,Sep,9,2024-09,CUST0466,Anika Reddy,North,Delhi,Electronics,USB-C Charger,USB-C Charger,2,700.94,0.1,1261.69,6.15,0.48744144758221114,1261.69,UPI
ORD11757,2024-12-16,2024,Dec,12,2024-12,CUST0426,Ishaan Patel,West,Mumbai,Furniture,Sofa Cover,Sofa Cover,1,4703.54,0.0,4703.54,1463.14,31.107208613087167,4703.54,UPI
ORD11784,2024-04-26,2024,Apr,4,2024-04,CUST0419,Aadhya Mehta,West,Ahmedabad,Home & Kitchen,Storage Containers Set,Storage Containers Set,1,4142.6,0.2,3314.08,1098.05,33.132875488823444,3314.08,Credit Card
ORD12064,2024-10-18,2024,Oct,10,2024-10,CUST0121,Pooja Bose,South,Hyderabad,Electronics,Portable SSD 1TB,Portable SSD 1TB,1,3916.61,0.0,3916.61,516.61,13.190233390610759,3916.61,UPI
ORD11584,2024-11-04,2024,Nov,11,2024-11,CUST0413,Vihaan Verma,North,Delhi,Electronics,Bluetooth Speaker,Bluetooth Speaker,2,5172.8,0.0,10345.6,1598.12,15.447339931951745,10345.6,UPI
ORD11650,2025-01-08,2025,Jan,1,2025-01,CUST0462,Unknown Customer,North,Chandigarh,Clothing,Winter Jacket,Winter Jacket,1,2896.9,0.2,2317.52,731.85,31.579015499326868,2317.52,Debit Card
ORD10887,2024-10-22,2024,Oct,10,2024-10,CUST0306,Neha Patel,West,Mumbai,Home & Kitchen,LED Table Lamp,LED Table Lamp,2,2416.75,0.1,4350.15,1584.99,36.435295334643634,4350.15,Credit Card
ORD10969,2024-03-13,2024,Mar,3,2024-03,CUST0178,Unknown Customer,North,Delhi,Clothing,Women's Kurti,Women's Kurti,2,4506.86,0.0,9013.72,2326.64,25.812206281091495,9013.72,Net Banking
ORD11913,2024-10-17,2024,Oct,10,2024-10,CUST0249,Krishna Nair,West,Pune,Clothing,Formal Shirt,Formal Shirt,2,1477.42,0.0,2954.84,982.62,33.25459246524346,2954.84,Credit Card
ORD10786,2024-04-04,2024,Apr,4,2024-04,CUST0235,Pooja Chatterjee,South,Hyderabad,Home & Kitchen,LED Table Lamp,LED Table Lamp,1,2416.75,0.3,1691.72,309.14,18.27370959733289,1691.72,Net Banking
ORD12113,2024-05-17,2024,May,5,2024-05,CUST0350,Priya Kumar,East,Patna,Electronics,Webcam HD,Webcam HD,2,2743.97,0.0,5487.94,1312.15,23.909700178937822,5487.94,Debit Card
ORD12013,2024-10-21,2024,Oct,10,2024-10,CUST0350,Priya Kumar,North,Chandigarh,Electronics,Portable SSD 1TB,Portable SSD 1TB,1,3916.61,0.05,3720.78,320.78,8.621310585414884,3720.78,Credit Card
ORD12087,2024-06-24,2024,Jun,6,2024-06,CUST0057,Aarav Kapoor,South,Bengaluru,Clothing,Men's T-Shirt,Men's T-Shirt,1,1052.59,0.0,1052.59,346.55,32.923550480243975,1052.59,Debit Card
ORD10302,2024-11-06,2024,Nov,11,2024-11,CUST0227,Ishaan Sharma,West,Pune,Home & Kitchen,Non-Stick Pan,Non-Stick Pan,3,2707.34,0.0,8122.02,2370.25,29.183011122848747,8122.02,Net Banking
ORD10690,2025-02-28,2025,Feb,2,2025-02,CUST0261,Karan Bose,North,Chandigarh,Furniture,Study Table,Study Table,2,4991.64,0.05,9484.12,1733.77,18.28076827370383,9484.12,Net Banking
ORD10813,2024-05-22,2024,May,5,2024-05,CUST0262,Pooja Singh,West,Pune,Furniture,Bookshelf,Bookshelf,2,4584.81,0.0,9169.62,2559.19,27.909444448079633,9169.62,UPI
ORD11062,2024-04-18,2024,Apr,4,2024-04,CUST0129,Ravi Joshi,East,Kolkata,Clothing,Winter Jacket,Winter Jacket,1,2896.9,0.2,2317.52,731.85,31.579015499326868,2317.52,Net Banking
ORD11378,2024-05-09,2024,May,5,2024-05,CUST0167,Myra Sharma,West,Ahmedabad,Clothing,Winter Jacket,Winter Jacket,2,2896.9,0.0,5793.8,2622.46,45.263212399461494,5793.8,Credit Card
ORD11522,2024-08-06,2024,Aug,8,2024-08,CUST0429,Aditya Rao,South,Hyderabad,Home & Kitchen,LED Table Lamp,LED Table Lamp,1,2416.75,0.15,2054.24,671.66,32.696276968611265,2054.24,Debit Card
ORD10237,2025-01-06,2025,Jan,1,2025-01,CUST0032,Myra Joshi,North,Chandigarh,Home & Kitchen,Non-Stick Pan,Non-Stick Pan,1,2707.34,0.0,2707.34,790.08,29.18288800076828,2707.34,Credit Card
ORD11116,2024-06-14,2024,Jun,6,2024-06,CUST0145,Nikhil Sharma,North,Chandigarh,Home & Kitchen,Non-Stick Pan,Non-Stick Pan,1,2707.34,0.1,2436.61,519.35,21.314449173236586,2436.61,Credit Card
ORD11623,2025-03-28,2025,Mar,3,2025-03,CUST0396,Meera Gupta,West,Ahmedabad,Stationery,Gel Pen Set,Gel Pen Set,1,4275.22,0.05,4061.46,1897.58,46.72162227376362,4061.46,UPI
ORD10500,2024-07-26,2024,Jul,7,2024-07,CUST0305,Myra Mehta,East,Patna,Furniture,Study Table,Study Table,1,4991.64,0.0,4991.64,1116.47,22.36679728506062,4991.64,Cash on Delivery
ORD11984,2024-09-24,2024,Sep,9,2024-09,CUST0132,Nikhil Iyer,North,Jaipur,Home & Kitchen,Mixer Grinder,Mixer Grinder,1,4246.55,0.1,3821.9,1367.0,35.76755017138073,3821.9,UPI
ORD11578,2024-10-04,2024,Oct,10,2024-10,CUST0116,Anika Sharma,North,Delhi,Electronics,Noise Cancelling Headphones,Noise Cancelling Headphones,2,899.46,0.1,1619.03,177.97,10.992384328888285,1619.03,Credit Card
ORD11080,2024-02-07,2024,Feb,2,2024-02,CUST0254,Ananya Reddy,West,Pune,Electronics,USB-C Charger,USB-C Charger,1,700.94,0.2,560.75,-67.02,-11.951850200624163,560.75,Debit Card
ORD11327,2024-10-05,2024,Oct,10,2024-10,CUST0067,Sai Reddy,West,Mumbai,Furniture,Office Chair,Office Chair,1,3394.32,0.0,3394.32,1144.69,33.72369134318509,3394.32,Credit Card
ORD10795,2025-03-08,2025,Mar,3,2025-03,CUST0086,Sanjay Nair,East,Kolkata,Home & Kitchen,LED Table Lamp,LED Table Lamp,1,2416.75,0.2,1933.4,550.82,28.48970725147409,1933.4,UPI
ORD12185,2025-03-11,2025,Mar,3,2025-03,CUST0180,Priya Verma,West,Pune,Clothing,Running Shoes,Running Shoes,1,910.04,0.0,910.04,346.79,38.107116170717774,910.04,Debit Card
ORD11833,2024-12-07,2024,Dec,12,2024-12,CUST0078,Aadhya Singh,South,Hyderabad,Furniture,Study Table,Study Table,2,4991.64,0.0,9983.28,2232.93,22.366697117580593,9983.28,UPI
ORD12190,2024-01-14,2024,Jan,1,2024-01,CUST0163,Unknown Customer,West,Mumbai,Electronics,Noise Cancelling Headphones,Noise Cancelling Headphones,1,899.46,0.15,764.54,44.01,5.756402542705417,764.54,UPI
ORD10991,2024-06-11,2024,Jun,6,2024-06,CUST0226,Nikhil Patel,West,Mumbai,Electronics,Smart Watch,Smart Watch,1,2319.17,0.0,2319.17,262.49,11.318273347792529,2319.17,Credit Card
ORD11873,2024-01-23,2024,Jan,1,2024-01,CUST0034,Arjun Patel,West,Pune,Stationery,Gel Pen Set,Gel Pen Set,1,4275.22,0.05,4061.46,1897.58,46.72162227376362,4061.46,Net Banking
ORD10935,2024-02-19,2024,Feb,2,2024-02,CUST0298,Divya Kapoor,North,Jaipur,Clothing,Winter Jacket,Winter Jacket,1,2896.9,0.0,2896.9,1311.23,45.263212399461494,2896.9,UPI
ORD10388,2024-05-09,2024,May,5,2024-05,CUST0106,Kavya Reddy,West,Ahmedabad,Home & Kitchen,Storage Containers Set,Storage Containers Set,1,4142.6,0.1,3728.34,1512.31,40.56255599006528,3728.34,Cash on Delivery
ORD11758,2024-02-09,2024,Feb,2,2024-02,CUST0023,Aadhya Chatterjee,West,Mumbai,Stationery,Desk Organizer,Desk Organizer,2,967.81,0.0,1935.62,1213.82,62.70962275653279,1935.62,Credit Card
ORD10391,2025-01-15,2025,Jan,1,2025-01,CUST0312,Priya Nair,West,Pune,Home & Kitchen,Storage Containers Set,Storage Containers Set,1,4142.6,0.1,3728.34,1512.31,40.56255599006528,3728.34,UPI
ORD10744,2024-06-07,2024,Jun,6,2024-06,CUST0121,Pooja Bose,West,Mumbai,Home & Kitchen,Non-Stick Pan,Non-Stick Pan,1,2707.34,0.3,1895.14,-22.12,-1.167196091053959,1895.14,UPI
ORD10353,2024-03-19,2024,Mar,3,2024-03,CUST0366,Sneha Kapoor,West,Mumbai,Clothing,Denim Jeans,Denim Jeans,2,2056.08,0.0,4112.16,1675.23,40.7384440294152,4112.16,Net Banking
ORD11218,2024-11-23,2024,Nov,11,2024-11,CUST0023,Aadhya Chatterjee,South,Bengaluru,Stationery,Sticky Notes,Sticky Notes,4,2834.66,0.0,11338.64,6080.37,53.625214311416535,11338.64,Debit Card
ORD10236,2025-03-25,2025,Mar,3,2025-03,CUST0022,Aadhya Patel,East,Patna,Electronics,USB-C Charger,USB-C Charger,1,700.94,0.2,560.75,-67.02,-11.951850200624163,560.75,Credit Card
ORD12079,2024-02-25,2024,Feb,2,2024-02,CUST0172,Ravi Patel,West,Ahmedabad,Home & Kitchen,Water Bottle,Water Bottle,1,5018.72,0.1,4516.85,997.77,22.089952068366227,4516.85,Cash on Delivery
ORD10481,2024-04-09,2024,Apr,4,2024-04,CUST0365,Sanjay Rao,North,Delhi,Clothing,Women's Kurti,Women's Kurti,3,4506.86,0.05,12844.55,2813.94,21.907657333265863,12844.55,Debit Card
ORD10568,2025-02-23,2025,Feb,2,2025-02,CUST0427,Myra Singh,West,Pune,Clothing,Running Shoes,Running Shoes,1,910.04,0.1,819.04,255.79,31.230464934557535,819.04,Cash on Delivery
ORD11141,2024-03-27,2024,Mar,3,2024-03,CUST0381,Aditya Chatterjee,North,Jaipur,Furniture,Sofa Cover,Sofa Cover,3,4703.54,0.0,14110.62,4389.42,31.107208613087163,14110.62,Credit Card
ORD11633,2024-06-02,2024,Jun,6,2024-06,CUST0017,Divya Nair,West,Mumbai,Home & Kitchen,Non-Stick Pan,Non-Stick Pan,3,2707.34,0.1,7309.82,1558.05,21.31447833188779,7309.82,UPI
ORD12014,2025-01-24,2025,Jan,1,2025-01,CUST0021,Sneha Mehta,East,Bhubaneswar,Electronics,Noise Cancelling Headphones,Noise Cancelling Headphones,1,899.46,0.0,899.46,178.93,19.893046939274676,899.46,Credit Card
ORD10101,2024-07-09,2024,Jul,7,2024-07,CUST0340,Rohan Singh,West,Pune,Clothing,Denim Jeans,Denim Jeans,1,2056.08,0.2,1644.86,426.4,25.923178872366037,1644.86,UPI
ORD12076,2025-03-30,2025,Mar,3,2025-03,CUST0456,Myra Gupta,South,Hyderabad,Clothing,Formal Shirt,Formal Shirt,2,1477.42,0.1,2659.36,687.14,25.838547620480114,2659.36,UPI
ORD11876,2024-10-28,2024,Oct,10,2024-10,CUST0431,Riya Joshi,North,Chandigarh,Electronics,Webcam HD,Webcam HD,1,2743.97,0.05,2606.77,518.88,19.905093276353494,2606.77,Cash on Delivery
ORD10121,2024-12-15,2024,Dec,12,2024-12,CUST0444,Pooja Das,North,Jaipur,Home & Kitchen,Air Fryer,Air Fryer,1,1319.46,0.1,1187.51,525.35,44.2396274557688,1187.51,Credit Card
ORD11389,2024-02-18,2024,Feb,2,2024-02,CUST0008,Meera Nair,East,Kolkata,Furniture,Bed Side Table,Bed Side Table,2,5828.58,0.05,11074.3,1414.89,12.77633800781991,11074.3,UPI
ORD10491,2024-12-24,2024,Dec,12,2024-12,CUST0060,Rohan Mehta,North,Delhi,Clothing,Winter Jacket,Winter Jacket,4,2896.9,0.0,11587.6,5244.92,45.263212399461494,11587.6,Credit Card
ORD11025,2024-09-22,2024,Sep,9,2024-09,CUST0253,Saanvi Iyer,East,Bhubaneswar,Clothing,Winter Jacket,Winter Jacket,1,2896.9,0.1,2607.21,1021.54,39.18134711051277,2607.21,Credit Card
ORD11087,2024-05-30,2024,May,5,2024-05,CUST0112,Saanvi Das,North,Delhi,Electronics,Bluetooth Speaker,Bluetooth Speaker,3,5172.8,0.05,14742.48,1621.27,10.997267759562842,14742.48,Credit Card
ORD11273,2024-10-27,2024,Oct,10,2024-10,CUST0196,Sneha Joshi,South,Chennai,Stationery,Desk Organizer,Desk Organizer,1,967.81,0.2,774.25,413.35,53.387148853729414,774.25,UPI
ORD11478,2024-11-12,2024,Nov,11,2024-11,CUST0087,Nikhil Reddy,South,Chennai,Electronics,Laptop Stand,Laptop Stand,1,4602.67,0.1,4142.4,177.24,4.278679026651218,4142.4,Debit Card
ORD10927,2024-11-10,2024,Nov,11,2024-11,CUST0085,Kavya Singh,West,Pune,Home & Kitchen,Water Bottle,Water Bottle,1,5018.72,0.0,5018.72,1499.64,29.880925813753308,5018.72,UPI
ORD10516,2024-09-04,2024,Sep,9,2024-09,CUST0125,Aarav Kapoor,North,Jaipur,Stationery,Sticky Notes,Sticky Notes,1,2834.66,0.15,2409.46,1094.89,45.44130220049306,2409.46,Credit Card
ORD11595,2024-06-28,2024,Jun,6,2024-06,CUST0377,Vihaan Verma,North,Chandigarh,Furniture,Study Table,Study Table,1,4991.64,0.05,4742.06,866.89,18.280873713112022,4742.06,Credit Card
ORD10224,2024-04-21,2024,Apr,4,2024-04,CUST0078,Aadhya Singh,West,Mumbai,Electronics,Laptop Stand,Laptop Stand,3,4602.67,0.15,11736.81,-158.67,-1.3519005590104978,11736.81,UPI
ORD11768,2024-07-23,2024,Jul,7,2024-07,CUST0422,Pooja Iyer,North,Chandigarh,Furniture,Study Table,Study Table,1,4991.64,0.0,4991.64,1116.47,22.36679728506062,4991.64,Cash on Delivery
ORD10614,2024-06-12,2024,Jun,6,2024-06,CUST0207,Arjun Nair,West,Pune,Stationery,Notebook Pack,Notebook Pack,2,4753.51,0.1,8556.32,3964.71,46.33662602614208,8556.32,UPI
ORD10844,2024-07-26,2024,Jul,7,2024-07,CUST0340,Rohan Singh,West,Mumbai,Clothing,Running Shoes,Running Shoes,1,910.04,0.0,910.04,346.79,38.107116170717774,910.04,UPI
ORD11246,2024-08-08,2024,Aug,8,2024-08,CUST0221,Kavya Sharma,East,Bhubaneswar,Furniture,Bookshelf,Bookshelf,1,4584.81,0.05,4355.57,1050.36,24.115328188962636,4355.57,Debit Card
ORD11626,2024-05-06,2024,May,5,2024-05,CUST0476,Karan Iyer,South,Chennai,Furniture,Bed Side Table,Bed Side Table,1,5828.58,0.0,5828.58,998.88,17.137621856438447,5828.58,Net Banking
ORD11824,2025-02-05,2025,Feb,2,2025-02,CUST0230,Arun Verma,North,Jaipur,Clothing,Running Shoes,Running Shoes,1,910.04,0.05,864.54,301.29,34.84974668609897,864.54,Net Banking
ORD11490,2024-05-08,2024,May,5,2024-05,CUST0163,Anika Mehta,East,Bhubaneswar,Home & Kitchen,Air Fryer,Air Fryer,2,1319.46,0.3,1847.24,522.92,28.308178688205103,1847.24,UPI
ORD10053,2024-05-04,2024,May,5,2024-05,CUST0034,Arjun Patel,South,Bengaluru,Home & Kitchen,Storage Containers Set,Storage Containers Set,2,4142.6,0.05,7870.94,3438.87,43.69071546727582,7870.94,Net Banking
ORD10530,2024-07-25,2024,Jul,7,2024-07,CUST0319,Ravi Patel,North,Chandigarh,Clothing,Winter Jacket,Winter Jacket,1,2896.9,0.0,2896.9,1311.23,45.263212399461494,2896.9,Debit Card
ORD10486,2024-03-07,2024,Mar,3,2024-03,CUST0207,Arjun Nair,West,Pune,Furniture,Bookshelf,Bookshelf,1,4584.81,0.15,3897.09,591.88,15.187742649002203,3897.09,Credit Card
ORD10819,2024-11-05,2024,Nov,11,2024-11,CUST0187,Ravi Rao,East,Kolkata,Electronics,Bluetooth Speaker,Bluetooth Speaker,1,5172.8,0.0,5172.8,799.06,15.447339931951745,5172.8,Net Banking
ORD11966,2024-03-02,2024,Mar,3,2024-03,CUST0220,Meera Chatterjee,West,Mumbai,Home & Kitchen,Storage Containers Set,Storage Containers Set,1,4142.6,0.05,3935.47,1719.44,43.690842516903956,3935.47,Cash on Delivery
ORD10156,2024-01-12,2024,Jan,1,2024-01,CUST0116,Anika Sharma,South,Chennai,Home & Kitchen,LED Table Lamp,LED Table Lamp,1,2416.75,0.05,2295.91,913.33,39.78074053425439,2295.91,Credit Card
ORD11367,2024-05-22,2024,May,5,2024-05,CUST0116,Anika Sharma,North,Delhi,Electronics,Wireless Mouse,Wireless Mouse,1,4677.64,0.0,4677.64,940.21,20.100093209396192,4677.64,UPI
ORD10601,2024-12-02,2024,Dec,12,2024-12,CUST0235,Pooja Chatterjee,West,Pune,Electronics,Bluetooth Speaker,Bluetooth Speaker,2,5172.8,0.0,10345.6,1598.12,15.447339931951745,10345.6,UPI
ORD11921,2024-02-13,2024,Feb,2,2024-02,CUST0261,Karan Bose,West,Mumbai,Electronics,Bluetooth Speaker,Bluetooth Speaker,1,5172.8,0.05,4914.16,540.42,10.99719992837026,4914.16,Debit Card
ORD10249,2024-03-03,2024,Mar,3,2024-03,CUST0202,Sai Chatterjee,South,Chennai,Home & Kitchen,Storage Containers Set,Storage Containers Set,1,4142.6,0.0,3935.47,1719.44,43.690842516903956,3935.47,Cash on Delivery
ORD10762,2024-05-22,2024,May,5,2024-05,CUST0172,Ravi Patel,West,Pune,Clothing,Men's T-Shirt,Men's T-Shirt,1,1052.59,0.0,1052.59,346.55,32.923550480243975,1052.59,Debit Card
ORD11466,2024-06-18,2024,Jun,6,2024-06,CUST0456,Myra Gupta,North,Delhi,Home & Kitchen,LED Table Lamp,LED Table Lamp,1,2416.75,0.05,2295.91,913.33,39.78074053425439,2295.91,UPI
ORD10589,2024-10-10,2024,Oct,10,2024-10,CUST0202,Sai Chatterjee,North,Jaipur,Clothing,Denim Jeans,Denim Jeans,3,2056.08,0.05,5859.83,2204.44,37.619521385432684,5859.83,Debit Card
ORD11131,2024-01-23,2024,Jan,1,2024-01,CUST0162,Vihaan Singh,North,Delhi,Electronics,Bluetooth Speaker,Bluetooth Speaker,1,5172.8,0.0,5172.8,799.06,15.447339931951745,5172.8,UPI
ORD10543,2025-03-16,2025,Mar,3,2025-03,CUST0279,Riya Verma,North,Jaipur,Home & Kitchen,Air Fryer,Air Fryer,1,1319.46,0.0,1319.46,657.3,49.81583375017052,1319.46,UPI
ORD10794,2025-01-23,2025,Jan,1,2025-01,CUST0367,Nikhil Iyer,South,Bengaluru,Electronics,Webcam HD,Webcam HD,1,2743.97,0.1,2469.57,381.68,15.455322181594367,2469.57,Credit Card
ORD11142,2024-02-27,2024,Feb,2,2024-02,CUST0124,Myra Reddy,West,Mumbai,Electronics,Laptop Stand,Laptop Stand,1,4602.67,0.0,4602.67,637.51,13.850873514720801,4602.67,Credit Card
ORD12021,2024-12-23,2024,Dec,12,2024-12,CUST0021,Sneha Mehta,West,Pune,Stationery,Notebook Pack,Notebook Pack,1,4753.51,0.0,4753.51,2457.71,51.70305731974898,4753.51,Credit Card
ORD10629,2025-02-06,2025,Feb,2,2025-02,CUST0295,Myra Singh,West,Mumbai,Home & Kitchen,Water Bottle,Water Bottle,1,5018.72,0.05,4767.78,1248.7,26.19038630138136,4767.78,Debit Card
ORD10151,2024-11-06,2024,Nov,11,2024-11,CUST0052,Neha Iyer,North,Jaipur,Electronics,Noise Cancelling Headphones,Noise Cancelling Headphones,3,899.46,0.0,2698.38,536.79,19.893046939274676,2698.38,Credit Card
ORD11969,2024-01-03,2024,Jan,1,2024-01,CUST0030,Divya Das,North,Delhi,Clothing,Denim Jeans,Denim Jeans,1,2056.08,0.1,1850.47,632.01,34.154025734002715,1850.47,Debit Card
ORD10292,2024-12-23,2024,Dec,12,2024-12,CUST0267,Reyansh Kapoor,North,Jaipur,Electronics,Wireless Mouse,Wireless Mouse,1,4677.64,0.05,4443.76,706.33,15.894872810412805,4443.76,UPI
ORD11564,2025-03-03,2025,Mar,3,2025-03,CUST0167,Myra Sharma,West,Pune,Electronics,Portable SSD 1TB,Portable SSD 1TB,1,3916.61,0.1,3524.95,124.95,3.544731130938028,3524.95,Net Banking
ORD10382,2024-07-22,2024,Jul,7,2024-07,CUST0289,Neha Rao,South,Bengaluru,Electronics,Laptop Stand,Laptop Stand,1,4602.67,0.0,4602.67,637.51,13.850873514720801,4602.67,UPI
ORD10687,2024-05-18,2024,May,5,2024-05,CUST0366,Sneha Kapoor,South,Chennai,Clothing,Winter Jacket,Winter Jacket,2,2896.9,0.05,5504.11,2332.77,42.38232884153842,5504.11,Debit Card
ORD11368,2025-02-05,2025,Feb,2,2025-02,CUST0372,Vihaan Kapoor,East,Kolkata,Clothing,Winter Jacket,Winter Jacket,1,2896.9,0.3,2027.83,442.16,21.80458914208785,2027.83,UPI
ORD11225,2024-03-21,2024,Mar,3,2024-03,CUST0350,Priya Kumar,West,Pune,Home & Kitchen,Water Bottle,Water Bottle,1,5018.72,0.15,4265.91,746.83,17.50693287012619,4265.91,Credit Card
ORD11621,2024-07-15,2024,Jul,7,2024-07,CUST0391,Aarav Sharma,South,Chennai,Home & Kitchen,Storage Containers Set,Storage Containers Set,1,4142.6,0.15,3521.21,1305.18,37.06623575418677,3521.21,UPI
ORD10898,2024-04-07,2024,Apr,4,2024-04,CUST0059,Priya Patel,North,Chandigarh,Furniture,Study Table,Study Table,1,4991.64,0.0,4991.64,1116.47,22.36679728506062,4991.64,Credit Card
ORD12176,2024-05-06,2024,May,5,2024-05,CUST0042,Unknown Customer,North,Chandigarh,Home & Kitchen,Non-Stick Pan,Non-Stick Pan,2,2707.34,0.0,5414.68,1580.17,29.183072683888984,5414.68,Cash on Delivery
ORD10855,2024-02-15,2024,Feb,2,2024-02,CUST0049,Aditya Verma,East,Bhubaneswar,Clothing,Denim Jeans,Denim Jeans,1,2056.08,0.0,2056.08,837.62,40.73868721061438,2056.08,Debit Card
ORD11072,2024-06-25,2024,Jun,6,2024-06,CUST0121,Pooja Bose,North,Chandigarh,Electronics,Laptop Stand,Laptop Stand,4,4602.67,0.1,16569.61,708.96,4.278676444406356,16569.61,UPI
ORD10555,2024-09-18,2024,Sep,9,2024-09,CUST0231,Aditya Chatterjee,South,Bengaluru,Clothing,Men's T-Shirt,Men's T-Shirt,1,1052.59,0.0,1052.59,346.55,32.923550480243975,1052.59,Credit Card
ORD11905,2024-11-29,2024,Nov,11,2024-11,CUST0345,Diya Kumar,West,Mumbai,Furniture,Study Table,Study Table,1,4991.64,0.0,4991.64,1116.47,22.36679728506062,4991.64,Debit Card
ORD11944,2024-04-15,2024,Apr,4,2024-04,CUST0389,Anika Sharma,North,Delhi,Clothing,Denim Jeans,Denim Jeans,1,2056.08,0.0,2056.08,837.62,40.73868721061438,2056.08,UPI
ORD12022,2024-12-24,2024,Dec,12,2024-12,CUST0401,Arun Rao,East,Patna,Clothing,Running Shoes,Running Shoes,1,910.04,0.15,773.53,210.28,27.184466019417474,773.53,Credit Card
ORD11530,2025-02-02,2025,Feb,2,2025-02,CUST0393,Isha Joshi,South,Bengaluru,Furniture,Office Chair,Office Chair,1,3394.32,0.1,3054.89,805.26,26.35970525943651,3054.89,UPI
ORD10892,2024-06-22,2024,Jun,6,2024-06,CUST0202,Sai Chatterjee,West,Mumbai,Clothing,Men's T-Shirt,Men's T-Shirt,1,1052.59,0.15,894.7,188.66,21.08639767519839,894.7,UPI
ORD12075,2025-01-30,2025,Jan,1,2025-01,CUST0377,Vihaan Verma,West,Ahmedabad,Clothing,Formal Shirt,Formal Shirt,1,1477.42,0.0,1477.42,491.31,33.25459246524346,1477.42,Credit Card
ORD10536,2024-03-11,2024,Mar,3,2024-03,CUST0329,Aadhya Verma,North,Delhi,Electronics,USB-C Charger,USB-C Charger,2,700.94,0.2,1121.5,-134.04,-11.951850200624163,1121.5,UPI
ORD11365,2025-01-31,2025,Jan,1,2025-01,CUST0033,Myra Singh,East,Kolkata,Furniture,Office Chair,Office Chair,1,3394.32,0.0,3394.32,1144.69,33.72369134318509,3394.32,Credit Card
ORD10616,2024-12-05,2024,Dec,12,2024-12,CUST0377,Vihaan Verma,East,Patna,Furniture,Sofa Cover,Sofa Cover,1,4703.54,0.0,4703.54,1463.14,31.107208613087167,4703.54,Debit Card
ORD10155,2024-08-07,2024,Aug,8,2024-08,CUST0277,Priya Verma,West,Pune,Clothing,Running Shoes,Running Shoes,2,910.04,0.1,1638.07,511.57,31.230045114067167,1638.07,UPI
ORD11194,2024-08-21,2024,Aug,8,2024-08,CUST0166,Unknown Customer,East,Kolkata,Furniture,Study Table,Study Table,1,4991.64,0.0,4742.06,866.89,18.280873713112022,4742.06,UPI
ORD11788,2024-05-21,2024,May,5,2024-05,CUST0302,Pooja Verma,West,Ahmedabad,Electronics,USB-C Charger,USB-C Charger,1,700.94,0.05,665.89,38.12,5.724669239664208,665.89,Net Banking
ORD12052,2024-11-18,2024,Nov,11,2024-11,CUST0467,Anika Kumar,South,Bengaluru,Home & Kitchen,Non-Stick Pan,Non-Stick Pan,2,2707.34,0.1,4873.21,1038.7,21.314492911243306,4873.21,Net Banking
ORD12086,2025-03-17,2025,Mar,3,2025-03,CUST0044,Ravi Kumar,North,Chandigarh,Stationery,Sticky Notes,Sticky Notes,1,2834.66,0.0,2834.66,1520.09,53.62512611741796,2834.66,Debit Card
ORD10323,2024-11-12,2024,Nov,11,2024-11,CUST0069,Karan Verma,South,Bengaluru,Stationery,Notebook Pack,Notebook Pack,1,4753.51,0.05,4515.83,2220.03,49.161062307482794,4515.83,Credit Card
ORD12137,2024-10-03,2024,Oct,10,2024-10,CUST0277,Priya Verma,West,Ahmedabad,Furniture,Sofa Cover,Sofa Cover,1,4703.54,0.0,4703.54,1463.14,31.107208613087167,4703.54,Debit Card
ORD11856,2024-08-28,2024,Aug,8,2024-08,CUST0350,Priya Kumar,North,Delhi,Clothing,Running Shoes,Running Shoes,1,910.04,0.1,819.04,255.79,31.230464934557535,819.04,Net Banking
ORD11283,2024-01-01,2024,Jan,1,2024-01,CUST0340,Rohan Singh,East,Bhubaneswar,Electronics,Bluetooth Speaker,Bluetooth Speaker,1,5172.8,0.05,4914.16,540.42,10.99719992837026,4914.16,UPI
ORD10083,2024-09-16,2024,Sep,9,2024-09,CUST0293,Vihaan Rao,North,Delhi,Clothing,Running Shoes,Running Shoes,1,910.04,0.0,910.04,346.79,38.107116170717774,910.04,Debit Card
ORD10513,2024-04-05,2024,Apr,4,2024-04,CUST0394,Aadhya Gupta,West,Pune,Furniture,Recliner Chair,Recliner Chair,1,2880.32,0.05,2736.3,838.86,30.656726236158317,2736.3,Cash on Delivery
ORD11489,2024-12-31,2024,Dec,12,2024-12,CUST0454,Aditya Nair,East,Kolkata,Electronics,Bluetooth Speaker,Bluetooth Speaker,1,5172.8,0.0,5172.8,799.06,15.447339931951745,5172.8,UPI
ORD11829,2024-02-28,2024,Feb,2,2024-02,CUST0020,Anika Kapoor,South,Hyderabad,Electronics,Laptop Stand,Laptop Stand,1,4602.67,0.1,4142.4,177.24,4.278679026651218,4142.4,Cash on Delivery
ORD11780,2024-09-25,2024,Sep,9,2024-09,CUST0336,Aditya Singh,South,Bengaluru,Electronics,Portable SSD 1TB,Portable SSD 1TB,1,3916.61,0.1,3524.95,124.95,3.544731130938028,3524.95,UPI
ORD11575,2024-03-13,2024,Mar,3,2024-03,CUST0084,Arjun Rao,West,Ahmedabad,Electronics,Bluetooth Speaker,Bluetooth Speaker,1,5172.8,0.05,4914.16,540.42,10.99719992837026,4914.16,Net Banking
ORD10930,2024-01-31,2024,Jan,1,2024-01,CUST0077,Arjun Kumar,West,Mumbai,Stationery,Gel Pen Set,Gel Pen Set,1,4275.22,0.0,4275.22,2111.34,49.385528697938355,4275.22,Credit Card
ORD11960,2024-11-26,2024,Nov,11,2024-11,CUST0162,Vihaan Singh,East,Patna,Furniture,Office Chair,Office Chair,1,3394.32,0.0,3394.32,1144.69,33.72369134318509,3394.32,Debit Card
ORD11358,2024-09-26,2024,Sep,9,2024-09,CUST0109,Nikhil Reddy,South,Chennai,Furniture,Bookshelf,Bookshelf,1,4584.81,0.05,4355.57,1050.36,24.115328188962636,4355.57,Credit Card
ORD10011,2024-07-29,2024,Jul,7,2024-07,CUST0372,Vihaan Kapoor,West,Ahmedabad,Furniture,Sofa Cover,Sofa Cover,1,4703.54,0.1,4233.19,992.79,23.4525263453802,4233.19,Net Banking
ORD11495,2024-02-17,2024,Feb,2,2024-02,CUST0302,Pooja Verma,West,Pune,Home & Kitchen,Mixer Grinder,Mixer Grinder,1,4246.55,0.1,3821.9,1367.0,35.76755017138073,3821.9,Debit Card
ORD10832,2024-05-18,2024,May,5,2024-05,CUST0166,Nikhil Bose,East,Patna,Clothing,Denim Jeans,Denim Jeans,2,2056.08,0.1,3700.94,1264.01,34.15375553237826,3700.94,Cash on Delivery
ORD10033,2025-03-23,2025,Mar,3,2025-03,CUST0057,Aarav Kapoor,West,Mumbai,Electronics,Portable SSD 1TB,Portable SSD 1TB,1,3916.61,0.15,3329.12,-70.88,-2.129091171240448,3329.12,Credit Card
ORD11923,2024-09-17,2024,Sep,9,2024-09,CUST0115,Sai Gupta,South,Hyderabad,Furniture,Office Chair,Office Chair,2,3394.32,0.05,6449.21,1949.95,30.235486206837734,6449.21,Credit Card
ORD10414,2024-10-25,2024,Oct,10,2024-10,CUST0462,Aadhya Reddy,East,Kolkata,Home & Kitchen,Mixer Grinder,Mixer Grinder,1,4246.55,0.1,3821.9,1367.0,35.76755017138073,3821.9,UPI
ORD10581,2024-01-13,2024,Jan,1,2024-01,CUST0020,Anika Kapoor,West,Pune,Clothing,Women's Kurti,Women's Kurti,2,4506.86,0.0,9013.72,2326.64,25.812206281091495,9013.72,UPI
ORD11407,2024-08-24,2024,Aug,8,2024-08,CUST0305,Myra Mehta,South,Hyderabad,Furniture,Bookshelf,Bookshelf,3,4584.81,0.05,13066.71,3151.07,24.115251658604198,13066.71,UPI
ORD12167,2024-07-13,2024,Jul,7,2024-07,CUST0281,Neha Gupta,South,Hyderabad,Clothing,Men's T-Shirt,Men's T-Shirt,1,1052.59,0.1,947.33,241.29,25.470532971614958,947.33,Credit Card
ORD11786,2024-04-29,2024,Apr,4,2024-04,CUST0177,Aadhya Singh,South,Chennai,Home & Kitchen,Air Fryer,Air Fryer,1,1319.46,0.15,1121.54,459.38,40.95975176988783,1121.54,Net Banking
ORD10108,2024-06-02,2024,Jun,6,2024-06,CUST0380,Kavya Mehta,South,Chennai,Clothing,Women's Kurti,Women's Kurti,1,4506.86,0.05,4281.52,937.98,21.907640277284703,4281.52,Debit Card
ORD10615,2025-03-13,2025,Mar,3,2025-03,CUST0226,Nikhil Patel,North,Chandigarh,Stationery,Notebook Pack,Notebook Pack,2,4753.51,0.05,9031.67,4440.06,49.16100787561991,9031.67,Credit Card
ORD11046,2025-01-20,2025,Jan,1,2025-01,CUST0298,Divya Kapoor,North,Chandigarh,Electronics,USB-C Charger,USB-C Charger,1,700.94,0.0,700.94,73.17,10.438839272976288,700.94,Debit Card
ORD11403,2024-07-28,2024,Jul,7,2024-07,CUST0433,Riya Mehta,West,Mumbai,Furniture,Bookshelf,Bookshelf,2,4584.81,0.15,7794.18,1183.75,15.187614348141818,7794.18,Net Banking
ORD11015,2025-01-29,2025,Jan,1,2025-01,CUST0328,Pooja Kumar,South,Bengaluru,Clothing,Winter Jacket,Winter Jacket,1,2896.9,0.0,2607.21,1021.54,39.18134711051277,2607.21,Net Banking
ORD10090,2024-09-22,2024,Sep,9,2024-09,CUST0409,Arjun Gupta,East,Kolkata,Clothing,Women's Kurti,Women's Kurti,2,4506.86,0.0,9013.72,2326.64,25.812206281091495,9013.72,Debit Card
ORD12040,2024-03-29,2024,Mar,3,2024-03,CUST0226,Nikhil Patel,West,Pune,Electronics,Portable SSD 1TB,Portable SSD 1TB,2,3916.61,0.1,7049.9,249.9,3.544731130938028,7049.9,UPI
ORD11822,2024-03-03,2024,Mar,3,2024-03,CUST0172,Ravi Patel,North,Jaipur,Furniture,Bookshelf,Bookshelf,1,4584.81,0.0,4584.81,1279.6,27.909553503852933,4584.81,Net Banking
ORD10602,2024-06-12,2024,Jun,6,2024-06,CUST0456,Myra Gupta,East,Kolkata,Furniture,Office Chair,Office Chair,4,3394.32,0.05,12898.42,3899.9,30.235486206837734,12898.42,Credit Card
ORD11238,2024-08-21,2024,Aug,8,2024-08,CUST0324,Saanvi Singh,South,Chennai,Electronics,Laptop Stand,Laptop Stand,1,4602.67,0.1,4142.4,177.24,4.278679026651218,4142.4,Credit Card
ORD12124,2024-11-12,2024,Nov,11,2024-11,CUST0298,Divya Kapoor,South,Hyderabad,Home & Kitchen,Storage Containers Set,Storage Containers Set,2,4142.6,0.05,7870.94,3438.87,43.69071546727582,7870.94,Net Banking
ORD10134,2024-08-26,2024,Aug,8,2024-08,CUST0324,Saanvi Singh,East,Patna,Electronics,Laptop Stand,Laptop Stand,1,4602.67,0.0,4602.67,637.51,13.850873514720801,4602.67,UPI
ORD11371,2025-03-08,2025,Mar,3,2025-03,CUST0298,Divya Kapoor,South,Bengaluru,Electronics,Noise Cancelling Headphones,Noise Cancelling Headphones,1,899.46,0.0,899.46,178.93,19.893046939274676,899.46,Net Banking
ORD10556,2025-01-22,2025,Jan,1,2025-01,CUST0267,Reyansh Kapoor,West,Mumbai,Clothing,Formal Shirt,Formal Shirt,1,1477.42,0.0,1477.42,491.31,33.25459246524346,1477.42,Debit Card
ORD11032,2024-11-19,2024,Nov,11,2024-11,CUST0036,Karan Mehta,North,Jaipur,Furniture,Sofa Cover,Sofa Cover,1,4703.54,0.3,3292.48,52.08,1.581786373797259,3292.48,Credit Card
ORD11878,2025-01-09,2025,Jan,1,2025-01,CUST0412,Divya Singh,South,Bengaluru,Home & Kitchen,Storage Containers Set,Storage Containers Set,1,4142.6,0.05,3935.47,1719.44,43.690842516903956,3935.47,Cash on Delivery
ORD10321,2024-02-11,2024,Feb,2,2024-02,CUST0198,Nikhil Verma,East,Bhubaneswar,Home & Kitchen,Air Fryer,Air Fryer,1,1319.46,0.05,1253.49,591.33,47.174688270349186,1253.49,Cash on Delivery
ORD10256,2024-08-27,2024,Aug,8,2024-08,CUST0146,Sai Iyer,South,Bengaluru,Furniture,Bed Side Table,Bed Side Table,1,5828.58,0.1,5245.72,416.02,7.930655848958769,5245.72,UPI
ORD11212,2024-01-25,2024,Jan,1,2024-01,CUST0117,Ishaan Patel,South,Chennai,Electronics,USB-C Charger,USB-C Charger,1,700.94,0.1,630.85,3.08,0.4882301656495205,630.85,Cash on Delivery
ORD12069,2024-06-29,2024,Jun,6,2024-06,CUST0127,Aadhya Reddy,North,Jaipur,Electronics,Noise Cancelling Headphones,Noise Cancelling Headphones,1,899.46,0.2,719.57,-0.96,-0.13341301054796612,719.57,UPI
ORD10635,2024-01-11,2024,Jan,1,2024-01,CUST0388,Ravi Rao,South,Hyderabad,Furniture,Office Chair,Office Chair,1,3394.32,0.3,2376.02,126.39,5.31939966835296,2376.02,UPI
ORD10553,2024-07-11,2024,Jul,7,2024-07,CUST0059,Priya Patel,North,Chandigarh,Stationery,Gel Pen Set,Gel Pen Set,2,4275.22,0.0,8550.44,4222.67,49.38541174489266,8550.44,Credit Card
ORD11329,2024-12-03,2024,Dec,12,2024-12,CUST0295,Myra Singh,West,Ahmedabad,Electronics,Smart Watch,Smart Watch,1,2319.17,0.0,2319.17,262.49,11.318273347792529,2319.17,Net Banking
ORD11056,2024-11-04,2024,Nov,11,2024-11,CUST0364,Arjun Sharma,South,Chennai,Clothing,Winter Jacket,Winter Jacket,1,2896.9,0.1,2607.21,1021.54,39.18134711051277,2607.21,UPI
ORD11869,2024-10-13,2024,Oct,10,2024-10,CUST0467,Anika Kumar,East,Patna,Electronics,Smart Watch,Smart Watch,1,2319.17,0.2,1855.34,-201.34,-10.851919324759884,1855.34,UPI
ORD11709,2024-04-17,2024,Apr,4,2024-04,CUST0226,Nikhil Patel,South,Hyderabad,Electronics,Portable SSD 1TB,Portable SSD 1TB,1,3916.61,0.0,3916.61,516.61,13.190233390610759,3916.61,UPI
ORD10797,2024-06-15,2024,Jun,6,2024-06,CUST0172,Ravi Patel,North,Chandigarh,Electronics,Laptop Stand,Laptop Stand,2,4602.67,0.15,7824.54,-105.78,-1.3519005590104978,7824.54,UPI
ORD11991,2024-06-19,2024,Jun,6,2024-06,CUST0396,Meera Gupta,South,Chennai,Clothing,Winter Jacket,Winter Jacket,1,2896.9,0.05,2752.06,1166.39,42.38243352252495,2752.06,Net Banking
ORD11752,2024-01-26,2024,Jan,1,2024-01,CUST0002,Priya Singh,North,Delhi,Electronics,Noise Cancelling Headphones,Noise Cancelling Headphones,2,899.46,0.0,1619.03,177.97,10.992384328888285,1619.03,UPI
ORD11265,2025-02-05,2025,Feb,2,2025-02,CUST0389,Anika Sharma,West,Mumbai,Clothing,Formal Shirt,Formal Shirt,1,1477.42,0.0,1477.42,491.31,33.25459246524346,1477.42,Credit Card
ORD12051,2024-10-30,2024,Oct,10,2024-10,CUST0047,Meera Singh,North,Jaipur,Electronics,Wireless Mouse,Wireless Mouse,3,4677.64,0.0,14032.92,2820.64,20.100164470402454,14032.92,Net Banking
ORD10175,2024-04-14,2024,Apr,4,2024-04,CUST0196,Sneha Joshi,South,Chennai,Electronics,USB-C Charger,USB-C Charger,1,700.94,0.0,700.94,73.17,10.438839272976288,700.94,UPI
ORD10767,2024-11-04,2024,Nov,11,2024-11,CUST0040,Ananya Kumar,North,Chandigarh,Clothing,Women's Kurti,Women's Kurti,1,4506.86,0.0,4506.86,1163.32,25.812206281091495,4506.86,UPI
ORD10246,2024-02-06,2024,Feb,2,2024-02,CUST0226,Nikhil Patel,South,Bengaluru,Electronics,Bluetooth Speaker,Bluetooth Speaker,2,5172.8,0.2,8276.48,-471.0,-5.6908250850603155,8276.48,Credit Card
ORD11081,2024-05-13,2024,May,5,2024-05,CUST0135,Unknown Customer,West,Pune,Electronics,Wireless Mouse,Wireless Mouse,2,4677.64,0.1,8419.75,944.9,11.222423468630303,8419.75,Credit Card
ORD11655,2024-11-11,2024,Nov,11,2024-11,CUST0238,Rohan Kapoor,North,Delhi,Stationery,Sticky Notes,Sticky Notes,1,2834.66,0.0,2834.66,1520.09,53.62512611741796,2834.66,Net Banking
ORD10145,2025-02-09,2025,Feb,2,2025-02,CUST0393,Isha Joshi,North,Jaipur,Clothing,Men's T-Shirt,Men's T-Shirt,1,1052.59,0.1,947.33,241.29,25.470532971614958,947.33,Credit Card
ORD10146,2025-02-08,2025,Feb,2,2025-02,CUST0165,Anika Nair,South,Bengaluru,Furniture,Bookshelf,Bookshelf,1,4584.81,0.0,4584.81,1279.6,27.909553503852933,4584.81,Debit Card
ORD10091,2024-09-22,2024,Sep,9,2024-09,CUST0144,Isha Gupta,South,Hyderabad,Clothing,Women's Kurti,Women's Kurti,1,4506.86,0.05,4281.52,937.98,21.907640277284703,4281.52,UPI
ORD11703,2024-11-12,2024,Nov,11,2024-11,CUST0366,Sneha Kapoor,North,Delhi,Clothing,Formal Shirt,Formal Shirt,2,1477.42,0.15,2511.61,539.39,21.47586607793407,2511.61,Debit Card
ORD11417,2025-03-13,2025,Mar,3,2025-03,CUST0412,Divya Singh,South,Bengaluru,Home & Kitchen,Non-Stick Pan,Non-Stick Pan,1,2707.34,0.0,2707.34,790.08,29.18288800076828,2707.34,Credit Card
ORD10683,2024-02-29,2024,Feb,2,2024-02,CUST0160,Aditya Patel,North,Chandigarh,Clothing,Formal Shirt,Formal Shirt,1,1477.42,0.05,1403.55,417.44,29.741726336788858,1403.55,Credit Card
ORD10311,2024-06-27,2024,Jun,6,2024-06,CUST0377,Vihaan Verma,South,Hyderabad,Electronics,Smart Watch,Smart Watch,1,2319.17,0.0,2319.17,262.49,11.318273347792529,2319.17,UPI
ORD11384,2024-02-18,2024,Feb,2,2024-02,CUST0373,Pooja Joshi,South,Bengaluru,Clothing,Formal Shirt,Formal Shirt,1,1477.42,0.0,1477.42,491.31,33.25459246524346,1477.42,Debit Card
ORD10094,2024-05-05,2024,May,5,2024-05,CUST0401,Arun Rao,North,Chandigarh,Furniture,Bed Side Table,Bed Side Table,1,5828.58,0.0,5828.58,998.88,17.137621856438447,5828.58,Net Banking
ORD11881,2024-12-21,2024,Dec,12,2024-12,CUST0298,Divya Kapoor,South,Chennai,Furniture,Office Chair,Office Chair,1,3394.32,0.0,3394.32,1144.69,33.72369134318509,3394.32,UPI
ORD10925,2024-06-25,2024,Jun,6,2024-06,CUST0158,Isha Verma,South,Hyderabad,Electronics,Noise Cancelling Headphones,Noise Cancelling Headphones,2,899.46,0.05,1708.97,267.91,15.676694149107359,1708.97,Debit Card
ORD12020,2024-04-27,2024,Apr,4,2024-04,CUST0412,Divya Singh,West,Pune,Furniture,Bookshelf,Bookshelf,1,4584.81,0.15,3897.09,591.88,15.187742649002203,3897.09,Net Banking
ORD11036,2024-09-15,2024,Sep,9,2024-09,CUST0431,Riya Joshi,West,Pune,Electronics,Webcam HD,Webcam HD,1,2743.97,0.05,2606.77,518.88,19.905093276353494,2606.77,Credit Card
ORD11401,2024-09-02,2024,Sep,9,2024-09,CUST0282,Nikhil Kumar,East,Kolkata,Furniture,Study Table,Study Table,1,4991.64,0.1,4492.48,617.31,13.74096267540423,4492.48,Credit Card
ORD10244,2024-12-24,2024,Dec,12,2024-12,CUST0259,Krishna Nair,South,Bengaluru,Home & Kitchen,LED Table Lamp,LED Table Lamp,1,2416.75,0.3,1691.72,309.14,18.27370959733289,1691.72,UPI
ORD11501,2024-09-28,2024,Sep,9,2024-09,CUST0422,Pooja Iyer,West,Pune,Home & Kitchen,Water Bottle,Water Bottle,2,5018.72,0.0,10037.44,2999.28,29.880925813753308,10037.44,Cash on Delivery
ORD11112,2024-08-28,2024,Aug,8,2024-08,CUST0407,Krishna Mehta,North,Delhi,Clothing,Formal Shirt,Formal Shirt,2,1477.42,0.0,2954.84,982.62,33.25459246524346,2954.84,Net Banking
ORD10215,2024-08-14,2024,Aug,8,2024-08,CUST0069,Karan Verma,West,Mumbai,Home & Kitchen,Air Fryer,Air Fryer,1,1319.46,0.05,1253.49,591.33,47.174688270349186,1253.49,UPI
ORD11469,2024-07-14,2024,Jul,7,2024-07,CUST0135,Arun Gupta,South,Bengaluru,Furniture,Bookshelf,Bookshelf,1,4584.81,0.0,4584.81,1279.6,27.909553503852933,4584.81,Net Banking
ORD11198,2024-09-30,2024,Sep,9,2024-09,CUST0071,Meera Gupta,South,Hyderabad,Furniture,Study Table,Study Table,3,4991.64,0.0,14974.92,3349.4,22.366730506740602,14974.92,Debit Card
ORD10999,2024-04-10,2024,Apr,4,2024-04,CUST0376,Isha Iyer,North,Jaipur,Clothing,Running Shoes,Running Shoes,1,910.04,0.1,819.04,255.79,31.230464934557535,819.04,UPI
ORD10854,2024-03-13,2024,Mar,3,2024-03,CUST0280,Anika Bose,North,Chandigarh,Electronics,Bluetooth Speaker,Bluetooth Speaker,1,5172.8,0.05,4914.16,540.42,10.99719992837026,4914.16,Net Banking
ORD10426,2024-02-19,2024,Feb,2,2024-02,CUST0480,Aadhya Chatterjee,North,Jaipur,Furniture,Study Table,Study Table,1,4991.64,0.1,4492.48,617.31,13.74096267540423,4492.48,UPI
ORD12077,2024-02-08,2024,Feb,2,2024-02,CUST0401,Arun Rao,North,Jaipur,Electronics,Noise Cancelling Headphones,Noise Cancelling Headphones,2,899.46,0.0,1439.14,-1.92,-0.13341301054796612,1439.14,Credit Card
ORD11143,2024-07-28,2024,Jul,7,2024-07,CUST0328,Pooja Kumar,North,Chandigarh,Furniture,Study Table,Study Table,1,4991.64,0.1,4492.48,617.31,13.74096267540423,4492.48,Debit Card
ORD11144,2024-05-06,2024,May,5,2024-05,CUST0467,Anika Kumar,West,Ahmedabad,Clothing,Running Shoes,Running Shoes,1,910.04,0.1,819.04,255.79,31.230464934557535,819.04,Debit Card
ORD11700,2024-10-19,2024,Oct,10,2024-10,CUST0212,Sai Gupta,North,Delhi,Electronics,Laptop Stand,Laptop Stand,2,4602.67,0.1,8284.81,354.49,4.278794564993041,8284.81,Credit Card
ORD10227,2024-02-28,2024,Feb,2,2024-02,CUST0040,Ananya Kumar,South,Chennai,Electronics,Bluetooth Speaker,Bluetooth Speaker,3,5172.8,0.0,15518.4,2397.19,15.4474043715847,15518.4,Cash on Delivery
ORD10001,2024-12-20,2024,Dec,12,2024-12,CUST0307,Divya Kapoor,North,Jaipur,Electronics,USB-C Charger,USB-C Charger,1,700.94,0.1,630.85,3.08,0.4882301656495205,630.85,Cash on Delivery
ORD11419,2024-06-08,2024,Jun,6,2024-06,CUST0076,Ishaan Sharma,North,Chandigarh,Home & Kitchen,Non-Stick Pan,Non-Stick Pan,1,2707.34,0.0,2707.34,790.08,29.18288800076828,2707.34,Debit Card
ORD10402,2025-02-02,2025,Feb,2,2025-02,CUST0352,Arjun Mehta,West,Ahmedabad,Furniture,Recliner Chair,Recliner Chair,1,2880.32,0.05,2736.3,838.86,30.656726236158317,2736.3,Net Banking
ORD11429,2024-02-18,2024,Feb,2,2024-02,CUST0201,Ananya Gupta,North,Delhi,Home & Kitchen,Non-Stick Pan,Non-Stick Pan,3,2707.34,0.3,5685.41,-66.36,-1.1671981440212755,5685.41,Cash on Delivery
ORD11104,2025-03-13,2025,Mar,3,2025-03,CUST0448,Anika Chatterjee,South,Hyderabad,Electronics,Smart Watch,Smart Watch,1,2319.17,0.15,1971.29,-85.39,-4.331681284843935,1971.29,Cash on Delivery
ORD10085,2024-04-18,2024,Apr,4,2024-04,CUST0230,Arun Verma,West,Ahmedabad,Clothing,Formal Shirt,Formal Shirt,1,1477.42,0.1,1329.68,343.57,25.838547620480114,1329.68,UPI
ORD10163,2024-02-24,2024,Feb,2,2024-02,CUST0094,Rohan Das,South,Hyderabad,Electronics,Bluetooth Speaker,Bluetooth Speaker,1,5172.8,0.05,4914.16,540.42,10.99719992837026,4914.16,UPI
ORD10115,2024-05-18,2024,May,5,2024-05,CUST0163,Anika Mehta,East,Patna,Clothing,Women's Kurti,Women's Kurti,2,4506.86,0.0,9013.72,2326.64,25.812206281091495,9013.72,Credit Card
ORD10671,2024-09-18,2024,Sep,9,2024-09,CUST0226,Nikhil Patel,South,Bengaluru,Electronics,Bluetooth Speaker,Bluetooth Speaker,1,5172.8,0.0,5172.8,799.06,15.447339931951745,5172.8,UPI
ORD11175,2024-11-01,2024,Nov,11,2024-11,CUST0006,Kavya Das,North,Chandigarh,Stationery,Gel Pen Set,Gel Pen Set,1,4275.22,0.05,4061.46,1897.58,46.72162227376362,4061.46,Debit Card
ORD11831,2024-02-07,2024,Feb,2,2024-02,CUST0428,Arjun Iyer,East,Patna,Home & Kitchen,Storage Containers Set,Storage Containers Set,2,4142.6,0.0,8285.2,3853.13,46.50617969391203,8285.2,Cash on Delivery
ORD11815,2025-02-26,2025,Feb,2,2025-02,CUST0350,Priya Kumar,West,Ahmedabad,Home & Kitchen,Storage Containers Set,Storage Containers Set,1,4142.6,0.05,3935.47,1719.44,43.690842516903956,3935.47,Credit Card
ORD11586,2024-04-30,2024,Apr,4,2024-04,CUST0125,Aarav Kapoor,South,Bengaluru,Clothing,Men's T-Shirt,Men's T-Shirt,1,1052.59,0.15,894.7,188.66,21.08639767519839,894.7,Credit Card
ORD11393,2024-05-17,2024,May,5,2024-05,CUST0060,Rohan Mehta,West,Ahmedabad,Furniture,Bookshelf,Bookshelf,1,4584.81,0.15,3897.09,591.88,15.187742649002203,3897.09,UPI
ORD11568,2024-06-17,2024,Jun,6,2024-06,CUST0284,Aadhya Rao,West,Ahmedabad,Electronics,USB-C Charger,USB-C Charger,2,700.94,0.2,1121.5,-134.04,-11.951850200624163,1121.5,Net Banking
ORD10890,2024-02-29,2024,Feb,2,2024-02,CUST0172,Ravi Patel,South,Bengaluru,Furniture,Recliner Chair,Recliner Chair,1,2880.32,0.05,2736.3,838.86,30.656726236158317,2736.3,UPI
ORD11502,2024-10-24,2024,Oct,10,2024-10,CUST0396,Meera Gupta,East,Patna,Clothing,Winter Jacket,Winter Jacket,1,2896.9,0.05,2752.06,1166.39,42.38243352252495,2752.06,UPI
ORD11661,2024-11-08,2024,Nov,11,2024-11,CUST0125,Aarav Kapoor,North,Delhi,Stationery,Notebook Pack,Notebook Pack,1,4753.51,0.2,3802.81,1507.01,39.62885340051173,3802.81,Debit Card
ORD11557,2024-09-14,2024,Sep,9,2024-09,CUST0261,Karan Bose,East,Bhubaneswar,Furniture,Office Chair,Office Chair,1,3394.32,0.0,3394.32,1144.69,33.72369134318509,3394.32,Cash on Delivery
ORD10626,2024-09-27,2024,Sep,9,2024-09,CUST0162,Vihaan Singh,East,Patna,Clothing,Formal Shirt,Formal Shirt,1,1477.42,0.05,1403.55,417.44,29.741726336788858,1403.55,Credit Card
ORD12024,2024-10-07,2024,Oct,10,2024-10,CUST0021,Sneha Mehta,East,Bhubaneswar,Furniture,Sofa Cover,Sofa Cover,1,4703.54,0.15,3998.01,757.61,18.94967746453861,3998.01,UPI
ORD11537,2024-03-18,2024,Mar,3,2024-03,CUST0060,Rohan Mehta,North,Chandigarh,Clothing,Formal Shirt,Formal Shirt,2,1477.42,0.1,2659.36,687.14,25.838547620480114,2659.36,Debit Card
ORD11840,2024-11-24,2024,Nov,11,2024-11,CUST0467,Anika Kumar,South,Bengaluru,Clothing,Winter Jacket,Winter Jacket,1,2896.9,0.05,2752.06,1166.39,42.38243352252495,2752.06,Credit Card
ORD11097,2024-03-26,2024,Mar,3,2024-03,CUST0235,Pooja Chatterjee,East,Patna,Furniture,Bed Side Table,Bed Side Table,1,5828.58,0.0,4954.29,124.59,2.514790212119194,4954.29,Cash on Delivery
ORD10953,2024-07-18,2024,Jul,7,2024-07,CUST0027,Meera Joshi,East,Patna,Furniture,Bed Side Table,Bed Side Table,2,5828.58,0.0,11657.16,1997.75,17.137536072250874,11657.16,Net Banking
ORD10808,2024-07-01,2024,Jul,7,2024-07,CUST0162,Vihaan Singh,West,Mumbai,Clothing,Winter Jacket,Winter Jacket,1,2896.9,0.0,2896.9,1311.23,45.263212399461494,2896.9,Credit Card
ORD10259,2024-07-26,2024,Jul,7,2024-07,CUST0412,Divya Singh,East,Bhubaneswar,Electronics,Noise Cancelling Headphones,Noise Cancelling Headphones,1,899.46,0.05,854.49,133.96,15.677187562171587,854.49,Cash on Delivery
ORD10625,2024-10-18,2024,Oct,10,2024-10,CUST0318,Kavya Singh,North,Chandigarh,Furniture,Recliner Chair,Recliner Chair,1,2880.32,0.05,2736.3,838.86,30.656726236158317,2736.3,UPI
ORD10827,2024-09-13,2024,Sep,9,2024-09,CUST0256,Ravi Reddy,North,Chandigarh,Furniture,Bed Side Table,Bed Side Table,3,5828.58,0.05,16611.45,2122.34,12.776368107540282,16611.45,Credit Card
ORD10235,2024-01-30,2024,Jan,1,2024-01,CUST0079,Myra Kapoor,North,Jaipur,Clothing,Women's Kurti,Women's Kurti,1,4506.86,0.1,4056.17,712.63,17.569036800725808,4056.17,Cash on Delivery
ORD10136,2024-08-10,2024,Aug,8,2024-08,CUST0153,Aadhya Iyer,West,Pune,Electronics,Smart Watch,Smart Watch,2,2319.17,0.1,4174.51,61.15,1.4648425803267928,4174.51,Credit Card
ORD10617,2024-04-21,2024,Apr,4,2024-04,CUST0055,Kavya Gupta,North,Chandigarh,Home & Kitchen,Non-Stick Pan,Non-Stick Pan,1,2707.34,0.15,2301.24,383.98,16.685786793207143,2301.24,Credit Card
ORD11541,2024-01-18,2024,Jan,1,2024-01,CUST0054,Sanjay Rao,South,Hyderabad,Home & Kitchen,Mixer Grinder,Mixer Grinder,1,4246.55,0.0,4246.55,1791.65,42.190719525261684,4246.55,Net Banking
ORD11767,2024-10-11,2024,Oct,10,2024-10,CUST0392,Reyansh Bose,East,Bhubaneswar,Furniture,Sofa Cover,Sofa Cover,4,4703.54,0.0,18814.16,5852.56,31.107208613087167,18814.16,Net Banking
ORD10837,2024-04-11,2024,Apr,4,2024-04,CUST0071,Meera Gupta,North,Delhi,Clothing,Running Shoes,Running Shoes,1,910.04,0.0,910.04,346.79,38.107116170717774,910.04,UPI
ORD10843,2024-06-05,2024,Jun,6,2024-06,CUST0302,Pooja Verma,South,Hyderabad,Clothing,Women's Kurti,Women's Kurti,2,4506.86,0.0,9013.72,2326.64,25.812206281091495,9013.72,Debit Card
ORD10960,2024-04-19,2024,Apr,4,2024-04,CUST0398,Riya Singh,North,Delhi,Home & Kitchen,Air Fryer,Air Fryer,1,1319.46,0.05,1253.49,591.33,47.174688270349186,1253.49,UPI
ORD11827,2024-04-05,2024,Apr,4,2024-04,CUST0259,Krishna Nair,East,Bhubaneswar,Furniture,Recliner Chair,Recliner Chair,3,2880.32,0.0,8640.96,2948.63,34.12387049587083,8640.96,Debit Card
ORD12106,2024-05-22,2024,May,5,2024-05,CUST0168,Riya Das,North,Jaipur,Furniture,Bookshelf,Bookshelf,2,4584.81,0.0,9169.62,2559.19,27.909444448079633,9169.62,Cash on Delivery
ORD10593,2024-03-26,2024,Mar,3,2024-03,CUST0060,Rohan Mehta,East,Patna,Electronics,Laptop Stand,Laptop Stand,1,4602.67,0.0,4602.67,637.51,13.850873514720801,4602.67,Credit Card
ORD11315,2024-11-04,2024,Nov,11,2024-11,CUST0223,Arun Iyer,North,Jaipur,Electronics,Noise Cancelling Headphones,Noise Cancelling Headphones,2,899.46,0.05,1708.97,267.91,15.676694149107359,1708.97,Credit Card
ORD11526,2025-03-31,2025,Mar,3,2025-03,CUST0060,Rohan Mehta,South,Bengaluru,Electronics,Noise Cancelling Headphones,Noise Cancelling Headphones,1,899.46,0.05,854.49,133.96,15.677187562171587,854.49,Cash on Delivery
ORD11563,2024-05-11,2024,May,5,2024-05,CUST0135,Arun Gupta,West,Mumbai,Home & Kitchen,Air Fryer,Air Fryer,1,1319.46,0.0,1319.46,657.3,49.81583375017052,1319.46,UPI
ORD11292,2024-05-23,2024,May,5,2024-05,CUST0332,Vihaan Verma,East,Patna,Electronics,Bluetooth Speaker,Bluetooth Speaker,1,5172.8,0.15,4396.88,23.14,0.526282272884409,4396.88,Credit Card
ORD11753,2024-11-10,2024,Nov,11,2024-11,CUST0460,Isha Chatterjee,North,Jaipur,Electronics,Bluetooth Speaker,Bluetooth Speaker,2,5172.8,0.0,10345.6,1598.12,15.447339931951745,10345.6,Debit Card
ORD11606,2024-07-27,2024,Jul,7,2024-07,CUST0377,Vihaan Verma,West,Ahmedabad,Electronics,Noise Cancelling Headphones,Noise Cancelling Headphones,1,899.46,0.15,764.54,44.01,5.756402542705417,764.54,UPI
ORD11978,2024-11-04,2024,Nov,11,2024-11,CUST0008,Meera Nair,West,Pune,Electronics,USB-C Charger,USB-C Charger,1,700.94,0.1,630.85,3.08,0.4882301656495205,630.85,Credit Card
ORD11889,2024-10-14,2024,Oct,10,2024-10,CUST0011,Sneha Iyer,East,Patna,Home & Kitchen,Water Bottle,Water Bottle,2,5018.72,0.1,9033.7,1995.54,22.089952068366227,9033.7,UPI
ORD10294,2024-10-11,2024,Oct,10,2024-10,CUST0350,Priya Kumar,South,Bengaluru,Electronics,Noise Cancelling Headphones,Noise Cancelling Headphones,1,899.46,0.05,854.49,133.96,15.677187562171587,854.49,Net Banking
ORD10365,2024-11-27,2024,Nov,11,2024-11,CUST0078,Aadhya Singh,North,Chandigarh,Clothing,Winter Jacket,Winter Jacket,2,2896.9,0.1,5214.42,2043.08,39.18134711051277,5214.42,Cash on Delivery
ORD10179,2025-02-20,2025,Feb,2,2025-02,CUST0227,Ishaan Sharma,West,Pune,Home & Kitchen,LED Table Lamp,LED Table Lamp,1,2416.75,0.05,2295.91,913.33,39.78074053425439,2295.91,UPI
ORD10660,2024-09-17,2024,Sep,9,2024-09,CUST0108,Isha Kapoor,East,Kolkata,Clothing,Running Shoes,Running Shoes,2,910.04,0.1,1638.07,511.57,31.230045114067167,1638.07,Debit Card
ORD10997,2024-07-07,2024,Jul,7,2024-07,CUST0010,Ananya Patel,South,Hyderabad,Stationery,Sticky Notes,Sticky Notes,2,2834.66,0.05,5385.85,2756.71,51.18430702674601,5385.85,Net Banking
ORD10015,2024-12-09,2024,Dec,12,2024-12,CUST0089,Pooja Singh,North,Chandigarh,Electronics,Portable SSD 1TB,Portable SSD 1TB,1,3916.61,0.0,3916.61,516.61,13.190233390610759,3916.61,Credit Card
ORD11711,2024-02-19,2024,Feb,2,2024-02,CUST0158,Isha Verma,East,Bhubaneswar,Clothing,Formal Shirt,Formal Shirt,1,1477.42,0.05,1403.55,417.44,29.741726336788858,1403.55,Credit Card
ORD11111,2024-11-29,2024,Nov,11,2024-11,CUST0099,Neha Joshi,West,Ahmedabad,Electronics,USB-C Charger,USB-C Charger,2,700.94,0.0,1401.88,146.34,10.438839272976288,1401.88,UPI
ORD11395,2024-06-23,2024,Jun,6,2024-06,CUST0285,Isha Kapoor,North,Jaipur,Clothing,Winter Jacket,Winter Jacket,3,2896.9,0.05,8256.17,3499.16,42.38236373524285,8256.17,Net Banking
ORD10166,2024-01-01,2024,Jan,1,2024-01,CUST0106,Kavya Reddy,South,Chennai,Furniture,Office Chair,Office Chair,1,3394.32,0.0,3394.32,1144.69,33.72369134318509,3394.32,Debit Card
ORD12151,2024-04-29,2024,Apr,4,2024-04,CUST0145,Nikhil Sharma,South,Bengaluru,Furniture,Bookshelf,Bookshelf,1,4584.81,0.05,4355.57,1050.36,24.115328188962636,4355.57,Credit Card
ORD11360,2024-05-16,2024,May,5,2024-05,CUST0339,Sneha Singh,West,Ahmedabad,Home & Kitchen,Storage Containers Set,Storage Containers Set,2,4142.6,0.15,7042.42,2610.35,37.06609375754357,7042.42,UPI
ORD10060,2024-10-13,2024,Oct,10,2024-10,CUST0395,Diya Verma,West,Ahmedabad,Electronics,Smart Watch,Smart Watch,2,2319.17,0.0,4638.34,524.98,11.318273347792529,4638.34,Cash on Delivery
ORD10710,2024-11-22,2024,Nov,11,2024-11,CUST0298,Divya Kapoor,South,Bengaluru,Clothing,Denim Jeans,Denim Jeans,1,2056.08,0.0,2056.08,837.62,40.73868721061438,2056.08,Debit Card
ORD10677,2024-06-08,2024,Jun,6,2024-06,CUST0283,Sai Kapoor,South,Hyderabad,Home & Kitchen,Non-Stick Pan,Non-Stick Pan,1,2707.34,0.15,2301.24,383.98,16.685786793207143,2301.24,UPI
ORD11379,2024-04-01,2024,Apr,4,2024-04,CUST0270,Aditya Nair,West,Ahmedabad,Clothing,Formal Shirt,Formal Shirt,1,1477.42,0.0,1477.42,491.31,33.25459246524346,1477.42,Credit Card
ORD10781,2024-12-25,2024,Dec,12,2024-12,CUST0350,Priya Kumar,West,Mumbai,Clothing,Denim Jeans,Denim Jeans,1,2056.08,0.0,1747.67,529.21,30.280888268380185,1747.67,UPI
ORD10425,2024-12-27,2024,Dec,12,2024-12,CUST0172,Ravi Patel,South,Bengaluru,Electronics,Webcam HD,Webcam HD,1,2743.97,0.0,2743.97,656.08,23.90988239667344,2743.97,Net Banking
ORD10293,2024-12-02,2024,Dec,12,2024-12,CUST0046,Krishna Joshi,South,Chennai,Clothing,Formal Shirt,Formal Shirt,1,1477.42,0.0,1477.42,491.31,33.25459246524346,1477.42,UPI
ORD11066,2024-12-20,2024,Dec,12,2024-12,CUST0078,Aadhya Singh,North,Jaipur,Home & Kitchen,Mixer Grinder,Mixer Grinder,1,4246.55,0.1,3821.9,1367.0,35.76755017138073,3821.9,Cash on Delivery
ORD12093,2024-08-28,2024,Aug,8,2024-08,CUST0062,Aditya Mehta,West,Mumbai,Electronics,Webcam HD,Webcam HD,1,2743.97,0.05,2606.77,518.88,19.905093276353494,2606.77,Debit Card
ORD10330,2024-10-24,2024,Oct,10,2024-10,CUST0162,Vihaan Singh,West,Mumbai,Electronics,Noise Cancelling Headphones,Noise Cancelling Headphones,1,899.46,0.0,899.46,178.93,19.893046939274676,899.46,Net Banking
ORD11639,2024-12-01,2024,Dec,12,2024-12,CUST0161,Sneha Nair,West,Ahmedabad,Furniture,Bed Side Table,Bed Side Table,2,5828.58,0.15,9908.59,249.18,2.5147876741292152,9908.59,Credit Card
ORD10430,2025-02-23,2025,Feb,2,2025-02,CUST0422,Pooja Iyer,South,Bengaluru,Electronics,USB-C Charger,USB-C Charger,1,700.94,0.1,630.85,3.08,0.4882301656495205,630.85,Debit Card
ORD11013,2024-06-10,2024,Jun,6,2024-06,CUST0318,Kavya Singh,West,Ahmedabad,Home & Kitchen,Storage Containers Set,Storage Containers Set,2,4142.6,0.05,7870.94,3438.87,43.69071546727582,7870.94,UPI
ORD10080,2024-05-20,2024,May,5,2024-05,CUST0329,Aadhya Verma,South,Chennai,Furniture,Study Table,Study Table,1,4991.64,0.15,4242.89,367.72,8.666734230677676,4242.89,Credit Card
ORD11718,2025-01-20,2025,Jan,1,2025-01,CUST0054,Sanjay Rao,West,Mumbai,Stationery,Notebook Pack,Notebook Pack,1,4753.51,0.0,4753.51,2457.71,51.70305731974898,4753.51,Net Banking
ORD11053,2025-01-19,2025,Jan,1,2025-01,CUST0443,Vihaan Bose,North,Delhi,Electronics,Webcam HD,Webcam HD,2,2743.97,0.2,4390.35,214.56,4.887081895520859,4390.35,Debit Card
ORD11732,2025-02-21,2025,Feb,2,2025-02,CUST0246,Pooja Singh,West,Mumbai,Furniture,Bookshelf,Bookshelf,3,4584.81,0.1,12378.99,2463.35,19.899442523178383,12378.99,Cash on Delivery
ORD10835,2025-03-15,2025,Mar,3,2025-03,CUST0023,Aadhya Chatterjee,East,Bhubaneswar,Clothing,Women's Kurti,Women's Kurti,2,4506.86,0.1,8112.35,1425.27,17.569138412420568,8112.35,UPI
ORD10750,2024-11-15,2024,Nov,11,2024-11,CUST0303,Meera Verma,East,Patna,Clothing,Denim Jeans,Denim Jeans,1,2056.08,0.0,2056.08,837.62,40.73868721061438,2056.08,Credit Card
ORD10891,2024-09-18,2024,Sep,9,2024-09,CUST0084,Arjun Rao,South,Hyderabad,Home & Kitchen,Air Fryer,Air Fryer,4,1319.46,0.05,5013.95,2365.32,47.17478235722335,5013.95,UPI
ORD10255,2024-08-25,2024,Aug,8,2024-08,CUST0231,Aditya Chatterjee,West,Ahmedabad,Clothing,Running Shoes,Running Shoes,2,910.04,0.05,1729.08,602.58,34.84974668609897,1729.08,Credit Card
ORD11185,2024-09-26,2024,Sep,9,2024-09,CUST0233,Aadhya Bose,South,Hyderabad,Electronics,Smart Watch,Smart Watch,1,2319.17,0.0,2319.17,262.49,11.318273347792529,2319.17,Debit Card
ORD11483,2024-12-15,2024,Dec,12,2024-12,CUST0448,Anika Chatterjee,South,Hyderabad,Electronics,Wireless Mouse,Wireless Mouse,1,4677.64,0.05,4443.76,706.33,15.894872810412805,4443.76,Net Banking
ORD11408,2024-08-26,2024,Aug,8,2024-08,CUST0203,Rohan Nair,West,Mumbai,Clothing,Men's T-Shirt,Men's T-Shirt,1,1052.59,0.3,736.81,30.77,4.176110530530259,736.81,UPI
ORD11338,2024-01-12,2024,Jan,1,2024-01,CUST0235,Pooja Chatterjee,North,Delhi,Home & Kitchen,Storage Containers Set,Storage Containers Set,1,4142.6,0.1,3728.34,1512.31,40.56255599006528,3728.34,Cash on Delivery
ORD11109,2024-06-25,2024,Jun,6,2024-06,CUST0458,Vivaan Joshi,South,Hyderabad,Clothing,Men's T-Shirt,Men's T-Shirt,1,1052.59,0.1,947.33,241.29,25.470532971614958,947.33,UPI
ORD11599,2025-02-04,2025,Feb,2,2025-02,CUST0071,Unknown Customer,North,Jaipur,Clothing,Men's T-Shirt,Men's T-Shirt,1,1052.59,0.1,947.33,241.29,25.470532971614958,947.33,Credit Card
ORD12154,2024-10-25,2024,Oct,10,2024-10,CUST0474,Divya Mehta,West,Pune,Clothing,Men's T-Shirt,Men's T-Shirt,2,1052.59,0.0,2105.18,693.1,32.923550480243975,2105.18,UPI
ORD10137,2024-02-12,2024,Feb,2,2024-02,CUST0464,Krishna Rao,West,Pune,Furniture,Bed Side Table,Bed Side Table,1,5828.58,0.0,5828.58,998.88,17.137621856438447,5828.58,UPI
ORD11136,2024-11-11,2024,Nov,11,2024-11,CUST0408,Isha Kumar,North,Delhi,Clothing,Denim Jeans,Denim Jeans,1,2056.08,0.15,1747.67,529.21,30.280888268380185,1747.67,Cash on Delivery
ORD11219,2024-05-03,2024,May,5,2024-05,CUST0313,Meera Reddy,East,Patna,Home & Kitchen,Non-Stick Pan,Non-Stick Pan,1,2707.34,0.0,2707.34,790.08,29.18288800076828,2707.34,UPI
ORD10853,2024-11-12,2024,Nov,11,2024-11,CUST0190,Divya Patel,West,Mumbai,Electronics,Portable SSD 1TB,Portable SSD 1TB,1,3916.61,0.0,3916.61,516.61,13.190233390610759,3916.61,Credit Card
ORD11203,2025-03-31,2025,Mar,3,2025-03,CUST0100,Nikhil Kapoor,North,Delhi,Clothing,Women's Kurti,Women's Kurti,1,4506.86,0.05,4281.52,937.98,21.907640277284703,4281.52,UPI
ORD11580,2025-02-14,2025,Feb,2,2025-02,CUST0072,Ishaan Bose,South,Chennai,Furniture,Recliner Chair,Recliner Chair,1,2880.32,0.05,2736.3,838.86,30.656726236158317,2736.3,Debit Card
ORD10724,2024-10-04,2024,Oct,10,2024-10,CUST0007,Aditya Das,East,Kolkata,Stationery,Sticky Notes,Sticky Notes,1,2834.66,0.05,2692.93,1378.36,51.1843976635115,2692.93,Credit Card
ORD10860,2024-12-19,2024,Dec,12,2024-12,CUST0174,Arjun Rao,West,Ahmedabad,Home & Kitchen,Storage Containers Set,Storage Containers Set,2,4142.6,0.1,7456.68,3024.61,40.56242188212448,7456.68,Cash on Delivery
ORD10970,2024-11-09,2024,Nov,11,2024-11,CUST0031,Nikhil Gupta,South,Bengaluru,Furniture,Sofa Cover,Sofa Cover,1,4703.54,0.1,4233.19,992.79,23.4525263453802,4233.19,Credit Card
ORD10497,2024-07-14,2024,Jul,7,2024-07,CUST0082,Karan Singh,East,Patna,Furniture,Sofa Cover,Sofa Cover,2,4703.54,0.05,8936.73,2455.93,27.481304683032832,8936.73,Debit Card
ORD10951,2024-10-16,2024,Oct,10,2024-10,CUST0339,Sneha Singh,North,Chandigarh,Home & Kitchen,Air Fryer,Air Fryer,2,1319.46,0.05,2506.97,1182.65,47.174477556572285,2506.97,Debit Card
ORD10806,2025-03-04,2025,Mar,3,2025-03,CUST0324,Saanvi Singh,South,Chennai,Clothing,Running Shoes,Running Shoes,1,910.04,0.1,819.04,255.79,31.230464934557535,819.04,Credit Card
ORD11830,2024-10-02,2024,Oct,10,2024-10,CUST0451,Vivaan Verma,North,Delhi,Electronics,Wireless Mouse,Wireless Mouse,2,4677.64,0.1,8419.75,944.9,11.222423468630303,8419.75,Cash on Delivery
ORD10130,2024-03-27,2024,Mar,3,2024-03,CUST0328,Pooja Kumar,North,Chandigarh,Clothing,Men's T-Shirt,Men's T-Shirt,1,1052.59,0.1,947.33,241.29,25.470532971614958,947.33,Credit Card
ORD11740,2024-11-26,2024,Nov,11,2024-11,CUST0303,Meera Verma,South,Chennai,Stationery,Desk Organizer,Desk Organizer,2,967.81,0.05,1838.84,1117.04,60.74699266929151,1838.84,Cash on Delivery
ORD10338,2024-11-03,2024,Nov,11,2024-11,CUST0340,Rohan Singh,East,Kolkata,Clothing,Women's Kurti,Women's Kurti,2,4506.86,0.1,8112.35,1425.27,17.569138412420568,8112.35,UPI
ORD10731,2024-05-29,2024,May,5,2024-05,CUST0107,Rohan Chatterjee,North,Chandigarh,Furniture,Bookshelf,Bookshelf,2,4584.81,0.15,7794.18,1183.75,15.187614348141818,7794.18,Credit Card
ORD10609,2024-05-04,2024,May,5,2024-05,CUST0029,Neha Gupta,South,Chennai,Electronics,Bluetooth Speaker,Bluetooth Speaker,1,5172.8,0.05,4914.16,540.42,10.99719992837026,4914.16,UPI
ORD11149,2025-01-22,2025,Jan,1,2025-01,CUST0121,Pooja Bose,North,Chandigarh,Electronics,Portable SSD 1TB,Portable SSD 1TB,1,3916.61,0.05,3720.78,320.78,8.621310585414884,3720.78,Net Banking
ORD10196,2024-12-09,2024,Dec,12,2024-12,CUST0030,Divya Das,East,Kolkata,Stationery,Desk Organizer,Desk Organizer,1,967.81,0.0,967.81,606.91,62.70962275653279,967.81,Net Banking
ORD11251,2025-02-12,2025,Feb,2,2025-02,CUST0249,Krishna Nair,North,Delhi,Electronics,Webcam HD,Webcam HD,1,2743.97,0.0,2743.97,656.08,23.90988239667344,2743.97,Credit Card
ORD11714,2024-02-11,2024,Feb,2,2024-02,CUST0432,Kavya Mehta,North,Delhi,Clothing,Winter Jacket,Winter Jacket,2,2896.9,0.0,5793.8,2622.46,45.263212399461494,5793.8,Cash on Delivery
ORD11293,2024-11-13,2024,Nov,11,2024-11,CUST0181,Ishaan Chatterjee,South,Hyderabad,Stationery,Notebook Pack,Notebook Pack,1,4753.51,0.0,4753.51,2457.71,51.70305731974898,4753.51,Cash on Delivery
ORD10815,2024-11-09,2024,Nov,11,2024-11,CUST0079,Myra Kapoor,West,Ahmedabad,Home & Kitchen,Storage Containers Set,Storage Containers Set,1,4142.6,0.05,3935.47,1719.44,43.690842516903956,3935.47,UPI
ORD10910,2024-09-30,2024,Sep,9,2024-09,CUST0444,Pooja Das,East,Kolkata,Clothing,Formal Shirt,Formal Shirt,1,1477.42,0.05,1403.55,417.44,29.741726336788858,1403.55,Credit Card
ORD10585,2025-01-20,2025,Jan,1,2025-01,CUST0322,Nikhil Bose,South,Bengaluru,Home & Kitchen,LED Table Lamp,LED Table Lamp,1,2416.75,0.1,2175.08,792.5,36.43544145502694,2175.08,Credit Card
ORD10104,2024-07-24,2024,Jul,7,2024-07,CUST0154,Pooja Kapoor,North,Delhi,Clothing,Running Shoes,Running Shoes,1,910.04,0.0,910.04,346.79,38.107116170717774,910.04,Net Banking
ORD11618,2024-11-03,2024,Nov,11,2024-11,CUST0204,Divya Gupta,West,Mumbai,Home & Kitchen,LED Table Lamp,LED Table Lamp,3,2416.75,0.0,7250.25,3102.51,42.791765801179274,7250.25,UPI
ORD12132,2024-11-27,2024,Nov,11,2024-11,CUST0145,Nikhil Sharma,East,Patna,Electronics,Laptop Stand,Laptop Stand,2,4602.67,0.0,9205.34,1275.02,13.850873514720801,9205.34,Credit Card
ORD10988,2025-02-04,2025,Feb,2,2025-02,CUST0298,Divya Kapoor,North,Jaipur,Home & Kitchen,Water Bottle,Water Bottle,1,5018.72,0.0,5018.72,1499.64,29.880925813753308,5018.72,Debit Card
ORD11811,2024-05-29,2024,May,5,2024-05,CUST0442,Kavya Bose,West,Pune,Clothing,Winter Jacket,Winter Jacket,1,2896.9,0.15,2462.37,876.7,35.60391005413484,2462.37,Credit Card
ORD10720,2024-02-18,2024,Feb,2,2024-02,CUST0454,Aditya Nair,South,Bengaluru,Clothing,Women's Kurti,Women's Kurti,1,4506.86,0.0,4506.86,1163.32,25.812206281091495,4506.86,UPI
ORD10885,2024-08-03,2024,Aug,8,2024-08,CUST0442,Kavya Bose,West,Mumbai,Home & Kitchen,Water Bottle,Water Bottle,1,5018.72,0.3,3513.1,-5.98,-0.17022003358856852,3513.1,Credit Card
ORD10777,2024-12-10,2024,Dec,12,2024-12,CUST0060,Rohan Mehta,South,Hyderabad,Stationery,Notebook Pack,Notebook Pack,1,4753.51,0.05,4515.83,2220.03,49.161062307482794,4515.83,Credit Card
ORD11570,2024-02-02,2024,Feb,2,2024-02,CUST0082,Karan Singh,North,Delhi,Stationery,Gel Pen Set,Gel Pen Set,1,4275.22,0.0,4275.22,2111.34,49.385528697938355,4275.22,Credit Card
ORD10850,2024-11-04,2024,Nov,11,2024-11,CUST0475,Ananya Sharma,South,Chennai,Electronics,Webcam HD,Webcam HD,1,2743.97,0.05,2606.77,518.88,19.905093276353494,2606.77,Debit Card
ORD10895,2024-08-14,2024,Aug,8,2024-08,CUST0453,Sanjay Sharma,North,Delhi,Electronics,Smart Watch,Smart Watch,2,2319.17,0.0,4638.34,524.98,11.318273347792529,4638.34,Debit Card
ORD10228,2024-05-12,2024,May,5,2024-05,CUST0147,Ishaan Gupta,West,Pune,Electronics,Wireless Mouse,Wireless Mouse,1,4677.64,0.0,4677.64,940.21,20.100093209396192,4677.64,UPI
ORD10435,2024-08-09,2024,Aug,8,2024-08,CUST0142,Rohan Kumar,North,Chandigarh,Clothing,Winter Jacket,Winter Jacket,1,2896.9,0.0,2896.9,1311.23,45.263212399461494,2896.9,Net Banking
ORD11326,2024-11-13,2024,Nov,11,2024-11,CUST0466,Anika Reddy,South,Bengaluru,Home & Kitchen,Non-Stick Pan,Non-Stick Pan,3,2707.34,0.1,7309.82,1558.05,21.31447833188779,7309.82,UPI
ORD11300,2025-02-23,2025,Feb,2,2025-02,CUST0336,Aditya Singh,West,Pune,Electronics,Wireless Mouse,Wireless Mouse,1,4677.64,0.05,4443.76,706.33,15.894872810412805,4443.76,Cash on Delivery
ORD10127,2024-01-06,2024,Jan,1,2024-01,CUST0109,Nikhil Reddy,West,Mumbai,Electronics,Laptop Stand,Laptop Stand,2,4602.67,0.0,9205.34,1275.02,13.850873514720801,9205.34,Debit Card
ORD10406,2024-04-22,2024,Apr,4,2024-04,CUST0160,Aditya Patel,West,Mumbai,Electronics,Noise Cancelling Headphones,Noise Cancelling Headphones,1,899.46,0.05,854.49,133.96,15.677187562171587,854.49,Credit Card
ORD10776,2024-12-08,2024,Dec,12,2024-12,CUST0272,Vivaan Iyer,South,Hyderabad,Home & Kitchen,Storage Containers Set,Storage Containers Set,1,4142.6,0.0,4142.6,1926.57,46.50630039105875,4142.6,UPI
ORD10822,2024-06-26,2024,Jun,6,2024-06,CUST0377,Vihaan Verma,South,Hyderabad,Electronics,Wireless Mouse,Wireless Mouse,1,4677.64,0.15,3975.99,238.56,6.000015090581214,3975.99,Debit Card
ORD10712,2024-03-19,2024,Mar,3,2024-03,CUST0435,Krishna Kapoor,East,Bhubaneswar,Electronics,Smart Watch,Smart Watch,1,2319.17,0.15,1971.29,-85.39,-4.331681284843935,1971.29,UPI
ORD11790,2024-07-31,2024,Jul,7,2024-07,CUST0291,Anika Rao,South,Bengaluru,Clothing,Men's T-Shirt,Men's T-Shirt,2,1052.59,0.05,1999.92,587.84,29.39317572702908,1999.92,Credit Card
ORD11708,2024-05-07,2024,May,5,2024-05,CUST0287,Divya Kumar,West,Mumbai,Clothing,Winter Jacket,Winter Jacket,1,2896.9,0.15,2462.37,876.7,35.60391005413484,2462.37,Credit Card
ORD11774,2024-12-24,2024,Dec,12,2024-12,CUST0461,Neha Chatterjee,West,Ahmedabad,Electronics,USB-C Charger,USB-C Charger,1,700.94,0.3,490.66,-137.11,-27.943993804263645,490.66,Debit Card
ORD10457,2024-06-16,2024,Jun,6,2024-06,CUST0147,Ishaan Gupta,West,Ahmedabad,Home & Kitchen,LED Table Lamp,LED Table Lamp,1,2416.75,0.0,2416.75,1034.17,42.791765801179274,2416.75,Credit Card
ORD11061,2024-11-14,2024,Nov,11,2024-11,CUST0274,Anika Chatterjee,South,Chennai,Clothing,Running Shoes,Running Shoes,1,910.04,0.15,773.53,210.28,27.184466019417474,773.53,UPI
ORD11164,2025-02-15,2025,Feb,2,2025-02,CUST0149,Sneha Verma,North,Delhi,Clothing,Winter Jacket,Winter Jacket,1,2896.9,0.1,2607.21,1021.54,39.18134711051277,2607.21,Debit Card
ORD10304,2024-02-28,2024,Feb,2,2024-02,CUST0016,Pooja Nair,North,Delhi,Clothing,Winter Jacket,Winter Jacket,1,2896.9,0.1,2607.21,1021.54,39.18134711051277,2607.21,Debit Card
ORD10268,2025-03-03,2025,Mar,3,2025-03,CUST0372,Vihaan Kapoor,South,Chennai,Electronics,Portable SSD 1TB,Portable SSD 1TB,1,3916.61,0.1,3524.95,124.95,3.544731130938028,3524.95,Net Banking
ORD11859,2024-02-02,2024,Feb,2,2024-02,CUST0145,Nikhil Sharma,South,Bengaluru,Furniture,Office Chair,Office Chair,1,3394.32,0.15,2885.17,635.54,22.02781811816981,2885.17,UPI
ORD11558,2024-06-29,2024,Jun,6,2024-06,CUST0454,Aditya Nair,North,Jaipur,Stationery,Notebook Pack,Notebook Pack,1,4753.51,0.05,4515.83,2220.03,49.161062307482794,4515.83,Net Banking
ORD10546,2024-03-11,2024,Mar,3,2024-03,CUST0358,Pooja Kapoor,North,Chandigarh,Home & Kitchen,LED Table Lamp,LED Table Lamp,1,2416.75,0.0,2416.75,1034.17,42.791765801179274,2416.75,UPI
ORD10213,2024-04-27,2024,Apr,4,2024-04,CUST0078,Aadhya Singh,South,Bengaluru,Electronics,Smart Watch,Smart Watch,3,2319.17,0.05,6609.63,439.59,6.650750495867393,6609.63,Net Banking
ORD10897,2025-03-19,2025,Mar,3,2025-03,CUST0095,Rohan Verma,South,Bengaluru,Home & Kitchen,Mixer Grinder,Mixer Grinder,1,4246.55,0.05,4034.22,1579.32,39.14808810625102,4034.22,UPI
ORD11493,2024-12-22,2024,Dec,12,2024-12,CUST0306,Neha Patel,North,Delhi,Stationery,Gel Pen Set,Gel Pen Set,3,4275.22,0.0,12825.66,6334.01,49.38545072924123,12825.66,Credit Card
ORD11223,2025-03-24,2025,Mar,3,2025-03,CUST0338,Aadhya Nair,North,Delhi,Furniture,Bed Side Table,Bed Side Table,2,5828.58,0.0,11657.16,1997.75,17.137536072250874,11657.16,Cash on Delivery
ORD11942,2024-11-10,2024,Nov,11,2024-11,CUST0276,Nikhil Rao,East,Patna,Electronics,Smart Watch,Smart Watch,2,2319.17,0.0,4638.34,524.98,11.318273347792529,4638.34,UPI
ORD11892,2025-03-09,2025,Mar,3,2025-03,CUST0093,Kavya Gupta,South,Hyderabad,Electronics,Wireless Mouse,Wireless Mouse,1,4677.64,0.0,4677.64,940.21,20.100093209396192,4677.64,Net Banking
ORD11697,2024-05-24,2024,May,5,2024-05,CUST0062,Aditya Mehta,East,Patna,Home & Kitchen,Air Fryer,Air Fryer,1,1319.46,0.1,1187.51,525.35,44.2396274557688,1187.51,Credit Card
ORD10917,2025-01-01,2025,Jan,1,2025-01,CUST0140,Ishaan Nair,North,Chandigarh,Electronics,Noise Cancelling Headphones,Noise Cancelling Headphones,1,899.46,0.1,809.51,88.98,10.991834566589667,809.51,UPI
ORD11552,2025-03-12,2025,Mar,3,2025-03,CUST0392,Reyansh Bose,North,Jaipur,Clothing,Women's Kurti,Women's Kurti,2,4506.86,0.0,9013.72,2326.64,25.812206281091495,9013.72,Debit Card
ORD10676,2024-04-16,2024,Apr,4,2024-04,CUST0196,Sneha Joshi,West,Mumbai,Electronics,Portable SSD 1TB,Portable SSD 1TB,2,3916.61,0.1,7049.9,249.9,3.544731130938028,7049.9,Debit Card
ORD11290,2024-08-25,2024,Aug,8,2024-08,CUST0095,Rohan Verma,North,Delhi,Electronics,Wireless Mouse,Wireless Mouse,3,4677.64,0.0,14032.92,2820.64,20.100164470402454,14032.92,Credit Card
ORD11266,2025-02-19,2025,Feb,2,2025-02,CUST0103,Sneha Iyer,East,Patna,Clothing,Denim Jeans,Denim Jeans,2,2056.08,0.05,3906.55,1469.62,37.619382831398546,3906.55,Net Banking
ORD10550,2025-01-27,2025,Jan,1,2025-01,CUST0069,Karan Verma,North,Delhi,Clothing,Denim Jeans,Denim Jeans,2,2056.08,0.15,3495.34,1058.41,30.28060217317915,3495.34,Net Banking
ORD11411,2024-12-17,2024,Dec,12,2024-12,CUST0020,Anika Kapoor,South,Bengaluru,Stationery,Sticky Notes,Sticky Notes,1,2834.66,0.1,2551.19,1236.62,48.472281562721705,2551.19,UPI
ORD11215,2024-10-15,2024,Oct,10,2024-10,CUST0284,Aadhya Rao,South,Bengaluru,Clothing,Winter Jacket,Winter Jacket,1,2896.9,0.0,2896.9,1311.23,45.263212399461494,2896.9,Credit Card
ORD10967,2024-07-04,2024,Jul,7,2024-07,CUST0305,Myra Mehta,North,Delhi,Clothing,Men's T-Shirt,Men's T-Shirt,1,1052.59,0.05,999.96,293.92,29.39317572702908,999.96,Credit Card
ORD11231,2024-03-05,2024,Mar,3,2024-03,CUST0067,Sai Reddy,North,Delhi,Clothing,Women's Kurti,Women's Kurti,1,4506.86,0.05,4281.52,937.98,21.907640277284703,4281.52,Credit Card
ORD10296,2024-11-30,2024,Nov,11,2024-11,CUST0476,Karan Iyer,West,Ahmedabad,Home & Kitchen,Air Fryer,Air Fryer,2,1319.46,0.15,2243.08,918.76,40.95975176988783,2243.08,Cash on Delivery
ORD10696,2025-01-31,2025,Jan,1,2025-01,CUST0145,Nikhil Sharma,North,Jaipur,Furniture,Office Chair,Office Chair,3,3394.32,0.1,9164.66,2415.77,26.35962490697964,9164.66,Debit Card
ORD11453,2024-08-26,2024,Aug,8,2024-08,CUST0448,Anika Chatterjee,West,Mumbai,Clothing,Winter Jacket,Winter Jacket,2,2896.9,0.1,5214.42,2043.08,39.18134711051277,5214.42,Net Banking
ORD10074,2024-12-17,2024,Dec,12,2024-12,CUST0016,Pooja Nair,North,Jaipur,Clothing,Running Shoes,Running Shoes,1,910.04,0.0,910.04,346.79,38.107116170717774,910.04,Debit Card
ORD10606,2025-02-04,2025,Feb,2,2025-02,CUST0451,Vivaan Verma,North,Jaipur,Clothing,Winter Jacket,Winter Jacket,2,2896.9,0.0,5793.8,2622.46,45.263212399461494,5793.8,Credit Card
ORD10105,2024-12-09,2024,Dec,12,2024-12,CUST0397,Diya Kumar,South,Hyderabad,Clothing,Formal Shirt,Formal Shirt,1,1477.42,0.15,1255.81,269.7,21.47617872130338,1255.81,UPI
ORD10646,2025-01-14,2025,Jan,1,2025-01,CUST0145,Nikhil Sharma,South,Hyderabad,Furniture,Study Table,Study Table,1,4991.64,0.0,4492.48,617.31,13.74096267540423,4492.48,UPI
ORD11405,2024-04-06,2024,Apr,4,2024-04,CUST0074,Isha Reddy,South,Hyderabad,Clothing,Winter Jacket,Winter Jacket,2,2896.9,0.0,5793.8,2622.46,45.263212399461494,5793.8,Debit Card
ORD10495,2024-07-01,2024,Jul,7,2024-07,CUST0047,Meera Singh,South,Bengaluru,Furniture,Bookshelf,Bookshelf,1,4584.81,0.3,3209.37,-95.84,-2.9862558695320267,3209.37,Credit Card
ORD11041,2025-02-20,2025,Feb,2,2025-02,CUST0474,Divya Mehta,West,Ahmedabad,Electronics,Noise Cancelling Headphones,Noise Cancelling Headphones,2,899.46,0.0,1798.92,357.86,19.893046939274676,1798.92,Credit Card
ORD10440,2025-01-18,2025,Jan,1,2025-01,CUST0096,Priya Mehta,South,Hyderabad,Electronics,Webcam HD,Webcam HD,1,2743.97,0.0,2743.97,656.08,23.90988239667344,2743.97,UPI
ORD11020,2024-11-11,2024,Nov,11,2024-11,CUST0435,Krishna Kapoor,West,Mumbai,Electronics,Webcam HD,Webcam HD,1,2743.97,0.0,2743.97,656.08,23.90988239667344,2743.97,Debit Card
ORD10092,2024-08-18,2024,Aug,8,2024-08,CUST0147,Unknown Customer,North,Chandigarh,Home & Kitchen,Mixer Grinder,Mixer Grinder,1,4246.55,0.0,4246.55,1791.65,42.190719525261684,4246.55,UPI
ORD11113,2024-10-06,2024,Oct,10,2024-10,CUST0201,Ananya Gupta,South,Bengaluru,Clothing,Denim Jeans,Denim Jeans,1,2056.08,0.05,1953.28,734.82,37.61979849279162,1953.28,UPI
ORD10823,2024-05-07,2024,May,5,2024-05,CUST0076,Ishaan Sharma,West,Ahmedabad,Home & Kitchen,LED Table Lamp,LED Table Lamp,2,2416.75,0.2,3866.8,1101.64,28.48970725147409,3866.8,Credit Card
ORD10909,2024-05-17,2024,May,5,2024-05,CUST0350,Priya Kumar,East,Patna,Clothing,Running Shoes,Running Shoes,1,910.04,0.15,773.53,210.28,27.184466019417474,773.53,Credit Card
ORD11475,2025-03-17,2025,Mar,3,2025-03,CUST0060,Unknown Customer,North,Delhi,Home & Kitchen,Mixer Grinder,Mixer Grinder,1,4246.55,0.15,3609.57,1154.67,31.989128899010133,3609.57,UPI
ORD11742,2024-06-03,2024,Jun,6,2024-06,CUST0010,Ananya Patel,West,Pune,Clothing,Denim Jeans,Denim Jeans,1,2056.08,0.0,2056.08,837.62,40.73868721061438,2056.08,Net Banking
ORD10103,2024-11-30,2024,Nov,11,2024-11,CUST0102,Saanvi Bose,West,Pune,Electronics,Webcam HD,Webcam HD,1,2743.97,0.3,1920.78,-167.11,-8.700111413071774,1920.78,Credit Card
ORD10239,2024-09-16,2024,Sep,9,2024-09,CUST0442,Kavya Bose,East,Patna,Clothing,Winter Jacket,Winter Jacket,1,2896.9,0.0,2896.9,1311.23,45.263212399461494,2896.9,Credit Card
ORD12161,2025-03-02,2025,Mar,3,2025-03,CUST0287,Divya Kumar,West,Ahmedabad,Electronics,Noise Cancelling Headphones,Noise Cancelling Headphones,1,899.46,0.3,629.62,-90.91,-14.438867888567708,629.62,UPI
ORD10943,2024-09-10,2024,Sep,9,2024-09,CUST0058,Myra Joshi,West,Pune,Home & Kitchen,Water Bottle,Water Bottle,1,5018.72,0.05,4767.78,1248.7,26.19038630138136,4767.78,Credit Card
ORD11271,2024-04-08,2024,Apr,4,2024-04,CUST0172,Ravi Patel,South,Bengaluru,Furniture,Recliner Chair,Recliner Chair,1,2880.32,0.2,2304.26,406.82,17.655125723659655,2304.26,Debit Card
ORD10939,2024-10-18,2024,Oct,10,2024-10,CUST0405,Aadhya Rao,North,Delhi,Electronics,Smart Watch,Smart Watch,4,2319.17,0.2,7421.34,-805.38,-10.85221806304522,7421.34,Debit Card
ORD12061,2025-01-07,2025,Jan,1,2025-01,CUST0285,Isha Kapoor,North,Delhi,Electronics,Wireless Mouse,Wireless Mouse,2,4677.64,0.2,7484.22,9.37,0.1251967472896307,7484.22,Cash on Delivery
ORD11182,2024-07-12,2024,Jul,7,2024-07,CUST0189,Vihaan Reddy,East,Patna,Electronics,USB-C Charger,USB-C Charger,1,700.94,0.1,630.85,3.08,0.4882301656495205,630.85,Net Banking
ORD11504,2024-04-24,2024,Apr,4,2024-04,CUST0011,Sneha Iyer,South,Bengaluru,Home & Kitchen,Non-Stick Pan,Non-Stick Pan,1,2707.34,0.0,2707.34,790.08,29.18288800076828,2707.34,Debit Card
ORD11863,2024-02-12,2024,Feb,2,2024-02,CUST0100,Nikhil Kapoor,East,Bhubaneswar,Stationery,Sticky Notes,Sticky Notes,3,2834.66,0.05,8078.78,4135.07,51.18433723903857,8078.78,Debit Card
ORD11670,2024-12-20,2024,Dec,12,2024-12,CUST0034,Arjun Patel,East,Kolkata,Home & Kitchen,Non-Stick Pan,Non-Stick Pan,1,2707.34,0.0,2707.34,790.08,29.18288800076828,2707.34,Cash on Delivery
ORD10006,2024-05-11,2024,May,5,2024-05,CUST0384,Vivaan Iyer,East,Bhubaneswar,Electronics,Bluetooth Speaker,Bluetooth Speaker,1,5172.8,0.15,4396.88,23.14,0.526282272884409,4396.88,Net Banking
ORD10248,2025-01-08,2025,Jan,1,2025-01,CUST0306,Neha Patel,North,Delhi,Electronics,USB-C Charger,USB-C Charger,1,700.94,0.1,630.85,3.08,0.4882301656495205,630.85,UPI
ORD10966,2024-11-12,2024,Nov,11,2024-11,CUST0249,Krishna Nair,West,Mumbai,Electronics,Wireless Mouse,Wireless Mouse,1,4677.64,0.0,4209.88,472.45,11.222410139956484,4209.88,Net Banking
ORD10019,2024-06-07,2024,Jun,6,2024-06,CUST0113,Divya Nair,South,Chennai,Furniture,Bookshelf,Bookshelf,1,4584.81,0.0,4584.81,1279.6,27.909553503852933,4584.81,Credit Card
ORD11431,2025-01-07,2025,Jan,1,2025-01,CUST0339,Sneha Singh,North,Jaipur,Clothing,Formal Shirt,Formal Shirt,1,1477.42,0.0,1477.42,491.31,33.25459246524346,1477.42,Credit Card
ORD10122,2024-10-31,2024,Oct,10,2024-10,CUST0283,Sai Kapoor,East,Patna,Electronics,Portable SSD 1TB,Portable SSD 1TB,1,3916.61,0.0,3916.61,516.61,13.190233390610759,3916.61,Debit Card
ORD11971,2024-11-08,2024,Nov,11,2024-11,CUST0055,Kavya Gupta,East,Bhubaneswar,Home & Kitchen,Water Bottle,Water Bottle,2,5018.72,0.3,7026.21,-11.95,-0.17007746708396132,7026.21,UPI
ORD12019,2024-10-20,2024,Oct,10,2024-10,CUST0368,Ishaan Chatterjee,North,Chandigarh,Stationery,Desk Organizer,Desk Organizer,2,967.81,0.0,1742.06,1020.26,58.56629507594457,1742.06,UPI
ORD10275,2025-01-30,2025,Jan,1,2025-01,CUST0052,Neha Iyer,North,Chandigarh,Clothing,Formal Shirt,Formal Shirt,1,1477.42,0.0,1477.42,491.31,33.25459246524346,1477.42,Debit Card
ORD10434,2024-08-25,2024,Aug,8,2024-08,CUST0332,Vihaan Verma,North,Delhi,Electronics,Wireless Mouse,Wireless Mouse,1,4677.64,0.0,4677.64,940.21,20.100093209396192,4677.64,Credit Card
ORD10812,2024-03-28,2024,Mar,3,2024-03,CUST0196,Sneha Joshi,South,Hyderabad,Clothing,Women's Kurti,Women's Kurti,1,4506.86,0.0,4506.86,1163.32,25.812206281091495,4506.86,Debit Card
ORD11301,2024-12-17,2024,Dec,12,2024-12,CUST0246,Pooja Singh,North,Jaipur,Electronics,Smart Watch,Smart Watch,1,2319.17,0.1,2087.25,30.57,1.4646065397053538,2087.25,Net Banking
ORD11336,2024-02-26,2024,Feb,2,2024-02,CUST0302,Pooja Verma,West,Pune,Furniture,Recliner Chair,Recliner Chair,1,2880.32,0.2,2304.26,406.82,17.655125723659655,2304.26,Credit Card
ORD12145,2024-01-09,2024,Jan,1,2024-01,CUST0311,Sanjay Kapoor,South,Chennai,Furniture,Sofa Cover,Sofa Cover,1,4703.54,0.15,3998.01,757.61,18.94967746453861,3998.01,Cash on Delivery
ORD10261,2024-01-13,2024,Jan,1,2024-01,CUST0322,Nikhil Bose,West,Ahmedabad,Home & Kitchen,Non-Stick Pan,Non-Stick Pan,1,2707.34,0.2,2165.87,248.61,11.478528258852103,2165.87,Net Banking
ORD11805,2024-06-04,2024,Jun,6,2024-06,CUST0105,Arjun Das,North,Jaipur,Clothing,Women's Kurti,Women's Kurti,1,4506.86,0.2,3605.49,261.95,7.265309292218255,3605.49,UPI
ORD11571,2024-08-08,2024,Aug,8,2024-08,CUST0053,Neha Nair,North,Delhi,Electronics,Webcam HD,Webcam HD,2,2743.97,0.0,5487.94,1312.15,23.909700178937822,5487.94,UPI
ORD10182,2024-11-02,2024,Nov,11,2024-11,CUST0420,Sneha Patel,East,Bhubaneswar,Electronics,Portable SSD 1TB,Portable SSD 1TB,2,3916.61,0.0,7833.22,1033.22,13.190233390610759,7833.22,Debit Card
ORD10185,2024-08-17,2024,Aug,8,2024-08,CUST0259,Krishna Nair,South,Hyderabad,Furniture,Sofa Cover,Sofa Cover,1,4703.54,0.0,4703.54,1463.14,31.107208613087167,4703.54,UPI
ORD10407,2025-03-16,2025,Mar,3,2025-03,CUST0150,Ishaan Das,West,Pune,Electronics,Wireless Mouse,Wireless Mouse,1,4677.64,0.0,4677.64,940.21,20.100093209396192,4677.64,Cash on Delivery
ORD11744,2024-05-10,2024,May,5,2024-05,CUST0051,Vihaan Singh,North,Delhi,Furniture,Office Chair,Office Chair,1,3394.32,0.0,3394.32,1144.69,33.72369134318509,3394.32,UPI
ORD10866,2024-01-08,2024,Jan,1,2024-01,CUST0135,Arun Gupta,East,Kolkata,Electronics,Smart Watch,Smart Watch,1,2319.17,0.1,2087.25,30.57,1.4646065397053538,2087.25,Cash on Delivery
ORD11631,2024-01-20,2024,Jan,1,2024-01,CUST0465,Karan Verma,North,Chandigarh,Home & Kitchen,Water Bottle,Water Bottle,1,5018.72,0.0,5018.72,1499.64,29.880925813753308,5018.72,UPI
ORD11717,2025-01-30,2025,Jan,1,2025-01,CUST0168,Riya Das,South,Bengaluru,Electronics,Laptop Stand,Laptop Stand,2,4602.67,0.0,9205.34,1275.02,13.850873514720801,9205.34,Credit Card
ORD10521,2024-10-31,2024,Oct,10,2024-10,CUST0338,Aadhya Nair,West,Ahmedabad,Home & Kitchen,Storage Containers Set,Storage Containers Set,1,4142.6,0.0,4142.6,1926.57,46.50630039105875,4142.6,Credit Card
ORD11890,2024-12-25,2024,Dec,12,2024-12,CUST0020,Anika Kapoor,North,Jaipur,Furniture,Sofa Cover,Sofa Cover,2,4703.54,0.05,8936.73,2455.93,27.481304683032832,8936.73,Debit Card
ORD11004,2024-07-18,2024,Jul,7,2024-07,CUST0451,Vivaan Verma,South,Bengaluru,Clothing,Denim Jeans,Denim Jeans,1,2056.08,0.0,2056.08,837.62,40.73868721061438,2056.08,Credit Card
ORD10381,2024-05-07,2024,May,5,2024-05,CUST0245,Sneha Chatterjee,East,Kolkata,Electronics,Webcam HD,Webcam HD,1,2743.97,0.05,2606.77,518.88,19.905093276353494,2606.77,Debit Card
ORD12017,2024-01-24,2024,Jan,1,2024-01,CUST0233,Aadhya Bose,North,Chandigarh,Clothing,Winter Jacket,Winter Jacket,1,2896.9,0.05,2752.06,1166.39,42.38243352252495,2752.06,UPI
ORD11435,2025-03-26,2025,Mar,3,2025-03,CUST0340,Rohan Singh,West,Pune,Home & Kitchen,Non-Stick Pan,Non-Stick Pan,1,2707.34,0.0,2707.34,790.08,29.18288800076828,2707.34,Debit Card
ORD11659,2024-09-12,2024,Sep,9,2024-09,CUST0217,Sanjay Reddy,South,Bengaluru,Clothing,Formal Shirt,Formal Shirt,1,1477.42,0.0,1477.42,491.31,33.25459246524346,1477.42,Credit Card
ORD11394,2025-02-04,2025,Feb,2,2025-02,CUST0375,Isha Sharma,North,Delhi,Electronics,Wireless Mouse,Wireless Mouse,1,4677.64,0.0,4677.64,940.21,20.100093209396192,4677.64,Cash on Delivery
ORD11425,2025-03-03,2025,Mar,3,2025-03,CUST0226,Nikhil Patel,West,Pune,Furniture,Bookshelf,Bookshelf,1,4584.81,0.1,4126.33,821.12,19.89952330521311,4126.33,Net Banking
ORD11613,2024-07-06,2024,Jul,7,2024-07,CUST0230,Arun Verma,West,Mumbai,Electronics,Noise Cancelling Headphones,Noise Cancelling Headphones,1,899.46,0.1,809.51,88.98,10.991834566589667,809.51,Net Banking
ORD10428,2024-05-11,2024,May,5,2024-05,CUST0422,Pooja Iyer,North,Delhi,Electronics,Smart Watch,Smart Watch,1,2319.17,0.05,2203.21,146.53,6.650750495867394,2203.21,Debit Card
ORD11901,2024-06-12,2024,Jun,6,2024-06,CUST0036,Karan Mehta,East,Kolkata,Electronics,Laptop Stand,Laptop Stand,1,4602.67,0.0,4602.67,637.51,13.850873514720801,4602.67,Debit Card
ORD10079,2024-03-26,2024,Mar,3,2024-03,CUST0474,Divya Mehta,North,Delhi,Electronics,Noise Cancelling Headphones,Noise Cancelling Headphones,1,899.46,0.1,809.51,88.98,10.991834566589667,809.51,UPI
ORD11887,2024-02-07,2024,Feb,2,2024-02,CUST0378,Karan Das,West,Mumbai,Home & Kitchen,Air Fryer,Air Fryer,2,1319.46,0.0,2638.92,1314.6,49.81583375017052,2638.92,Credit Card
ORD11598,2024-07-08,2024,Jul,7,2024-07,CUST0375,Isha Sharma,East,Bhubaneswar,Electronics,Smart Watch,Smart Watch,1,2319.17,0.0,2319.17,262.49,11.318273347792529,2319.17,UPI
ORD11010,2025-02-06,2025,Feb,2,2025-02,CUST0232,Vihaan Sharma,South,Hyderabad,Home & Kitchen,Air Fryer,Air Fryer,1,1319.46,0.1,1187.51,525.35,44.2396274557688,1187.51,Credit Card
ORD10470,2025-03-08,2025,Mar,3,2025-03,CUST0368,Ishaan Chatterjee,South,Bengaluru,Furniture,Bed Side Table,Bed Side Table,1,5828.58,0.05,5537.15,707.45,12.77642830698103,5537.15,Net Banking
ORD11662,2024-03-20,2024,Mar,3,2024-03,CUST0039,Ananya Verma,South,Bengaluru,Clothing,Formal Shirt,Formal Shirt,1,1477.42,0.0,1477.42,491.31,33.25459246524346,1477.42,Debit Card
ORD10608,2024-04-06,2024,Apr,4,2024-04,CUST0089,Pooja Singh,South,Bengaluru,Furniture,Recliner Chair,Recliner Chair,1,2880.32,0.0,2736.3,838.86,30.656726236158317,2736.3,Credit Card
ORD10231,2024-09-04,2024,Sep,9,2024-09,CUST0432,Kavya Mehta,North,Jaipur,Home & Kitchen,Non-Stick Pan,Non-Stick Pan,2,2707.34,0.15,4602.48,767.97,16.686004067372377,4602.48,Credit Card
ORD11807,2024-02-21,2024,Feb,2,2024-02,CUST0298,Divya Kapoor,South,Hyderabad,Home & Kitchen,Non-Stick Pan,Non-Stick Pan,2,2707.34,0.05,5143.95,1309.44,25.455923949494068,5143.95,Credit Card
ORD11884,2024-09-05,2024,Sep,9,2024-09,CUST0167,Myra Sharma,West,Mumbai,Clothing,Running Shoes,Running Shoes,1,910.04,0.0,910.04,346.79,38.107116170717774,910.04,UPI
ORD10332,2024-06-01,2024,Jun,6,2024-06,CUST0454,Aditya Nair,West,Pune,Clothing,Denim Jeans,Denim Jeans,2,2056.08,0.15,3495.34,1058.41,30.28060217317915,3495.34,Debit Card
ORD11058,2024-10-08,2024,Oct,10,2024-10,CUST0221,Kavya Sharma,North,Delhi,Home & Kitchen,Air Fryer,Air Fryer,2,1319.46,0.15,2243.08,918.76,40.95975176988783,2243.08,Net Banking
ORD11441,2024-06-24,2024,Jun,6,2024-06,CUST0052,Neha Iyer,South,Chennai,Furniture,Recliner Chair,Recliner Chair,1,2880.32,0.0,2880.32,982.88,34.123986223752915,2880.32,Credit Card
ORD11928,2024-06-14,2024,Jun,6,2024-06,CUST0306,Neha Patel,West,Mumbai,Furniture,Study Table,Study Table,3,4991.64,0.05,14226.17,2600.65,18.28074597730802,14226.17,UPI
ORD11092,2024-02-16,2024,Feb,2,2024-02,CUST0301,Arjun Bose,West,Mumbai,Furniture,Sofa Cover,Sofa Cover,1,4703.54,0.05,4468.36,1227.96,27.481223536151965,4468.36,Cash on Delivery
ORD11102,2024-10-06,2024,Oct,10,2024-10,CUST0308,Reyansh Mehta,North,Chandigarh,Stationery,Notebook Pack,Notebook Pack,1,4753.51,0.05,4515.83,2220.03,49.161062307482794,4515.83,Credit Card
ORD11130,2024-01-27,2024,Jan,1,2024-01,CUST0062,Aditya Mehta,South,Bengaluru,Clothing,Women's Kurti,Women's Kurti,1,4506.86,0.0,4506.86,1163.32,25.812206281091495,4506.86,Debit Card
ORD10462,2024-12-13,2024,Dec,12,2024-12,CUST0211,Neha Sharma,South,Hyderabad,Electronics,USB-C Charger,USB-C Charger,1,700.94,0.0,700.94,73.17,10.438839272976288,700.94,UPI
ORD10959,2024-12-10,2024,Dec,12,2024-12,CUST0288,Aditya Nair,West,Pune,Home & Kitchen,Water Bottle,Water Bottle,2,5018.72,0.0,10037.44,2999.28,29.880925813753308,10037.44,UPI
ORD11663,2024-08-03,2024,Aug,8,2024-08,CUST0068,Priya Gupta,West,Pune,Home & Kitchen,Storage Containers Set,Storage Containers Set,2,4142.6,0.05,7870.94,3438.87,43.69071546727582,7870.94,Net Banking
ORD10560,2024-02-23,2024,Feb,2,2024-02,CUST0464,Krishna Rao,South,Chennai,Clothing,Men's T-Shirt,Men's T-Shirt,1,1052.59,0.0,1052.59,346.55,32.923550480243975,1052.59,UPI
ORD12080,2024-04-19,2024,Apr,4,2024-04,CUST0064,Ravi Patel,West,Ahmedabad,Furniture,Office Chair,Office Chair,1,3394.32,0.05,3224.6,974.97,30.235378031383743,3224.6,Debit Card
ORD11520,2024-01-03,2024,Jan,1,2024-01,CUST0416,Aditya Nair,North,Delhi,Clothing,Men's T-Shirt,Men's T-Shirt,2,1052.59,0.2,1684.14,272.06,16.154238958756398,1684.14,UPI
ORD12144,2024-04-12,2024,Apr,4,2024-04,CUST0343,Ravi Kapoor,East,Patna,Stationery,Gel Pen Set,Gel Pen Set,2,4275.22,0.1,7695.4,3367.63,43.76159783766926,7695.4,Cash on Delivery
ORD12033,2024-02-06,2024,Feb,2,2024-02,CUST0384,Vivaan Iyer,South,Bengaluru,Electronics,Laptop Stand,Laptop Stand,3,4602.67,0.0,13808.01,1912.53,13.850873514720801,13808.01,Cash on Delivery
ORD12101,2024-04-13,2024,Apr,4,2024-04,CUST0145,Nikhil Sharma,North,Jaipur,Electronics,Webcam HD,Webcam HD,1,2743.97,0.0,2743.97,656.08,23.90988239667344,2743.97,Credit Card
ORD10070,2025-01-09,2025,Jan,1,2025-01,CUST0231,Aditya Chatterjee,South,Chennai,Furniture,Bed Side Table,Bed Side Table,2,5828.58,0.0,9325.73,-333.68,-3.578057696287583,9325.73,Credit Card
ORD11573,2024-12-05,2024,Dec,12,2024-12,CUST0087,Nikhil Reddy,North,Jaipur,Stationery,Notebook Pack,Notebook Pack,2,4753.51,0.05,9031.67,4440.06,49.16100787561991,9031.67,UPI
ORD10809,2024-11-18,2024,Nov,11,2024-11,CUST0379,Kavya Joshi,North,Jaipur,Clothing,Winter Jacket,Winter Jacket,1,2896.9,0.0,2896.9,1311.23,45.263212399461494,2896.9,Net Banking
ORD10012,2024-08-12,2024,Aug,8,2024-08,CUST0421,Arjun Patel,North,Delhi,Clothing,Men's T-Shirt,Men's T-Shirt,1,1052.59,0.0,1052.59,346.55,32.923550480243975,1052.59,Credit Card
ORD12026,2024-01-02,2024,Jan,1,2024-01,CUST0043,Isha Nair,East,Patna,Furniture,Sofa Cover,Sofa Cover,2,4703.54,0.1,8466.37,1985.57,23.452435931810207,8466.37,UPI
ORD10918,2025-01-16,2025,Jan,1,2025-01,CUST0395,Diya Verma,West,Ahmedabad,Home & Kitchen,Non-Stick Pan,Non-Stick Pan,1,2707.34,0.0,2707.34,790.08,29.18288800076828,2707.34,UPI
ORD11452,2024-08-11,2024,Aug,8,2024-08,CUST0227,Ishaan Sharma,West,Pune,Furniture,Bed Side Table,Bed Side Table,2,5828.58,0.0,11657.16,1997.75,17.137536072250874,11657.16,Debit Card
ORD10177,2024-09-19,2024,Sep,9,2024-09,CUST0423,Nikhil Rao,West,Ahmedabad,Clothing,Running Shoes,Running Shoes,2,910.04,0.3,1274.06,147.56,11.581872125331618,1274.06,Debit Card
ORD10995,2024-06-07,2024,Jun,6,2024-06,CUST0245,Sneha Chatterjee,South,Hyderabad,Electronics,Bluetooth Speaker,Bluetooth Speaker,1,5172.8,0.1,4655.52,281.78,6.0525999243908295,4655.52,Debit Card
ORD11256,2024-11-28,2024,Nov,11,2024-11,CUST0298,Divya Kapoor,East,Patna,Stationery,Desk Organizer,Desk Organizer,1,967.81,0.0,967.81,606.91,62.70962275653279,967.81,Debit Card
ORD11665,2024-12-31,2024,Dec,12,2024-12,CUST0289,Neha Rao,West,Ahmedabad,Furniture,Recliner Chair,Recliner Chair,1,2880.32,0.0,2736.3,838.86,30.656726236158317,2736.3,Credit Card
ORD11791,2024-04-05,2024,Apr,4,2024-04,CUST0204,Divya Gupta,West,Mumbai,Electronics,Laptop Stand,Laptop Stand,3,4602.67,0.0,13117.61,1222.13,9.316712419411768,13117.61,Debit Card
ORD10157,2024-11-05,2024,Nov,11,2024-11,CUST0391,Aarav Sharma,West,Ahmedabad,Furniture,Bed Side Table,Bed Side Table,1,5828.58,0.15,4954.29,124.59,2.514790212119194,4954.29,UPI
ORD11461,2024-04-17,2024,Apr,4,2024-04,CUST0248,Karan Mehta,East,Patna,Home & Kitchen,LED Table Lamp,LED Table Lamp,4,2416.75,0.05,9183.65,3653.33,39.7808061065045,9183.65,UPI
ORD12047,2024-03-12,2024,Mar,3,2024-03,CUST0211,Neha Sharma,North,Delhi,Stationery,Desk Organizer,Desk Organizer,1,967.81,0.05,919.42,558.52,60.74699266929151,919.42,Net Banking
ORD11851,2024-11-30,2024,Nov,11,2024-11,CUST0224,Reyansh Iyer,South,Hyderabad,Home & Kitchen,Air Fryer,Air Fryer,1,1319.46,0.0,1319.46,657.3,49.81583375017052,1319.46,Debit Card
ORD12006,2024-05-18,2024,May,5,2024-05,CUST0019,Vihaan Das,South,Bengaluru,Clothing,Women's Kurti,Women's Kurti,1,4506.86,0.0,4506.86,1163.32,25.812206281091495,4506.86,Debit Card
ORD11186,2024-11-23,2024,Nov,11,2024-11,CUST0023,Aadhya Chatterjee,South,Chennai,Clothing,Men's T-Shirt,Men's T-Shirt,1,1052.59,0.0,1052.59,346.55,32.923550480243975,1052.59,UPI
ORD11007,2024-12-01,2024,Dec,12,2024-12,CUST0390,Aditya Rao,South,Hyderabad,Clothing,Men's T-Shirt,Men's T-Shirt,2,1052.59,0.0,2105.18,693.1,32.923550480243975,2105.18,Credit Card
ORD10561,2024-12-06,2024,Dec,12,2024-12,CUST0395,Diya Verma,South,Bengaluru,Stationery,Notebook Pack,Notebook Pack,1,4753.51,0.05,4515.83,2220.03,49.161062307482794,4515.83,UPI
ORD10911,2024-10-02,2024,Oct,10,2024-10,CUST0178,Priya Kapoor,North,Jaipur,Furniture,Office Chair,Office Chair,2,3394.32,0.0,6788.64,2289.38,33.72369134318509,6788.64,Credit Card
ORD11312,2025-02-12,2025,Feb,2,2025-02,CUST0259,Krishna Nair,East,Kolkata,Electronics,Bluetooth Speaker,Bluetooth Speaker,3,5172.8,0.0,15518.4,2397.19,15.4474043715847,15518.4,UPI
ORD12050,2024-03-27,2024,Mar,3,2024-03,CUST0145,Nikhil Sharma,North,Chandigarh,Furniture,Recliner Chair,Recliner Chair,1,2880.32,0.1,2592.29,694.85,26.804485609248967,2592.29,UPI
ORD10270,2024-07-22,2024,Jul,7,2024-07,CUST0390,Aditya Rao,East,Kolkata,Clothing,Formal Shirt,Formal Shirt,1,1477.42,0.1,1329.68,343.57,25.838547620480114,1329.68,Net Banking
ORD11994,2024-07-17,2024,Jul,7,2024-07,CUST0058,Myra Joshi,South,Hyderabad,Clothing,Winter Jacket,Winter Jacket,1,2896.9,0.0,2896.9,1311.23,45.263212399461494,2896.9,UPI
ORD10266,2024-09-28,2024,Sep,9,2024-09,CUST0079,Myra Kapoor,North,Chandigarh,Furniture,Office Chair,Office Chair,1,3394.32,0.1,3054.89,805.26,26.35970525943651,3054.89,UPI
ORD10915,2024-02-27,2024,Feb,2,2024-02,CUST0062,Aditya Mehta,West,Ahmedabad,Clothing,Running Shoes,Running Shoes,1,910.04,0.0,910.04,346.79,38.107116170717774,910.04,Credit Card
ORD10874,2024-01-25,2024,Jan,1,2024-01,CUST0069,Karan Verma,North,Delhi,Furniture,Bed Side Table,Bed Side Table,3,5828.58,0.05,16611.45,2122.34,12.776368107540282,16611.45,Debit Card
ORD12094,2024-08-06,2024,Aug,8,2024-08,CUST0372,Vihaan Kapoor,North,Chandigarh,Furniture,Bed Side Table,Bed Side Table,1,5828.58,0.05,5537.15,707.45,12.77642830698103,5537.15,Credit Card
ORD10476,2024-03-14,2024,Mar,3,2024-03,CUST0392,Reyansh Bose,North,Jaipur,Electronics,USB-C Charger,USB-C Charger,2,700.94,0.05,1331.79,76.25,5.725377124021055,1331.79,Debit Card
ORD11653,2024-11-20,2024,Nov,11,2024-11,CUST0328,Pooja Kumar,East,Kolkata,Electronics,Webcam HD,Webcam HD,3,2743.97,0.1,7408.72,1145.04,15.455301320605988,7408.72,Cash on Delivery
ORD11961,2024-04-05,2024,Apr,4,2024-04,CUST0249,Krishna Nair,West,Mumbai,Home & Kitchen,Non-Stick Pan,Non-Stick Pan,1,2707.34,0.1,2436.61,519.35,21.314449173236586,2436.61,UPI
ORD10046,2024-04-14,2024,Apr,4,2024-04,CUST0448,Anika Chatterjee,North,Jaipur,Clothing,Men's T-Shirt,Men's T-Shirt,1,1052.59,0.05,999.96,293.92,29.39317572702908,999.96,Debit Card
ORD10162,2024-10-27,2024,Oct,10,2024-10,CUST0298,Divya Kapoor,South,Hyderabad,Furniture,Recliner Chair,Recliner Chair,1,2880.32,0.0,2880.32,982.88,34.123986223752915,2880.32,Net Banking
ORD10289,2024-06-08,2024,Jun,6,2024-06,CUST0086,Sanjay Nair,South,Chennai,Furniture,Study Table,Study Table,1,4991.64,0.0,4991.64,1116.47,22.36679728506062,4991.64,Debit Card
ORD11949,2024-04-22,2024,Apr,4,2024-04,CUST0194,Anika Iyer,South,Hyderabad,Clothing,Formal Shirt,Formal Shirt,1,1477.42,0.0,1477.42,491.31,33.25459246524346,1477.42,Debit Card
ORD10576,2024-07-29,2024,Jul,7,2024-07,CUST0387,Anika Kumar,North,Jaipur,Furniture,Office Chair,Office Chair,1,3394.32,0.1,3054.89,805.26,26.35970525943651,3054.89,Net Banking
ORD10851,2024-06-14,2024,Jun,6,2024-06,CUST0354,Karan Bose,North,Jaipur,Furniture,Bed Side Table,Bed Side Table,2,5828.58,0.1,10491.44,832.03,7.930560533158459,10491.44,Credit Card
ORD10912,2025-01-29,2025,Jan,1,2025-01,CUST0047,Meera Singh,East,Kolkata,Electronics,Smart Watch,Smart Watch,2,2319.17,0.05,4406.42,293.06,6.650750495867394,4406.42,Credit Card
ORD11255,2024-05-31,2024,May,5,2024-05,CUST0447,Unknown Customer,West,Pune,Clothing,Formal Shirt,Formal Shirt,1,1477.42,0.05,1403.55,417.44,29.741726336788858,1403.55,UPI
ORD11834,2024-02-10,2024,Feb,2,2024-02,CUST0341,Aarav Nair,West,Pune,Electronics,Laptop Stand,Laptop Stand,1,4602.67,0.05,4372.54,407.38,9.316781550311719,4372.54,Credit Card
ORD11723,2024-12-26,2024,Dec,12,2024-12,CUST0381,Aditya Chatterjee,South,Bengaluru,Electronics,Smart Watch,Smart Watch,1,2319.17,0.0,2319.17,262.49,11.318273347792529,2319.17,UPI
ORD10933,2025-03-07,2025,Mar,3,2025-03,CUST0350,Priya Kumar,North,Jaipur,Clothing,Men's T-Shirt,Men's T-Shirt,3,1052.59,0.2,2526.22,408.11,16.15496670915439,2526.22,Debit Card
ORD11101,2024-03-24,2024,Mar,3,2024-03,CUST0422,Pooja Iyer,East,Patna,Home & Kitchen,Water Bottle,Water Bottle,2,5018.72,0.1,9033.7,1995.54,22.089952068366227,9033.7,Debit Card
ORD11208,2024-04-16,2024,Apr,4,2024-04,CUST0052,Neha Iyer,North,Chandigarh,Clothing,Formal Shirt,Formal Shirt,2,1477.42,0.0,2954.84,982.62,33.25459246524346,2954.84,Net Banking
ORD11844,2025-02-24,2025,Feb,2,2025-02,CUST0177,Aadhya Singh,South,Hyderabad,Stationery,Gel Pen Set,Gel Pen Set,1,4275.22,0.05,4061.46,1897.58,46.72162227376362,4061.46,UPI
ORD11849,2025-01-15,2025,Jan,1,2025-01,CUST0062,Aditya Mehta,West,Pune,Stationery,Sticky Notes,Sticky Notes,1,2834.66,0.0,2834.66,1520.09,53.62512611741796,2834.66,UPI
ORD11695,2024-10-09,2024,Oct,10,2024-10,CUST0385,Aarav Nair,South,Hyderabad,Clothing,Men's T-Shirt,Men's T-Shirt,1,1052.59,0.05,999.96,293.92,29.39317572702908,999.96,UPI
ORD10086,2024-02-24,2024,Feb,2,2024-02,CUST0226,Nikhil Patel,East,Kolkata,Clothing,Winter Jacket,Winter Jacket,3,2896.9,0.05,8256.17,3499.16,42.38236373524285,8256.17,Credit Card
ORD10234,2024-02-26,2024,Feb,2,2024-02,CUST0439,Anika Reddy,South,Hyderabad,Stationery,Desk Organizer,Desk Organizer,1,967.81,0.1,871.03,510.13,58.56629507594457,871.03,UPI
ORD12192,2024-08-31,2024,Aug,8,2024-08,CUST0031,Nikhil Gupta,West,Pune,Electronics,Portable SSD 1TB,Portable SSD 1TB,1,3916.61,0.0,3916.61,516.61,13.190233390610759,3916.61,UPI
ORD11712,2024-06-08,2024,Jun,6,2024-06,CUST0292,Sai Gupta,West,Pune,Stationery,Notebook Pack,Notebook Pack,1,4753.51,0.0,4753.51,2457.71,51.70305731974898,4753.51,UPI
ORD10183,2025-03-02,2025,Mar,3,2025-03,CUST0246,Pooja Singh,South,Hyderabad,Home & Kitchen,LED Table Lamp,LED Table Lamp,1,2416.75,0.15,2054.24,671.66,32.696276968611265,2054.24,Credit Card
ORD10989,2025-01-18,2025,Jan,1,2025-01,CUST0472,Arjun Joshi,West,Ahmedabad,Stationery,Sticky Notes,Sticky Notes,2,2834.66,0.15,4818.92,2189.78,45.44130220049306,4818.92,Debit Card
ORD11001,2025-01-04,2025,Jan,1,2025-01,CUST0306,Neha Patel,North,Delhi,Clothing,Men's T-Shirt,Men's T-Shirt,2,1052.59,0.1,1894.66,482.58,25.470532971614958,1894.66,Credit Card
ORD11642,2024-01-27,2024,Jan,1,2024-01,CUST0069,Karan Verma,East,Kolkata,Home & Kitchen,Non-Stick Pan,Non-Stick Pan,1,2707.34,0.1,2436.61,519.35,21.314449173236586,2436.61,UPI
ORD11357,2024-02-04,2024,Feb,2,2024-02,CUST0365,Sanjay Rao,East,Kolkata,Clothing,Men's T-Shirt,Men's T-Shirt,2,1052.59,0.0,2105.18,693.1,32.923550480243975,2105.18,Credit Card
ORD11463,2024-12-05,2024,Dec,12,2024-12,CUST0046,Krishna Joshi,South,Bengaluru,Home & Kitchen,Water Bottle,Water Bottle,1,5018.72,0.05,4767.78,1248.7,26.19038630138136,4767.78,Net Banking
ORD10050,2024-06-18,2024,Jun,6,2024-06,CUST0220,Meera Chatterjee,North,Chandigarh,Electronics,Smart Watch,Smart Watch,1,2319.17,0.1,2087.25,30.57,1.4646065397053538,2087.25,UPI
ORD11259,2024-11-21,2024,Nov,11,2024-11,CUST0190,Divya Patel,West,Mumbai,Furniture,Bed Side Table,Bed Side Table,1,5828.58,0.05,5537.15,707.45,12.77642830698103,5537.15,Credit Card
ORD10487,2024-11-29,2024,Nov,11,2024-11,CUST0069,Karan Verma,North,Chandigarh,Home & Kitchen,Storage Containers Set,Storage Containers Set,2,4142.6,0.2,6628.16,2196.09,33.132724617390046,6628.16,Credit Card
ORD11909,2024-06-20,2024,Jun,6,2024-06,CUST0349,Vivaan Verma,North,Chandigarh,Clothing,Denim Jeans,Denim Jeans,1,2056.08,0.1,1850.47,632.01,34.154025734002715,1850.47,UPI
ORD10107,2024-03-04,2024,Mar,3,2024-03,CUST0020,Anika Kapoor,West,Mumbai,Clothing,Denim Jeans,Denim Jeans,1,2056.08,0.0,2056.08,837.62,40.73868721061438,2056.08,Credit Card
ORD10444,2024-03-09,2024,Mar,3,2024-03,CUST0393,Isha Joshi,North,Jaipur,Stationery,Desk Organizer,Desk Organizer,1,967.81,0.05,919.42,558.52,60.74699266929151,919.42,Credit Card
ORD11955,2024-07-05,2024,Jul,7,2024-07,CUST0399,Kavya Kapoor,East,Kolkata,Electronics,Wireless Mouse,Wireless Mouse,1,4677.64,0.05,4443.76,706.33,15.894872810412805,4443.76,Debit Card
ORD10647,2024-08-24,2024,Aug,8,2024-08,CUST0263,Meera Reddy,South,Bengaluru,Electronics,USB-C Charger,USB-C Charger,1,700.94,0.0,700.94,73.17,10.438839272976288,700.94,Debit Card
ORD11763,2025-02-25,2025,Feb,2,2025-02,CUST0163,Anika Mehta,West,Pune,Electronics,Laptop Stand,Laptop Stand,2,4602.67,0.0,9205.34,1275.02,13.850873514720801,9205.34,Credit Card
ORD10727,2025-03-25,2025,Mar,3,2025-03,CUST0145,Nikhil Sharma,East,Bhubaneswar,Home & Kitchen,Storage Containers Set,Storage Containers Set,1,4142.6,0.05,3935.47,1719.44,43.690842516903956,3935.47,Debit Card
ORD11857,2024-11-19,2024,Nov,11,2024-11,CUST0249,Krishna Nair,East,Patna,Clothing,Winter Jacket,Winter Jacket,1,2896.9,0.1,2607.21,1021.54,39.18134711051277,2607.21,UPI
ORD10030,2025-02-20,2025,Feb,2,2025-02,CUST0349,Vivaan Verma,East,Bhubaneswar,Clothing,Women's Kurti,Women's Kurti,1,4506.86,0.15,3830.83,487.29,12.720219900126084,3830.83,Debit Card
ORD10170,2024-03-13,2024,Mar,3,2024-03,CUST0407,Krishna Mehta,North,Chandigarh,Stationery,Gel Pen Set,Gel Pen Set,2,4275.22,0.0,8550.44,4222.67,49.38541174489266,8550.44,Credit Card
ORD11002,2025-01-29,2025,Jan,1,2025-01,CUST0095,Rohan Verma,East,Patna,Home & Kitchen,Water Bottle,Water Bottle,2,5018.72,0.1,9033.7,1995.54,22.089952068366227,9033.7,Debit Card
ORD10198,2024-08-13,2024,Aug,8,2024-08,CUST0023,Aadhya Chatterjee,West,Mumbai,Furniture,Bed Side Table,Bed Side Table,1,5828.58,0.0,5828.58,998.88,17.137621856438447,5828.58,UPI
ORD10496,2024-08-08,2024,Aug,8,2024-08,CUST0266,Myra Mehta,South,Bengaluru,Electronics,Bluetooth Speaker,Bluetooth Speaker,1,5172.8,0.0,5172.8,799.06,15.447339931951745,5172.8,Cash on Delivery
ORD12027,2024-10-25,2024,Oct,10,2024-10,CUST0401,Arun Rao,West,Ahmedabad,Clothing,Women's Kurti,Women's Kurti,2,4506.86,0.15,7661.66,974.58,12.720219900126084,7661.66,Credit Card
ORD10648,2024-11-26,2024,Nov,11,2024-11,CUST0033,Myra Singh,West,Ahmedabad,Furniture,Office Chair,Office Chair,3,3394.32,0.2,8146.37,1397.48,17.15463451819645,8146.37,Debit Card
ORD10045,2024-07-18,2024,Jul,7,2024-07,CUST0356,Krishna Iyer,South,Chennai,Furniture,Study Table,Study Table,1,4991.64,0.1,4492.48,617.31,13.74096267540423,4492.48,Debit Card
ORD10374,2024-09-04,2024,Sep,9,2024-09,CUST0097,Vihaan Nair,North,Delhi,Furniture,Sofa Cover,Sofa Cover,2,4703.54,0.05,8936.73,2455.93,27.481304683032832,8936.73,UPI
ORD10679,2024-09-17,2024,Sep,9,2024-09,CUST0081,Ishaan Singh,South,Chennai,Clothing,Men's T-Shirt,Men's T-Shirt,1,1052.59,0.1,947.33,241.29,25.470532971614958,947.33,UPI
ORD10567,2025-01-01,2025,Jan,1,2025-01,CUST0046,Krishna Joshi,South,Chennai,Electronics,Wireless Mouse,Wireless Mouse,3,4677.64,0.1,12629.63,1417.35,11.222419025735512,12629.63,UPI
ORD10461,2024-05-15,2024,May,5,2024-05,CUST0014,Vivaan Iyer,North,Chandigarh,Stationery,Notebook Pack,Notebook Pack,1,4753.51,0.05,4515.83,2220.03,49.161062307482794,4515.83,Credit Card
ORD11933,2025-01-04,2025,Jan,1,2025-01,CUST0070,Sai Rao,West,Mumbai,Home & Kitchen,Air Fryer,Air Fryer,1,1319.46,0.0,1319.46,657.3,49.81583375017052,1319.46,Debit Card
ORD11156,2024-04-13,2024,Apr,4,2024-04,CUST0004,Aditya Kapoor,East,Kolkata,Furniture,Sofa Cover,Sofa Cover,4,4703.54,0.05,17873.45,4911.85,27.4812641096151,17873.45,Credit Card
ORD10040,2024-06-14,2024,Jun,6,2024-06,CUST0374,Sanjay Chatterjee,South,Hyderabad,Clothing,Formal Shirt,Formal Shirt,3,1477.42,0.1,3989.03,1030.7,25.838361706981395,3989.03,UPI
ORD10974,2025-03-16,2025,Mar,3,2025-03,CUST0086,Sanjay Nair,South,Hyderabad,Furniture,Recliner Chair,Recliner Chair,1,2880.32,0.0,2880.32,982.88,34.123986223752915,2880.32,Credit Card
ORD11787,2024-10-30,2024,Oct,10,2024-10,CUST0034,Arjun Patel,West,Ahmedabad,Clothing,Winter Jacket,Winter Jacket,1,2896.9,0.0,2896.9,1311.23,45.263212399461494,2896.9,UPI
ORD11499,2024-01-21,2024,Jan,1,2024-01,CUST0287,Divya Kumar,South,Bengaluru,Home & Kitchen,Air Fryer,Air Fryer,4,1319.46,0.0,5277.84,2629.21,49.816023221620966,5277.84,UPI
ORD11836,2024-07-29,2024,Jul,7,2024-07,CUST0172,Ravi Patel,North,Jaipur,Furniture,Sofa Cover,Sofa Cover,2,4703.54,0.05,8936.73,2455.93,27.481304683032832,8936.73,UPI
ORD11841,2025-03-13,2025,Mar,3,2025-03,CUST0022,Aadhya Patel,West,Pune,Furniture,Office Chair,Office Chair,1,3394.32,0.0,3394.32,1144.69,33.72369134318509,3394.32,Cash on Delivery
ORD12084,2024-04-05,2024,Apr,4,2024-04,CUST0102,Saanvi Bose,West,Pune,Home & Kitchen,Mixer Grinder,Mixer Grinder,1,4246.55,0.2,3397.24,942.34,27.73839940657711,3397.24,Credit Card
ORD10828,2025-03-09,2025,Mar,3,2025-03,CUST0298,Divya Kapoor,North,Jaipur,Electronics,Webcam HD,Webcam HD,2,2743.97,0.0,5487.94,1312.15,23.909700178937822,5487.94,Credit Card
ORD11936,2024-05-16,2024,May,5,2024-05,CUST0435,Krishna Kapoor,South,Chennai,Electronics,Laptop Stand,Laptop Stand,1,4602.67,0.3,3221.87,-743.29,-23.070142494886507,3221.87,Debit Card
ORD12045,2024-12-20,2024,Dec,12,2024-12,CUST0405,Aadhya Rao,West,Ahmedabad,Home & Kitchen,Non-Stick Pan,Non-Stick Pan,2,2707.34,0.1,4873.21,1038.7,21.314492911243306,4873.21,Credit Card
ORD10310,2024-10-04,2024,Oct,10,2024-10,CUST0341,Aarav Nair,West,Pune,Electronics,Bluetooth Speaker,Bluetooth Speaker,1,5172.8,0.0,5172.8,799.06,15.447339931951745,5172.8,Debit Card
ORD10277,2024-09-05,2024,Sep,9,2024-09,CUST0226,Nikhil Patel,East,Kolkata,Home & Kitchen,Non-Stick Pan,Non-Stick Pan,2,2707.34,0.05,5143.95,1309.44,25.455923949494068,5143.95,Debit Card
ORD10637,2024-05-13,2024,May,5,2024-05,CUST0233,Aadhya Bose,South,Bengaluru,Home & Kitchen,Storage Containers Set,Storage Containers Set,2,4142.6,0.05,7870.94,3438.87,43.69071546727582,7870.94,Debit Card
ORD10655,2024-09-13,2024,Sep,9,2024-09,CUST0253,Saanvi Iyer,West,Ahmedabad,Home & Kitchen,Water Bottle,Water Bottle,2,5018.72,0.1,9033.7,1995.54,22.089952068366227,9033.7,UPI
ORD10623,2024-10-28,2024,Oct,10,2024-10,CUST0168,Riya Das,West,Ahmedabad,Home & Kitchen,Air Fryer,Air Fryer,1,1319.46,0.0,1319.46,657.3,49.81583375017052,1319.46,Net Banking
ORD11860,2024-10-22,2024,Oct,10,2024-10,CUST0062,Aditya Mehta,South,Hyderabad,Stationery,Notebook Pack,Notebook Pack,1,4753.51,0.2,3802.81,1507.01,39.62885340051173,3802.81,Cash on Delivery
ORD10845,2024-12-19,2024,Dec,12,2024-12,CUST0412,Divya Singh,North,Jaipur,Home & Kitchen,Non-Stick Pan,Non-Stick Pan,1,2707.34,0.0,2707.34,790.08,29.18288800076828,2707.34,Net Banking
ORD10394,2024-10-24,2024,Oct,10,2024-10,CUST0052,Neha Iyer,East,Kolkata,Furniture,Recliner Chair,Recliner Chair,1,2880.32,0.05,2736.3,838.86,30.656726236158317,2736.3,Debit Card
ORD12156,2024-08-12,2024,Aug,8,2024-08,CUST0316,Nikhil Gupta,North,Delhi,Furniture,Bookshelf,Bookshelf,1,4584.81,0.0,4584.81,1279.6,27.909553503852933,4584.81,Credit Card
ORD10350,2024-04-28,2024,Apr,4,2024-04,CUST0079,Myra Kapoor,West,Mumbai,Electronics,Bluetooth Speaker,Bluetooth Speaker,1,5172.8,0.0,5172.8,799.06,15.447339931951745,5172.8,Credit Card
ORD10785,2024-01-21,2024,Jan,1,2024-01,CUST0122,Reyansh Bose,North,Chandigarh,Furniture,Study Table,Study Table,1,4991.64,0.05,4742.06,866.89,18.280873713112022,4742.06,Credit Card
ORD10048,2024-08-01,2024,Aug,8,2024-08,CUST0033,Myra Singh,West,Ahmedabad,Home & Kitchen,LED Table Lamp,LED Table Lamp,1,2416.75,0.1,2175.08,792.5,36.43544145502694,2175.08,Net Banking
ORD11979,2025-01-03,2025,Jan,1,2025-01,CUST0073,Sneha Rao,South,Chennai,Electronics,Laptop Stand,Laptop Stand,1,4602.67,0.1,4142.4,177.24,4.278679026651218,4142.4,Credit Card
ORD11656,2024-08-11,2024,Aug,8,2024-08,CUST0221,Kavya Sharma,South,Bengaluru,Home & Kitchen,Air Fryer,Air Fryer,2,1319.46,0.05,2506.97,1182.65,47.174477556572285,2506.97,Cash on Delivery
ORD12070,2024-06-08,2024,Jun,6,2024-06,CUST0061,Arjun Rao,West,Mumbai,Electronics,Webcam HD,Webcam HD,2,2743.97,0.0,5487.94,1312.15,23.909700178937822,5487.94,UPI
ORD10403,2024-12-18,2024,Dec,12,2024-12,CUST0105,Arjun Das,West,Ahmedabad,Home & Kitchen,Water Bottle,Water Bottle,1,5018.72,0.05,4767.78,1248.7,26.19038630138136,4767.78,Debit Card
ORD11108,2024-06-15,2024,Jun,6,2024-06,CUST0431,Riya Joshi,South,Bengaluru,Furniture,Bed Side Table,Bed Side Table,3,5828.58,0.0,17485.74,2996.63,17.137564666980065,17485.74,Net Banking
ORD11155,2025-01-20,2025,Jan,1,2025-01,CUST0473,Ravi Patel,South,Chennai,Furniture,Sofa Cover,Sofa Cover,1,4703.54,0.05,4468.36,1227.96,27.481223536151965,4468.36,UPI
ORD11440,2024-12-10,2024,Dec,12,2024-12,CUST0229,Unknown Customer,South,Hyderabad,Furniture,Bookshelf,Bookshelf,1,4584.81,0.05,4355.57,1050.36,24.115328188962636,4355.57,Debit Card
ORD12002,2024-03-07,2024,Mar,3,2024-03,CUST0084,Arjun Rao,South,Chennai,Clothing,Formal Shirt,Formal Shirt,4,1477.42,0.15,5023.23,1078.79,21.476022399929924,5023.23,UPI
ORD10990,2024-09-11,2024,Sep,9,2024-09,CUST0161,Sneha Nair,South,Chennai,Electronics,Laptop Stand,Laptop Stand,1,4602.67,0.0,4602.67,637.51,13.850873514720801,4602.67,Credit Card
ORD11866,2024-04-06,2024,Apr,4,2024-04,CUST0101,Rohan Verma,East,Bhubaneswar,Home & Kitchen,Air Fryer,Air Fryer,1,1319.46,0.05,1253.49,591.33,47.174688270349186,1253.49,Cash on Delivery
ORD11311,2024-05-01,2024,May,5,2024-05,CUST0233,Aadhya Bose,North,Delhi,Electronics,Webcam HD,Webcam HD,1,2743.97,0.2,2195.18,107.29,4.887526307637643,2195.18,UPI
ORD10034,2025-03-04,2025,Mar,3,2025-03,CUST0321,Sai Das,North,Chandigarh,Clothing,Men's T-Shirt,Men's T-Shirt,1,1052.59,0.0,1052.59,346.55,32.923550480243975,1052.59,Debit Card
ORD10788,2024-04-16,2024,Apr,4,2024-04,CUST0466,Anika Reddy,North,Delhi,Stationery,Gel Pen Set,Gel Pen Set,1,4275.22,0.05,4061.46,1897.58,46.72162227376362,4061.46,UPI
ORD11044,2024-02-13,2024,Feb,2,2024-02,CUST0221,Kavya Sharma,North,Chandigarh,Electronics,USB-C Charger,USB-C Charger,2,700.94,0.15,1191.6,-63.94,-5.365894595501847,1191.6,Debit Card
ORD10482,2025-01-11,2025,Jan,1,2025-01,CUST0202,Sai Chatterjee,South,Hyderabad,Furniture,Study Table,Study Table,1,4991.64,0.0,4991.64,1116.47,22.36679728506062,4991.64,UPI
ORD11244,2025-03-31,2025,Mar,3,2025-03,CUST0217,Sanjay Reddy,East,Bhubaneswar,Clothing,Denim Jeans,Denim Jeans,1,2056.08,0.0,2056.08,837.62,40.73868721061438,2056.08,Net Banking
ORD10932,2024-11-01,2024,Nov,11,2024-11,CUST0466,Anika Reddy,South,Hyderabad,Furniture,Sofa Cover,Sofa Cover,2,4703.54,0.2,7525.66,1044.86,13.883964994432382,7525.66,Debit Card
ORD11686,2024-04-13,2024,Apr,4,2024-04,CUST0062,Aditya Mehta,South,Bengaluru,Clothing,Denim Jeans,Denim Jeans,1,2056.08,0.0,2056.08,837.62,40.73868721061438,2056.08,Credit Card
ORD11249,2024-09-01,2024,Sep,9,2024-09,CUST0069,Karan Verma,East,Bhubaneswar,Electronics,Smart Watch,Smart Watch,1,2319.17,0.05,2203.21,146.53,6.650750495867394,2203.21,UPI
ORD10760,2024-02-03,2024,Feb,2,2024-02,CUST0454,Aditya Nair,West,Pune,Electronics,Webcam HD,Webcam HD,1,2743.97,0.15,2332.37,244.48,10.482041871572692,2332.37,UPI
ORD10093,2025-03-25,2025,Mar,3,2025-03,CUST0141,Sneha Kapoor,North,Chandigarh,Clothing,Formal Shirt,Formal Shirt,1,1477.42,0.0,1477.42,491.31,33.25459246524346,1477.42,UPI
ORD11176,2025-01-19,2025,Jan,1,2025-01,CUST0112,Saanvi Das,West,Pune,Electronics,Smart Watch,Smart Watch,2,2319.17,0.0,4638.34,524.98,11.318273347792529,4638.34,Credit Card
ORD11416,2024-04-04,2024,Apr,4,2024-04,CUST0228,Aarav Reddy,South,Chennai,Furniture,Study Table,Study Table,1,4991.64,0.05,4742.06,866.89,18.280873713112022,4742.06,Cash on Delivery
ORD11342,2024-01-01,2024,Jan,1,2024-01,CUST0281,Neha Gupta,North,Delhi,Electronics,Portable SSD 1TB,Portable SSD 1TB,1,3916.61,0.1,3524.95,124.95,3.544731130938028,3524.95,Debit Card
ORD11473,2024-03-04,2024,Mar,3,2024-03,CUST0259,Krishna Nair,South,Hyderabad,Home & Kitchen,LED Table Lamp,LED Table Lamp,1,2416.75,0.1,2175.08,792.5,36.43544145502694,2175.08,UPI
ORD10765,2024-06-14,2024,Jun,6,2024-06,CUST0445,Ravi Das,South,Hyderabad,Stationery,Gel Pen Set,Gel Pen Set,1,4275.22,0.1,3847.7,1683.82,43.76172778543026,3847.7,Net Banking
ORD11374,2024-05-11,2024,May,5,2024-05,CUST0301,Arjun Bose,West,Pune,Stationery,Gel Pen Set,Gel Pen Set,1,4275.22,0.0,4275.22,2111.34,49.385528697938355,4275.22,Credit Card
ORD11952,2024-05-11,2024,May,5,2024-05,CUST0328,Pooja Kumar,North,Delhi,Clothing,Men's T-Shirt,Men's T-Shirt,2,1052.59,0.0,2105.18,693.1,32.923550480243975,2105.18,Net Banking
ORD11729,2025-02-22,2025,Feb,2,2025-02,CUST0150,Ishaan Das,South,Chennai,Clothing,Winter Jacket,Winter Jacket,1,2896.9,0.05,2752.06,1166.39,42.38243352252495,2752.06,Debit Card
ORD10258,2024-06-30,2024,Jun,6,2024-06,CUST0428,Arjun Iyer,North,Delhi,Home & Kitchen,Non-Stick Pan,Non-Stick Pan,1,2707.34,0.05,2571.97,654.71,25.455584629680754,2571.97,Credit Card
ORD10945,2024-04-12,2024,Apr,4,2024-04,CUST0246,Pooja Singh,West,Ahmedabad,Home & Kitchen,Non-Stick Pan,Non-Stick Pan,1,2707.34,0.2,2165.87,248.61,11.478528258852103,2165.87,UPI
ORD11220,2024-10-13,2024,Oct,10,2024-10,CUST0100,Nikhil Kapoor,North,Delhi,Clothing,Denim Jeans,Denim Jeans,1,2056.08,0.05,1953.28,734.82,37.61979849279162,1953.28,Credit Card
ORD11162,2024-11-18,2024,Nov,11,2024-11,CUST0339,Sneha Singh,West,Mumbai,Home & Kitchen,Storage Containers Set,Storage Containers Set,1,4142.6,0.0,4142.6,1926.57,46.50630039105875,4142.6,Credit Card
ORD10773,2025-01-29,2025,Jan,1,2025-01,CUST0163,Anika Mehta,South,Chennai,Furniture,Bookshelf,Bookshelf,2,4584.81,0.05,8711.14,2100.71,24.115213393424973,8711.14,UPI
ORD11487,2024-10-26,2024,Oct,10,2024-10,CUST0296,Karan Das,East,Patna,Stationery,Notebook Pack,Notebook Pack,1,4753.51,0.1,4278.16,1982.36,46.33674289881631,4278.16,UPI
ORD10313,2024-02-24,2024,Feb,2,2024-02,CUST0003,Pooja Rao,East,Kolkata,Furniture,Office Chair,Office Chair,2,3394.32,0.2,5430.91,931.65,17.154583670139996,5430.91,UPI
ORD10291,2024-11-05,2024,Nov,11,2024-11,CUST0170,Pooja Verma,South,Hyderabad,Clothing,Denim Jeans,Denim Jeans,1,2056.08,0.0,2056.08,837.62,40.73868721061438,2056.08,Net Banking
ORD10764,2024-03-04,2024,Mar,3,2024-03,CUST0087,Nikhil Reddy,West,Mumbai,Electronics,Smart Watch,Smart Watch,1,2319.17,0.05,2203.21,146.53,6.650750495867394,2203.21,UPI
ORD10184,2024-11-19,2024,Nov,11,2024-11,CUST0298,Divya Kapoor,East,Kolkata,Electronics,Bluetooth Speaker,Bluetooth Speaker,1,5172.8,0.15,4396.88,23.14,0.526282272884409,4396.88,Credit Card
ORD11177,2024-05-19,2024,May,5,2024-05,CUST0246,Pooja Singh,West,Mumbai,Furniture,Sofa Cover,Sofa Cover,2,4703.54,0.0,9407.08,2926.28,31.107208613087167,9407.08,UPI
ORD11350,2024-01-06,2024,Jan,1,2024-01,CUST0221,Kavya Sharma,West,Mumbai,Home & Kitchen,Non-Stick Pan,Non-Stick Pan,1,2707.34,0.0,2707.34,790.08,29.18288800076828,2707.34,Credit Card
ORD10392,2024-10-20,2024,Oct,10,2024-10,CUST0229,Divya Das,West,Mumbai,Electronics,Bluetooth Speaker,Bluetooth Speaker,3,5172.8,0.05,14742.48,1621.27,10.997267759562842,14742.48,Credit Card
ORD11920,2024-08-20,2024,Aug,8,2024-08,CUST0407,Krishna Mehta,West,Mumbai,Stationery,Notebook Pack,Notebook Pack,1,4753.51,0.0,4753.51,2457.71,51.70305731974898,4753.51,Cash on Delivery
ORD11457,2024-12-19,2024,Dec,12,2024-12,CUST0084,Arjun Rao,North,Chandigarh,Stationery,Gel Pen Set,Gel Pen Set,1,4275.22,0.1,3847.7,1683.82,43.76172778543026,3847.7,Credit Card
ORD11093,2025-01-07,2025,Jan,1,2025-01,CUST0372,Vihaan Kapoor,West,Pune,Clothing,Formal Shirt,Formal Shirt,1,1477.42,0.15,1255.81,269.7,21.47617872130338,1255.81,UPI
ORD12023,2025-02-04,2025,Feb,2,2025-02,CUST0454,Aditya Nair,West,Mumbai,Furniture,Sofa Cover,Sofa Cover,1,4703.54,0.05,4468.36,1227.96,27.481223536151965,4468.36,Cash on Delivery
ORD10905,2024-04-30,2024,Apr,4,2024-04,CUST0372,Vihaan Kapoor,West,Pune,Stationery,Desk Organizer,Desk Organizer,1,967.81,0.05,919.42,558.52,60.74699266929151,919.42,UPI
ORD10367,2024-09-29,2024,Sep,9,2024-09,CUST0277,Priya Verma,North,Delhi,Furniture,Office Chair,Office Chair,1,3394.32,0.05,3224.6,974.97,30.235378031383743,3224.6,Credit Card
ORD10346,2024-10-05,2024,Oct,10,2024-10,CUST0431,Riya Joshi,West,Ahmedabad,Clothing,Men's T-Shirt,Men's T-Shirt,1,1052.59,0.2,842.07,136.03,16.154238958756398,842.07,Net Banking
ORD11373,2024-05-01,2024,May,5,2024-05,CUST0066,Sai Singh,North,Jaipur,Home & Kitchen,LED Table Lamp,LED Table Lamp,1,2416.75,0.0,2416.75,1034.17,42.791765801179274,2416.75,Debit Card
ORD11640,2024-11-07,2024,Nov,11,2024-11,CUST0030,Divya Das,South,Bengaluru,Furniture,Office Chair,Office Chair,2,3394.32,0.2,5430.91,931.65,17.154583670139996,5430.91,Net Banking
ORD10920,2024-02-01,2024,Feb,2,2024-02,CUST0354,Karan Bose,North,Chandigarh,Home & Kitchen,Storage Containers Set,Storage Containers Set,2,4142.6,0.1,7456.68,3024.61,40.56242188212448,7456.68,Net Banking
ORD10212,2024-11-06,2024,Nov,11,2024-11,CUST0464,Krishna Rao,North,Jaipur,Clothing,Men's T-Shirt,Men's T-Shirt,1,1052.59,0.0,1052.59,346.55,32.923550480243975,1052.59,Debit Card
ORD11604,2024-10-06,2024,Oct,10,2024-10,CUST0389,Anika Sharma,West,Ahmedabad,Furniture,Bed Side Table,Bed Side Table,1,5828.58,0.0,5828.58,998.88,17.137621856438447,5828.58,Cash on Delivery
ORD10538,2025-03-16,2025,Mar,3,2025-03,CUST0364,Arjun Sharma,North,Delhi,Clothing,Formal Shirt,Formal Shirt,1,1477.42,0.15,1255.81,269.7,21.47617872130338,1255.81,Credit Card
ORD11221,2024-03-03,2024,Mar,3,2024-03,CUST0066,Sai Singh,South,Hyderabad,Furniture,Bookshelf,Bookshelf,1,4584.81,0.1,4126.33,821.12,19.89952330521311,4126.33,UPI
ORD10176,2025-02-08,2025,Feb,2,2025-02,CUST0201,Ananya Gupta,South,Chennai,Home & Kitchen,Mixer Grinder,Mixer Grinder,1,4246.55,0.1,3821.9,1367.0,35.76755017138073,3821.9,UPI
